
 /----------------------------------------------------------------------------\
 |  yosys -- Yosys Open SYnthesis Suite                                       |
 |  Copyright (C) 2012 - 2026  Claire Xenia Wolf <claire@yosyshq.com>         |
 |  Distributed under an ISC-like license, type "license" to see terms        |
 \----------------------------------------------------------------------------/
 Yosys 0.69+post (git sha1 143eb14f9cc55d6f8927e68523b0c9d2166ed02c, Release, AppleClang clang++ 21.0.0.21000334)

-- Executing script file `/var/folders/ck/2q7kcx450pz3pzshjchz7w0w0000gn/T//synth-proto1.y4Py6L' --

1. Executing Verilog-2005 frontend: ../src/synthesizer/hdl/wavetable_pkg.sv
Parsing SystemVerilog input from `../src/synthesizer/hdl/wavetable_pkg.sv' to AST representation.
Successfully finished Verilog frontend.

2. Executing Verilog-2005 frontend: ../src/synthesizer/hdl/wavetable_synth.sv
Parsing SystemVerilog input from `../src/synthesizer/hdl/wavetable_synth.sv' to AST representation.
Generating RTLIL representation for module `\wavetable_synth'.
Successfully finished Verilog frontend.

3. Executing Verilog-2005 frontend: ../src/synthesizer/hdl/wavetable_rom.sv
Parsing SystemVerilog input from `../src/synthesizer/hdl/wavetable_rom.sv' to AST representation.
Generating RTLIL representation for module `\wavetable_rom'.
Successfully finished Verilog frontend.

4. Executing Verilog-2005 frontend: ../src/misc/fifo.sv
Parsing SystemVerilog input from `../src/misc/fifo.sv' to AST representation.
Generating RTLIL representation for module `\fifo'.
Warning: Replacing memory \mem with list of registers. See ../src/misc/fifo.sv:39
Successfully finished Verilog frontend.

5. Executing Verilog-2005 frontend: ../src/vol/gain.sv
Parsing SystemVerilog input from `../src/vol/gain.sv' to AST representation.
Generating RTLIL representation for module `\gain'.
Successfully finished Verilog frontend.

6. Executing Verilog-2005 frontend: ../src/vol/volume.sv
Parsing SystemVerilog input from `../src/vol/volume.sv' to AST representation.
Generating RTLIL representation for module `\volume'.
Successfully finished Verilog frontend.

7. Executing Verilog-2005 frontend: ../src/i2s/i2s_tx.sv
Parsing SystemVerilog input from `../src/i2s/i2s_tx.sv' to AST representation.
Generating RTLIL representation for module `\i2s_tx'.
Successfully finished Verilog frontend.

8. Executing Verilog-2005 frontend: ../src/i2s/i2s_rx.sv
Parsing SystemVerilog input from `../src/i2s/i2s_rx.sv' to AST representation.
Generating RTLIL representation for module `\i2s_rx'.
Successfully finished Verilog frontend.

9. Executing Verilog-2005 frontend: ../src/encoder/encoder.sv
Parsing SystemVerilog input from `../src/encoder/encoder.sv' to AST representation.
Generating RTLIL representation for module `\encoder'.
Successfully finished Verilog frontend.

10. Executing Verilog-2005 frontend: ../src/clk_div/clk_div.sv
Parsing SystemVerilog input from `../src/clk_div/clk_div.sv' to AST representation.
Generating RTLIL representation for module `\clk_div'.
Successfully finished Verilog frontend.

11. Executing Verilog-2005 frontend: ../src/top/protoboard_1.sv
Parsing SystemVerilog input from `../src/top/protoboard_1.sv' to AST representation.
Generating RTLIL representation for module `\top'.
Successfully finished Verilog frontend.

12. Executing HIERARCHY pass (managing design hierarchy).

12.1. Analyzing design hierarchy..
Top module:  \top
Used module:     \i2s_tx
Used module:     \fifo
Used module:     \i2s_rx
Used module:     \volume
Used module:         \gain
Used module:     \wavetable_synth
Used module:     \encoder
Used module:     \clk_div
Parameter \SYS_CLK_FREQ = 27000000
Parameter \BIT_DEPTH = 16

12.2. Executing AST frontend in derive mode using pre-parsed AST for module `\i2s_tx'.
Parameter \SYS_CLK_FREQ = 27000000
Parameter \BIT_DEPTH = 16
Generating RTLIL representation for module `$paramod$5785904fef3fb2a86d9b4a3d3a35d0648892543e\i2s_tx'.
Parameter \WIDTH = 32
Parameter \DEPTH = 16

12.3. Executing AST frontend in derive mode using pre-parsed AST for module `\fifo'.
Parameter \WIDTH = 32
Parameter \DEPTH = 16
Generating RTLIL representation for module `$paramod$28704d8bf4447e08602ecae7770c77318b280126\fifo'.
Warning: Replacing memory \mem with list of registers. See ../src/misc/fifo.sv:39
Parameter \BIT_DEPTH = 16

12.4. Executing AST frontend in derive mode using pre-parsed AST for module `\i2s_rx'.
Parameter \BIT_DEPTH = 16
Generating RTLIL representation for module `$paramod\i2s_rx\BIT_DEPTH=s32'00000000000000000000000000010000'.
Parameter \SYS_CLK_FREQ = 27000000
Parameter \BIT_DEPTH = 16
Found cached RTLIL representation for module `$paramod$5785904fef3fb2a86d9b4a3d3a35d0648892543e\i2s_tx'.
Parameter \WIDTH = 16
Parameter \DEPTH = 16

12.5. Executing AST frontend in derive mode using pre-parsed AST for module `\fifo'.
Parameter \WIDTH = 16
Parameter \DEPTH = 16
Generating RTLIL representation for module `$paramod$1719986e2d5dc43517b18f4e324b0f602a4474e9\fifo'.
Warning: Replacing memory \mem with list of registers. See ../src/misc/fifo.sv:39
Parameter \DWIDTH = 16

12.6. Executing AST frontend in derive mode using pre-parsed AST for module `\volume'.
Parameter \DWIDTH = 16
Generating RTLIL representation for module `$paramod\volume\DWIDTH=s32'00000000000000000000000000010000'.
Parameter \WIDTH = 16
Parameter \DEPTH = 16
Found cached RTLIL representation for module `$paramod$1719986e2d5dc43517b18f4e324b0f602a4474e9\fifo'.
Parameter \CLK_FREQ_HZ = 27000000
Parameter \OUT_FREQ_HZ = 1000

12.7. Executing AST frontend in derive mode using pre-parsed AST for module `\clk_div'.
Parameter \CLK_FREQ_HZ = 27000000
Parameter \OUT_FREQ_HZ = 1000
Generating RTLIL representation for module `$paramod$5ff65cac883644189a11f33c7731774bf2d6e2d2\clk_div'.
Parameter \DWIDTH = 16

12.8. Executing AST frontend in derive mode using pre-parsed AST for module `\gain'.
Parameter \DWIDTH = 16
Generating RTLIL representation for module `$paramod\gain\DWIDTH=s32'00000000000000000000000000010000'.

12.9. Analyzing design hierarchy..
Top module:  \top
Used module:     $paramod$5785904fef3fb2a86d9b4a3d3a35d0648892543e\i2s_tx
Used module:     $paramod$28704d8bf4447e08602ecae7770c77318b280126\fifo
Used module:     $paramod\i2s_rx\BIT_DEPTH=s32'00000000000000000000000000010000
Used module:     $paramod$1719986e2d5dc43517b18f4e324b0f602a4474e9\fifo
Used module:     $paramod\volume\DWIDTH=s32'00000000000000000000000000010000
Used module:         \gain
Used module:     \wavetable_synth
Used module:     \encoder
Used module:     $paramod$5ff65cac883644189a11f33c7731774bf2d6e2d2\clk_div
Parameter \DWIDTH = 16
Found cached RTLIL representation for module `$paramod\gain\DWIDTH=s32'00000000000000000000000000010000'.

12.10. Analyzing design hierarchy..
Top module:  \top
Used module:     $paramod$5785904fef3fb2a86d9b4a3d3a35d0648892543e\i2s_tx
Used module:     $paramod$28704d8bf4447e08602ecae7770c77318b280126\fifo
Used module:     $paramod\i2s_rx\BIT_DEPTH=s32'00000000000000000000000000010000
Used module:     $paramod$1719986e2d5dc43517b18f4e324b0f602a4474e9\fifo
Used module:     $paramod\volume\DWIDTH=s32'00000000000000000000000000010000
Used module:         $paramod\gain\DWIDTH=s32'00000000000000000000000000010000
Used module:     \wavetable_synth
Used module:     \encoder
Used module:     $paramod$5ff65cac883644189a11f33c7731774bf2d6e2d2\clk_div

12.11. Analyzing design hierarchy..
Top module:  \top
Used module:     $paramod$5785904fef3fb2a86d9b4a3d3a35d0648892543e\i2s_tx
Used module:     $paramod$28704d8bf4447e08602ecae7770c77318b280126\fifo
Used module:     $paramod\i2s_rx\BIT_DEPTH=s32'00000000000000000000000000010000
Used module:     $paramod$1719986e2d5dc43517b18f4e324b0f602a4474e9\fifo
Used module:     $paramod\volume\DWIDTH=s32'00000000000000000000000000010000
Used module:         $paramod\gain\DWIDTH=s32'00000000000000000000000000010000
Used module:     \wavetable_synth
Used module:     \encoder
Used module:     $paramod$5ff65cac883644189a11f33c7731774bf2d6e2d2\clk_div
Removing unused module `\clk_div'.
Removing unused module `\i2s_rx'.
Removing unused module `\i2s_tx'.
Removing unused module `\volume'.
Removing unused module `\gain'.
Removing unused module `\fifo'.
Removing unused module `\wavetable_rom'.
Removed 7 unused modules.
Warning: Resizing cell port top.i2s_tx_inst.rd_data from 32 bits to 16 bits.

13. Executing PROC pass (convert processes to netlists).

13.1. Executing PROC_CLEAN pass (remove empty switches from decision trees).
Cleaned up 0 empty switches.

13.2. Executing PROC_RMDEAD pass (remove dead branches from decision trees).
Marked 2 switch rules as full_case in process $proc$../src/top/protoboard_1.sv:121$120 in module top.
Marked 2 switch rules as full_case in process $proc$../src/vol/gain.sv:27$222 in module $paramod\gain\DWIDTH=s32'00000000000000000000000000010000.
Marked 2 switch rules as full_case in process $proc$../src/encoder/encoder.sv:86$102 in module encoder.
Marked 1 switch rules as full_case in process $proc$../src/encoder/encoder.sv:59$85 in module encoder.
Marked 1 switch rules as full_case in process $proc$../src/encoder/encoder.sv:46$83 in module encoder.
Marked 2 switch rules as full_case in process $proc$../src/clk_div/clk_div.sv:15$213 in module $paramod$5ff65cac883644189a11f33c7731774bf2d6e2d2\clk_div.
Marked 3 switch rules as full_case in process $proc$../src/vol/volume.sv:46$209 in module $paramod\volume\DWIDTH=s32'00000000000000000000000000010000.
Removed 1 dead cases from process $proc$../src/misc/fifo.sv:55$206 in module $paramod$1719986e2d5dc43517b18f4e324b0f602a4474e9\fifo.
Marked 1 switch rules as full_case in process $proc$../src/misc/fifo.sv:55$206 in module $paramod$1719986e2d5dc43517b18f4e324b0f602a4474e9\fifo.
Marked 4 switch rules as full_case in process $proc$../src/misc/fifo.sv:32$190 in module $paramod$1719986e2d5dc43517b18f4e324b0f602a4474e9\fifo.
Marked 6 switch rules as full_case in process $proc$../src/i2s/i2s_rx.sv:97$181 in module $paramod\i2s_rx\BIT_DEPTH=s32'00000000000000000000000000010000.
Marked 1 switch rules as full_case in process $proc$../src/i2s/i2s_rx.sv:80$177 in module $paramod\i2s_rx\BIT_DEPTH=s32'00000000000000000000000000010000.
Marked 1 switch rules as full_case in process $proc$../src/i2s/i2s_rx.sv:31$169 in module $paramod\i2s_rx\BIT_DEPTH=s32'00000000000000000000000000010000.
Removed 1 dead cases from process $proc$../src/misc/fifo.sv:55$166 in module $paramod$28704d8bf4447e08602ecae7770c77318b280126\fifo.
Marked 1 switch rules as full_case in process $proc$../src/misc/fifo.sv:55$166 in module $paramod$28704d8bf4447e08602ecae7770c77318b280126\fifo.
Marked 4 switch rules as full_case in process $proc$../src/misc/fifo.sv:32$150 in module $paramod$28704d8bf4447e08602ecae7770c77318b280126\fifo.
Marked 4 switch rules as full_case in process $proc$../src/i2s/i2s_tx.sv:67$134 in module $paramod$5785904fef3fb2a86d9b4a3d3a35d0648892543e\i2s_tx.
Marked 1 switch rules as full_case in process $proc$../src/i2s/i2s_tx.sv:51$130 in module $paramod$5785904fef3fb2a86d9b4a3d3a35d0648892543e\i2s_tx.
Marked 2 switch rules as full_case in process $proc$../src/i2s/i2s_tx.sv:34$125 in module $paramod$5785904fef3fb2a86d9b4a3d3a35d0648892543e\i2s_tx.
Marked 4 switch rules as full_case in process $proc$../src/synthesizer/hdl/wavetable_synth.sv:67$4 in module wavetable_synth.
Removed a total of 2 dead cases.

13.3. Executing PROC_PRUNE pass (remove redundant assignments in processes).
Removed 33 redundant assignments.
Promoted 10 assignments to connections.

13.4. Executing PROC_INIT pass (extract init attributes).

13.5. Executing PROC_ARST pass (detect async resets in processes).
Found async reset \rst_n in `\encoder.$proc$../src/encoder/encoder.sv:86$102'.
Found async reset \rst_n in `\encoder.$proc$../src/encoder/encoder.sv:59$85'.
Found async reset \rst_n in `\encoder.$proc$../src/encoder/encoder.sv:46$83'.
Found async reset \rst_n in `$paramod$5ff65cac883644189a11f33c7731774bf2d6e2d2\clk_div.$proc$../src/clk_div/clk_div.sv:15$213'.
Found async reset \rst in `$paramod\volume\DWIDTH=s32'00000000000000000000000000010000.$proc$../src/vol/volume.sv:46$209'.
Found async reset \rst_n in `$paramod$1719986e2d5dc43517b18f4e324b0f602a4474e9\fifo.$proc$../src/misc/fifo.sv:32$190'.
Found async reset \rst_n in `$paramod\i2s_rx\BIT_DEPTH=s32'00000000000000000000000000010000.$proc$../src/i2s/i2s_rx.sv:80$177'.
Found async reset \rst_n in `$paramod\i2s_rx\BIT_DEPTH=s32'00000000000000000000000000010000.$proc$../src/i2s/i2s_rx.sv:31$169'.
Found async reset \rst_n in `$paramod$28704d8bf4447e08602ecae7770c77318b280126\fifo.$proc$../src/misc/fifo.sv:32$150'.
Found async reset \rst_n in `$paramod$5785904fef3fb2a86d9b4a3d3a35d0648892543e\i2s_tx.$proc$../src/i2s/i2s_tx.sv:67$134'.
Found async reset \rst_n in `$paramod$5785904fef3fb2a86d9b4a3d3a35d0648892543e\i2s_tx.$proc$../src/i2s/i2s_tx.sv:51$130'.
Found async reset \rst_n in `$paramod$5785904fef3fb2a86d9b4a3d3a35d0648892543e\i2s_tx.$proc$../src/i2s/i2s_tx.sv:34$125'.
Found async reset \rst_n in `\wavetable_synth.$proc$../src/synthesizer/hdl/wavetable_synth.sv:67$4'.

13.6. Executing PROC_ROM pass (convert switches to ROMs).
Converted 0 switches.
<suppressed ~43 debug messages>

13.7. Executing PROC_MUX pass (convert decision trees to multiplexers).
Creating decoders for process `\top.$proc$../src/top/protoboard_1.sv:121$120'.
     1/1: $0\led_counter[5:0]
Creating decoders for process `$paramod\gain\DWIDTH=s32'00000000000000000000000000010000.$proc$../src/vol/gain.sv:27$222'.
     1/2: $0\prod_valid[0:0]
     2/2: $0\fifo_out_data[15:0]
Creating decoders for process `\encoder.$proc$../src/encoder/encoder.sv:86$102'.
     1/6: $0\trigger[0:0]
     2/6: $0\down[0:0]
     3/6: $0\up[0:0]
     4/6: $0\fe_count[1:0]
     5/6: $0\prev_dir[1:0]
     6/6: $0\dir_reg[1:0]
Creating decoders for process `\encoder.$proc$../src/encoder/encoder.sv:59$85'.
     1/9: $0\C_re[0:0]
     2/9: $0\B_re[0:0]
     3/9: $0\A_re[0:0]
     4/9: $0\C_fe[0:0]
     5/9: $0\B_fe[0:0]
     6/9: $0\A_fe[0:0]
     7/9: $0\C_sync_ff[1:0]
     8/9: $0\B_sync_ff[1:0]
     9/9: $0\A_sync_ff[1:0]
Creating decoders for process `\encoder.$proc$../src/encoder/encoder.sv:46$83'.
     1/3: $0\C_sync[9:0]
     2/3: $0\B_sync[9:0]
     3/3: $0\A_sync[9:0]
Creating decoders for process `$paramod$5ff65cac883644189a11f33c7731774bf2d6e2d2\clk_div.$proc$../src/clk_div/clk_div.sv:15$213'.
     1/2: $0\counter[13:0]
     2/2: $0\clk_1ms[0:0]
Creating decoders for process `$paramod\volume\DWIDTH=s32'00000000000000000000000000010000.$proc$../src/vol/volume.sv:46$209'.
     1/1: $0\gain[15:0]
Creating decoders for process `$paramod$1719986e2d5dc43517b18f4e324b0f602a4474e9\fifo.$proc$../src/misc/fifo.sv:55$206'.
     1/1: $1$mem2reg_rd$\mem$../src/misc/fifo.sv:55$183_DATA[15:0]$208
Creating decoders for process `$paramod$1719986e2d5dc43517b18f4e324b0f602a4474e9\fifo.$proc$../src/misc/fifo.sv:32$190'.
     1/23: $0\count[4:0]
     2/23: $2$mem2reg_wr$\mem$../src/misc/fifo.sv:39$182_ADDR[3:0]$196
     3/23: $2$mem2reg_wr$\mem$../src/misc/fifo.sv:39$182_DATA[15:0]$197
     4/23: $1$mem2reg_wr$\mem$../src/misc/fifo.sv:39$182_DATA[15:0]$195
     5/23: $1$mem2reg_wr$\mem$../src/misc/fifo.sv:39$182_ADDR[3:0]$194
     6/23: $0\mem[15][15:0]
     7/23: $0\mem[14][15:0]
     8/23: $0\mem[13][15:0]
     9/23: $0\mem[12][15:0]
    10/23: $0\mem[11][15:0]
    11/23: $0\mem[10][15:0]
    12/23: $0\mem[9][15:0]
    13/23: $0\mem[8][15:0]
    14/23: $0\mem[7][15:0]
    15/23: $0\mem[6][15:0]
    16/23: $0\mem[5][15:0]
    17/23: $0\mem[4][15:0]
    18/23: $0\mem[3][15:0]
    19/23: $0\mem[2][15:0]
    20/23: $0\mem[1][15:0]
    21/23: $0\mem[0][15:0]
    22/23: $0\rd_ptr[3:0]
    23/23: $0\wr_ptr[3:0]
Creating decoders for process `$paramod\i2s_rx\BIT_DEPTH=s32'00000000000000000000000000010000.$proc$../src/i2s/i2s_rx.sv:97$181'.
     1/10: $2\sample_r[15:0]
     2/10: $2\sample_done[0:0]
     3/10: $4\next_state[2:0]
     4/10: $2\sample_l[15:0]
     5/10: $3\next_state[2:0]
     6/10: $2\next_state[2:0]
     7/10: $1\next_state[2:0]
     8/10: $1\sample_done[0:0]
     9/10: $1\sample_r[15:0]
    10/10: $1\sample_l[15:0]
Creating decoders for process `$paramod\i2s_rx\BIT_DEPTH=s32'00000000000000000000000000010000.$proc$../src/i2s/i2s_rx.sv:80$177'.
     1/5: $0\sample_r_reg[15:0]
     2/5: $0\sample_l_reg[15:0]
     3/5: $0\state[2:0]
     4/5: $0\fifo_wr_en[0:0]
     5/5: $0\fifo_wr_data[31:0]
Creating decoders for process `$paramod\i2s_rx\BIT_DEPTH=s32'00000000000000000000000000010000.$proc$../src/i2s/i2s_rx.sv:31$169'.
     1/11: $0\lrck_fe[0:0]
     2/11: $0\lrck_re[0:0]
     3/11: $0\bclk_re[0:0]
     4/11: $0\lrck_sync_ff[1:0]
     5/11: $0\bclk_sync_ff[1:0]
     6/11: $0\sdata_sync[0:0]
     7/11: $0\sdata_ff[1:0]
     8/11: $0\lrck_sync[0:0]
     9/11: $0\lrck_ff[1:0]
    10/11: $0\bclk_sync[0:0]
    11/11: $0\bclk_ff[1:0]
Creating decoders for process `$paramod$28704d8bf4447e08602ecae7770c77318b280126\fifo.$proc$../src/misc/fifo.sv:55$166'.
     1/1: $1$mem2reg_rd$\mem$../src/misc/fifo.sv:55$143_DATA[31:0]$168
Creating decoders for process `$paramod$28704d8bf4447e08602ecae7770c77318b280126\fifo.$proc$../src/misc/fifo.sv:32$150'.
     1/23: $0\count[4:0]
     2/23: $2$mem2reg_wr$\mem$../src/misc/fifo.sv:39$142_ADDR[3:0]$156
     3/23: $2$mem2reg_wr$\mem$../src/misc/fifo.sv:39$142_DATA[31:0]$157
     4/23: $1$mem2reg_wr$\mem$../src/misc/fifo.sv:39$142_DATA[31:0]$155
     5/23: $1$mem2reg_wr$\mem$../src/misc/fifo.sv:39$142_ADDR[3:0]$154
     6/23: $0\mem[15][31:0]
     7/23: $0\mem[14][31:0]
     8/23: $0\mem[13][31:0]
     9/23: $0\mem[12][31:0]
    10/23: $0\mem[11][31:0]
    11/23: $0\mem[10][31:0]
    12/23: $0\mem[9][31:0]
    13/23: $0\mem[8][31:0]
    14/23: $0\mem[7][31:0]
    15/23: $0\mem[6][31:0]
    16/23: $0\mem[5][31:0]
    17/23: $0\mem[4][31:0]
    18/23: $0\mem[3][31:0]
    19/23: $0\mem[2][31:0]
    20/23: $0\mem[1][31:0]
    21/23: $0\mem[0][31:0]
    22/23: $0\rd_ptr[3:0]
    23/23: $0\wr_ptr[3:0]
Creating decoders for process `$paramod$5785904fef3fb2a86d9b4a3d3a35d0648892543e\i2s_tx.$proc$../src/i2s/i2s_tx.sv:67$134'.
     1/7: $0\rd_en[0:0]
     2/7: $0\sample_latch[15:0]
     3/7: $0\shift_reg[15:0]
     4/7: $0\ws[0:0]
     5/7: $0\bit_cnt[3:0]
     6/7: $0\sdata[0:0]
     7/7: $0\lrck[0:0]
Creating decoders for process `$paramod$5785904fef3fb2a86d9b4a3d3a35d0648892543e\i2s_tx.$proc$../src/i2s/i2s_tx.sv:51$130'.
     1/1: $0\bclk_r_d[0:0]
Creating decoders for process `$paramod$5785904fef3fb2a86d9b4a3d3a35d0648892543e\i2s_tx.$proc$../src/i2s/i2s_tx.sv:34$125'.
     1/2: $0\bclk_cnt[4:0]
     2/2: $0\bclk_r[0:0]
Creating decoders for process `\wavetable_synth.$proc$../src/synthesizer/hdl/wavetable_synth.sv:67$4'.
     1/6: $0\wave_offset[9:0]
     2/6: $0\phase_inc[23:0]
     3/6: $0\phase_acc[23:0]
     4/6: $0\freq_enc_down_latch[0:0]
     5/6: $0\freq_enc_press_latch[0:0]
     6/6: $0\freq_enc_up_latch[0:0]

13.8. Executing PROC_DLATCH pass (convert process syncs to latches).
No latch inferred for signal `$paramod$1719986e2d5dc43517b18f4e324b0f602a4474e9\fifo.$mem2reg_rd$\mem$../src/misc/fifo.sv:55$183_DATA' from process `$paramod$1719986e2d5dc43517b18f4e324b0f602a4474e9\fifo.$proc$../src/misc/fifo.sv:55$206'.
No latch inferred for signal `$paramod\i2s_rx\BIT_DEPTH=s32'00000000000000000000000000010000.\next_state' from process `$paramod\i2s_rx\BIT_DEPTH=s32'00000000000000000000000000010000.$proc$../src/i2s/i2s_rx.sv:97$181'.
No latch inferred for signal `$paramod\i2s_rx\BIT_DEPTH=s32'00000000000000000000000000010000.\sample_l' from process `$paramod\i2s_rx\BIT_DEPTH=s32'00000000000000000000000000010000.$proc$../src/i2s/i2s_rx.sv:97$181'.
No latch inferred for signal `$paramod\i2s_rx\BIT_DEPTH=s32'00000000000000000000000000010000.\sample_r' from process `$paramod\i2s_rx\BIT_DEPTH=s32'00000000000000000000000000010000.$proc$../src/i2s/i2s_rx.sv:97$181'.
No latch inferred for signal `$paramod\i2s_rx\BIT_DEPTH=s32'00000000000000000000000000010000.\sample_done' from process `$paramod\i2s_rx\BIT_DEPTH=s32'00000000000000000000000000010000.$proc$../src/i2s/i2s_rx.sv:97$181'.
No latch inferred for signal `$paramod$28704d8bf4447e08602ecae7770c77318b280126\fifo.$mem2reg_rd$\mem$../src/misc/fifo.sv:55$143_DATA' from process `$paramod$28704d8bf4447e08602ecae7770c77318b280126\fifo.$proc$../src/misc/fifo.sv:55$166'.

13.9. Executing PROC_DFF pass (convert process syncs to FFs).
Creating register for signal `\top.\led_counter' using process `\top.$proc$../src/top/protoboard_1.sv:121$120'.
  created $dff cell `$procdff$927' with positive edge clock.
Creating register for signal `$paramod\gain\DWIDTH=s32'00000000000000000000000000010000.\fifo_out_data' using process `$paramod\gain\DWIDTH=s32'00000000000000000000000000010000.$proc$../src/vol/gain.sv:27$222'.
  created $dff cell `$procdff$928' with positive edge clock.
Creating register for signal `$paramod\gain\DWIDTH=s32'00000000000000000000000000010000.\prod_valid' using process `$paramod\gain\DWIDTH=s32'00000000000000000000000000010000.$proc$../src/vol/gain.sv:27$222'.
  created $dff cell `$procdff$929' with positive edge clock.
Creating register for signal `\encoder.\trigger' using process `\encoder.$proc$../src/encoder/encoder.sv:86$102'.
  created $adff cell `$procdff$934' with positive edge clock and positive level reset.
Creating register for signal `\encoder.\up' using process `\encoder.$proc$../src/encoder/encoder.sv:86$102'.
  created $adff cell `$procdff$939' with positive edge clock and positive level reset.
Creating register for signal `\encoder.\down' using process `\encoder.$proc$../src/encoder/encoder.sv:86$102'.
  created $adff cell `$procdff$944' with positive edge clock and positive level reset.
Creating register for signal `\encoder.\dir_reg' using process `\encoder.$proc$../src/encoder/encoder.sv:86$102'.
  created $adff cell `$procdff$949' with positive edge clock and positive level reset.
Creating register for signal `\encoder.\prev_dir' using process `\encoder.$proc$../src/encoder/encoder.sv:86$102'.
  created $adff cell `$procdff$954' with positive edge clock and positive level reset.
Creating register for signal `\encoder.\fe_count' using process `\encoder.$proc$../src/encoder/encoder.sv:86$102'.
  created $dff cell `$procdff$961' with positive edge clock.
Creating register for signal `\encoder.\A_sync_ff' using process `\encoder.$proc$../src/encoder/encoder.sv:59$85'.
  created $adff cell `$procdff$966' with positive edge clock and positive level reset.
Creating register for signal `\encoder.\B_sync_ff' using process `\encoder.$proc$../src/encoder/encoder.sv:59$85'.
  created $adff cell `$procdff$971' with positive edge clock and positive level reset.
Creating register for signal `\encoder.\C_sync_ff' using process `\encoder.$proc$../src/encoder/encoder.sv:59$85'.
  created $adff cell `$procdff$976' with positive edge clock and positive level reset.
Creating register for signal `\encoder.\A_fe' using process `\encoder.$proc$../src/encoder/encoder.sv:59$85'.
  created $adff cell `$procdff$981' with positive edge clock and positive level reset.
Creating register for signal `\encoder.\B_fe' using process `\encoder.$proc$../src/encoder/encoder.sv:59$85'.
  created $adff cell `$procdff$986' with positive edge clock and positive level reset.
Creating register for signal `\encoder.\C_fe' using process `\encoder.$proc$../src/encoder/encoder.sv:59$85'.
  created $adff cell `$procdff$991' with positive edge clock and positive level reset.
Creating register for signal `\encoder.\A_re' using process `\encoder.$proc$../src/encoder/encoder.sv:59$85'.
  created $adff cell `$procdff$996' with positive edge clock and positive level reset.
Creating register for signal `\encoder.\B_re' using process `\encoder.$proc$../src/encoder/encoder.sv:59$85'.
  created $adff cell `$procdff$1001' with positive edge clock and positive level reset.
Creating register for signal `\encoder.\C_re' using process `\encoder.$proc$../src/encoder/encoder.sv:59$85'.
  created $adff cell `$procdff$1006' with positive edge clock and positive level reset.
Creating register for signal `\encoder.\A_sync' using process `\encoder.$proc$../src/encoder/encoder.sv:46$83'.
  created $adff cell `$procdff$1011' with positive edge clock and positive level reset.
Creating register for signal `\encoder.\B_sync' using process `\encoder.$proc$../src/encoder/encoder.sv:46$83'.
  created $adff cell `$procdff$1016' with positive edge clock and positive level reset.
Creating register for signal `\encoder.\C_sync' using process `\encoder.$proc$../src/encoder/encoder.sv:46$83'.
  created $adff cell `$procdff$1021' with positive edge clock and positive level reset.
Creating register for signal `$paramod$5ff65cac883644189a11f33c7731774bf2d6e2d2\clk_div.\clk_1ms' using process `$paramod$5ff65cac883644189a11f33c7731774bf2d6e2d2\clk_div.$proc$../src/clk_div/clk_div.sv:15$213'.
  created $adff cell `$procdff$1026' with positive edge clock and positive level reset.
Creating register for signal `$paramod$5ff65cac883644189a11f33c7731774bf2d6e2d2\clk_div.\counter' using process `$paramod$5ff65cac883644189a11f33c7731774bf2d6e2d2\clk_div.$proc$../src/clk_div/clk_div.sv:15$213'.
  created $adff cell `$procdff$1031' with positive edge clock and positive level reset.
Creating register for signal `$paramod\volume\DWIDTH=s32'00000000000000000000000000010000.\gain' using process `$paramod\volume\DWIDTH=s32'00000000000000000000000000010000.$proc$../src/vol/volume.sv:46$209'.
  created $adff cell `$procdff$1034' with positive edge clock and positive level reset.
Creating register for signal `$paramod$1719986e2d5dc43517b18f4e324b0f602a4474e9\fifo.\wr_ptr' using process `$paramod$1719986e2d5dc43517b18f4e324b0f602a4474e9\fifo.$proc$../src/misc/fifo.sv:32$190'.
  created $adff cell `$procdff$1039' with positive edge clock and positive level reset.
Creating register for signal `$paramod$1719986e2d5dc43517b18f4e324b0f602a4474e9\fifo.\rd_ptr' using process `$paramod$1719986e2d5dc43517b18f4e324b0f602a4474e9\fifo.$proc$../src/misc/fifo.sv:32$190'.
  created $adff cell `$procdff$1044' with positive edge clock and positive level reset.
Creating register for signal `$paramod$1719986e2d5dc43517b18f4e324b0f602a4474e9\fifo.\count' using process `$paramod$1719986e2d5dc43517b18f4e324b0f602a4474e9\fifo.$proc$../src/misc/fifo.sv:32$190'.
  created $adff cell `$procdff$1049' with positive edge clock and positive level reset.
Creating register for signal `$paramod$1719986e2d5dc43517b18f4e324b0f602a4474e9\fifo.\mem[0]' using process `$paramod$1719986e2d5dc43517b18f4e324b0f602a4474e9\fifo.$proc$../src/misc/fifo.sv:32$190'.
  created $dff cell `$procdff$1056' with positive edge clock.
Creating register for signal `$paramod$1719986e2d5dc43517b18f4e324b0f602a4474e9\fifo.\mem[1]' using process `$paramod$1719986e2d5dc43517b18f4e324b0f602a4474e9\fifo.$proc$../src/misc/fifo.sv:32$190'.
  created $dff cell `$procdff$1063' with positive edge clock.
Creating register for signal `$paramod$1719986e2d5dc43517b18f4e324b0f602a4474e9\fifo.\mem[2]' using process `$paramod$1719986e2d5dc43517b18f4e324b0f602a4474e9\fifo.$proc$../src/misc/fifo.sv:32$190'.
  created $dff cell `$procdff$1070' with positive edge clock.
Creating register for signal `$paramod$1719986e2d5dc43517b18f4e324b0f602a4474e9\fifo.\mem[3]' using process `$paramod$1719986e2d5dc43517b18f4e324b0f602a4474e9\fifo.$proc$../src/misc/fifo.sv:32$190'.
  created $dff cell `$procdff$1077' with positive edge clock.
Creating register for signal `$paramod$1719986e2d5dc43517b18f4e324b0f602a4474e9\fifo.\mem[4]' using process `$paramod$1719986e2d5dc43517b18f4e324b0f602a4474e9\fifo.$proc$../src/misc/fifo.sv:32$190'.
  created $dff cell `$procdff$1084' with positive edge clock.
Creating register for signal `$paramod$1719986e2d5dc43517b18f4e324b0f602a4474e9\fifo.\mem[5]' using process `$paramod$1719986e2d5dc43517b18f4e324b0f602a4474e9\fifo.$proc$../src/misc/fifo.sv:32$190'.
  created $dff cell `$procdff$1091' with positive edge clock.
Creating register for signal `$paramod$1719986e2d5dc43517b18f4e324b0f602a4474e9\fifo.\mem[6]' using process `$paramod$1719986e2d5dc43517b18f4e324b0f602a4474e9\fifo.$proc$../src/misc/fifo.sv:32$190'.
  created $dff cell `$procdff$1098' with positive edge clock.
Creating register for signal `$paramod$1719986e2d5dc43517b18f4e324b0f602a4474e9\fifo.\mem[7]' using process `$paramod$1719986e2d5dc43517b18f4e324b0f602a4474e9\fifo.$proc$../src/misc/fifo.sv:32$190'.
  created $dff cell `$procdff$1105' with positive edge clock.
Creating register for signal `$paramod$1719986e2d5dc43517b18f4e324b0f602a4474e9\fifo.\mem[8]' using process `$paramod$1719986e2d5dc43517b18f4e324b0f602a4474e9\fifo.$proc$../src/misc/fifo.sv:32$190'.
  created $dff cell `$procdff$1112' with positive edge clock.
Creating register for signal `$paramod$1719986e2d5dc43517b18f4e324b0f602a4474e9\fifo.\mem[9]' using process `$paramod$1719986e2d5dc43517b18f4e324b0f602a4474e9\fifo.$proc$../src/misc/fifo.sv:32$190'.
  created $dff cell `$procdff$1119' with positive edge clock.
Creating register for signal `$paramod$1719986e2d5dc43517b18f4e324b0f602a4474e9\fifo.\mem[10]' using process `$paramod$1719986e2d5dc43517b18f4e324b0f602a4474e9\fifo.$proc$../src/misc/fifo.sv:32$190'.
  created $dff cell `$procdff$1126' with positive edge clock.
Creating register for signal `$paramod$1719986e2d5dc43517b18f4e324b0f602a4474e9\fifo.\mem[11]' using process `$paramod$1719986e2d5dc43517b18f4e324b0f602a4474e9\fifo.$proc$../src/misc/fifo.sv:32$190'.
  created $dff cell `$procdff$1133' with positive edge clock.
Creating register for signal `$paramod$1719986e2d5dc43517b18f4e324b0f602a4474e9\fifo.\mem[12]' using process `$paramod$1719986e2d5dc43517b18f4e324b0f602a4474e9\fifo.$proc$../src/misc/fifo.sv:32$190'.
  created $dff cell `$procdff$1140' with positive edge clock.
Creating register for signal `$paramod$1719986e2d5dc43517b18f4e324b0f602a4474e9\fifo.\mem[13]' using process `$paramod$1719986e2d5dc43517b18f4e324b0f602a4474e9\fifo.$proc$../src/misc/fifo.sv:32$190'.
  created $dff cell `$procdff$1147' with positive edge clock.
Creating register for signal `$paramod$1719986e2d5dc43517b18f4e324b0f602a4474e9\fifo.\mem[14]' using process `$paramod$1719986e2d5dc43517b18f4e324b0f602a4474e9\fifo.$proc$../src/misc/fifo.sv:32$190'.
  created $dff cell `$procdff$1154' with positive edge clock.
Creating register for signal `$paramod$1719986e2d5dc43517b18f4e324b0f602a4474e9\fifo.\mem[15]' using process `$paramod$1719986e2d5dc43517b18f4e324b0f602a4474e9\fifo.$proc$../src/misc/fifo.sv:32$190'.
  created $dff cell `$procdff$1161' with positive edge clock.
Creating register for signal `$paramod$1719986e2d5dc43517b18f4e324b0f602a4474e9\fifo.$mem2reg_wr$\mem$../src/misc/fifo.sv:39$182_ADDR' using process `$paramod$1719986e2d5dc43517b18f4e324b0f602a4474e9\fifo.$proc$../src/misc/fifo.sv:32$190'.
  created $adff cell `$procdff$1166' with positive edge clock and positive level reset.
Creating register for signal `$paramod$1719986e2d5dc43517b18f4e324b0f602a4474e9\fifo.$mem2reg_wr$\mem$../src/misc/fifo.sv:39$182_DATA' using process `$paramod$1719986e2d5dc43517b18f4e324b0f602a4474e9\fifo.$proc$../src/misc/fifo.sv:32$190'.
  created $adff cell `$procdff$1171' with positive edge clock and positive level reset.
Creating register for signal `$paramod\i2s_rx\BIT_DEPTH=s32'00000000000000000000000000010000.\fifo_wr_data' using process `$paramod\i2s_rx\BIT_DEPTH=s32'00000000000000000000000000010000.$proc$../src/i2s/i2s_rx.sv:80$177'.
  created $dff cell `$procdff$1178' with positive edge clock.
Creating register for signal `$paramod\i2s_rx\BIT_DEPTH=s32'00000000000000000000000000010000.\fifo_wr_en' using process `$paramod\i2s_rx\BIT_DEPTH=s32'00000000000000000000000000010000.$proc$../src/i2s/i2s_rx.sv:80$177'.
  created $dff cell `$procdff$1185' with positive edge clock.
Creating register for signal `$paramod\i2s_rx\BIT_DEPTH=s32'00000000000000000000000000010000.\state' using process `$paramod\i2s_rx\BIT_DEPTH=s32'00000000000000000000000000010000.$proc$../src/i2s/i2s_rx.sv:80$177'.
  created $adff cell `$procdff$1190' with positive edge clock and positive level reset.
Creating register for signal `$paramod\i2s_rx\BIT_DEPTH=s32'00000000000000000000000000010000.\sample_l_reg' using process `$paramod\i2s_rx\BIT_DEPTH=s32'00000000000000000000000000010000.$proc$../src/i2s/i2s_rx.sv:80$177'.
  created $adff cell `$procdff$1195' with positive edge clock and positive level reset.
Creating register for signal `$paramod\i2s_rx\BIT_DEPTH=s32'00000000000000000000000000010000.\sample_r_reg' using process `$paramod\i2s_rx\BIT_DEPTH=s32'00000000000000000000000000010000.$proc$../src/i2s/i2s_rx.sv:80$177'.
  created $adff cell `$procdff$1200' with positive edge clock and positive level reset.
Creating register for signal `$paramod\i2s_rx\BIT_DEPTH=s32'00000000000000000000000000010000.\bclk_ff' using process `$paramod\i2s_rx\BIT_DEPTH=s32'00000000000000000000000000010000.$proc$../src/i2s/i2s_rx.sv:31$169'.
  created $adff cell `$procdff$1205' with positive edge clock and positive level reset.
Creating register for signal `$paramod\i2s_rx\BIT_DEPTH=s32'00000000000000000000000000010000.\bclk_sync' using process `$paramod\i2s_rx\BIT_DEPTH=s32'00000000000000000000000000010000.$proc$../src/i2s/i2s_rx.sv:31$169'.
  created $adff cell `$procdff$1210' with positive edge clock and positive level reset.
Creating register for signal `$paramod\i2s_rx\BIT_DEPTH=s32'00000000000000000000000000010000.\bclk_sync_ff' using process `$paramod\i2s_rx\BIT_DEPTH=s32'00000000000000000000000000010000.$proc$../src/i2s/i2s_rx.sv:31$169'.
  created $adff cell `$procdff$1215' with positive edge clock and positive level reset.
Creating register for signal `$paramod\i2s_rx\BIT_DEPTH=s32'00000000000000000000000000010000.\bclk_re' using process `$paramod\i2s_rx\BIT_DEPTH=s32'00000000000000000000000000010000.$proc$../src/i2s/i2s_rx.sv:31$169'.
  created $adff cell `$procdff$1220' with positive edge clock and positive level reset.
Creating register for signal `$paramod\i2s_rx\BIT_DEPTH=s32'00000000000000000000000000010000.\lrck_ff' using process `$paramod\i2s_rx\BIT_DEPTH=s32'00000000000000000000000000010000.$proc$../src/i2s/i2s_rx.sv:31$169'.
  created $adff cell `$procdff$1225' with positive edge clock and positive level reset.
Creating register for signal `$paramod\i2s_rx\BIT_DEPTH=s32'00000000000000000000000000010000.\lrck_sync_ff' using process `$paramod\i2s_rx\BIT_DEPTH=s32'00000000000000000000000000010000.$proc$../src/i2s/i2s_rx.sv:31$169'.
  created $adff cell `$procdff$1230' with positive edge clock and positive level reset.
Creating register for signal `$paramod\i2s_rx\BIT_DEPTH=s32'00000000000000000000000000010000.\lrck_sync' using process `$paramod\i2s_rx\BIT_DEPTH=s32'00000000000000000000000000010000.$proc$../src/i2s/i2s_rx.sv:31$169'.
  created $adff cell `$procdff$1235' with positive edge clock and positive level reset.
Creating register for signal `$paramod\i2s_rx\BIT_DEPTH=s32'00000000000000000000000000010000.\lrck_re' using process `$paramod\i2s_rx\BIT_DEPTH=s32'00000000000000000000000000010000.$proc$../src/i2s/i2s_rx.sv:31$169'.
  created $adff cell `$procdff$1240' with positive edge clock and positive level reset.
Creating register for signal `$paramod\i2s_rx\BIT_DEPTH=s32'00000000000000000000000000010000.\lrck_fe' using process `$paramod\i2s_rx\BIT_DEPTH=s32'00000000000000000000000000010000.$proc$../src/i2s/i2s_rx.sv:31$169'.
  created $adff cell `$procdff$1245' with positive edge clock and positive level reset.
Creating register for signal `$paramod\i2s_rx\BIT_DEPTH=s32'00000000000000000000000000010000.\sdata_ff' using process `$paramod\i2s_rx\BIT_DEPTH=s32'00000000000000000000000000010000.$proc$../src/i2s/i2s_rx.sv:31$169'.
  created $adff cell `$procdff$1250' with positive edge clock and positive level reset.
Creating register for signal `$paramod\i2s_rx\BIT_DEPTH=s32'00000000000000000000000000010000.\sdata_sync' using process `$paramod\i2s_rx\BIT_DEPTH=s32'00000000000000000000000000010000.$proc$../src/i2s/i2s_rx.sv:31$169'.
  created $adff cell `$procdff$1255' with positive edge clock and positive level reset.
Creating register for signal `$paramod$28704d8bf4447e08602ecae7770c77318b280126\fifo.\wr_ptr' using process `$paramod$28704d8bf4447e08602ecae7770c77318b280126\fifo.$proc$../src/misc/fifo.sv:32$150'.
  created $adff cell `$procdff$1260' with positive edge clock and positive level reset.
Creating register for signal `$paramod$28704d8bf4447e08602ecae7770c77318b280126\fifo.\rd_ptr' using process `$paramod$28704d8bf4447e08602ecae7770c77318b280126\fifo.$proc$../src/misc/fifo.sv:32$150'.
  created $adff cell `$procdff$1265' with positive edge clock and positive level reset.
Creating register for signal `$paramod$28704d8bf4447e08602ecae7770c77318b280126\fifo.\count' using process `$paramod$28704d8bf4447e08602ecae7770c77318b280126\fifo.$proc$../src/misc/fifo.sv:32$150'.
  created $adff cell `$procdff$1270' with positive edge clock and positive level reset.
Creating register for signal `$paramod$28704d8bf4447e08602ecae7770c77318b280126\fifo.\mem[0]' using process `$paramod$28704d8bf4447e08602ecae7770c77318b280126\fifo.$proc$../src/misc/fifo.sv:32$150'.
  created $dff cell `$procdff$1277' with positive edge clock.
Creating register for signal `$paramod$28704d8bf4447e08602ecae7770c77318b280126\fifo.\mem[1]' using process `$paramod$28704d8bf4447e08602ecae7770c77318b280126\fifo.$proc$../src/misc/fifo.sv:32$150'.
  created $dff cell `$procdff$1284' with positive edge clock.
Creating register for signal `$paramod$28704d8bf4447e08602ecae7770c77318b280126\fifo.\mem[2]' using process `$paramod$28704d8bf4447e08602ecae7770c77318b280126\fifo.$proc$../src/misc/fifo.sv:32$150'.
  created $dff cell `$procdff$1291' with positive edge clock.
Creating register for signal `$paramod$28704d8bf4447e08602ecae7770c77318b280126\fifo.\mem[3]' using process `$paramod$28704d8bf4447e08602ecae7770c77318b280126\fifo.$proc$../src/misc/fifo.sv:32$150'.
  created $dff cell `$procdff$1298' with positive edge clock.
Creating register for signal `$paramod$28704d8bf4447e08602ecae7770c77318b280126\fifo.\mem[4]' using process `$paramod$28704d8bf4447e08602ecae7770c77318b280126\fifo.$proc$../src/misc/fifo.sv:32$150'.
  created $dff cell `$procdff$1305' with positive edge clock.
Creating register for signal `$paramod$28704d8bf4447e08602ecae7770c77318b280126\fifo.\mem[5]' using process `$paramod$28704d8bf4447e08602ecae7770c77318b280126\fifo.$proc$../src/misc/fifo.sv:32$150'.
  created $dff cell `$procdff$1312' with positive edge clock.
Creating register for signal `$paramod$28704d8bf4447e08602ecae7770c77318b280126\fifo.\mem[6]' using process `$paramod$28704d8bf4447e08602ecae7770c77318b280126\fifo.$proc$../src/misc/fifo.sv:32$150'.
  created $dff cell `$procdff$1319' with positive edge clock.
Creating register for signal `$paramod$28704d8bf4447e08602ecae7770c77318b280126\fifo.\mem[7]' using process `$paramod$28704d8bf4447e08602ecae7770c77318b280126\fifo.$proc$../src/misc/fifo.sv:32$150'.
  created $dff cell `$procdff$1326' with positive edge clock.
Creating register for signal `$paramod$28704d8bf4447e08602ecae7770c77318b280126\fifo.\mem[8]' using process `$paramod$28704d8bf4447e08602ecae7770c77318b280126\fifo.$proc$../src/misc/fifo.sv:32$150'.
  created $dff cell `$procdff$1333' with positive edge clock.
Creating register for signal `$paramod$28704d8bf4447e08602ecae7770c77318b280126\fifo.\mem[9]' using process `$paramod$28704d8bf4447e08602ecae7770c77318b280126\fifo.$proc$../src/misc/fifo.sv:32$150'.
  created $dff cell `$procdff$1340' with positive edge clock.
Creating register for signal `$paramod$28704d8bf4447e08602ecae7770c77318b280126\fifo.\mem[10]' using process `$paramod$28704d8bf4447e08602ecae7770c77318b280126\fifo.$proc$../src/misc/fifo.sv:32$150'.
  created $dff cell `$procdff$1347' with positive edge clock.
Creating register for signal `$paramod$28704d8bf4447e08602ecae7770c77318b280126\fifo.\mem[11]' using process `$paramod$28704d8bf4447e08602ecae7770c77318b280126\fifo.$proc$../src/misc/fifo.sv:32$150'.
  created $dff cell `$procdff$1354' with positive edge clock.
Creating register for signal `$paramod$28704d8bf4447e08602ecae7770c77318b280126\fifo.\mem[12]' using process `$paramod$28704d8bf4447e08602ecae7770c77318b280126\fifo.$proc$../src/misc/fifo.sv:32$150'.
  created $dff cell `$procdff$1361' with positive edge clock.
Creating register for signal `$paramod$28704d8bf4447e08602ecae7770c77318b280126\fifo.\mem[13]' using process `$paramod$28704d8bf4447e08602ecae7770c77318b280126\fifo.$proc$../src/misc/fifo.sv:32$150'.
  created $dff cell `$procdff$1368' with positive edge clock.
Creating register for signal `$paramod$28704d8bf4447e08602ecae7770c77318b280126\fifo.\mem[14]' using process `$paramod$28704d8bf4447e08602ecae7770c77318b280126\fifo.$proc$../src/misc/fifo.sv:32$150'.
  created $dff cell `$procdff$1375' with positive edge clock.
Creating register for signal `$paramod$28704d8bf4447e08602ecae7770c77318b280126\fifo.\mem[15]' using process `$paramod$28704d8bf4447e08602ecae7770c77318b280126\fifo.$proc$../src/misc/fifo.sv:32$150'.
  created $dff cell `$procdff$1382' with positive edge clock.
Creating register for signal `$paramod$28704d8bf4447e08602ecae7770c77318b280126\fifo.$mem2reg_wr$\mem$../src/misc/fifo.sv:39$142_ADDR' using process `$paramod$28704d8bf4447e08602ecae7770c77318b280126\fifo.$proc$../src/misc/fifo.sv:32$150'.
  created $adff cell `$procdff$1387' with positive edge clock and positive level reset.
Creating register for signal `$paramod$28704d8bf4447e08602ecae7770c77318b280126\fifo.$mem2reg_wr$\mem$../src/misc/fifo.sv:39$142_DATA' using process `$paramod$28704d8bf4447e08602ecae7770c77318b280126\fifo.$proc$../src/misc/fifo.sv:32$150'.
  created $adff cell `$procdff$1392' with positive edge clock and positive level reset.
Creating register for signal `$paramod$5785904fef3fb2a86d9b4a3d3a35d0648892543e\i2s_tx.\rd_en' using process `$paramod$5785904fef3fb2a86d9b4a3d3a35d0648892543e\i2s_tx.$proc$../src/i2s/i2s_tx.sv:67$134'.
  created $adff cell `$procdff$1397' with positive edge clock and positive level reset.
Creating register for signal `$paramod$5785904fef3fb2a86d9b4a3d3a35d0648892543e\i2s_tx.\lrck' using process `$paramod$5785904fef3fb2a86d9b4a3d3a35d0648892543e\i2s_tx.$proc$../src/i2s/i2s_tx.sv:67$134'.
  created $adff cell `$procdff$1402' with positive edge clock and positive level reset.
Creating register for signal `$paramod$5785904fef3fb2a86d9b4a3d3a35d0648892543e\i2s_tx.\sdata' using process `$paramod$5785904fef3fb2a86d9b4a3d3a35d0648892543e\i2s_tx.$proc$../src/i2s/i2s_tx.sv:67$134'.
  created $adff cell `$procdff$1407' with positive edge clock and positive level reset.
Creating register for signal `$paramod$5785904fef3fb2a86d9b4a3d3a35d0648892543e\i2s_tx.\bit_cnt' using process `$paramod$5785904fef3fb2a86d9b4a3d3a35d0648892543e\i2s_tx.$proc$../src/i2s/i2s_tx.sv:67$134'.
  created $adff cell `$procdff$1412' with positive edge clock and positive level reset.
Creating register for signal `$paramod$5785904fef3fb2a86d9b4a3d3a35d0648892543e\i2s_tx.\ws' using process `$paramod$5785904fef3fb2a86d9b4a3d3a35d0648892543e\i2s_tx.$proc$../src/i2s/i2s_tx.sv:67$134'.
  created $adff cell `$procdff$1417' with positive edge clock and positive level reset.
Creating register for signal `$paramod$5785904fef3fb2a86d9b4a3d3a35d0648892543e\i2s_tx.\shift_reg' using process `$paramod$5785904fef3fb2a86d9b4a3d3a35d0648892543e\i2s_tx.$proc$../src/i2s/i2s_tx.sv:67$134'.
  created $adff cell `$procdff$1422' with positive edge clock and positive level reset.
Creating register for signal `$paramod$5785904fef3fb2a86d9b4a3d3a35d0648892543e\i2s_tx.\sample_latch' using process `$paramod$5785904fef3fb2a86d9b4a3d3a35d0648892543e\i2s_tx.$proc$../src/i2s/i2s_tx.sv:67$134'.
  created $adff cell `$procdff$1427' with positive edge clock and positive level reset.
Creating register for signal `$paramod$5785904fef3fb2a86d9b4a3d3a35d0648892543e\i2s_tx.\bclk_r_d' using process `$paramod$5785904fef3fb2a86d9b4a3d3a35d0648892543e\i2s_tx.$proc$../src/i2s/i2s_tx.sv:51$130'.
  created $adff cell `$procdff$1432' with positive edge clock and positive level reset.
Creating register for signal `$paramod$5785904fef3fb2a86d9b4a3d3a35d0648892543e\i2s_tx.\bclk_r' using process `$paramod$5785904fef3fb2a86d9b4a3d3a35d0648892543e\i2s_tx.$proc$../src/i2s/i2s_tx.sv:34$125'.
  created $adff cell `$procdff$1437' with positive edge clock and positive level reset.
Creating register for signal `$paramod$5785904fef3fb2a86d9b4a3d3a35d0648892543e\i2s_tx.\bclk_cnt' using process `$paramod$5785904fef3fb2a86d9b4a3d3a35d0648892543e\i2s_tx.$proc$../src/i2s/i2s_tx.sv:34$125'.
  created $adff cell `$procdff$1442' with positive edge clock and positive level reset.
Creating register for signal `\wavetable_synth.\freq_enc_up_latch' using process `\wavetable_synth.$proc$../src/synthesizer/hdl/wavetable_synth.sv:67$4'.
  created $adff cell `$procdff$1447' with positive edge clock and positive level reset.
Creating register for signal `\wavetable_synth.\freq_enc_press_latch' using process `\wavetable_synth.$proc$../src/synthesizer/hdl/wavetable_synth.sv:67$4'.
  created $adff cell `$procdff$1452' with positive edge clock and positive level reset.
Creating register for signal `\wavetable_synth.\freq_enc_down_latch' using process `\wavetable_synth.$proc$../src/synthesizer/hdl/wavetable_synth.sv:67$4'.
  created $adff cell `$procdff$1457' with positive edge clock and positive level reset.
Creating register for signal `\wavetable_synth.\phase_acc' using process `\wavetable_synth.$proc$../src/synthesizer/hdl/wavetable_synth.sv:67$4'.
  created $adff cell `$procdff$1462' with positive edge clock and positive level reset.
Creating register for signal `\wavetable_synth.\phase_inc' using process `\wavetable_synth.$proc$../src/synthesizer/hdl/wavetable_synth.sv:67$4'.
  created $adff cell `$procdff$1467' with positive edge clock and positive level reset.
Creating register for signal `\wavetable_synth.\wave_offset' using process `\wavetable_synth.$proc$../src/synthesizer/hdl/wavetable_synth.sv:67$4'.
  created $adff cell `$procdff$1472' with positive edge clock and positive level reset.

13.10. Executing PROC_MEMWR pass (convert process memory writes to cells).

13.11. Executing PROC_CLEAN pass (remove empty switches from decision trees).
Found and cleaned up 3 empty switches in `\top.$proc$../src/top/protoboard_1.sv:121$120'.
Removing empty process `top.$proc$../src/top/protoboard_1.sv:121$120'.
Found and cleaned up 2 empty switches in `$paramod\gain\DWIDTH=s32'00000000000000000000000000010000.$proc$../src/vol/gain.sv:27$222'.
Removing empty process `$paramod\gain\DWIDTH=s32'00000000000000000000000000010000.$proc$../src/vol/gain.sv:27$222'.
Found and cleaned up 4 empty switches in `\encoder.$proc$../src/encoder/encoder.sv:86$102'.
Removing empty process `encoder.$proc$../src/encoder/encoder.sv:86$102'.
Found and cleaned up 1 empty switch in `\encoder.$proc$../src/encoder/encoder.sv:59$85'.
Removing empty process `encoder.$proc$../src/encoder/encoder.sv:59$85'.
Removing empty process `encoder.$proc$../src/encoder/encoder.sv:46$83'.
Found and cleaned up 1 empty switch in `$paramod$5ff65cac883644189a11f33c7731774bf2d6e2d2\clk_div.$proc$../src/clk_div/clk_div.sv:15$213'.
Removing empty process `$paramod$5ff65cac883644189a11f33c7731774bf2d6e2d2\clk_div.$proc$../src/clk_div/clk_div.sv:15$213'.
Found and cleaned up 3 empty switches in `$paramod\volume\DWIDTH=s32'00000000000000000000000000010000.$proc$../src/vol/volume.sv:46$209'.
Removing empty process `$paramod\volume\DWIDTH=s32'00000000000000000000000000010000.$proc$../src/vol/volume.sv:46$209'.
Found and cleaned up 1 empty switch in `$paramod$1719986e2d5dc43517b18f4e324b0f602a4474e9\fifo.$proc$../src/misc/fifo.sv:55$206'.
Removing empty process `$paramod$1719986e2d5dc43517b18f4e324b0f602a4474e9\fifo.$proc$../src/misc/fifo.sv:55$206'.
Found and cleaned up 4 empty switches in `$paramod$1719986e2d5dc43517b18f4e324b0f602a4474e9\fifo.$proc$../src/misc/fifo.sv:32$190'.
Removing empty process `$paramod$1719986e2d5dc43517b18f4e324b0f602a4474e9\fifo.$proc$../src/misc/fifo.sv:32$190'.
Found and cleaned up 6 empty switches in `$paramod\i2s_rx\BIT_DEPTH=s32'00000000000000000000000000010000.$proc$../src/i2s/i2s_rx.sv:97$181'.
Removing empty process `$paramod\i2s_rx\BIT_DEPTH=s32'00000000000000000000000000010000.$proc$../src/i2s/i2s_rx.sv:97$181'.
Found and cleaned up 1 empty switch in `$paramod\i2s_rx\BIT_DEPTH=s32'00000000000000000000000000010000.$proc$../src/i2s/i2s_rx.sv:80$177'.
Removing empty process `$paramod\i2s_rx\BIT_DEPTH=s32'00000000000000000000000000010000.$proc$../src/i2s/i2s_rx.sv:80$177'.
Removing empty process `$paramod\i2s_rx\BIT_DEPTH=s32'00000000000000000000000000010000.$proc$../src/i2s/i2s_rx.sv:31$169'.
Found and cleaned up 1 empty switch in `$paramod$28704d8bf4447e08602ecae7770c77318b280126\fifo.$proc$../src/misc/fifo.sv:55$166'.
Removing empty process `$paramod$28704d8bf4447e08602ecae7770c77318b280126\fifo.$proc$../src/misc/fifo.sv:55$166'.
Found and cleaned up 4 empty switches in `$paramod$28704d8bf4447e08602ecae7770c77318b280126\fifo.$proc$../src/misc/fifo.sv:32$150'.
Removing empty process `$paramod$28704d8bf4447e08602ecae7770c77318b280126\fifo.$proc$../src/misc/fifo.sv:32$150'.
Found and cleaned up 4 empty switches in `$paramod$5785904fef3fb2a86d9b4a3d3a35d0648892543e\i2s_tx.$proc$../src/i2s/i2s_tx.sv:67$134'.
Removing empty process `$paramod$5785904fef3fb2a86d9b4a3d3a35d0648892543e\i2s_tx.$proc$../src/i2s/i2s_tx.sv:67$134'.
Removing empty process `$paramod$5785904fef3fb2a86d9b4a3d3a35d0648892543e\i2s_tx.$proc$../src/i2s/i2s_tx.sv:51$130'.
Found and cleaned up 1 empty switch in `$paramod$5785904fef3fb2a86d9b4a3d3a35d0648892543e\i2s_tx.$proc$../src/i2s/i2s_tx.sv:34$125'.
Removing empty process `$paramod$5785904fef3fb2a86d9b4a3d3a35d0648892543e\i2s_tx.$proc$../src/i2s/i2s_tx.sv:34$125'.
Found and cleaned up 7 empty switches in `\wavetable_synth.$proc$../src/synthesizer/hdl/wavetable_synth.sv:67$4'.
Removing empty process `wavetable_synth.$proc$../src/synthesizer/hdl/wavetable_synth.sv:67$4'.
Cleaned up 43 empty switches.

13.12. Executing OPT_EXPR pass (perform const folding).
Optimizing module top.
<suppressed ~1 debug messages>
Optimizing module $paramod\gain\DWIDTH=s32'00000000000000000000000000010000.
Optimizing module encoder.
<suppressed ~36 debug messages>
Optimizing module $paramod$5ff65cac883644189a11f33c7731774bf2d6e2d2\clk_div.
<suppressed ~4 debug messages>
Optimizing module $paramod\volume\DWIDTH=s32'00000000000000000000000000010000.
<suppressed ~1 debug messages>
Optimizing module $paramod$1719986e2d5dc43517b18f4e324b0f602a4474e9\fifo.
<suppressed ~45 debug messages>
Optimizing module $paramod\i2s_rx\BIT_DEPTH=s32'00000000000000000000000000010000.
<suppressed ~34 debug messages>
Optimizing module $paramod$28704d8bf4447e08602ecae7770c77318b280126\fifo.
<suppressed ~45 debug messages>
Optimizing module $paramod$5785904fef3fb2a86d9b4a3d3a35d0648892543e\i2s_tx.
<suppressed ~28 debug messages>
Optimizing module wavetable_synth.
<suppressed ~18 debug messages>

14. Executing OPT pass (performing simple optimizations).

14.1. Executing OPT_EXPR pass (perform const folding).
Optimizing module top.
Optimizing module $paramod\gain\DWIDTH=s32'00000000000000000000000000010000.
Optimizing module encoder.
Optimizing module $paramod$5ff65cac883644189a11f33c7731774bf2d6e2d2\clk_div.
Optimizing module $paramod\volume\DWIDTH=s32'00000000000000000000000000010000.
Optimizing module $paramod$1719986e2d5dc43517b18f4e324b0f602a4474e9\fifo.
Optimizing module $paramod\i2s_rx\BIT_DEPTH=s32'00000000000000000000000000010000.
Optimizing module $paramod$28704d8bf4447e08602ecae7770c77318b280126\fifo.
Optimizing module $paramod$5785904fef3fb2a86d9b4a3d3a35d0648892543e\i2s_tx.
Optimizing module wavetable_synth.

14.2. Executing OPT_MERGE pass (detect identical cells).
Finding identical cells in module `\top'.
Computing hashes of 20 cells of `\top'.
Finding duplicate cells in `\top'.
Computing hashes of 19 cells of `\top'.
Finding duplicate cells in `\top'.
<suppressed ~3 debug messages>
Finding identical cells in module `$paramod\gain\DWIDTH=s32'00000000000000000000000000010000'.
Computing hashes of 13 cells of `$paramod\gain\DWIDTH=s32'00000000000000000000000000010000'.
Finding duplicate cells in `$paramod\gain\DWIDTH=s32'00000000000000000000000000010000'.
Computing hashes of 11 cells of `$paramod\gain\DWIDTH=s32'00000000000000000000000000010000'.
Finding duplicate cells in `$paramod\gain\DWIDTH=s32'00000000000000000000000000010000'.
Computing hashes of 10 cells of `$paramod\gain\DWIDTH=s32'00000000000000000000000000010000'.
Finding duplicate cells in `$paramod\gain\DWIDTH=s32'00000000000000000000000000010000'.
<suppressed ~9 debug messages>
Finding identical cells in module `\encoder'.
Computing hashes of 77 cells of `\encoder'.
Finding duplicate cells in `\encoder'.
Computing hashes of 58 cells of `\encoder'.
Finding duplicate cells in `\encoder'.
<suppressed ~57 debug messages>
Finding identical cells in module `$paramod$5ff65cac883644189a11f33c7731774bf2d6e2d2\clk_div'.
Computing hashes of 10 cells of `$paramod$5ff65cac883644189a11f33c7731774bf2d6e2d2\clk_div'.
Finding duplicate cells in `$paramod$5ff65cac883644189a11f33c7731774bf2d6e2d2\clk_div'.
Computing hashes of 9 cells of `$paramod$5ff65cac883644189a11f33c7731774bf2d6e2d2\clk_div'.
Finding duplicate cells in `$paramod$5ff65cac883644189a11f33c7731774bf2d6e2d2\clk_div'.
<suppressed ~3 debug messages>
Finding identical cells in module `$paramod\volume\DWIDTH=s32'00000000000000000000000000010000'.
Computing hashes of 8 cells of `$paramod\volume\DWIDTH=s32'00000000000000000000000000010000'.
Finding duplicate cells in `$paramod\volume\DWIDTH=s32'00000000000000000000000000010000'.
Finding identical cells in module `$paramod$1719986e2d5dc43517b18f4e324b0f602a4474e9\fifo'.
Computing hashes of 145 cells of `$paramod$1719986e2d5dc43517b18f4e324b0f602a4474e9\fifo'.
Finding duplicate cells in `$paramod$1719986e2d5dc43517b18f4e324b0f602a4474e9\fifo'.
Computing hashes of 123 cells of `$paramod$1719986e2d5dc43517b18f4e324b0f602a4474e9\fifo'.
Finding duplicate cells in `$paramod$1719986e2d5dc43517b18f4e324b0f602a4474e9\fifo'.
<suppressed ~66 debug messages>
Finding identical cells in module `$paramod\i2s_rx\BIT_DEPTH=s32'00000000000000000000000000010000'.
Computing hashes of 74 cells of `$paramod\i2s_rx\BIT_DEPTH=s32'00000000000000000000000000010000'.
Finding duplicate cells in `$paramod\i2s_rx\BIT_DEPTH=s32'00000000000000000000000000010000'.
Computing hashes of 49 cells of `$paramod\i2s_rx\BIT_DEPTH=s32'00000000000000000000000000010000'.
Finding duplicate cells in `$paramod\i2s_rx\BIT_DEPTH=s32'00000000000000000000000000010000'.
<suppressed ~75 debug messages>
Finding identical cells in module `$paramod$28704d8bf4447e08602ecae7770c77318b280126\fifo'.
Computing hashes of 145 cells of `$paramod$28704d8bf4447e08602ecae7770c77318b280126\fifo'.
Finding duplicate cells in `$paramod$28704d8bf4447e08602ecae7770c77318b280126\fifo'.
Computing hashes of 123 cells of `$paramod$28704d8bf4447e08602ecae7770c77318b280126\fifo'.
Finding duplicate cells in `$paramod$28704d8bf4447e08602ecae7770c77318b280126\fifo'.
<suppressed ~66 debug messages>
Finding identical cells in module `$paramod$5785904fef3fb2a86d9b4a3d3a35d0648892543e\i2s_tx'.
Computing hashes of 58 cells of `$paramod$5785904fef3fb2a86d9b4a3d3a35d0648892543e\i2s_tx'.
Finding duplicate cells in `$paramod$5785904fef3fb2a86d9b4a3d3a35d0648892543e\i2s_tx'.
Computing hashes of 44 cells of `$paramod$5785904fef3fb2a86d9b4a3d3a35d0648892543e\i2s_tx'.
Finding duplicate cells in `$paramod$5785904fef3fb2a86d9b4a3d3a35d0648892543e\i2s_tx'.
<suppressed ~42 debug messages>
Finding identical cells in module `\wavetable_synth'.
Computing hashes of 41 cells of `\wavetable_synth'.
Finding duplicate cells in `\wavetable_synth'.
Computing hashes of 35 cells of `\wavetable_synth'.
Finding duplicate cells in `\wavetable_synth'.
<suppressed ~18 debug messages>
Removed a total of 113 cells.

14.3. Executing OPT_MUXTREE pass (detect dead branches in mux trees).
Running muxtree optimizer on module \top..
  Creating internal representation of mux trees.
  Evaluating internal representation of mux trees.
  Analyzing evaluation results.
Running muxtree optimizer on module $paramod\gain\DWIDTH=s32'00000000000000000000000000010000..
  Creating internal representation of mux trees.
  Evaluating internal representation of mux trees.
  Analyzing evaluation results.
Running muxtree optimizer on module \encoder..
  Creating internal representation of mux trees.
  Evaluating internal representation of mux trees.
  Analyzing evaluation results.
Running muxtree optimizer on module $paramod$5ff65cac883644189a11f33c7731774bf2d6e2d2\clk_div..
  Creating internal representation of mux trees.
  Evaluating internal representation of mux trees.
  Analyzing evaluation results.
Running muxtree optimizer on module $paramod\volume\DWIDTH=s32'00000000000000000000000000010000..
  Creating internal representation of mux trees.
  Evaluating internal representation of mux trees.
  Analyzing evaluation results.
Running muxtree optimizer on module $paramod$1719986e2d5dc43517b18f4e324b0f602a4474e9\fifo..
  Creating internal representation of mux trees.
  Evaluating internal representation of mux trees.
  Analyzing evaluation results.
    dead port 1/2 on $mux $procmux$311.
    dead port 2/2 on $mux $procmux$311.
    dead port 1/2 on $mux $procmux$308.
    dead port 2/2 on $mux $procmux$308.
Running muxtree optimizer on module $paramod\i2s_rx\BIT_DEPTH=s32'00000000000000000000000000010000..
  Creating internal representation of mux trees.
  Evaluating internal representation of mux trees.
  Analyzing evaluation results.
    dead port 2/2 on $mux $procmux$556.
    dead port 2/2 on $mux $procmux$548.
    dead port 2/2 on $mux $procmux$541.
    dead port 2/2 on $mux $procmux$534.
    dead port 2/2 on $mux $procmux$528.
    dead port 2/2 on $mux $procmux$522.
Running muxtree optimizer on module $paramod$28704d8bf4447e08602ecae7770c77318b280126\fifo..
  Creating internal representation of mux trees.
  Evaluating internal representation of mux trees.
  Analyzing evaluation results.
    dead port 1/2 on $mux $procmux$602.
    dead port 2/2 on $mux $procmux$602.
    dead port 1/2 on $mux $procmux$599.
    dead port 2/2 on $mux $procmux$599.
Running muxtree optimizer on module $paramod$5785904fef3fb2a86d9b4a3d3a35d0648892543e\i2s_tx..
  Creating internal representation of mux trees.
  Evaluating internal representation of mux trees.
  Analyzing evaluation results.
Running muxtree optimizer on module \wavetable_synth..
  Creating internal representation of mux trees.
  Evaluating internal representation of mux trees.
  Analyzing evaluation results.
Removed 14 multiplexer ports.
<suppressed ~285 debug messages>

14.4. Executing OPT_REDUCE pass (consolidate $*mux and $reduce_* inputs).
  Optimizing cells in module \top.
  Optimizing cells in module $paramod\gain\DWIDTH=s32'00000000000000000000000000010000.
  Optimizing cells in module \encoder.
  Optimizing cells in module $paramod$5ff65cac883644189a11f33c7731774bf2d6e2d2\clk_div.
  Optimizing cells in module $paramod\volume\DWIDTH=s32'00000000000000000000000000010000.
  Optimizing cells in module $paramod$1719986e2d5dc43517b18f4e324b0f602a4474e9\fifo.
  Optimizing cells in module $paramod\i2s_rx\BIT_DEPTH=s32'00000000000000000000000000010000.
  Optimizing cells in module $paramod$28704d8bf4447e08602ecae7770c77318b280126\fifo.
  Optimizing cells in module $paramod$5785904fef3fb2a86d9b4a3d3a35d0648892543e\i2s_tx.
  Optimizing cells in module \wavetable_synth.
Performed a total of 0 changes.

14.5. Executing OPT_MERGE pass (detect identical cells).
Finding identical cells in module `\top'.
Computing hashes of 19 cells of `\top'.
Finding duplicate cells in `\top'.
Finding identical cells in module `$paramod\gain\DWIDTH=s32'00000000000000000000000000010000'.
Computing hashes of 10 cells of `$paramod\gain\DWIDTH=s32'00000000000000000000000000010000'.
Finding duplicate cells in `$paramod\gain\DWIDTH=s32'00000000000000000000000000010000'.
Finding identical cells in module `\encoder'.
Computing hashes of 58 cells of `\encoder'.
Finding duplicate cells in `\encoder'.
Finding identical cells in module `$paramod$5ff65cac883644189a11f33c7731774bf2d6e2d2\clk_div'.
Computing hashes of 9 cells of `$paramod$5ff65cac883644189a11f33c7731774bf2d6e2d2\clk_div'.
Finding duplicate cells in `$paramod$5ff65cac883644189a11f33c7731774bf2d6e2d2\clk_div'.
Finding identical cells in module `$paramod\volume\DWIDTH=s32'00000000000000000000000000010000'.
Computing hashes of 8 cells of `$paramod\volume\DWIDTH=s32'00000000000000000000000000010000'.
Finding duplicate cells in `$paramod\volume\DWIDTH=s32'00000000000000000000000000010000'.
Finding identical cells in module `$paramod$1719986e2d5dc43517b18f4e324b0f602a4474e9\fifo'.
Computing hashes of 121 cells of `$paramod$1719986e2d5dc43517b18f4e324b0f602a4474e9\fifo'.
Finding duplicate cells in `$paramod$1719986e2d5dc43517b18f4e324b0f602a4474e9\fifo'.
Finding identical cells in module `$paramod\i2s_rx\BIT_DEPTH=s32'00000000000000000000000000010000'.
Computing hashes of 43 cells of `$paramod\i2s_rx\BIT_DEPTH=s32'00000000000000000000000000010000'.
Finding duplicate cells in `$paramod\i2s_rx\BIT_DEPTH=s32'00000000000000000000000000010000'.
Computing hashes of 42 cells of `$paramod\i2s_rx\BIT_DEPTH=s32'00000000000000000000000000010000'.
Finding duplicate cells in `$paramod\i2s_rx\BIT_DEPTH=s32'00000000000000000000000000010000'.
<suppressed ~3 debug messages>
Finding identical cells in module `$paramod$28704d8bf4447e08602ecae7770c77318b280126\fifo'.
Computing hashes of 121 cells of `$paramod$28704d8bf4447e08602ecae7770c77318b280126\fifo'.
Finding duplicate cells in `$paramod$28704d8bf4447e08602ecae7770c77318b280126\fifo'.
Finding identical cells in module `$paramod$5785904fef3fb2a86d9b4a3d3a35d0648892543e\i2s_tx'.
Computing hashes of 44 cells of `$paramod$5785904fef3fb2a86d9b4a3d3a35d0648892543e\i2s_tx'.
Finding duplicate cells in `$paramod$5785904fef3fb2a86d9b4a3d3a35d0648892543e\i2s_tx'.
Finding identical cells in module `\wavetable_synth'.
Computing hashes of 35 cells of `\wavetable_synth'.
Finding duplicate cells in `\wavetable_synth'.
Removed a total of 1 cells.

14.6. Executing OPT_DFF pass (perform DFF optimizations).
Adding SRST signal on $procdff$927 ($dff) from module top (D = $procmux$229_Y, Q = \led_counter, rval = 6'000000).
Adding EN signal on $auto$ff.cc:337:slice$1473 ($sdff) from module top (D = $procmux$229_Y, Q = \led_counter).
Adding SRST signal on $procdff$928 ($dff) from module $paramod\gain\DWIDTH=s32'00000000000000000000000000010000 (D = $procmux$241_Y, Q = \fifo_out_data, rval = 16'0000000000000000).
Adding EN signal on $auto$ff.cc:337:slice$1477 ($sdff) from module $paramod\gain\DWIDTH=s32'00000000000000000000000000010000 (D = $mul$../src/vol/gain.sv:25$221_Y [31:16], Q = \fifo_out_data).
Adding SRST signal on $procdff$929 ($dff) from module $paramod\gain\DWIDTH=s32'00000000000000000000000000010000 (D = $procmux$235_Y, Q = \prod_valid, rval = 1'0).
Adding EN signal on $procdff$961 ($dff) from module encoder (D = $add$../src/encoder/encoder.sv:98$107_Y, Q = \fe_count).
Adding EN signal on $procdff$966 ($adff) from module encoder (D = { \A_sync_ff [0] $reduce_or$../src/encoder/encoder.sv:78$99_Y }, Q = \A_sync_ff).
Adding EN signal on $procdff$971 ($adff) from module encoder (D = { \B_sync_ff [0] $reduce_or$../src/encoder/encoder.sv:79$100_Y }, Q = \B_sync_ff).
Adding EN signal on $procdff$949 ($adff) from module encoder (D = { \A_fe \C_fe }, Q = \dir_reg).
Adding EN signal on $procdff$976 ($adff) from module encoder (D = { \C_sync_ff [0] $reduce_or$../src/encoder/encoder.sv:80$101_Y }, Q = \C_sync_ff).
Adding EN signal on $procdff$954 ($adff) from module encoder (D = \dir_reg, Q = \prev_dir).
Adding EN signal on $procdff$1026 ($adff) from module $paramod$5ff65cac883644189a11f33c7731774bf2d6e2d2\clk_div (D = $not$../src/clk_div/clk_div.sv:21$216_Y, Q = \clk_1ms).
Adding EN signal on $procdff$1034 ($adff) from module $paramod\volume\DWIDTH=s32'00000000000000000000000000010000 (D = $procmux$284_Y, Q = \gain).
Adding EN signal on $procdff$1098 ($dff) from module $paramod$1719986e2d5dc43517b18f4e324b0f602a4474e9\fifo (D = \wr_data, Q = \mem[6]).
Adding EN signal on $procdff$1154 ($dff) from module $paramod$1719986e2d5dc43517b18f4e324b0f602a4474e9\fifo (D = \wr_data, Q = \mem[14]).
Adding EN signal on $procdff$1039 ($adff) from module $paramod$1719986e2d5dc43517b18f4e324b0f602a4474e9\fifo (D = $ternary$../src/misc/fifo.sv:40$200_Y, Q = \wr_ptr).
Adding EN signal on $procdff$1105 ($dff) from module $paramod$1719986e2d5dc43517b18f4e324b0f602a4474e9\fifo (D = \wr_data, Q = \mem[7]).
Adding EN signal on $procdff$1044 ($adff) from module $paramod$1719986e2d5dc43517b18f4e324b0f602a4474e9\fifo (D = $ternary$../src/misc/fifo.sv:44$203_Y, Q = \rd_ptr).
Adding EN signal on $procdff$1126 ($dff) from module $paramod$1719986e2d5dc43517b18f4e324b0f602a4474e9\fifo (D = \wr_data, Q = \mem[10]).
Adding EN signal on $procdff$1140 ($dff) from module $paramod$1719986e2d5dc43517b18f4e324b0f602a4474e9\fifo (D = \wr_data, Q = \mem[12]).
Adding EN signal on $procdff$1049 ($adff) from module $paramod$1719986e2d5dc43517b18f4e324b0f602a4474e9\fifo (D = $procmux$304_Y, Q = \count).
Adding EN signal on $procdff$1056 ($dff) from module $paramod$1719986e2d5dc43517b18f4e324b0f602a4474e9\fifo (D = \wr_data, Q = \mem[0]).
Adding EN signal on $procdff$1112 ($dff) from module $paramod$1719986e2d5dc43517b18f4e324b0f602a4474e9\fifo (D = \wr_data, Q = \mem[8]).
Adding EN signal on $procdff$1063 ($dff) from module $paramod$1719986e2d5dc43517b18f4e324b0f602a4474e9\fifo (D = \wr_data, Q = \mem[1]).
Adding EN signal on $procdff$1161 ($dff) from module $paramod$1719986e2d5dc43517b18f4e324b0f602a4474e9\fifo (D = \wr_data, Q = \mem[15]).
Adding EN signal on $procdff$1070 ($dff) from module $paramod$1719986e2d5dc43517b18f4e324b0f602a4474e9\fifo (D = \wr_data, Q = \mem[2]).
Adding EN signal on $procdff$1147 ($dff) from module $paramod$1719986e2d5dc43517b18f4e324b0f602a4474e9\fifo (D = \wr_data, Q = \mem[13]).
Adding EN signal on $procdff$1077 ($dff) from module $paramod$1719986e2d5dc43517b18f4e324b0f602a4474e9\fifo (D = \wr_data, Q = \mem[3]).
Adding EN signal on $procdff$1119 ($dff) from module $paramod$1719986e2d5dc43517b18f4e324b0f602a4474e9\fifo (D = \wr_data, Q = \mem[9]).
Adding EN signal on $procdff$1084 ($dff) from module $paramod$1719986e2d5dc43517b18f4e324b0f602a4474e9\fifo (D = \wr_data, Q = \mem[4]).
Adding EN signal on $procdff$1133 ($dff) from module $paramod$1719986e2d5dc43517b18f4e324b0f602a4474e9\fifo (D = \wr_data, Q = \mem[11]).
Adding EN signal on $procdff$1091 ($dff) from module $paramod$1719986e2d5dc43517b18f4e324b0f602a4474e9\fifo (D = \wr_data, Q = \mem[5]).
Setting constant 0-bit at position 0 on $procdff$1166 ($adff) from module $paramod$1719986e2d5dc43517b18f4e324b0f602a4474e9\fifo.
Setting constant 0-bit at position 1 on $procdff$1166 ($adff) from module $paramod$1719986e2d5dc43517b18f4e324b0f602a4474e9\fifo.
Setting constant 0-bit at position 2 on $procdff$1166 ($adff) from module $paramod$1719986e2d5dc43517b18f4e324b0f602a4474e9\fifo.
Setting constant 0-bit at position 3 on $procdff$1166 ($adff) from module $paramod$1719986e2d5dc43517b18f4e324b0f602a4474e9\fifo.
Setting constant 0-bit at position 0 on $procdff$1171 ($adff) from module $paramod$1719986e2d5dc43517b18f4e324b0f602a4474e9\fifo.
Setting constant 0-bit at position 1 on $procdff$1171 ($adff) from module $paramod$1719986e2d5dc43517b18f4e324b0f602a4474e9\fifo.
Setting constant 0-bit at position 2 on $procdff$1171 ($adff) from module $paramod$1719986e2d5dc43517b18f4e324b0f602a4474e9\fifo.
Setting constant 0-bit at position 3 on $procdff$1171 ($adff) from module $paramod$1719986e2d5dc43517b18f4e324b0f602a4474e9\fifo.
Setting constant 0-bit at position 4 on $procdff$1171 ($adff) from module $paramod$1719986e2d5dc43517b18f4e324b0f602a4474e9\fifo.
Setting constant 0-bit at position 5 on $procdff$1171 ($adff) from module $paramod$1719986e2d5dc43517b18f4e324b0f602a4474e9\fifo.
Setting constant 0-bit at position 6 on $procdff$1171 ($adff) from module $paramod$1719986e2d5dc43517b18f4e324b0f602a4474e9\fifo.
Setting constant 0-bit at position 7 on $procdff$1171 ($adff) from module $paramod$1719986e2d5dc43517b18f4e324b0f602a4474e9\fifo.
Setting constant 0-bit at position 8 on $procdff$1171 ($adff) from module $paramod$1719986e2d5dc43517b18f4e324b0f602a4474e9\fifo.
Setting constant 0-bit at position 9 on $procdff$1171 ($adff) from module $paramod$1719986e2d5dc43517b18f4e324b0f602a4474e9\fifo.
Setting constant 0-bit at position 10 on $procdff$1171 ($adff) from module $paramod$1719986e2d5dc43517b18f4e324b0f602a4474e9\fifo.
Setting constant 0-bit at position 11 on $procdff$1171 ($adff) from module $paramod$1719986e2d5dc43517b18f4e324b0f602a4474e9\fifo.
Setting constant 0-bit at position 12 on $procdff$1171 ($adff) from module $paramod$1719986e2d5dc43517b18f4e324b0f602a4474e9\fifo.
Setting constant 0-bit at position 13 on $procdff$1171 ($adff) from module $paramod$1719986e2d5dc43517b18f4e324b0f602a4474e9\fifo.
Setting constant 0-bit at position 14 on $procdff$1171 ($adff) from module $paramod$1719986e2d5dc43517b18f4e324b0f602a4474e9\fifo.
Setting constant 0-bit at position 15 on $procdff$1171 ($adff) from module $paramod$1719986e2d5dc43517b18f4e324b0f602a4474e9\fifo.
Adding EN signal on $procdff$1190 ($adff) from module $paramod\i2s_rx\BIT_DEPTH=s32'00000000000000000000000000010000 (D = $procmux$559_Y, Q = \state).
Adding EN signal on $procdff$1178 ($dff) from module $paramod\i2s_rx\BIT_DEPTH=s32'00000000000000000000000000010000 (D = { \sample_l_reg \sample_r_reg }, Q = \fifo_wr_data).
Adding EN signal on $procdff$1195 ($adff) from module $paramod\i2s_rx\BIT_DEPTH=s32'00000000000000000000000000010000 (D = $2\sample_l[15:0], Q = \sample_l_reg).
Adding EN signal on $procdff$1185 ($dff) from module $paramod\i2s_rx\BIT_DEPTH=s32'00000000000000000000000000010000 (D = $procmux$573_Y, Q = \fifo_wr_en).
Adding EN signal on $procdff$1200 ($adff) from module $paramod\i2s_rx\BIT_DEPTH=s32'00000000000000000000000000010000 (D = $2\sample_r[15:0], Q = \sample_r_reg).
Adding EN signal on $procdff$1319 ($dff) from module $paramod$28704d8bf4447e08602ecae7770c77318b280126\fifo (D = \wr_data, Q = \mem[6]).
Adding EN signal on $procdff$1375 ($dff) from module $paramod$28704d8bf4447e08602ecae7770c77318b280126\fifo (D = \wr_data, Q = \mem[14]).
Adding EN signal on $procdff$1260 ($adff) from module $paramod$28704d8bf4447e08602ecae7770c77318b280126\fifo (D = $ternary$../src/misc/fifo.sv:40$160_Y, Q = \wr_ptr).
Adding EN signal on $procdff$1326 ($dff) from module $paramod$28704d8bf4447e08602ecae7770c77318b280126\fifo (D = \wr_data, Q = \mem[7]).
Adding EN signal on $procdff$1265 ($adff) from module $paramod$28704d8bf4447e08602ecae7770c77318b280126\fifo (D = $ternary$../src/misc/fifo.sv:44$163_Y, Q = \rd_ptr).
Adding EN signal on $procdff$1347 ($dff) from module $paramod$28704d8bf4447e08602ecae7770c77318b280126\fifo (D = \wr_data, Q = \mem[10]).
Adding EN signal on $procdff$1361 ($dff) from module $paramod$28704d8bf4447e08602ecae7770c77318b280126\fifo (D = \wr_data, Q = \mem[12]).
Adding EN signal on $procdff$1270 ($adff) from module $paramod$28704d8bf4447e08602ecae7770c77318b280126\fifo (D = $procmux$595_Y, Q = \count).
Adding EN signal on $procdff$1277 ($dff) from module $paramod$28704d8bf4447e08602ecae7770c77318b280126\fifo (D = \wr_data, Q = \mem[0]).
Adding EN signal on $procdff$1333 ($dff) from module $paramod$28704d8bf4447e08602ecae7770c77318b280126\fifo (D = \wr_data, Q = \mem[8]).
Adding EN signal on $procdff$1284 ($dff) from module $paramod$28704d8bf4447e08602ecae7770c77318b280126\fifo (D = \wr_data, Q = \mem[1]).
Adding EN signal on $procdff$1382 ($dff) from module $paramod$28704d8bf4447e08602ecae7770c77318b280126\fifo (D = \wr_data, Q = \mem[15]).
Adding EN signal on $procdff$1291 ($dff) from module $paramod$28704d8bf4447e08602ecae7770c77318b280126\fifo (D = \wr_data, Q = \mem[2]).
Adding EN signal on $procdff$1368 ($dff) from module $paramod$28704d8bf4447e08602ecae7770c77318b280126\fifo (D = \wr_data, Q = \mem[13]).
Adding EN signal on $procdff$1298 ($dff) from module $paramod$28704d8bf4447e08602ecae7770c77318b280126\fifo (D = \wr_data, Q = \mem[3]).
Adding EN signal on $procdff$1340 ($dff) from module $paramod$28704d8bf4447e08602ecae7770c77318b280126\fifo (D = \wr_data, Q = \mem[9]).
Adding EN signal on $procdff$1305 ($dff) from module $paramod$28704d8bf4447e08602ecae7770c77318b280126\fifo (D = \wr_data, Q = \mem[4]).
Adding EN signal on $procdff$1354 ($dff) from module $paramod$28704d8bf4447e08602ecae7770c77318b280126\fifo (D = \wr_data, Q = \mem[11]).
Adding EN signal on $procdff$1312 ($dff) from module $paramod$28704d8bf4447e08602ecae7770c77318b280126\fifo (D = \wr_data, Q = \mem[5]).
Setting constant 0-bit at position 0 on $procdff$1387 ($adff) from module $paramod$28704d8bf4447e08602ecae7770c77318b280126\fifo.
Setting constant 0-bit at position 1 on $procdff$1387 ($adff) from module $paramod$28704d8bf4447e08602ecae7770c77318b280126\fifo.
Setting constant 0-bit at position 2 on $procdff$1387 ($adff) from module $paramod$28704d8bf4447e08602ecae7770c77318b280126\fifo.
Setting constant 0-bit at position 3 on $procdff$1387 ($adff) from module $paramod$28704d8bf4447e08602ecae7770c77318b280126\fifo.
Setting constant 0-bit at position 0 on $procdff$1392 ($adff) from module $paramod$28704d8bf4447e08602ecae7770c77318b280126\fifo.
Setting constant 0-bit at position 1 on $procdff$1392 ($adff) from module $paramod$28704d8bf4447e08602ecae7770c77318b280126\fifo.
Setting constant 0-bit at position 2 on $procdff$1392 ($adff) from module $paramod$28704d8bf4447e08602ecae7770c77318b280126\fifo.
Setting constant 0-bit at position 3 on $procdff$1392 ($adff) from module $paramod$28704d8bf4447e08602ecae7770c77318b280126\fifo.
Setting constant 0-bit at position 4 on $procdff$1392 ($adff) from module $paramod$28704d8bf4447e08602ecae7770c77318b280126\fifo.
Setting constant 0-bit at position 5 on $procdff$1392 ($adff) from module $paramod$28704d8bf4447e08602ecae7770c77318b280126\fifo.
Setting constant 0-bit at position 6 on $procdff$1392 ($adff) from module $paramod$28704d8bf4447e08602ecae7770c77318b280126\fifo.
Setting constant 0-bit at position 7 on $procdff$1392 ($adff) from module $paramod$28704d8bf4447e08602ecae7770c77318b280126\fifo.
Setting constant 0-bit at position 8 on $procdff$1392 ($adff) from module $paramod$28704d8bf4447e08602ecae7770c77318b280126\fifo.
Setting constant 0-bit at position 9 on $procdff$1392 ($adff) from module $paramod$28704d8bf4447e08602ecae7770c77318b280126\fifo.
Setting constant 0-bit at position 10 on $procdff$1392 ($adff) from module $paramod$28704d8bf4447e08602ecae7770c77318b280126\fifo.
Setting constant 0-bit at position 11 on $procdff$1392 ($adff) from module $paramod$28704d8bf4447e08602ecae7770c77318b280126\fifo.
Setting constant 0-bit at position 12 on $procdff$1392 ($adff) from module $paramod$28704d8bf4447e08602ecae7770c77318b280126\fifo.
Setting constant 0-bit at position 13 on $procdff$1392 ($adff) from module $paramod$28704d8bf4447e08602ecae7770c77318b280126\fifo.
Setting constant 0-bit at position 14 on $procdff$1392 ($adff) from module $paramod$28704d8bf4447e08602ecae7770c77318b280126\fifo.
Setting constant 0-bit at position 15 on $procdff$1392 ($adff) from module $paramod$28704d8bf4447e08602ecae7770c77318b280126\fifo.
Setting constant 0-bit at position 16 on $procdff$1392 ($adff) from module $paramod$28704d8bf4447e08602ecae7770c77318b280126\fifo.
Setting constant 0-bit at position 17 on $procdff$1392 ($adff) from module $paramod$28704d8bf4447e08602ecae7770c77318b280126\fifo.
Setting constant 0-bit at position 18 on $procdff$1392 ($adff) from module $paramod$28704d8bf4447e08602ecae7770c77318b280126\fifo.
Setting constant 0-bit at position 19 on $procdff$1392 ($adff) from module $paramod$28704d8bf4447e08602ecae7770c77318b280126\fifo.
Setting constant 0-bit at position 20 on $procdff$1392 ($adff) from module $paramod$28704d8bf4447e08602ecae7770c77318b280126\fifo.
Setting constant 0-bit at position 21 on $procdff$1392 ($adff) from module $paramod$28704d8bf4447e08602ecae7770c77318b280126\fifo.
Setting constant 0-bit at position 22 on $procdff$1392 ($adff) from module $paramod$28704d8bf4447e08602ecae7770c77318b280126\fifo.
Setting constant 0-bit at position 23 on $procdff$1392 ($adff) from module $paramod$28704d8bf4447e08602ecae7770c77318b280126\fifo.
Setting constant 0-bit at position 24 on $procdff$1392 ($adff) from module $paramod$28704d8bf4447e08602ecae7770c77318b280126\fifo.
Setting constant 0-bit at position 25 on $procdff$1392 ($adff) from module $paramod$28704d8bf4447e08602ecae7770c77318b280126\fifo.
Setting constant 0-bit at position 26 on $procdff$1392 ($adff) from module $paramod$28704d8bf4447e08602ecae7770c77318b280126\fifo.
Setting constant 0-bit at position 27 on $procdff$1392 ($adff) from module $paramod$28704d8bf4447e08602ecae7770c77318b280126\fifo.
Setting constant 0-bit at position 28 on $procdff$1392 ($adff) from module $paramod$28704d8bf4447e08602ecae7770c77318b280126\fifo.
Setting constant 0-bit at position 29 on $procdff$1392 ($adff) from module $paramod$28704d8bf4447e08602ecae7770c77318b280126\fifo.
Setting constant 0-bit at position 30 on $procdff$1392 ($adff) from module $paramod$28704d8bf4447e08602ecae7770c77318b280126\fifo.
Setting constant 0-bit at position 31 on $procdff$1392 ($adff) from module $paramod$28704d8bf4447e08602ecae7770c77318b280126\fifo.
Adding EN signal on $procdff$1417 ($adff) from module $paramod$5785904fef3fb2a86d9b4a3d3a35d0648892543e\i2s_tx (D = $not$../src/i2s/i2s_tx.sv:85$138_Y, Q = \ws).
Adding EN signal on $procdff$1437 ($adff) from module $paramod$5785904fef3fb2a86d9b4a3d3a35d0648892543e\i2s_tx (D = $not$../src/i2s/i2s_tx.sv:40$128_Y, Q = \bclk_r).
Adding EN signal on $procdff$1407 ($adff) from module $paramod$5785904fef3fb2a86d9b4a3d3a35d0648892543e\i2s_tx (D = $procmux$859_Y, Q = \sdata).
Adding EN signal on $procdff$1412 ($adff) from module $paramod$5785904fef3fb2a86d9b4a3d3a35d0648892543e\i2s_tx (D = $procmux$848_Y, Q = \bit_cnt).
Adding EN signal on $procdff$1427 ($adff) from module $paramod$5785904fef3fb2a86d9b4a3d3a35d0648892543e\i2s_tx (D = $procmux$823_Y, Q = \sample_latch).
Adding EN signal on $procdff$1422 ($adff) from module $paramod$5785904fef3fb2a86d9b4a3d3a35d0648892543e\i2s_tx (D = $procmux$838_Y, Q = \shift_reg).
Adding EN signal on $procdff$1402 ($adff) from module $paramod$5785904fef3fb2a86d9b4a3d3a35d0648892543e\i2s_tx (D = $not$../src/i2s/i2s_tx.sv:84$137_Y, Q = \lrck).
Adding EN signal on $procdff$1467 ($adff) from module wavetable_synth (D = $procmux$891_Y, Q = \phase_inc).
Adding EN signal on $procdff$1462 ($adff) from module wavetable_synth (D = $add$../src/synthesizer/hdl/wavetable_synth.sv:84$6_Y, Q = \phase_acc).
Adding EN signal on $procdff$1472 ($adff) from module wavetable_synth (D = $add$../src/synthesizer/hdl/wavetable_synth.sv:92$9_Y [9:0], Q = \wave_offset).

14.7. Executing OPT_CLEAN pass (remove unused cells and wires).
Finding unused cells or wires in module \top..
Finding unused cells or wires in module $paramod\gain\DWIDTH=s32'00000000000000000000000000010000..
Finding unused cells or wires in module \encoder..
Finding unused cells or wires in module $paramod$5ff65cac883644189a11f33c7731774bf2d6e2d2\clk_div..
Finding unused cells or wires in module $paramod\volume\DWIDTH=s32'00000000000000000000000000010000..
Finding unused cells or wires in module $paramod$1719986e2d5dc43517b18f4e324b0f602a4474e9\fifo..
Finding unused cells or wires in module $paramod\i2s_rx\BIT_DEPTH=s32'00000000000000000000000000010000..
Finding unused cells or wires in module $paramod$28704d8bf4447e08602ecae7770c77318b280126\fifo..
Finding unused cells or wires in module $paramod$5785904fef3fb2a86d9b4a3d3a35d0648892543e\i2s_tx..
Finding unused cells or wires in module \wavetable_synth..
Removed 154 unused cells and 647 unused wires.
<suppressed ~174 debug messages>

14.8. Executing OPT_EXPR pass (perform const folding).
Optimizing module top.
<suppressed ~1 debug messages>
Optimizing module $paramod\gain\DWIDTH=s32'00000000000000000000000000010000.
Optimizing module encoder.
Optimizing module $paramod$5ff65cac883644189a11f33c7731774bf2d6e2d2\clk_div.
Optimizing module $paramod\volume\DWIDTH=s32'00000000000000000000000000010000.
<suppressed ~1 debug messages>
Optimizing module $paramod$1719986e2d5dc43517b18f4e324b0f602a4474e9\fifo.
<suppressed ~1 debug messages>
Optimizing module $paramod\i2s_rx\BIT_DEPTH=s32'00000000000000000000000000010000.
Optimizing module $paramod$28704d8bf4447e08602ecae7770c77318b280126\fifo.
<suppressed ~1 debug messages>
Optimizing module $paramod$5785904fef3fb2a86d9b4a3d3a35d0648892543e\i2s_tx.
Optimizing module wavetable_synth.
<suppressed ~1 debug messages>

14.9. Rerunning OPT passes. (Maybe there is more to do..)

14.10. Executing OPT_MUXTREE pass (detect dead branches in mux trees).
Running muxtree optimizer on module \top..
  Creating internal representation of mux trees.
  Evaluating internal representation of mux trees.
  Analyzing evaluation results.
Running muxtree optimizer on module $paramod\gain\DWIDTH=s32'00000000000000000000000000010000..
  Creating internal representation of mux trees.
  Evaluating internal representation of mux trees.
  Analyzing evaluation results.
Running muxtree optimizer on module \encoder..
  Creating internal representation of mux trees.
  Evaluating internal representation of mux trees.
  Analyzing evaluation results.
Running muxtree optimizer on module $paramod$5ff65cac883644189a11f33c7731774bf2d6e2d2\clk_div..
  Creating internal representation of mux trees.
  Evaluating internal representation of mux trees.
  Analyzing evaluation results.
Running muxtree optimizer on module $paramod\volume\DWIDTH=s32'00000000000000000000000000010000..
  Creating internal representation of mux trees.
  Evaluating internal representation of mux trees.
  Analyzing evaluation results.
Running muxtree optimizer on module $paramod$1719986e2d5dc43517b18f4e324b0f602a4474e9\fifo..
  Creating internal representation of mux trees.
  Evaluating internal representation of mux trees.
  Analyzing evaluation results.
Running muxtree optimizer on module $paramod\i2s_rx\BIT_DEPTH=s32'00000000000000000000000000010000..
  Creating internal representation of mux trees.
  Evaluating internal representation of mux trees.
  Analyzing evaluation results.
Running muxtree optimizer on module $paramod$28704d8bf4447e08602ecae7770c77318b280126\fifo..
  Creating internal representation of mux trees.
  Evaluating internal representation of mux trees.
  Analyzing evaluation results.
Running muxtree optimizer on module $paramod$5785904fef3fb2a86d9b4a3d3a35d0648892543e\i2s_tx..
  Creating internal representation of mux trees.
  Evaluating internal representation of mux trees.
  Analyzing evaluation results.
Running muxtree optimizer on module \wavetable_synth..
  Creating internal representation of mux trees.
  Evaluating internal representation of mux trees.
  Analyzing evaluation results.
Removed 0 multiplexer ports.
<suppressed ~101 debug messages>

14.11. Executing OPT_REDUCE pass (consolidate $*mux and $reduce_* inputs).
  Optimizing cells in module \top.
  Optimizing cells in module $paramod\gain\DWIDTH=s32'00000000000000000000000000010000.
  Optimizing cells in module \encoder.
  Optimizing cells in module $paramod$5ff65cac883644189a11f33c7731774bf2d6e2d2\clk_div.
  Optimizing cells in module $paramod\volume\DWIDTH=s32'00000000000000000000000000010000.
  Optimizing cells in module $paramod$1719986e2d5dc43517b18f4e324b0f602a4474e9\fifo.
  Optimizing cells in module $paramod\i2s_rx\BIT_DEPTH=s32'00000000000000000000000000010000.
    New ctrl vector for $pmux cell $procmux$559: { $auto$opt_reduce.cc:137:opt_pmux$1644 $procmux$542_CMP }
  Optimizing cells in module $paramod\i2s_rx\BIT_DEPTH=s32'00000000000000000000000000010000.
  Optimizing cells in module $paramod$28704d8bf4447e08602ecae7770c77318b280126\fifo.
  Optimizing cells in module $paramod$5785904fef3fb2a86d9b4a3d3a35d0648892543e\i2s_tx.
  Optimizing cells in module \wavetable_synth.
Performed a total of 1 changes.

14.12. Executing OPT_MERGE pass (detect identical cells).
Finding identical cells in module `\top'.
Computing hashes of 19 cells of `\top'.
Finding duplicate cells in `\top'.
Finding identical cells in module `$paramod\gain\DWIDTH=s32'00000000000000000000000000010000'.
Computing hashes of 7 cells of `$paramod\gain\DWIDTH=s32'00000000000000000000000000010000'.
Finding duplicate cells in `$paramod\gain\DWIDTH=s32'00000000000000000000000000010000'.
Finding identical cells in module `\encoder'.
Computing hashes of 44 cells of `\encoder'.
Finding duplicate cells in `\encoder'.
Finding identical cells in module `$paramod$5ff65cac883644189a11f33c7731774bf2d6e2d2\clk_div'.
Computing hashes of 6 cells of `$paramod$5ff65cac883644189a11f33c7731774bf2d6e2d2\clk_div'.
Finding duplicate cells in `$paramod$5ff65cac883644189a11f33c7731774bf2d6e2d2\clk_div'.
Finding identical cells in module `$paramod\volume\DWIDTH=s32'00000000000000000000000000010000'.
Computing hashes of 9 cells of `$paramod\volume\DWIDTH=s32'00000000000000000000000000010000'.
Finding duplicate cells in `$paramod\volume\DWIDTH=s32'00000000000000000000000000010000'.
Finding identical cells in module `$paramod$1719986e2d5dc43517b18f4e324b0f602a4474e9\fifo'.
Computing hashes of 84 cells of `$paramod$1719986e2d5dc43517b18f4e324b0f602a4474e9\fifo'.
Finding duplicate cells in `$paramod$1719986e2d5dc43517b18f4e324b0f602a4474e9\fifo'.
Finding identical cells in module `$paramod\i2s_rx\BIT_DEPTH=s32'00000000000000000000000000010000'.
Computing hashes of 38 cells of `$paramod\i2s_rx\BIT_DEPTH=s32'00000000000000000000000000010000'.
Finding duplicate cells in `$paramod\i2s_rx\BIT_DEPTH=s32'00000000000000000000000000010000'.
Finding identical cells in module `$paramod$28704d8bf4447e08602ecae7770c77318b280126\fifo'.
Computing hashes of 84 cells of `$paramod$28704d8bf4447e08602ecae7770c77318b280126\fifo'.
Finding duplicate cells in `$paramod$28704d8bf4447e08602ecae7770c77318b280126\fifo'.
Finding identical cells in module `$paramod$5785904fef3fb2a86d9b4a3d3a35d0648892543e\i2s_tx'.
Computing hashes of 34 cells of `$paramod$5785904fef3fb2a86d9b4a3d3a35d0648892543e\i2s_tx'.
Finding duplicate cells in `$paramod$5785904fef3fb2a86d9b4a3d3a35d0648892543e\i2s_tx'.
Computing hashes of 32 cells of `$paramod$5785904fef3fb2a86d9b4a3d3a35d0648892543e\i2s_tx'.
Finding duplicate cells in `$paramod$5785904fef3fb2a86d9b4a3d3a35d0648892543e\i2s_tx'.
Computing hashes of 31 cells of `$paramod$5785904fef3fb2a86d9b4a3d3a35d0648892543e\i2s_tx'.
Finding duplicate cells in `$paramod$5785904fef3fb2a86d9b4a3d3a35d0648892543e\i2s_tx'.
<suppressed ~9 debug messages>
Finding identical cells in module `\wavetable_synth'.
Computing hashes of 35 cells of `\wavetable_synth'.
Finding duplicate cells in `\wavetable_synth'.
Computing hashes of 34 cells of `\wavetable_synth'.
Finding duplicate cells in `\wavetable_synth'.
<suppressed ~3 debug messages>
Removed a total of 4 cells.

14.13. Executing OPT_DFF pass (perform DFF optimizations).
Adding EN signal on $auto$ff.cc:337:slice$1547 ($adffe) from module $paramod\i2s_rx\BIT_DEPTH=s32'00000000000000000000000000010000 (D = \next_state, Q = \state).
Adding EN signal on $auto$ff.cc:337:slice$1553 ($adffe) from module $paramod\i2s_rx\BIT_DEPTH=s32'00000000000000000000000000010000 (D = { \sample_l_reg [14:0] \sdata_sync }, Q = \sample_l_reg).
Adding EN signal on $auto$ff.cc:337:slice$1555 ($adffe) from module $paramod\i2s_rx\BIT_DEPTH=s32'00000000000000000000000000010000 (D = { \sample_r_reg [14:0] \sdata_sync }, Q = \sample_r_reg).

14.14. Executing OPT_CLEAN pass (remove unused cells and wires).
Finding unused cells or wires in module \top..
Finding unused cells or wires in module $paramod\gain\DWIDTH=s32'00000000000000000000000000010000..
Finding unused cells or wires in module \encoder..
Finding unused cells or wires in module $paramod$5ff65cac883644189a11f33c7731774bf2d6e2d2\clk_div..
Finding unused cells or wires in module $paramod\volume\DWIDTH=s32'00000000000000000000000000010000..
Finding unused cells or wires in module $paramod$1719986e2d5dc43517b18f4e324b0f602a4474e9\fifo..
Finding unused cells or wires in module $paramod\i2s_rx\BIT_DEPTH=s32'00000000000000000000000000010000..
Finding unused cells or wires in module $paramod$28704d8bf4447e08602ecae7770c77318b280126\fifo..
Finding unused cells or wires in module $paramod$5785904fef3fb2a86d9b4a3d3a35d0648892543e\i2s_tx..
Finding unused cells or wires in module \wavetable_synth..
Removed 2 unused cells and 5 unused wires.
<suppressed ~5 debug messages>

14.15. Executing OPT_EXPR pass (perform const folding).
Optimizing module top.
Optimizing module $paramod\gain\DWIDTH=s32'00000000000000000000000000010000.
Optimizing module encoder.
Optimizing module $paramod$5ff65cac883644189a11f33c7731774bf2d6e2d2\clk_div.
Optimizing module $paramod\volume\DWIDTH=s32'00000000000000000000000000010000.
Optimizing module $paramod$1719986e2d5dc43517b18f4e324b0f602a4474e9\fifo.
Optimizing module $paramod\i2s_rx\BIT_DEPTH=s32'00000000000000000000000000010000.
Optimizing module $paramod$28704d8bf4447e08602ecae7770c77318b280126\fifo.
Optimizing module $paramod$5785904fef3fb2a86d9b4a3d3a35d0648892543e\i2s_tx.
Optimizing module wavetable_synth.

14.16. Rerunning OPT passes. (Maybe there is more to do..)

14.17. Executing OPT_MUXTREE pass (detect dead branches in mux trees).
Running muxtree optimizer on module \top..
  Creating internal representation of mux trees.
  Evaluating internal representation of mux trees.
  Analyzing evaluation results.
Running muxtree optimizer on module $paramod\gain\DWIDTH=s32'00000000000000000000000000010000..
  Creating internal representation of mux trees.
  Evaluating internal representation of mux trees.
  Analyzing evaluation results.
Running muxtree optimizer on module \encoder..
  Creating internal representation of mux trees.
  Evaluating internal representation of mux trees.
  Analyzing evaluation results.
Running muxtree optimizer on module $paramod$5ff65cac883644189a11f33c7731774bf2d6e2d2\clk_div..
  Creating internal representation of mux trees.
  Evaluating internal representation of mux trees.
  Analyzing evaluation results.
Running muxtree optimizer on module $paramod\volume\DWIDTH=s32'00000000000000000000000000010000..
  Creating internal representation of mux trees.
  Evaluating internal representation of mux trees.
  Analyzing evaluation results.
Running muxtree optimizer on module $paramod$1719986e2d5dc43517b18f4e324b0f602a4474e9\fifo..
  Creating internal representation of mux trees.
  Evaluating internal representation of mux trees.
  Analyzing evaluation results.
Running muxtree optimizer on module $paramod\i2s_rx\BIT_DEPTH=s32'00000000000000000000000000010000..
  Creating internal representation of mux trees.
  Evaluating internal representation of mux trees.
  Analyzing evaluation results.
Running muxtree optimizer on module $paramod$28704d8bf4447e08602ecae7770c77318b280126\fifo..
  Creating internal representation of mux trees.
  Evaluating internal representation of mux trees.
  Analyzing evaluation results.
Running muxtree optimizer on module $paramod$5785904fef3fb2a86d9b4a3d3a35d0648892543e\i2s_tx..
  Creating internal representation of mux trees.
  Evaluating internal representation of mux trees.
  Analyzing evaluation results.
Running muxtree optimizer on module \wavetable_synth..
  Creating internal representation of mux trees.
  Evaluating internal representation of mux trees.
  Analyzing evaluation results.
Removed 0 multiplexer ports.
<suppressed ~94 debug messages>

14.18. Executing OPT_REDUCE pass (consolidate $*mux and $reduce_* inputs).
  Optimizing cells in module \top.
  Optimizing cells in module $paramod\gain\DWIDTH=s32'00000000000000000000000000010000.
  Optimizing cells in module \encoder.
  Optimizing cells in module $paramod$5ff65cac883644189a11f33c7731774bf2d6e2d2\clk_div.
  Optimizing cells in module $paramod\volume\DWIDTH=s32'00000000000000000000000000010000.
  Optimizing cells in module $paramod$1719986e2d5dc43517b18f4e324b0f602a4474e9\fifo.
  Optimizing cells in module $paramod\i2s_rx\BIT_DEPTH=s32'00000000000000000000000000010000.
  Optimizing cells in module $paramod$28704d8bf4447e08602ecae7770c77318b280126\fifo.
  Optimizing cells in module $paramod$5785904fef3fb2a86d9b4a3d3a35d0648892543e\i2s_tx.
  Optimizing cells in module \wavetable_synth.
Performed a total of 0 changes.

14.19. Executing OPT_MERGE pass (detect identical cells).
Finding identical cells in module `\top'.
Computing hashes of 19 cells of `\top'.
Finding duplicate cells in `\top'.
Finding identical cells in module `$paramod\gain\DWIDTH=s32'00000000000000000000000000010000'.
Computing hashes of 7 cells of `$paramod\gain\DWIDTH=s32'00000000000000000000000000010000'.
Finding duplicate cells in `$paramod\gain\DWIDTH=s32'00000000000000000000000000010000'.
Finding identical cells in module `\encoder'.
Computing hashes of 44 cells of `\encoder'.
Finding duplicate cells in `\encoder'.
Finding identical cells in module `$paramod$5ff65cac883644189a11f33c7731774bf2d6e2d2\clk_div'.
Computing hashes of 6 cells of `$paramod$5ff65cac883644189a11f33c7731774bf2d6e2d2\clk_div'.
Finding duplicate cells in `$paramod$5ff65cac883644189a11f33c7731774bf2d6e2d2\clk_div'.
Finding identical cells in module `$paramod\volume\DWIDTH=s32'00000000000000000000000000010000'.
Computing hashes of 9 cells of `$paramod\volume\DWIDTH=s32'00000000000000000000000000010000'.
Finding duplicate cells in `$paramod\volume\DWIDTH=s32'00000000000000000000000000010000'.
Finding identical cells in module `$paramod$1719986e2d5dc43517b18f4e324b0f602a4474e9\fifo'.
Computing hashes of 84 cells of `$paramod$1719986e2d5dc43517b18f4e324b0f602a4474e9\fifo'.
Finding duplicate cells in `$paramod$1719986e2d5dc43517b18f4e324b0f602a4474e9\fifo'.
Finding identical cells in module `$paramod\i2s_rx\BIT_DEPTH=s32'00000000000000000000000000010000'.
Computing hashes of 40 cells of `$paramod\i2s_rx\BIT_DEPTH=s32'00000000000000000000000000010000'.
Finding duplicate cells in `$paramod\i2s_rx\BIT_DEPTH=s32'00000000000000000000000000010000'.
Finding identical cells in module `$paramod$28704d8bf4447e08602ecae7770c77318b280126\fifo'.
Computing hashes of 84 cells of `$paramod$28704d8bf4447e08602ecae7770c77318b280126\fifo'.
Finding duplicate cells in `$paramod$28704d8bf4447e08602ecae7770c77318b280126\fifo'.
Finding identical cells in module `$paramod$5785904fef3fb2a86d9b4a3d3a35d0648892543e\i2s_tx'.
Computing hashes of 31 cells of `$paramod$5785904fef3fb2a86d9b4a3d3a35d0648892543e\i2s_tx'.
Finding duplicate cells in `$paramod$5785904fef3fb2a86d9b4a3d3a35d0648892543e\i2s_tx'.
Finding identical cells in module `\wavetable_synth'.
Computing hashes of 34 cells of `\wavetable_synth'.
Finding duplicate cells in `\wavetable_synth'.
Removed a total of 0 cells.

14.20. Executing OPT_DFF pass (perform DFF optimizations).

14.21. Executing OPT_CLEAN pass (remove unused cells and wires).
Finding unused cells or wires in module \top..
Finding unused cells or wires in module $paramod\gain\DWIDTH=s32'00000000000000000000000000010000..
Finding unused cells or wires in module \encoder..
Finding unused cells or wires in module $paramod$5ff65cac883644189a11f33c7731774bf2d6e2d2\clk_div..
Finding unused cells or wires in module $paramod\volume\DWIDTH=s32'00000000000000000000000000010000..
Finding unused cells or wires in module $paramod$1719986e2d5dc43517b18f4e324b0f602a4474e9\fifo..
Finding unused cells or wires in module $paramod\i2s_rx\BIT_DEPTH=s32'00000000000000000000000000010000..
Finding unused cells or wires in module $paramod$28704d8bf4447e08602ecae7770c77318b280126\fifo..
Finding unused cells or wires in module $paramod$5785904fef3fb2a86d9b4a3d3a35d0648892543e\i2s_tx..
Finding unused cells or wires in module \wavetable_synth..

14.22. Executing OPT_EXPR pass (perform const folding).
Optimizing module top.
Optimizing module $paramod\gain\DWIDTH=s32'00000000000000000000000000010000.
Optimizing module encoder.
Optimizing module $paramod$5ff65cac883644189a11f33c7731774bf2d6e2d2\clk_div.
Optimizing module $paramod\volume\DWIDTH=s32'00000000000000000000000000010000.
Optimizing module $paramod$1719986e2d5dc43517b18f4e324b0f602a4474e9\fifo.
Optimizing module $paramod\i2s_rx\BIT_DEPTH=s32'00000000000000000000000000010000.
Optimizing module $paramod$28704d8bf4447e08602ecae7770c77318b280126\fifo.
Optimizing module $paramod$5785904fef3fb2a86d9b4a3d3a35d0648892543e\i2s_tx.
Optimizing module wavetable_synth.

14.23. Finished fast OPT passes. (There is nothing left to do.)

15. Executing TECHMAP pass (map to technology primitives).

15.1. Executing Verilog-2005 frontend: /opt/homebrew/bin/../share/yosys/techmap.v
Parsing Verilog input from `/opt/homebrew/bin/../share/yosys/techmap.v' to AST representation.
Generating RTLIL representation for module `\_90_simplemap_bool_ops'.
Generating RTLIL representation for module `\_90_simplemap_reduce_ops'.
Generating RTLIL representation for module `\_90_simplemap_logic_ops'.
Generating RTLIL representation for module `\_90_simplemap_compare_ops'.
Generating RTLIL representation for module `\_90_simplemap_various'.
Generating RTLIL representation for module `\_90_simplemap_registers'.
Generating RTLIL representation for module `\_90_shift_ops_shr_shl_sshl_sshr'.
Generating RTLIL representation for module `\_90_shift_shiftx'.
Generating RTLIL representation for module `\_90_fa'.
Generating RTLIL representation for module `\_90_lcu_brent_kung'.
Generating RTLIL representation for module `\_90_alu'.
Generating RTLIL representation for module `\_90_macc'.
Generating RTLIL representation for module `\_90_alumacc'.
Generating RTLIL representation for module `$__div_mod_u'.
Generating RTLIL representation for module `$__div_mod_trunc'.
Generating RTLIL representation for module `\_90_div'.
Generating RTLIL representation for module `\_90_mod'.
Generating RTLIL representation for module `$__div_mod_floor'.
Generating RTLIL representation for module `\_90_divfloor'.
Generating RTLIL representation for module `\_90_modfloor'.
Generating RTLIL representation for module `\_90_pow'.
Generating RTLIL representation for module `\_90_demux'.
Generating RTLIL representation for module `\_90_lut'.
Generating RTLIL representation for module `$connect'.
Generating RTLIL representation for module `$input_port'.
Successfully finished Verilog frontend.

15.2. Continuing TECHMAP pass.
Using extmapper simplemap for cells of type $reduce_and.
Using extmapper simplemap for cells of type $not.
Using extmapper simplemap for cells of type $adffe.
Using extmapper simplemap for cells of type $reduce_bool.
Running "alumacc" on wrapper $extern:wrap:$add:Y_WIDTH=10:B_WIDTH=10:A_WIDTH=8:B_SIGNED=0:A_SIGNED=0:394426c56d1a028ba8fdd5469b163e04011def47.
Using template $extern:wrap:$add:Y_WIDTH=10:B_WIDTH=10:A_WIDTH=8:B_SIGNED=0:A_SIGNED=0:394426c56d1a028ba8fdd5469b163e04011def47 for cells of type $extern:wrap:$add:Y_WIDTH=10:B_WIDTH=10:A_WIDTH=8:B_SIGNED=0:A_SIGNED=0:394426c56d1a028ba8fdd5469b163e04011def47.
Using extmapper simplemap for cells of type $logic_not.
Running "alumacc" on wrapper $extern:wrap:$add:Y_WIDTH=24:B_WIDTH=24:A_WIDTH=24:B_SIGNED=0:A_SIGNED=0:394426c56d1a028ba8fdd5469b163e04011def47.
Using template $extern:wrap:$add:Y_WIDTH=24:B_WIDTH=24:A_WIDTH=24:B_SIGNED=0:A_SIGNED=0:394426c56d1a028ba8fdd5469b163e04011def47 for cells of type $extern:wrap:$add:Y_WIDTH=24:B_WIDTH=24:A_WIDTH=24:B_SIGNED=0:A_SIGNED=0:394426c56d1a028ba8fdd5469b163e04011def47.
Running "alumacc" on wrapper $extern:wrap:$sub:Y_WIDTH=24:B_WIDTH=24:A_WIDTH=24:B_SIGNED=0:A_SIGNED=0:394426c56d1a028ba8fdd5469b163e04011def47.
Using template $extern:wrap:$sub:Y_WIDTH=24:B_WIDTH=24:A_WIDTH=24:B_SIGNED=0:A_SIGNED=0:394426c56d1a028ba8fdd5469b163e04011def47 for cells of type $extern:wrap:$sub:Y_WIDTH=24:B_WIDTH=24:A_WIDTH=24:B_SIGNED=0:A_SIGNED=0:394426c56d1a028ba8fdd5469b163e04011def47.
Running "alumacc" on wrapper $extern:wrap:$add:Y_WIDTH=32:B_WIDTH=32:A_WIDTH=10:B_SIGNED=0:A_SIGNED=0:394426c56d1a028ba8fdd5469b163e04011def47.
Using template $extern:wrap:$add:Y_WIDTH=32:B_WIDTH=32:A_WIDTH=10:B_SIGNED=0:A_SIGNED=0:394426c56d1a028ba8fdd5469b163e04011def47 for cells of type $extern:wrap:$add:Y_WIDTH=32:B_WIDTH=32:A_WIDTH=10:B_SIGNED=0:A_SIGNED=0:394426c56d1a028ba8fdd5469b163e04011def47.
Using extmapper simplemap for cells of type $mux.
Using extmapper simplemap for cells of type $adff.
Using template $paramod$21b43a343f2bc4ba62df8a2c90631d371d8e7ce8\_90_alu for cells of type $alu.
Using template $paramod$e82d3fc1811c5751348a3964470632b35a435fc7\_90_alu for cells of type $alu.
Using template $paramod$78648aff6d035ceca1e51be5292d8e9748cdc2be\_90_alu for cells of type $alu.
Using extmapper simplemap for cells of type $pos.
Using template $paramod\_90_fa\WIDTH=32'00000000000000000000000000001010 for cells of type $fa.
Using template $paramod\_90_lcu_brent_kung\WIDTH=32'00000000000000000000000000001010 for cells of type $lcu.
Using extmapper simplemap for cells of type $xor.
Using template $paramod\_90_fa\WIDTH=32'00000000000000000000000000011000 for cells of type $fa.
Using template $paramod\_90_lcu_brent_kung\WIDTH=32'00000000000000000000000000011000 for cells of type $lcu.
Using template $paramod\_90_fa\WIDTH=32'00000000000000000000000000100000 for cells of type $fa.
Using template $paramod\_90_lcu_brent_kung\WIDTH=32'00000000000000000000000000100000 for cells of type $lcu.
Using extmapper simplemap for cells of type $and.
Using extmapper simplemap for cells of type $or.
Using extmapper simplemap for cells of type $eq.
Running "alumacc" on wrapper $extern:wrap:$add:Y_WIDTH=5:B_WIDTH=1:A_WIDTH=5:B_SIGNED=0:A_SIGNED=0:394426c56d1a028ba8fdd5469b163e04011def47.
Using template $extern:wrap:$add:Y_WIDTH=5:B_WIDTH=1:A_WIDTH=5:B_SIGNED=0:A_SIGNED=0:394426c56d1a028ba8fdd5469b163e04011def47 for cells of type $extern:wrap:$add:Y_WIDTH=5:B_WIDTH=1:A_WIDTH=5:B_SIGNED=0:A_SIGNED=0:394426c56d1a028ba8fdd5469b163e04011def47.
Running "alumacc" on wrapper $extern:wrap:$add:Y_WIDTH=4:B_WIDTH=1:A_WIDTH=4:B_SIGNED=0:A_SIGNED=0:394426c56d1a028ba8fdd5469b163e04011def47.
Using template $extern:wrap:$add:Y_WIDTH=4:B_WIDTH=1:A_WIDTH=4:B_SIGNED=0:A_SIGNED=0:394426c56d1a028ba8fdd5469b163e04011def47 for cells of type $extern:wrap:$add:Y_WIDTH=4:B_WIDTH=1:A_WIDTH=4:B_SIGNED=0:A_SIGNED=0:394426c56d1a028ba8fdd5469b163e04011def47.
Using template $paramod$672a140277c71df8314410f22acc08d55222c3c7\_90_alu for cells of type $alu.
Using template $paramod$32a7b7b86c07519b7537abc18e96f0331f97914d\_90_alu for cells of type $alu.
Using template $paramod\_90_fa\WIDTH=32'00000000000000000000000000000101 for cells of type $fa.
Using template $paramod\_90_lcu_brent_kung\WIDTH=32'00000000000000000000000000000101 for cells of type $lcu.
Using template $paramod\_90_fa\WIDTH=32'00000000000000000000000000000100 for cells of type $fa.
Using template $paramod\_90_lcu_brent_kung\WIDTH=32'00000000000000000000000000000100 for cells of type $lcu.
Using extmapper simplemap for cells of type $dffe.
Using extmapper simplemap for cells of type $logic_and.
Running "alumacc" on wrapper $extern:wrap:$sub:Y_WIDTH=5:B_WIDTH=1:A_WIDTH=5:B_SIGNED=0:A_SIGNED=0:394426c56d1a028ba8fdd5469b163e04011def47.
Using template $extern:wrap:$sub:Y_WIDTH=5:B_WIDTH=1:A_WIDTH=5:B_SIGNED=0:A_SIGNED=0:394426c56d1a028ba8fdd5469b163e04011def47 for cells of type $extern:wrap:$sub:Y_WIDTH=5:B_WIDTH=1:A_WIDTH=5:B_SIGNED=0:A_SIGNED=0:394426c56d1a028ba8fdd5469b163e04011def47.
Using extmapper simplemap for cells of type $pmux.
Using template $paramod$dc04b7d98e503a7bab16fce2df70e6e2c5ca34d6\_90_alu for cells of type $alu.
Using extmapper simplemap for cells of type $ne.
Using extmapper simplemap for cells of type $reduce_or.
Running "alumacc" on wrapper $extern:wrap:$add:Y_WIDTH=32:B_WIDTH=32:A_WIDTH=16:B_SIGNED=0:A_SIGNED=0:394426c56d1a028ba8fdd5469b163e04011def47.
Using template $extern:wrap:$add:Y_WIDTH=32:B_WIDTH=32:A_WIDTH=16:B_SIGNED=0:A_SIGNED=0:394426c56d1a028ba8fdd5469b163e04011def47 for cells of type $extern:wrap:$add:Y_WIDTH=32:B_WIDTH=32:A_WIDTH=16:B_SIGNED=0:A_SIGNED=0:394426c56d1a028ba8fdd5469b163e04011def47.
Running "alumacc" on wrapper $extern:wrap:$gt:Y_WIDTH=1:B_WIDTH=32:A_WIDTH=16:B_SIGNED=0:A_SIGNED=0:394426c56d1a028ba8fdd5469b163e04011def47.
Using template $extern:wrap:$gt:Y_WIDTH=1:B_WIDTH=32:A_WIDTH=16:B_SIGNED=0:A_SIGNED=0:394426c56d1a028ba8fdd5469b163e04011def47 for cells of type $extern:wrap:$gt:Y_WIDTH=1:B_WIDTH=32:A_WIDTH=16:B_SIGNED=0:A_SIGNED=0:394426c56d1a028ba8fdd5469b163e04011def47.
Running "alumacc" on wrapper $extern:wrap:$sub:Y_WIDTH=32:B_WIDTH=32:A_WIDTH=16:B_SIGNED=0:A_SIGNED=0:394426c56d1a028ba8fdd5469b163e04011def47.
Using template $extern:wrap:$sub:Y_WIDTH=32:B_WIDTH=32:A_WIDTH=16:B_SIGNED=0:A_SIGNED=0:394426c56d1a028ba8fdd5469b163e04011def47 for cells of type $extern:wrap:$sub:Y_WIDTH=32:B_WIDTH=32:A_WIDTH=16:B_SIGNED=0:A_SIGNED=0:394426c56d1a028ba8fdd5469b163e04011def47.
Using template $paramod$2bd81f420048247ff6903399c560fe0f8bd48ccc\_90_alu for cells of type $alu.
Running "alumacc" on wrapper $extern:wrap:$add:Y_WIDTH=14:B_WIDTH=1:A_WIDTH=14:B_SIGNED=0:A_SIGNED=0:394426c56d1a028ba8fdd5469b163e04011def47.
Using template $extern:wrap:$add:Y_WIDTH=14:B_WIDTH=1:A_WIDTH=14:B_SIGNED=0:A_SIGNED=0:394426c56d1a028ba8fdd5469b163e04011def47 for cells of type $extern:wrap:$add:Y_WIDTH=14:B_WIDTH=1:A_WIDTH=14:B_SIGNED=0:A_SIGNED=0:394426c56d1a028ba8fdd5469b163e04011def47.
Using template $paramod$713617589782cfade849bb573b5c36106c4b708f\_90_alu for cells of type $alu.
Using template $paramod\_90_fa\WIDTH=32'00000000000000000000000000001110 for cells of type $fa.
Using template $paramod\_90_lcu_brent_kung\WIDTH=32'00000000000000000000000000001110 for cells of type $lcu.
Using extmapper simplemap for cells of type $logic_or.
Using extmapper simplemap for cells of type $sdff.
Using extmapper simplemap for cells of type $sdffe.
Running "alumacc" on wrapper $extern:wrap:$mul:Y_WIDTH=32:B_WIDTH=16:A_WIDTH=16:B_SIGNED=1:A_SIGNED=1:394426c56d1a028ba8fdd5469b163e04011def47.
Using template $extern:wrap:$mul:Y_WIDTH=32:B_WIDTH=16:A_WIDTH=16:B_SIGNED=1:A_SIGNED=1:394426c56d1a028ba8fdd5469b163e04011def47 for cells of type $extern:wrap:$mul:Y_WIDTH=32:B_WIDTH=16:A_WIDTH=16:B_SIGNED=1:A_SIGNED=1:394426c56d1a028ba8fdd5469b163e04011def47.
Using extmapper maccmap for cells of type $macc_v2.
  add \fifo_in_data * \gain (16x16 bits, signed)
Using template $paramod$fbc7873bff55778c0b3173955b7e4bce1d9d6834\_90_alu for cells of type $alu.
Running "alumacc" on wrapper $extern:wrap:$add:Y_WIDTH=6:B_WIDTH=1:A_WIDTH=6:B_SIGNED=0:A_SIGNED=0:394426c56d1a028ba8fdd5469b163e04011def47.
Using template $extern:wrap:$add:Y_WIDTH=6:B_WIDTH=1:A_WIDTH=6:B_SIGNED=0:A_SIGNED=0:394426c56d1a028ba8fdd5469b163e04011def47 for cells of type $extern:wrap:$add:Y_WIDTH=6:B_WIDTH=1:A_WIDTH=6:B_SIGNED=0:A_SIGNED=0:394426c56d1a028ba8fdd5469b163e04011def47.
Running "alumacc" on wrapper $extern:wrap:$sub:Y_WIDTH=6:B_WIDTH=1:A_WIDTH=6:B_SIGNED=0:A_SIGNED=0:394426c56d1a028ba8fdd5469b163e04011def47.
Using template $extern:wrap:$sub:Y_WIDTH=6:B_WIDTH=1:A_WIDTH=6:B_SIGNED=0:A_SIGNED=0:394426c56d1a028ba8fdd5469b163e04011def47 for cells of type $extern:wrap:$sub:Y_WIDTH=6:B_WIDTH=1:A_WIDTH=6:B_SIGNED=0:A_SIGNED=0:394426c56d1a028ba8fdd5469b163e04011def47.
Using template $paramod$32efbfac1c4dc57230cf86180788fdfd12e3b511\_90_alu for cells of type $alu.
Using template $paramod$a04dd9d4d8b430140c4ff94b50470fb380fda2a0\_90_alu for cells of type $alu.
Using template $paramod\_90_fa\WIDTH=32'00000000000000000000000000000110 for cells of type $fa.
Using template $paramod\_90_lcu_brent_kung\WIDTH=32'00000000000000000000000000000110 for cells of type $lcu.
No more expansions possible.
<suppressed ~3205 debug messages>

16. Executing OPT pass (performing simple optimizations).

16.1. Executing OPT_EXPR pass (perform const folding).
Optimizing module top.
<suppressed ~95 debug messages>
Optimizing module $paramod\gain\DWIDTH=s32'00000000000000000000000000010000.
<suppressed ~958 debug messages>
Optimizing module encoder.
<suppressed ~21 debug messages>
Optimizing module $paramod$5ff65cac883644189a11f33c7731774bf2d6e2d2\clk_div.
<suppressed ~145 debug messages>
Optimizing module $paramod\volume\DWIDTH=s32'00000000000000000000000000010000.
<suppressed ~1092 debug messages>
Optimizing module $paramod$1719986e2d5dc43517b18f4e324b0f602a4474e9\fifo.
<suppressed ~284 debug messages>
Optimizing module $paramod\i2s_rx\BIT_DEPTH=s32'00000000000000000000000000010000.
<suppressed ~14 debug messages>
Optimizing module $paramod$28704d8bf4447e08602ecae7770c77318b280126\fifo.
<suppressed ~284 debug messages>
Optimizing module $paramod$5785904fef3fb2a86d9b4a3d3a35d0648892543e\i2s_tx.
<suppressed ~112 debug messages>
Optimizing module wavetable_synth.
<suppressed ~960 debug messages>

16.2. Executing OPT_MERGE pass (detect identical cells).
Finding identical cells in module `\top'.
Computing hashes of 83 cells of `\top'.
Finding duplicate cells in `\top'.
Computing hashes of 70 cells of `\top'.
Finding duplicate cells in `\top'.
<suppressed ~39 debug messages>
Finding identical cells in module `$paramod\gain\DWIDTH=s32'00000000000000000000000000010000'.
Computing hashes of 2391 cells of `$paramod\gain\DWIDTH=s32'00000000000000000000000000010000'.
Finding duplicate cells in `$paramod\gain\DWIDTH=s32'00000000000000000000000000010000'.
Computing hashes of 2255 cells of `$paramod\gain\DWIDTH=s32'00000000000000000000000000010000'.
Finding duplicate cells in `$paramod\gain\DWIDTH=s32'00000000000000000000000000010000'.
Computing hashes of 2186 cells of `$paramod\gain\DWIDTH=s32'00000000000000000000000000010000'.
Finding duplicate cells in `$paramod\gain\DWIDTH=s32'00000000000000000000000000010000'.
Computing hashes of 2116 cells of `$paramod\gain\DWIDTH=s32'00000000000000000000000000010000'.
Finding duplicate cells in `$paramod\gain\DWIDTH=s32'00000000000000000000000000010000'.
Computing hashes of 2080 cells of `$paramod\gain\DWIDTH=s32'00000000000000000000000000010000'.
Finding duplicate cells in `$paramod\gain\DWIDTH=s32'00000000000000000000000000010000'.
Computing hashes of 2031 cells of `$paramod\gain\DWIDTH=s32'00000000000000000000000000010000'.
Finding duplicate cells in `$paramod\gain\DWIDTH=s32'00000000000000000000000000010000'.
Computing hashes of 2007 cells of `$paramod\gain\DWIDTH=s32'00000000000000000000000000010000'.
Finding duplicate cells in `$paramod\gain\DWIDTH=s32'00000000000000000000000000010000'.
Computing hashes of 1995 cells of `$paramod\gain\DWIDTH=s32'00000000000000000000000000010000'.
Finding duplicate cells in `$paramod\gain\DWIDTH=s32'00000000000000000000000000010000'.
Computing hashes of 1991 cells of `$paramod\gain\DWIDTH=s32'00000000000000000000000000010000'.
Finding duplicate cells in `$paramod\gain\DWIDTH=s32'00000000000000000000000000010000'.
Computing hashes of 1987 cells of `$paramod\gain\DWIDTH=s32'00000000000000000000000000010000'.
Finding duplicate cells in `$paramod\gain\DWIDTH=s32'00000000000000000000000000010000'.
Computing hashes of 1985 cells of `$paramod\gain\DWIDTH=s32'00000000000000000000000000010000'.
Finding duplicate cells in `$paramod\gain\DWIDTH=s32'00000000000000000000000000010000'.
Computing hashes of 1983 cells of `$paramod\gain\DWIDTH=s32'00000000000000000000000000010000'.
Finding duplicate cells in `$paramod\gain\DWIDTH=s32'00000000000000000000000000010000'.
Computing hashes of 1981 cells of `$paramod\gain\DWIDTH=s32'00000000000000000000000000010000'.
Finding duplicate cells in `$paramod\gain\DWIDTH=s32'00000000000000000000000000010000'.
Computing hashes of 1980 cells of `$paramod\gain\DWIDTH=s32'00000000000000000000000000010000'.
Finding duplicate cells in `$paramod\gain\DWIDTH=s32'00000000000000000000000000010000'.
<suppressed ~1233 debug messages>
Finding identical cells in module `\encoder'.
Computing hashes of 115 cells of `\encoder'.
Finding duplicate cells in `\encoder'.
Finding identical cells in module `$paramod$5ff65cac883644189a11f33c7731774bf2d6e2d2\clk_div'.
Computing hashes of 102 cells of `$paramod$5ff65cac883644189a11f33c7731774bf2d6e2d2\clk_div'.
Finding duplicate cells in `$paramod$5ff65cac883644189a11f33c7731774bf2d6e2d2\clk_div'.
Computing hashes of 92 cells of `$paramod$5ff65cac883644189a11f33c7731774bf2d6e2d2\clk_div'.
Finding duplicate cells in `$paramod$5ff65cac883644189a11f33c7731774bf2d6e2d2\clk_div'.
<suppressed ~30 debug messages>
Finding identical cells in module `$paramod\volume\DWIDTH=s32'00000000000000000000000000010000'.
Computing hashes of 320 cells of `$paramod\volume\DWIDTH=s32'00000000000000000000000000010000'.
Finding duplicate cells in `$paramod\volume\DWIDTH=s32'00000000000000000000000000010000'.
Computing hashes of 266 cells of `$paramod\volume\DWIDTH=s32'00000000000000000000000000010000'.
Finding duplicate cells in `$paramod\volume\DWIDTH=s32'00000000000000000000000000010000'.
Computing hashes of 251 cells of `$paramod\volume\DWIDTH=s32'00000000000000000000000000010000'.
Finding duplicate cells in `$paramod\volume\DWIDTH=s32'00000000000000000000000000010000'.
Computing hashes of 241 cells of `$paramod\volume\DWIDTH=s32'00000000000000000000000000010000'.
Finding duplicate cells in `$paramod\volume\DWIDTH=s32'00000000000000000000000000010000'.
Computing hashes of 233 cells of `$paramod\volume\DWIDTH=s32'00000000000000000000000000010000'.
Finding duplicate cells in `$paramod\volume\DWIDTH=s32'00000000000000000000000000010000'.
Computing hashes of 228 cells of `$paramod\volume\DWIDTH=s32'00000000000000000000000000010000'.
Finding duplicate cells in `$paramod\volume\DWIDTH=s32'00000000000000000000000000010000'.
Computing hashes of 219 cells of `$paramod\volume\DWIDTH=s32'00000000000000000000000000010000'.
Finding duplicate cells in `$paramod\volume\DWIDTH=s32'00000000000000000000000000010000'.
Computing hashes of 214 cells of `$paramod\volume\DWIDTH=s32'00000000000000000000000000010000'.
Finding duplicate cells in `$paramod\volume\DWIDTH=s32'00000000000000000000000000010000'.
Computing hashes of 207 cells of `$paramod\volume\DWIDTH=s32'00000000000000000000000000010000'.
Finding duplicate cells in `$paramod\volume\DWIDTH=s32'00000000000000000000000000010000'.
Computing hashes of 203 cells of `$paramod\volume\DWIDTH=s32'00000000000000000000000000010000'.
Finding duplicate cells in `$paramod\volume\DWIDTH=s32'00000000000000000000000000010000'.
Computing hashes of 199 cells of `$paramod\volume\DWIDTH=s32'00000000000000000000000000010000'.
Finding duplicate cells in `$paramod\volume\DWIDTH=s32'00000000000000000000000000010000'.
Computing hashes of 198 cells of `$paramod\volume\DWIDTH=s32'00000000000000000000000000010000'.
Finding duplicate cells in `$paramod\volume\DWIDTH=s32'00000000000000000000000000010000'.
Computing hashes of 197 cells of `$paramod\volume\DWIDTH=s32'00000000000000000000000000010000'.
Finding duplicate cells in `$paramod\volume\DWIDTH=s32'00000000000000000000000000010000'.
<suppressed ~369 debug messages>
Finding identical cells in module `$paramod$1719986e2d5dc43517b18f4e324b0f602a4474e9\fifo'.
Computing hashes of 1128 cells of `$paramod$1719986e2d5dc43517b18f4e324b0f602a4474e9\fifo'.
Finding duplicate cells in `$paramod$1719986e2d5dc43517b18f4e324b0f602a4474e9\fifo'.
Computing hashes of 1025 cells of `$paramod$1719986e2d5dc43517b18f4e324b0f602a4474e9\fifo'.
Finding duplicate cells in `$paramod$1719986e2d5dc43517b18f4e324b0f602a4474e9\fifo'.
Computing hashes of 988 cells of `$paramod$1719986e2d5dc43517b18f4e324b0f602a4474e9\fifo'.
Finding duplicate cells in `$paramod$1719986e2d5dc43517b18f4e324b0f602a4474e9\fifo'.
<suppressed ~420 debug messages>
Finding identical cells in module `$paramod\i2s_rx\BIT_DEPTH=s32'00000000000000000000000000010000'.
Computing hashes of 131 cells of `$paramod\i2s_rx\BIT_DEPTH=s32'00000000000000000000000000010000'.
Finding duplicate cells in `$paramod\i2s_rx\BIT_DEPTH=s32'00000000000000000000000000010000'.
Computing hashes of 129 cells of `$paramod\i2s_rx\BIT_DEPTH=s32'00000000000000000000000000010000'.
Finding duplicate cells in `$paramod\i2s_rx\BIT_DEPTH=s32'00000000000000000000000000010000'.
Computing hashes of 127 cells of `$paramod\i2s_rx\BIT_DEPTH=s32'00000000000000000000000000010000'.
Finding duplicate cells in `$paramod\i2s_rx\BIT_DEPTH=s32'00000000000000000000000000010000'.
<suppressed ~12 debug messages>
Finding identical cells in module `$paramod$28704d8bf4447e08602ecae7770c77318b280126\fifo'.
Computing hashes of 1896 cells of `$paramod$28704d8bf4447e08602ecae7770c77318b280126\fifo'.
Finding duplicate cells in `$paramod$28704d8bf4447e08602ecae7770c77318b280126\fifo'.
Computing hashes of 1793 cells of `$paramod$28704d8bf4447e08602ecae7770c77318b280126\fifo'.
Finding duplicate cells in `$paramod$28704d8bf4447e08602ecae7770c77318b280126\fifo'.
Computing hashes of 1756 cells of `$paramod$28704d8bf4447e08602ecae7770c77318b280126\fifo'.
Finding duplicate cells in `$paramod$28704d8bf4447e08602ecae7770c77318b280126\fifo'.
<suppressed ~420 debug messages>
Finding identical cells in module `$paramod$5785904fef3fb2a86d9b4a3d3a35d0648892543e\i2s_tx'.
Computing hashes of 170 cells of `$paramod$5785904fef3fb2a86d9b4a3d3a35d0648892543e\i2s_tx'.
Finding duplicate cells in `$paramod$5785904fef3fb2a86d9b4a3d3a35d0648892543e\i2s_tx'.
Computing hashes of 148 cells of `$paramod$5785904fef3fb2a86d9b4a3d3a35d0648892543e\i2s_tx'.
Finding duplicate cells in `$paramod$5785904fef3fb2a86d9b4a3d3a35d0648892543e\i2s_tx'.
<suppressed ~66 debug messages>
Finding identical cells in module `\wavetable_synth'.
Computing hashes of 600 cells of `\wavetable_synth'.
Finding duplicate cells in `\wavetable_synth'.
Computing hashes of 572 cells of `\wavetable_synth'.
Finding duplicate cells in `\wavetable_synth'.
<suppressed ~84 debug messages>
Removed a total of 891 cells.

16.3. Executing OPT_MUXTREE pass (detect dead branches in mux trees).
Running muxtree optimizer on module \top..
  Creating internal representation of mux trees.
  No muxes found in this module.
Running muxtree optimizer on module $paramod\gain\DWIDTH=s32'00000000000000000000000000010000..
  Creating internal representation of mux trees.
  No muxes found in this module.
Running muxtree optimizer on module \encoder..
  Creating internal representation of mux trees.
  No muxes found in this module.
Running muxtree optimizer on module $paramod$5ff65cac883644189a11f33c7731774bf2d6e2d2\clk_div..
  Creating internal representation of mux trees.
  No muxes found in this module.
Running muxtree optimizer on module $paramod\volume\DWIDTH=s32'00000000000000000000000000010000..
  Creating internal representation of mux trees.
  No muxes found in this module.
Running muxtree optimizer on module $paramod$1719986e2d5dc43517b18f4e324b0f602a4474e9\fifo..
  Creating internal representation of mux trees.
  No muxes found in this module.
Running muxtree optimizer on module $paramod\i2s_rx\BIT_DEPTH=s32'00000000000000000000000000010000..
  Creating internal representation of mux trees.
  No muxes found in this module.
Running muxtree optimizer on module $paramod$28704d8bf4447e08602ecae7770c77318b280126\fifo..
  Creating internal representation of mux trees.
  No muxes found in this module.
Running muxtree optimizer on module $paramod$5785904fef3fb2a86d9b4a3d3a35d0648892543e\i2s_tx..
  Creating internal representation of mux trees.
  No muxes found in this module.
Running muxtree optimizer on module \wavetable_synth..
  Creating internal representation of mux trees.
  No muxes found in this module.
Removed 0 multiplexer ports.

16.4. Executing OPT_REDUCE pass (consolidate $*mux and $reduce_* inputs).
  Optimizing cells in module \top.
  Optimizing cells in module $paramod\gain\DWIDTH=s32'00000000000000000000000000010000.
  Optimizing cells in module \encoder.
  Optimizing cells in module $paramod$5ff65cac883644189a11f33c7731774bf2d6e2d2\clk_div.
  Optimizing cells in module $paramod\volume\DWIDTH=s32'00000000000000000000000000010000.
  Optimizing cells in module $paramod$1719986e2d5dc43517b18f4e324b0f602a4474e9\fifo.
  Optimizing cells in module $paramod\i2s_rx\BIT_DEPTH=s32'00000000000000000000000000010000.
  Optimizing cells in module $paramod$28704d8bf4447e08602ecae7770c77318b280126\fifo.
  Optimizing cells in module $paramod$5785904fef3fb2a86d9b4a3d3a35d0648892543e\i2s_tx.
  Optimizing cells in module \wavetable_synth.
Performed a total of 0 changes.

16.5. Executing OPT_MERGE pass (detect identical cells).
Finding identical cells in module `\top'.
Computing hashes of 70 cells of `\top'.
Finding duplicate cells in `\top'.
Finding identical cells in module `$paramod\gain\DWIDTH=s32'00000000000000000000000000010000'.
Computing hashes of 1980 cells of `$paramod\gain\DWIDTH=s32'00000000000000000000000000010000'.
Finding duplicate cells in `$paramod\gain\DWIDTH=s32'00000000000000000000000000010000'.
Finding identical cells in module `\encoder'.
Computing hashes of 115 cells of `\encoder'.
Finding duplicate cells in `\encoder'.
Finding identical cells in module `$paramod$5ff65cac883644189a11f33c7731774bf2d6e2d2\clk_div'.
Computing hashes of 92 cells of `$paramod$5ff65cac883644189a11f33c7731774bf2d6e2d2\clk_div'.
Finding duplicate cells in `$paramod$5ff65cac883644189a11f33c7731774bf2d6e2d2\clk_div'.
Finding identical cells in module `$paramod\volume\DWIDTH=s32'00000000000000000000000000010000'.
Computing hashes of 197 cells of `$paramod\volume\DWIDTH=s32'00000000000000000000000000010000'.
Finding duplicate cells in `$paramod\volume\DWIDTH=s32'00000000000000000000000000010000'.
Finding identical cells in module `$paramod$1719986e2d5dc43517b18f4e324b0f602a4474e9\fifo'.
Computing hashes of 988 cells of `$paramod$1719986e2d5dc43517b18f4e324b0f602a4474e9\fifo'.
Finding duplicate cells in `$paramod$1719986e2d5dc43517b18f4e324b0f602a4474e9\fifo'.
Finding identical cells in module `$paramod\i2s_rx\BIT_DEPTH=s32'00000000000000000000000000010000'.
Computing hashes of 127 cells of `$paramod\i2s_rx\BIT_DEPTH=s32'00000000000000000000000000010000'.
Finding duplicate cells in `$paramod\i2s_rx\BIT_DEPTH=s32'00000000000000000000000000010000'.
Finding identical cells in module `$paramod$28704d8bf4447e08602ecae7770c77318b280126\fifo'.
Computing hashes of 1756 cells of `$paramod$28704d8bf4447e08602ecae7770c77318b280126\fifo'.
Finding duplicate cells in `$paramod$28704d8bf4447e08602ecae7770c77318b280126\fifo'.
Finding identical cells in module `$paramod$5785904fef3fb2a86d9b4a3d3a35d0648892543e\i2s_tx'.
Computing hashes of 148 cells of `$paramod$5785904fef3fb2a86d9b4a3d3a35d0648892543e\i2s_tx'.
Finding duplicate cells in `$paramod$5785904fef3fb2a86d9b4a3d3a35d0648892543e\i2s_tx'.
Finding identical cells in module `\wavetable_synth'.
Computing hashes of 572 cells of `\wavetable_synth'.
Finding duplicate cells in `\wavetable_synth'.
Removed a total of 0 cells.

16.6. Executing OPT_DFF pass (perform DFF optimizations).
Adding EN signal on $auto$ff.cc:337:slice$9117 ($_DFFE_PP0P_) from module $paramod\volume\DWIDTH=s32'00000000000000000000000000010000 (D = $0\gain[15:0] [0], Q = \gain [0]).
Adding EN signal on $auto$ff.cc:337:slice$9118 ($_DFFE_PP0P_) from module $paramod\volume\DWIDTH=s32'00000000000000000000000000010000 (D = $0\gain[15:0] [1], Q = \gain [1]).
Setting constant 0-bit at position 0 on $auto$ff.cc:337:slice$3646 ($_DFFE_PN0P_) from module $paramod$5785904fef3fb2a86d9b4a3d3a35d0648892543e\i2s_tx.
Adding EN signal on $auto$ff.cc:337:slice$1773 ($_DFFE_PN0P_) from module wavetable_synth (D = $procmux$891_Y [0], Q = \phase_inc [0]).
Adding EN signal on $auto$ff.cc:337:slice$1774 ($_DFFE_PN1P_) from module wavetable_synth (D = $procmux$891_Y [1], Q = \phase_inc [1]).

16.7. Executing OPT_CLEAN pass (remove unused cells and wires).
Finding unused cells or wires in module \top..
Finding unused cells or wires in module $paramod\gain\DWIDTH=s32'00000000000000000000000000010000..
Finding unused cells or wires in module \encoder..
Finding unused cells or wires in module $paramod$5ff65cac883644189a11f33c7731774bf2d6e2d2\clk_div..
Finding unused cells or wires in module $paramod\volume\DWIDTH=s32'00000000000000000000000000010000..
Finding unused cells or wires in module $paramod$1719986e2d5dc43517b18f4e324b0f602a4474e9\fifo..
Finding unused cells or wires in module $paramod\i2s_rx\BIT_DEPTH=s32'00000000000000000000000000010000..
Finding unused cells or wires in module $paramod$28704d8bf4447e08602ecae7770c77318b280126\fifo..
Finding unused cells or wires in module $paramod$5785904fef3fb2a86d9b4a3d3a35d0648892543e\i2s_tx..
Finding unused cells or wires in module \wavetable_synth..
Removed 182 unused cells and 2299 unused wires.
<suppressed ~192 debug messages>

16.8. Executing OPT_EXPR pass (perform const folding).
Optimizing module top.
Optimizing module $paramod\gain\DWIDTH=s32'00000000000000000000000000010000.
Optimizing module encoder.
Optimizing module $paramod$5ff65cac883644189a11f33c7731774bf2d6e2d2\clk_div.
Optimizing module $paramod\volume\DWIDTH=s32'00000000000000000000000000010000.
<suppressed ~6 debug messages>
Optimizing module $paramod$1719986e2d5dc43517b18f4e324b0f602a4474e9\fifo.
Optimizing module $paramod\i2s_rx\BIT_DEPTH=s32'00000000000000000000000000010000.
Optimizing module $paramod$28704d8bf4447e08602ecae7770c77318b280126\fifo.
Optimizing module $paramod$5785904fef3fb2a86d9b4a3d3a35d0648892543e\i2s_tx.
Optimizing module wavetable_synth.
<suppressed ~8 debug messages>

16.9. Rerunning OPT passes. (Maybe there is more to do..)

16.10. Executing OPT_MUXTREE pass (detect dead branches in mux trees).
Running muxtree optimizer on module \top..
  Creating internal representation of mux trees.
  No muxes found in this module.
Running muxtree optimizer on module $paramod\gain\DWIDTH=s32'00000000000000000000000000010000..
  Creating internal representation of mux trees.
  No muxes found in this module.
Running muxtree optimizer on module \encoder..
  Creating internal representation of mux trees.
  No muxes found in this module.
Running muxtree optimizer on module $paramod$5ff65cac883644189a11f33c7731774bf2d6e2d2\clk_div..
  Creating internal representation of mux trees.
  No muxes found in this module.
Running muxtree optimizer on module $paramod\volume\DWIDTH=s32'00000000000000000000000000010000..
  Creating internal representation of mux trees.
  No muxes found in this module.
Running muxtree optimizer on module $paramod$1719986e2d5dc43517b18f4e324b0f602a4474e9\fifo..
  Creating internal representation of mux trees.
  No muxes found in this module.
Running muxtree optimizer on module $paramod\i2s_rx\BIT_DEPTH=s32'00000000000000000000000000010000..
  Creating internal representation of mux trees.
  No muxes found in this module.
Running muxtree optimizer on module $paramod$28704d8bf4447e08602ecae7770c77318b280126\fifo..
  Creating internal representation of mux trees.
  No muxes found in this module.
Running muxtree optimizer on module $paramod$5785904fef3fb2a86d9b4a3d3a35d0648892543e\i2s_tx..
  Creating internal representation of mux trees.
  No muxes found in this module.
Running muxtree optimizer on module \wavetable_synth..
  Creating internal representation of mux trees.
  No muxes found in this module.
Removed 0 multiplexer ports.

16.11. Executing OPT_REDUCE pass (consolidate $*mux and $reduce_* inputs).
  Optimizing cells in module \top.
  Optimizing cells in module $paramod\gain\DWIDTH=s32'00000000000000000000000000010000.
  Optimizing cells in module \encoder.
  Optimizing cells in module $paramod$5ff65cac883644189a11f33c7731774bf2d6e2d2\clk_div.
  Optimizing cells in module $paramod\volume\DWIDTH=s32'00000000000000000000000000010000.
  Optimizing cells in module $paramod$1719986e2d5dc43517b18f4e324b0f602a4474e9\fifo.
  Optimizing cells in module $paramod\i2s_rx\BIT_DEPTH=s32'00000000000000000000000000010000.
  Optimizing cells in module $paramod$28704d8bf4447e08602ecae7770c77318b280126\fifo.
  Optimizing cells in module $paramod$5785904fef3fb2a86d9b4a3d3a35d0648892543e\i2s_tx.
  Optimizing cells in module \wavetable_synth.
Performed a total of 0 changes.

16.12. Executing OPT_MERGE pass (detect identical cells).
Finding identical cells in module `\top'.
Computing hashes of 63 cells of `\top'.
Finding duplicate cells in `\top'.
Finding identical cells in module `$paramod\gain\DWIDTH=s32'00000000000000000000000000010000'.
Computing hashes of 1884 cells of `$paramod\gain\DWIDTH=s32'00000000000000000000000000010000'.
Finding duplicate cells in `$paramod\gain\DWIDTH=s32'00000000000000000000000000010000'.
Finding identical cells in module `\encoder'.
Computing hashes of 115 cells of `\encoder'.
Finding duplicate cells in `\encoder'.
Finding identical cells in module `$paramod$5ff65cac883644189a11f33c7731774bf2d6e2d2\clk_div'.
Computing hashes of 85 cells of `$paramod$5ff65cac883644189a11f33c7731774bf2d6e2d2\clk_div'.
Finding duplicate cells in `$paramod$5ff65cac883644189a11f33c7731774bf2d6e2d2\clk_div'.
Finding identical cells in module `$paramod\volume\DWIDTH=s32'00000000000000000000000000010000'.
Computing hashes of 201 cells of `$paramod\volume\DWIDTH=s32'00000000000000000000000000010000'.
Finding duplicate cells in `$paramod\volume\DWIDTH=s32'00000000000000000000000000010000'.
Computing hashes of 198 cells of `$paramod\volume\DWIDTH=s32'00000000000000000000000000010000'.
Finding duplicate cells in `$paramod\volume\DWIDTH=s32'00000000000000000000000000010000'.
Computing hashes of 196 cells of `$paramod\volume\DWIDTH=s32'00000000000000000000000000010000'.
Finding duplicate cells in `$paramod\volume\DWIDTH=s32'00000000000000000000000000010000'.
Computing hashes of 194 cells of `$paramod\volume\DWIDTH=s32'00000000000000000000000000010000'.
Finding duplicate cells in `$paramod\volume\DWIDTH=s32'00000000000000000000000000010000'.
Computing hashes of 193 cells of `$paramod\volume\DWIDTH=s32'00000000000000000000000000010000'.
Finding duplicate cells in `$paramod\volume\DWIDTH=s32'00000000000000000000000000010000'.
Computing hashes of 192 cells of `$paramod\volume\DWIDTH=s32'00000000000000000000000000010000'.
Finding duplicate cells in `$paramod\volume\DWIDTH=s32'00000000000000000000000000010000'.
Computing hashes of 191 cells of `$paramod\volume\DWIDTH=s32'00000000000000000000000000010000'.
Finding duplicate cells in `$paramod\volume\DWIDTH=s32'00000000000000000000000000010000'.
<suppressed ~30 debug messages>
Finding identical cells in module `$paramod$1719986e2d5dc43517b18f4e324b0f602a4474e9\fifo'.
Computing hashes of 981 cells of `$paramod$1719986e2d5dc43517b18f4e324b0f602a4474e9\fifo'.
Finding duplicate cells in `$paramod$1719986e2d5dc43517b18f4e324b0f602a4474e9\fifo'.
Finding identical cells in module `$paramod\i2s_rx\BIT_DEPTH=s32'00000000000000000000000000010000'.
Computing hashes of 127 cells of `$paramod\i2s_rx\BIT_DEPTH=s32'00000000000000000000000000010000'.
Finding duplicate cells in `$paramod\i2s_rx\BIT_DEPTH=s32'00000000000000000000000000010000'.
Finding identical cells in module `$paramod$28704d8bf4447e08602ecae7770c77318b280126\fifo'.
Computing hashes of 1749 cells of `$paramod$28704d8bf4447e08602ecae7770c77318b280126\fifo'.
Finding duplicate cells in `$paramod$28704d8bf4447e08602ecae7770c77318b280126\fifo'.
Finding identical cells in module `$paramod$5785904fef3fb2a86d9b4a3d3a35d0648892543e\i2s_tx'.
Computing hashes of 141 cells of `$paramod$5785904fef3fb2a86d9b4a3d3a35d0648892543e\i2s_tx'.
Finding duplicate cells in `$paramod$5785904fef3fb2a86d9b4a3d3a35d0648892543e\i2s_tx'.
Finding identical cells in module `\wavetable_synth'.
Computing hashes of 530 cells of `\wavetable_synth'.
Finding duplicate cells in `\wavetable_synth'.
Computing hashes of 526 cells of `\wavetable_synth'.
Finding duplicate cells in `\wavetable_synth'.
Computing hashes of 524 cells of `\wavetable_synth'.
Finding duplicate cells in `\wavetable_synth'.
Computing hashes of 523 cells of `\wavetable_synth'.
Finding duplicate cells in `\wavetable_synth'.
<suppressed ~21 debug messages>
Removed a total of 17 cells.

16.13. Executing OPT_DFF pass (perform DFF optimizations).
Handling D = Q on $auto$ff.cc:337:slice$1734 ($_DFFE_PN0P_) from module wavetable_synth (removing D path).
Handling D = Q on $auto$ff.cc:337:slice$1735 ($_DFFE_PN0P_) from module wavetable_synth (removing D path).
Handling D = Q on $auto$ff.cc:337:slice$1736 ($_DFFE_PN0P_) from module wavetable_synth (removing D path).
Handling D = Q on $auto$ff.cc:337:slice$1737 ($_DFFE_PN0P_) from module wavetable_synth (removing D path).
Handling D = Q on $auto$ff.cc:337:slice$1738 ($_DFFE_PN0P_) from module wavetable_synth (removing D path).
Handling D = Q on $auto$ff.cc:337:slice$1739 ($_DFFE_PN0P_) from module wavetable_synth (removing D path).
Handling D = Q on $auto$ff.cc:337:slice$1740 ($_DFFE_PN0P_) from module wavetable_synth (removing D path).
Handling D = Q on $auto$ff.cc:337:slice$1741 ($_DFFE_PN0P_) from module wavetable_synth (removing D path).
Setting constant 0-bit at position 0 on $auto$ff.cc:337:slice$1741 ($_DLATCH_N_) from module wavetable_synth.
Setting constant 1-bit at position 0 on $auto$ff.cc:337:slice$15270 ($_DFFE_PN1P_) from module wavetable_synth.
Setting constant 0-bit at position 0 on $auto$ff.cc:337:slice$15251 ($_DFFE_PN0P_) from module wavetable_synth.
Setting constant 0-bit at position 0 on $auto$ff.cc:337:slice$1740 ($_DLATCH_N_) from module wavetable_synth.
Setting constant 0-bit at position 0 on $auto$ff.cc:337:slice$1739 ($_DLATCH_N_) from module wavetable_synth.
Setting constant 0-bit at position 0 on $auto$ff.cc:337:slice$1738 ($_DLATCH_N_) from module wavetable_synth.
Setting constant 0-bit at position 0 on $auto$ff.cc:337:slice$1737 ($_DLATCH_N_) from module wavetable_synth.
Setting constant 0-bit at position 0 on $auto$ff.cc:337:slice$1736 ($_DLATCH_N_) from module wavetable_synth.
Setting constant 0-bit at position 0 on $auto$ff.cc:337:slice$1735 ($_DLATCH_N_) from module wavetable_synth.
Setting constant 0-bit at position 0 on $auto$ff.cc:337:slice$1734 ($_DLATCH_N_) from module wavetable_synth.

16.14. Executing OPT_CLEAN pass (remove unused cells and wires).
Finding unused cells or wires in module \top..
Finding unused cells or wires in module $paramod\gain\DWIDTH=s32'00000000000000000000000000010000..
Finding unused cells or wires in module \encoder..
Finding unused cells or wires in module $paramod$5ff65cac883644189a11f33c7731774bf2d6e2d2\clk_div..
Finding unused cells or wires in module $paramod\volume\DWIDTH=s32'00000000000000000000000000010000..
Finding unused cells or wires in module $paramod$1719986e2d5dc43517b18f4e324b0f602a4474e9\fifo..
Finding unused cells or wires in module $paramod\i2s_rx\BIT_DEPTH=s32'00000000000000000000000000010000..
Finding unused cells or wires in module $paramod$28704d8bf4447e08602ecae7770c77318b280126\fifo..
Finding unused cells or wires in module $paramod$5785904fef3fb2a86d9b4a3d3a35d0648892543e\i2s_tx..
Finding unused cells or wires in module \wavetable_synth..
Removed 1 unused cells and 20 unused wires.
<suppressed ~3 debug messages>

16.15. Executing OPT_EXPR pass (perform const folding).
Optimizing module top.
Optimizing module $paramod\gain\DWIDTH=s32'00000000000000000000000000010000.
Optimizing module encoder.
Optimizing module $paramod$5ff65cac883644189a11f33c7731774bf2d6e2d2\clk_div.
Optimizing module $paramod\volume\DWIDTH=s32'00000000000000000000000000010000.
<suppressed ~1 debug messages>
Optimizing module $paramod$1719986e2d5dc43517b18f4e324b0f602a4474e9\fifo.
Optimizing module $paramod\i2s_rx\BIT_DEPTH=s32'00000000000000000000000000010000.
Optimizing module $paramod$28704d8bf4447e08602ecae7770c77318b280126\fifo.
Optimizing module $paramod$5785904fef3fb2a86d9b4a3d3a35d0648892543e\i2s_tx.
Optimizing module wavetable_synth.
<suppressed ~55 debug messages>

16.16. Rerunning OPT passes. (Maybe there is more to do..)

16.17. Executing OPT_MUXTREE pass (detect dead branches in mux trees).
Running muxtree optimizer on module \top..
  Creating internal representation of mux trees.
  No muxes found in this module.
Running muxtree optimizer on module $paramod\gain\DWIDTH=s32'00000000000000000000000000010000..
  Creating internal representation of mux trees.
  No muxes found in this module.
Running muxtree optimizer on module \encoder..
  Creating internal representation of mux trees.
  No muxes found in this module.
Running muxtree optimizer on module $paramod$5ff65cac883644189a11f33c7731774bf2d6e2d2\clk_div..
  Creating internal representation of mux trees.
  No muxes found in this module.
Running muxtree optimizer on module $paramod\volume\DWIDTH=s32'00000000000000000000000000010000..
  Creating internal representation of mux trees.
  No muxes found in this module.
Running muxtree optimizer on module $paramod$1719986e2d5dc43517b18f4e324b0f602a4474e9\fifo..
  Creating internal representation of mux trees.
  No muxes found in this module.
Running muxtree optimizer on module $paramod\i2s_rx\BIT_DEPTH=s32'00000000000000000000000000010000..
  Creating internal representation of mux trees.
  No muxes found in this module.
Running muxtree optimizer on module $paramod$28704d8bf4447e08602ecae7770c77318b280126\fifo..
  Creating internal representation of mux trees.
  No muxes found in this module.
Running muxtree optimizer on module $paramod$5785904fef3fb2a86d9b4a3d3a35d0648892543e\i2s_tx..
  Creating internal representation of mux trees.
  No muxes found in this module.
Running muxtree optimizer on module \wavetable_synth..
  Creating internal representation of mux trees.
  No muxes found in this module.
Removed 0 multiplexer ports.

16.18. Executing OPT_REDUCE pass (consolidate $*mux and $reduce_* inputs).
  Optimizing cells in module \top.
  Optimizing cells in module $paramod\gain\DWIDTH=s32'00000000000000000000000000010000.
  Optimizing cells in module \encoder.
  Optimizing cells in module $paramod$5ff65cac883644189a11f33c7731774bf2d6e2d2\clk_div.
  Optimizing cells in module $paramod\volume\DWIDTH=s32'00000000000000000000000000010000.
  Optimizing cells in module $paramod$1719986e2d5dc43517b18f4e324b0f602a4474e9\fifo.
  Optimizing cells in module $paramod\i2s_rx\BIT_DEPTH=s32'00000000000000000000000000010000.
  Optimizing cells in module $paramod$28704d8bf4447e08602ecae7770c77318b280126\fifo.
  Optimizing cells in module $paramod$5785904fef3fb2a86d9b4a3d3a35d0648892543e\i2s_tx.
  Optimizing cells in module \wavetable_synth.
Performed a total of 0 changes.

16.19. Executing OPT_MERGE pass (detect identical cells).
Finding identical cells in module `\top'.
Computing hashes of 63 cells of `\top'.
Finding duplicate cells in `\top'.
Finding identical cells in module `$paramod\gain\DWIDTH=s32'00000000000000000000000000010000'.
Computing hashes of 1884 cells of `$paramod\gain\DWIDTH=s32'00000000000000000000000000010000'.
Finding duplicate cells in `$paramod\gain\DWIDTH=s32'00000000000000000000000000010000'.
Finding identical cells in module `\encoder'.
Computing hashes of 115 cells of `\encoder'.
Finding duplicate cells in `\encoder'.
Finding identical cells in module `$paramod$5ff65cac883644189a11f33c7731774bf2d6e2d2\clk_div'.
Computing hashes of 85 cells of `$paramod$5ff65cac883644189a11f33c7731774bf2d6e2d2\clk_div'.
Finding duplicate cells in `$paramod$5ff65cac883644189a11f33c7731774bf2d6e2d2\clk_div'.
Finding identical cells in module `$paramod\volume\DWIDTH=s32'00000000000000000000000000010000'.
Computing hashes of 190 cells of `$paramod\volume\DWIDTH=s32'00000000000000000000000000010000'.
Finding duplicate cells in `$paramod\volume\DWIDTH=s32'00000000000000000000000000010000'.
Finding identical cells in module `$paramod$1719986e2d5dc43517b18f4e324b0f602a4474e9\fifo'.
Computing hashes of 981 cells of `$paramod$1719986e2d5dc43517b18f4e324b0f602a4474e9\fifo'.
Finding duplicate cells in `$paramod$1719986e2d5dc43517b18f4e324b0f602a4474e9\fifo'.
Finding identical cells in module `$paramod\i2s_rx\BIT_DEPTH=s32'00000000000000000000000000010000'.
Computing hashes of 127 cells of `$paramod\i2s_rx\BIT_DEPTH=s32'00000000000000000000000000010000'.
Finding duplicate cells in `$paramod\i2s_rx\BIT_DEPTH=s32'00000000000000000000000000010000'.
Finding identical cells in module `$paramod$28704d8bf4447e08602ecae7770c77318b280126\fifo'.
Computing hashes of 1749 cells of `$paramod$28704d8bf4447e08602ecae7770c77318b280126\fifo'.
Finding duplicate cells in `$paramod$28704d8bf4447e08602ecae7770c77318b280126\fifo'.
Finding identical cells in module `$paramod$5785904fef3fb2a86d9b4a3d3a35d0648892543e\i2s_tx'.
Computing hashes of 141 cells of `$paramod$5785904fef3fb2a86d9b4a3d3a35d0648892543e\i2s_tx'.
Finding duplicate cells in `$paramod$5785904fef3fb2a86d9b4a3d3a35d0648892543e\i2s_tx'.
Finding identical cells in module `\wavetable_synth'.
Computing hashes of 458 cells of `\wavetable_synth'.
Finding duplicate cells in `\wavetable_synth'.
Removed a total of 0 cells.

16.20. Executing OPT_DFF pass (perform DFF optimizations).

16.21. Executing OPT_CLEAN pass (remove unused cells and wires).
Finding unused cells or wires in module \top..
Finding unused cells or wires in module $paramod\gain\DWIDTH=s32'00000000000000000000000000010000..
Finding unused cells or wires in module \encoder..
Finding unused cells or wires in module $paramod$5ff65cac883644189a11f33c7731774bf2d6e2d2\clk_div..
Finding unused cells or wires in module $paramod\volume\DWIDTH=s32'00000000000000000000000000010000..
Finding unused cells or wires in module $paramod$1719986e2d5dc43517b18f4e324b0f602a4474e9\fifo..
Finding unused cells or wires in module $paramod\i2s_rx\BIT_DEPTH=s32'00000000000000000000000000010000..
Finding unused cells or wires in module $paramod$28704d8bf4447e08602ecae7770c77318b280126\fifo..
Finding unused cells or wires in module $paramod$5785904fef3fb2a86d9b4a3d3a35d0648892543e\i2s_tx..
Finding unused cells or wires in module \wavetable_synth..
Removed 5 unused cells and 24 unused wires.
<suppressed ~6 debug messages>

16.22. Executing OPT_EXPR pass (perform const folding).
Optimizing module top.
Optimizing module $paramod\gain\DWIDTH=s32'00000000000000000000000000010000.
Optimizing module encoder.
Optimizing module $paramod$5ff65cac883644189a11f33c7731774bf2d6e2d2\clk_div.
Optimizing module $paramod\volume\DWIDTH=s32'00000000000000000000000000010000.
Optimizing module $paramod$1719986e2d5dc43517b18f4e324b0f602a4474e9\fifo.
Optimizing module $paramod\i2s_rx\BIT_DEPTH=s32'00000000000000000000000000010000.
Optimizing module $paramod$28704d8bf4447e08602ecae7770c77318b280126\fifo.
Optimizing module $paramod$5785904fef3fb2a86d9b4a3d3a35d0648892543e\i2s_tx.
Optimizing module wavetable_synth.

16.23. Rerunning OPT passes. (Maybe there is more to do..)

16.24. Executing OPT_MUXTREE pass (detect dead branches in mux trees).
Running muxtree optimizer on module \top..
  Creating internal representation of mux trees.
  No muxes found in this module.
Running muxtree optimizer on module $paramod\gain\DWIDTH=s32'00000000000000000000000000010000..
  Creating internal representation of mux trees.
  No muxes found in this module.
Running muxtree optimizer on module \encoder..
  Creating internal representation of mux trees.
  No muxes found in this module.
Running muxtree optimizer on module $paramod$5ff65cac883644189a11f33c7731774bf2d6e2d2\clk_div..
  Creating internal representation of mux trees.
  No muxes found in this module.
Running muxtree optimizer on module $paramod\volume\DWIDTH=s32'00000000000000000000000000010000..
  Creating internal representation of mux trees.
  No muxes found in this module.
Running muxtree optimizer on module $paramod$1719986e2d5dc43517b18f4e324b0f602a4474e9\fifo..
  Creating internal representation of mux trees.
  No muxes found in this module.
Running muxtree optimizer on module $paramod\i2s_rx\BIT_DEPTH=s32'00000000000000000000000000010000..
  Creating internal representation of mux trees.
  No muxes found in this module.
Running muxtree optimizer on module $paramod$28704d8bf4447e08602ecae7770c77318b280126\fifo..
  Creating internal representation of mux trees.
  No muxes found in this module.
Running muxtree optimizer on module $paramod$5785904fef3fb2a86d9b4a3d3a35d0648892543e\i2s_tx..
  Creating internal representation of mux trees.
  No muxes found in this module.
Running muxtree optimizer on module \wavetable_synth..
  Creating internal representation of mux trees.
  No muxes found in this module.
Removed 0 multiplexer ports.

16.25. Executing OPT_REDUCE pass (consolidate $*mux and $reduce_* inputs).
  Optimizing cells in module \top.
  Optimizing cells in module $paramod\gain\DWIDTH=s32'00000000000000000000000000010000.
  Optimizing cells in module \encoder.
  Optimizing cells in module $paramod$5ff65cac883644189a11f33c7731774bf2d6e2d2\clk_div.
  Optimizing cells in module $paramod\volume\DWIDTH=s32'00000000000000000000000000010000.
  Optimizing cells in module $paramod$1719986e2d5dc43517b18f4e324b0f602a4474e9\fifo.
  Optimizing cells in module $paramod\i2s_rx\BIT_DEPTH=s32'00000000000000000000000000010000.
  Optimizing cells in module $paramod$28704d8bf4447e08602ecae7770c77318b280126\fifo.
  Optimizing cells in module $paramod$5785904fef3fb2a86d9b4a3d3a35d0648892543e\i2s_tx.
  Optimizing cells in module \wavetable_synth.
Performed a total of 0 changes.

16.26. Executing OPT_MERGE pass (detect identical cells).
Finding identical cells in module `\top'.
Computing hashes of 63 cells of `\top'.
Finding duplicate cells in `\top'.
Finding identical cells in module `$paramod\gain\DWIDTH=s32'00000000000000000000000000010000'.
Computing hashes of 1884 cells of `$paramod\gain\DWIDTH=s32'00000000000000000000000000010000'.
Finding duplicate cells in `$paramod\gain\DWIDTH=s32'00000000000000000000000000010000'.
Finding identical cells in module `\encoder'.
Computing hashes of 115 cells of `\encoder'.
Finding duplicate cells in `\encoder'.
Finding identical cells in module `$paramod$5ff65cac883644189a11f33c7731774bf2d6e2d2\clk_div'.
Computing hashes of 85 cells of `$paramod$5ff65cac883644189a11f33c7731774bf2d6e2d2\clk_div'.
Finding duplicate cells in `$paramod$5ff65cac883644189a11f33c7731774bf2d6e2d2\clk_div'.
Finding identical cells in module `$paramod\volume\DWIDTH=s32'00000000000000000000000000010000'.
Computing hashes of 190 cells of `$paramod\volume\DWIDTH=s32'00000000000000000000000000010000'.
Finding duplicate cells in `$paramod\volume\DWIDTH=s32'00000000000000000000000000010000'.
Finding identical cells in module `$paramod$1719986e2d5dc43517b18f4e324b0f602a4474e9\fifo'.
Computing hashes of 981 cells of `$paramod$1719986e2d5dc43517b18f4e324b0f602a4474e9\fifo'.
Finding duplicate cells in `$paramod$1719986e2d5dc43517b18f4e324b0f602a4474e9\fifo'.
Finding identical cells in module `$paramod\i2s_rx\BIT_DEPTH=s32'00000000000000000000000000010000'.
Computing hashes of 127 cells of `$paramod\i2s_rx\BIT_DEPTH=s32'00000000000000000000000000010000'.
Finding duplicate cells in `$paramod\i2s_rx\BIT_DEPTH=s32'00000000000000000000000000010000'.
Finding identical cells in module `$paramod$28704d8bf4447e08602ecae7770c77318b280126\fifo'.
Computing hashes of 1749 cells of `$paramod$28704d8bf4447e08602ecae7770c77318b280126\fifo'.
Finding duplicate cells in `$paramod$28704d8bf4447e08602ecae7770c77318b280126\fifo'.
Finding identical cells in module `$paramod$5785904fef3fb2a86d9b4a3d3a35d0648892543e\i2s_tx'.
Computing hashes of 141 cells of `$paramod$5785904fef3fb2a86d9b4a3d3a35d0648892543e\i2s_tx'.
Finding duplicate cells in `$paramod$5785904fef3fb2a86d9b4a3d3a35d0648892543e\i2s_tx'.
Finding identical cells in module `\wavetable_synth'.
Computing hashes of 453 cells of `\wavetable_synth'.
Finding duplicate cells in `\wavetable_synth'.
Removed a total of 0 cells.

16.27. Executing OPT_DFF pass (perform DFF optimizations).

16.28. Executing OPT_CLEAN pass (remove unused cells and wires).
Finding unused cells or wires in module \top..
Finding unused cells or wires in module $paramod\gain\DWIDTH=s32'00000000000000000000000000010000..
Finding unused cells or wires in module \encoder..
Finding unused cells or wires in module $paramod$5ff65cac883644189a11f33c7731774bf2d6e2d2\clk_div..
Finding unused cells or wires in module $paramod\volume\DWIDTH=s32'00000000000000000000000000010000..
Finding unused cells or wires in module $paramod$1719986e2d5dc43517b18f4e324b0f602a4474e9\fifo..
Finding unused cells or wires in module $paramod\i2s_rx\BIT_DEPTH=s32'00000000000000000000000000010000..
Finding unused cells or wires in module $paramod$28704d8bf4447e08602ecae7770c77318b280126\fifo..
Finding unused cells or wires in module $paramod$5785904fef3fb2a86d9b4a3d3a35d0648892543e\i2s_tx..
Finding unused cells or wires in module \wavetable_synth..

16.29. Executing OPT_EXPR pass (perform const folding).
Optimizing module top.
Optimizing module $paramod\gain\DWIDTH=s32'00000000000000000000000000010000.
Optimizing module encoder.
Optimizing module $paramod$5ff65cac883644189a11f33c7731774bf2d6e2d2\clk_div.
Optimizing module $paramod\volume\DWIDTH=s32'00000000000000000000000000010000.
Optimizing module $paramod$1719986e2d5dc43517b18f4e324b0f602a4474e9\fifo.
Optimizing module $paramod\i2s_rx\BIT_DEPTH=s32'00000000000000000000000000010000.
Optimizing module $paramod$28704d8bf4447e08602ecae7770c77318b280126\fifo.
Optimizing module $paramod$5785904fef3fb2a86d9b4a3d3a35d0648892543e\i2s_tx.
Optimizing module wavetable_synth.

16.30. Finished fast OPT passes. (There is nothing left to do.)

17. Executing Verilog backend.

17.1. Executing BMUXMAP pass.

17.2. Executing DEMUXMAP pass.
Dumping module `$paramod$1719986e2d5dc43517b18f4e324b0f602a4474e9\fifo'.
Dumping module `$paramod$28704d8bf4447e08602ecae7770c77318b280126\fifo'.
Dumping module `$paramod$5785904fef3fb2a86d9b4a3d3a35d0648892543e\i2s_tx'.
Dumping module `$paramod$5ff65cac883644189a11f33c7731774bf2d6e2d2\clk_div'.
Dumping module `$paramod\gain\DWIDTH=s32'00000000000000000000000000010000'.
Dumping module `$paramod\i2s_rx\BIT_DEPTH=s32'00000000000000000000000000010000'.
Dumping module `$paramod\volume\DWIDTH=s32'00000000000000000000000000010000'.
Dumping module `\encoder'.
Dumping module `\top'.
Dumping module `\wavetable_synth'.

18. Executing SYNTH_GOWIN pass.

18.1. Executing Verilog-2005 frontend: /opt/homebrew/bin/../share/yosys/gowin/cells_sim.v
Parsing Verilog input from `/opt/homebrew/bin/../share/yosys/gowin/cells_sim.v' to AST representation.
Generating RTLIL representation for module `\LUT1'.
Generating RTLIL representation for module `\LUT2'.
Generating RTLIL representation for module `\LUT3'.
Generating RTLIL representation for module `\LUT4'.
Generating RTLIL representation for module `\__APICULA_LUT5'.
Generating RTLIL representation for module `\__APICULA_LUT6'.
Generating RTLIL representation for module `\__APICULA_LUT7'.
Generating RTLIL representation for module `\__APICULA_LUT8'.
Generating RTLIL representation for module `\MUX2'.
Generating RTLIL representation for module `\MUX2_LUT5'.
Generating RTLIL representation for module `\MUX2_LUT6'.
Generating RTLIL representation for module `\MUX2_LUT7'.
Generating RTLIL representation for module `\MUX2_LUT8'.
Generating RTLIL representation for module `\DFF'.
Generating RTLIL representation for module `\DFFE'.
Generating RTLIL representation for module `\DFFS'.
Generating RTLIL representation for module `\DFFSE'.
Generating RTLIL representation for module `\DFFR'.
Generating RTLIL representation for module `\DFFRE'.
Generating RTLIL representation for module `\DFFP'.
Generating RTLIL representation for module `\DFFPE'.
Generating RTLIL representation for module `\DFFC'.
Generating RTLIL representation for module `\DFFCE'.
Generating RTLIL representation for module `\DFFN'.
Generating RTLIL representation for module `\DFFNE'.
Generating RTLIL representation for module `\DFFNS'.
Generating RTLIL representation for module `\DFFNSE'.
Generating RTLIL representation for module `\DFFNR'.
Generating RTLIL representation for module `\DFFNRE'.
Generating RTLIL representation for module `\DFFNP'.
Generating RTLIL representation for module `\DFFNPE'.
Generating RTLIL representation for module `\DFFNC'.
Generating RTLIL representation for module `\DFFNCE'.
Generating RTLIL representation for module `\DL'.
Generating RTLIL representation for module `\DLN'.
Generating RTLIL representation for module `\DLE'.
Generating RTLIL representation for module `\DLNE'.
Generating RTLIL representation for module `\DLC'.
Generating RTLIL representation for module `\DLCE'.
Generating RTLIL representation for module `\DLNC'.
Generating RTLIL representation for module `\DLNCE'.
Generating RTLIL representation for module `\DLP'.
Generating RTLIL representation for module `\DLPE'.
Generating RTLIL representation for module `\DLNP'.
Generating RTLIL representation for module `\DLNPE'.
Generating RTLIL representation for module `\VCC'.
Generating RTLIL representation for module `\GND'.
Generating RTLIL representation for module `\IBUF'.
Generating RTLIL representation for module `\OBUF'.
Generating RTLIL representation for module `\TBUF'.
Generating RTLIL representation for module `\IOBUF'.
Generating RTLIL representation for module `\ELVDS_OBUF'.
Generating RTLIL representation for module `\TLVDS_OBUF'.
Generating RTLIL representation for module `\OSER4'.
Generating RTLIL representation for module `\OSER4_MEM'.
Generating RTLIL representation for module `\OSER8'.
Generating RTLIL representation for module `\OSER10'.
Generating RTLIL representation for module `\OVIDEO'.
Generating RTLIL representation for module `\OSER16'.
Generating RTLIL representation for module `\IDES4'.
Generating RTLIL representation for module `\IDES4_MEM'.
Generating RTLIL representation for module `\IDES8'.
Generating RTLIL representation for module `\IDES10'.
Generating RTLIL representation for module `\IVIDEO'.
Generating RTLIL representation for module `\IDES16'.
Generating RTLIL representation for module `\IDDR'.
Generating RTLIL representation for module `\IDDRC'.
Generating RTLIL representation for module `\DQS'.
Generating RTLIL representation for module `\ODDR'.
Generating RTLIL representation for module `\ODDRC'.
Generating RTLIL representation for module `\GSR'.
Generating RTLIL representation for module `\BANDGAP'.
Generating RTLIL representation for module `\ALU'.
Generating RTLIL representation for module `\RAM16S1'.
Generating RTLIL representation for module `\RAM16S2'.
Generating RTLIL representation for module `\RAM16S4'.
Generating RTLIL representation for module `\RAM16SDP1'.
Generating RTLIL representation for module `\RAM16SDP2'.
Generating RTLIL representation for module `\RAM16SDP4'.
Generating RTLIL representation for module `\SP'.
Generating RTLIL representation for module `\SPX9'.
Generating RTLIL representation for module `\SDP'.
Generating RTLIL representation for module `\SDPX9'.
Generating RTLIL representation for module `\DP'.
Generating RTLIL representation for module `\DPX9'.
Generating RTLIL representation for module `\rPLL'.
Generating RTLIL representation for module `\PLLVR'.
Generating RTLIL representation for module `\OSC'.
Generating RTLIL representation for module `\OSCZ'.
Generating RTLIL representation for module `\OSCF'.
Generating RTLIL representation for module `\OSCH'.
Generating RTLIL representation for module `\OSCW'.
Generating RTLIL representation for module `\OSCO'.
Generating RTLIL representation for module `\EMCU'.
Successfully finished Verilog frontend.

18.2. Executing Verilog-2005 frontend: /opt/homebrew/bin/../share/yosys/gowin/cells_xtra_gw1n.v
Parsing Verilog input from `/opt/homebrew/bin/../share/yosys/gowin/cells_xtra_gw1n.v' to AST representation.
Generating RTLIL representation for module `\LUT5'.
Generating RTLIL representation for module `\LUT6'.
Generating RTLIL representation for module `\LUT7'.
Generating RTLIL representation for module `\LUT8'.
Generating RTLIL representation for module `\INV'.
Generating RTLIL representation for module `\IODELAY'.
Generating RTLIL representation for module `\IEM'.
Generating RTLIL representation for module `\ROM16'.
Generating RTLIL representation for module `\ROM'.
Generating RTLIL representation for module `\ROMX9'.
Generating RTLIL representation for module `\pROM'.
Generating RTLIL representation for module `\pROMX9'.
Generating RTLIL representation for module `\SDPB'.
Generating RTLIL representation for module `\SDPX9B'.
Generating RTLIL representation for module `\DPB'.
Generating RTLIL representation for module `\DPX9B'.
Generating RTLIL representation for module `\PADD18'.
Generating RTLIL representation for module `\PADD9'.
Generating RTLIL representation for module `\MULT9X9'.
Generating RTLIL representation for module `\MULT18X18'.
Generating RTLIL representation for module `\MULT36X36'.
Generating RTLIL representation for module `\MULTALU36X18'.
Generating RTLIL representation for module `\MULTADDALU18X18'.
Generating RTLIL representation for module `\MULTALU18X18'.
Generating RTLIL representation for module `\ALU54D'.
Generating RTLIL representation for module `\BUFG'.
Generating RTLIL representation for module `\BUFS'.
Generating RTLIL representation for module `\PLL'.
Generating RTLIL representation for module `\TLVDS_IBUF'.
Generating RTLIL representation for module `\TLVDS_TBUF'.
Generating RTLIL representation for module `\TLVDS_IOBUF'.
Generating RTLIL representation for module `\ELVDS_IBUF'.
Generating RTLIL representation for module `\ELVDS_TBUF'.
Generating RTLIL representation for module `\ELVDS_IOBUF'.
Generating RTLIL representation for module `\MIPI_IBUF'.
Generating RTLIL representation for module `\MIPI_IBUF_HS'.
Generating RTLIL representation for module `\MIPI_IBUF_LP'.
Generating RTLIL representation for module `\MIPI_OBUF'.
Generating RTLIL representation for module `\MIPI_OBUF_A'.
Generating RTLIL representation for module `\ELVDS_IBUF_MIPI'.
Generating RTLIL representation for module `\I3C_IOBUF'.
Generating RTLIL representation for module `\CLKDIV'.
Generating RTLIL representation for module `\DHCEN'.
Generating RTLIL representation for module `\DLLDLY'.
Generating RTLIL representation for module `\FLASH96K'.
Generating RTLIL representation for module `\FLASH256K'.
Generating RTLIL representation for module `\FLASH608K'.
Generating RTLIL representation for module `\DCS'.
Generating RTLIL representation for module `\DQCE'.
Generating RTLIL representation for module `\CLKDIV2'.
Generating RTLIL representation for module `\DHCENC'.
Generating RTLIL representation for module `\FLASH64K'.
Generating RTLIL representation for module `\FLASH64KZ'.
Successfully finished Verilog frontend.

18.3. Executing HIERARCHY pass (managing design hierarchy).

18.3.1. Analyzing design hierarchy..
Top module:  \top
Used module:     $paramod$1719986e2d5dc43517b18f4e324b0f602a4474e9\fifo
Used module:     $paramod$5ff65cac883644189a11f33c7731774bf2d6e2d2\clk_div
Used module:     \encoder
Used module:     $paramod$28704d8bf4447e08602ecae7770c77318b280126\fifo
Used module:     $paramod\i2s_rx\BIT_DEPTH=s32'00000000000000000000000000010000
Used module:     $paramod$5785904fef3fb2a86d9b4a3d3a35d0648892543e\i2s_tx
Used module:     $paramod\volume\DWIDTH=s32'00000000000000000000000000010000
Used module:         $paramod\gain\DWIDTH=s32'00000000000000000000000000010000
Used module:     \wavetable_synth

18.3.2. Analyzing design hierarchy..
Top module:  \top
Used module:     $paramod$1719986e2d5dc43517b18f4e324b0f602a4474e9\fifo
Used module:     $paramod$5ff65cac883644189a11f33c7731774bf2d6e2d2\clk_div
Used module:     \encoder
Used module:     $paramod$28704d8bf4447e08602ecae7770c77318b280126\fifo
Used module:     $paramod\i2s_rx\BIT_DEPTH=s32'00000000000000000000000000010000
Used module:     $paramod$5785904fef3fb2a86d9b4a3d3a35d0648892543e\i2s_tx
Used module:     $paramod\volume\DWIDTH=s32'00000000000000000000000000010000
Used module:         $paramod\gain\DWIDTH=s32'00000000000000000000000000010000
Used module:     \wavetable_synth
Removed 0 unused modules.
Warning: Resizing cell port wavetable_synth.u_wavetable_rom.DO from 16 bits to 32 bits.

18.4. Executing PROC pass (convert processes to netlists).

18.4.1. Executing PROC_CLEAN pass (remove empty switches from decision trees).
Cleaned up 0 empty switches.

18.4.2. Executing PROC_RMDEAD pass (remove dead branches from decision trees).
Removed a total of 0 dead cases.

18.4.3. Executing PROC_PRUNE pass (remove redundant assignments in processes).
Removed 0 redundant assignments.
Promoted 0 assignments to connections.

18.4.4. Executing PROC_INIT pass (extract init attributes).

18.4.5. Executing PROC_ARST pass (detect async resets in processes).

18.4.6. Executing PROC_ROM pass (convert switches to ROMs).
Converted 0 switches.

18.4.7. Executing PROC_MUX pass (convert decision trees to multiplexers).

18.4.8. Executing PROC_DLATCH pass (convert process syncs to latches).

18.4.9. Executing PROC_DFF pass (convert process syncs to FFs).

18.4.10. Executing PROC_MEMWR pass (convert process memory writes to cells).

18.4.11. Executing PROC_CLEAN pass (remove empty switches from decision trees).
Cleaned up 0 empty switches.

18.4.12. Executing OPT_EXPR pass (perform const folding).
Optimizing module $paramod$1719986e2d5dc43517b18f4e324b0f602a4474e9\fifo.
Optimizing module $paramod$28704d8bf4447e08602ecae7770c77318b280126\fifo.
Optimizing module $paramod$5785904fef3fb2a86d9b4a3d3a35d0648892543e\i2s_tx.
Optimizing module $paramod$5ff65cac883644189a11f33c7731774bf2d6e2d2\clk_div.
Optimizing module $paramod\gain\DWIDTH=s32'00000000000000000000000000010000.
Optimizing module $paramod\i2s_rx\BIT_DEPTH=s32'00000000000000000000000000010000.
Optimizing module $paramod\volume\DWIDTH=s32'00000000000000000000000000010000.
Optimizing module encoder.
Optimizing module top.
Optimizing module wavetable_synth.

18.5. Executing CHECK pass (checking for obvious problems).
Checking module $paramod$1719986e2d5dc43517b18f4e324b0f602a4474e9\fifo...
Checking module $paramod$28704d8bf4447e08602ecae7770c77318b280126\fifo...
Checking module $paramod$5785904fef3fb2a86d9b4a3d3a35d0648892543e\i2s_tx...
Checking module $paramod$5ff65cac883644189a11f33c7731774bf2d6e2d2\clk_div...
Checking module $paramod\gain\DWIDTH=s32'00000000000000000000000000010000...
Checking module $paramod\i2s_rx\BIT_DEPTH=s32'00000000000000000000000000010000...
Checking module $paramod\volume\DWIDTH=s32'00000000000000000000000000010000...
Checking module encoder...
Checking module top...
Checking module wavetable_synth...
Found and reported 0 problems.

18.6. Executing FLATTEN pass (flatten design).
Deleting now unused module $paramod$1719986e2d5dc43517b18f4e324b0f602a4474e9\fifo.
Deleting now unused module $paramod$28704d8bf4447e08602ecae7770c77318b280126\fifo.
Deleting now unused module $paramod$5785904fef3fb2a86d9b4a3d3a35d0648892543e\i2s_tx.
Deleting now unused module $paramod$5ff65cac883644189a11f33c7731774bf2d6e2d2\clk_div.
Deleting now unused module $paramod\gain\DWIDTH=s32'00000000000000000000000000010000.
Deleting now unused module $paramod\i2s_rx\BIT_DEPTH=s32'00000000000000000000000000010000.
Deleting now unused module $paramod\volume\DWIDTH=s32'00000000000000000000000000010000.
Deleting now unused module encoder.
Deleting now unused module wavetable_synth.
<suppressed ~12 debug messages>

18.7. Executing TRIBUF pass.

18.8. Executing DEMINOUT pass (demote inout ports to input or output).

18.9. Executing OPT_EXPR pass (perform const folding).
Optimizing module top.
<suppressed ~44 debug messages>

18.10. Executing OPT_CLEAN pass (remove unused cells and wires).
Finding unused cells or wires in module \top..
Removed 832 unused cells and 359 unused wires.
<suppressed ~856 debug messages>

18.11. Executing CHECK pass (checking for obvious problems).
Checking module top...
Found and reported 0 problems.

18.12. Executing OPT pass (performing simple optimizations).

18.12.1. Executing OPT_EXPR pass (perform const folding).
Optimizing module top.

18.12.2. Executing OPT_MERGE pass (detect identical cells).
Finding identical cells in module `\top'.
Computing hashes of 6186 cells of `\top'.
Finding duplicate cells in `\top'.
Computing hashes of 6168 cells of `\top'.
Finding duplicate cells in `\top'.
<suppressed ~54 debug messages>
Removed a total of 18 cells.

18.12.3. Executing OPT_MUXTREE pass (detect dead branches in mux trees).
Running muxtree optimizer on module \top..
  Creating internal representation of mux trees.
  No muxes found in this module.
Removed 0 multiplexer ports.

18.12.4. Executing OPT_REDUCE pass (consolidate $*mux and $reduce_* inputs).
  Optimizing cells in module \top.
Performed a total of 0 changes.

18.12.5. Executing OPT_MERGE pass (detect identical cells).
Finding identical cells in module `\top'.
Computing hashes of 6168 cells of `\top'.
Finding duplicate cells in `\top'.
Removed a total of 0 cells.

18.12.6. Executing OPT_DFF pass (perform DFF optimizations).

18.12.7. Executing OPT_CLEAN pass (remove unused cells and wires).
Finding unused cells or wires in module \top..
Removed 0 unused cells and 4 unused wires.
<suppressed ~1 debug messages>

18.12.8. Executing OPT_EXPR pass (perform const folding).
Optimizing module top.

18.12.9. Rerunning OPT passes. (Maybe there is more to do..)

18.12.10. Executing OPT_MUXTREE pass (detect dead branches in mux trees).
Running muxtree optimizer on module \top..
  Creating internal representation of mux trees.
  No muxes found in this module.
Removed 0 multiplexer ports.

18.12.11. Executing OPT_REDUCE pass (consolidate $*mux and $reduce_* inputs).
  Optimizing cells in module \top.
Performed a total of 0 changes.

18.12.12. Executing OPT_MERGE pass (detect identical cells).
Finding identical cells in module `\top'.
Computing hashes of 6168 cells of `\top'.
Finding duplicate cells in `\top'.
Removed a total of 0 cells.

18.12.13. Executing OPT_DFF pass (perform DFF optimizations).

18.12.14. Executing OPT_CLEAN pass (remove unused cells and wires).
Finding unused cells or wires in module \top..

18.12.15. Executing OPT_EXPR pass (perform const folding).
Optimizing module top.

18.12.16. Finished fast OPT passes. (There is nothing left to do.)

18.13. Executing FSM pass (extract and optimize FSM).

18.13.1. Executing FSM_DETECT pass (finding FSMs in design).

18.13.2. Executing FSM_EXTRACT pass (extracting FSM from design).

18.13.3. Executing FSM_OPT pass (simple optimizations of FSMs).

18.13.4. Executing OPT_CLEAN pass (remove unused cells and wires).
Finding unused cells or wires in module \top..

18.13.5. Executing FSM_OPT pass (simple optimizations of FSMs).

18.13.6. Executing FSM_RECODE pass (re-assigning FSM state encoding).

18.13.7. Executing FSM_INFO pass (dumping all available information on FSM cells).

18.13.8. Executing FSM_MAP pass (mapping FSMs to basic logic).

18.14. Executing OPT pass (performing simple optimizations).

18.14.1. Executing OPT_EXPR pass (perform const folding).
Optimizing module top.

18.14.2. Executing OPT_MERGE pass (detect identical cells).
Finding identical cells in module `\top'.
Computing hashes of 6168 cells of `\top'.
Finding duplicate cells in `\top'.
Removed a total of 0 cells.

18.14.3. Executing OPT_MUXTREE pass (detect dead branches in mux trees).
Running muxtree optimizer on module \top..
  Creating internal representation of mux trees.
  No muxes found in this module.
Removed 0 multiplexer ports.

18.14.4. Executing OPT_REDUCE pass (consolidate $*mux and $reduce_* inputs).
  Optimizing cells in module \top.
Performed a total of 0 changes.

18.14.5. Executing OPT_MERGE pass (detect identical cells).
Finding identical cells in module `\top'.
Computing hashes of 6168 cells of `\top'.
Finding duplicate cells in `\top'.
Removed a total of 0 cells.

18.14.6. Executing OPT_DFF pass (perform DFF optimizations).

18.14.7. Executing OPT_CLEAN pass (remove unused cells and wires).
Finding unused cells or wires in module \top..

18.14.8. Executing OPT_EXPR pass (perform const folding).
Optimizing module top.

18.14.9. Finished fast OPT passes. (There is nothing left to do.)

18.15. Executing WREDUCE pass (reducing word size of cells).
Removed top 1 bits (of 2) from wire top.$flatten\volume_inst.$auto$simplemap.cc:148:simplemap_reduce$9234.
Removed top 2 bits (of 4) from wire top.$flatten\volume_inst.$auto$simplemap.cc:148:simplemap_reduce$9229.
Removed top 4 bits (of 8) from wire top.$flatten\volume_inst.$auto$simplemap.cc:148:simplemap_reduce$9220.
Removed top 8 bits (of 16) from wire top.$flatten\volume_inst.$auto$simplemap.cc:148:simplemap_reduce$9203.
Removed top 16 bits (of 32) from wire top.i2s_rx_fifo_wr_data.

18.16. Executing PEEPOPT pass (run peephole optimizers).

18.17. Executing OPT_CLEAN pass (remove unused cells and wires).
Finding unused cells or wires in module \top..
Removed 0 unused cells and 5 unused wires.
<suppressed ~1 debug messages>

18.18. Executing SHARE pass (SAT-based resource sharing).

18.19. Executing TECHMAP pass (map to technology primitives).

18.19.1. Executing Verilog-2005 frontend: /opt/homebrew/bin/../share/yosys/mul2dsp.v
Parsing Verilog input from `/opt/homebrew/bin/../share/yosys/mul2dsp.v' to AST representation.
Generating RTLIL representation for module `\_80_mul'.
Generating RTLIL representation for module `\_90_soft_mul'.
Successfully finished Verilog frontend.

18.19.2. Continuing TECHMAP pass.
No more expansions possible.
<suppressed ~4 debug messages>

18.20. Executing TECHMAP pass (map to technology primitives).

18.20.1. Executing Verilog-2005 frontend: /opt/homebrew/bin/../share/yosys/mul2dsp.v
Parsing Verilog input from `/opt/homebrew/bin/../share/yosys/mul2dsp.v' to AST representation.
Generating RTLIL representation for module `\_80_mul'.
Generating RTLIL representation for module `\_90_soft_mul'.
Successfully finished Verilog frontend.

18.20.2. Continuing TECHMAP pass.
No more expansions possible.
<suppressed ~4 debug messages>

18.21. Executing TECHMAP pass (map to technology primitives).

18.21.1. Executing Verilog-2005 frontend: /opt/homebrew/bin/../share/yosys/mul2dsp.v
Parsing Verilog input from `/opt/homebrew/bin/../share/yosys/mul2dsp.v' to AST representation.
Generating RTLIL representation for module `\_80_mul'.
Generating RTLIL representation for module `\_90_soft_mul'.
Successfully finished Verilog frontend.

18.21.2. Continuing TECHMAP pass.
No more expansions possible.
<suppressed ~4 debug messages>

18.22. Executing TECHMAP pass (map to technology primitives).

18.22.1. Executing Verilog-2005 frontend: /opt/homebrew/bin/../share/yosys/mul2dsp.v
Parsing Verilog input from `/opt/homebrew/bin/../share/yosys/mul2dsp.v' to AST representation.
Generating RTLIL representation for module `\_80_mul'.
Generating RTLIL representation for module `\_90_soft_mul'.
Successfully finished Verilog frontend.

18.22.2. Continuing TECHMAP pass.
No more expansions possible.
<suppressed ~4 debug messages>

18.23. Executing TECHMAP pass (map to technology primitives).

18.23.1. Executing Verilog-2005 frontend: /opt/homebrew/bin/../share/yosys/gowin/dsp_map.v
Parsing Verilog input from `/opt/homebrew/bin/../share/yosys/gowin/dsp_map.v' to AST representation.
Generating RTLIL representation for module `$__MUL9X9'.
Generating RTLIL representation for module `$__MUL18X18'.
Generating RTLIL representation for module `$__MUL36X36'.
Successfully finished Verilog frontend.

18.23.2. Continuing TECHMAP pass.
No more expansions possible.
<suppressed ~5 debug messages>

18.24. Executing ALUMACC pass (create $alu and $macc cells).
Extracting $alu and $macc cells in module top:
  created 0 $alu and 0 $macc cells.

18.25. Executing OPT pass (performing simple optimizations).

18.25.1. Executing OPT_EXPR pass (perform const folding).
Optimizing module top.

18.25.2. Executing OPT_MERGE pass (detect identical cells).
Finding identical cells in module `\top'.
Computing hashes of 6168 cells of `\top'.
Finding duplicate cells in `\top'.
Removed a total of 0 cells.

18.25.3. Executing OPT_MUXTREE pass (detect dead branches in mux trees).
Running muxtree optimizer on module \top..
  Creating internal representation of mux trees.
  No muxes found in this module.
Removed 0 multiplexer ports.

18.25.4. Executing OPT_REDUCE pass (consolidate $*mux and $reduce_* inputs).
  Optimizing cells in module \top.
Performed a total of 0 changes.

18.25.5. Executing OPT_MERGE pass (detect identical cells).
Finding identical cells in module `\top'.
Computing hashes of 6168 cells of `\top'.
Finding duplicate cells in `\top'.
Removed a total of 0 cells.

18.25.6. Executing OPT_DFF pass (perform DFF optimizations).

18.25.7. Executing OPT_CLEAN pass (remove unused cells and wires).
Finding unused cells or wires in module \top..

18.25.8. Executing OPT_EXPR pass (perform const folding).
Optimizing module top.

18.25.9. Finished fast OPT passes. (There is nothing left to do.)

18.26. Executing MEMORY pass.

18.26.1. Executing OPT_MEM pass (optimize memories).
Performed a total of 0 transformations.

18.26.2. Executing OPT_MEM_PRIORITY pass (removing unnecessary memory write priority relations).
Performed a total of 0 transformations.

18.26.3. Executing OPT_MEM_FEEDBACK pass (finding memory read-to-write feedback paths).

18.26.4. Executing MEMORY_BMUX2ROM pass (converting muxes to ROMs).

18.26.5. Executing MEMORY_DFF pass (merging $dff cells to $memrd).

18.26.6. Executing OPT_CLEAN pass (remove unused cells and wires).
Finding unused cells or wires in module \top..

18.26.7. Executing MEMORY_SHARE pass (consolidating $memrd/$memwr cells).

18.26.8. Executing OPT_MEM_WIDEN pass (optimize memories where all ports are wide).
Performed a total of 0 transformations.

18.26.9. Executing OPT_CLEAN pass (remove unused cells and wires).
Finding unused cells or wires in module \top..

18.26.10. Executing MEMORY_COLLECT pass (generating $mem cells).

18.27. Executing OPT_CLEAN pass (remove unused cells and wires).
Finding unused cells or wires in module \top..

18.28. Executing MEMORY_LIBMAP pass (mapping memories to cells).

18.29. Executing TECHMAP pass (map to technology primitives).

18.29.1. Executing Verilog-2005 frontend: /opt/homebrew/bin/../share/yosys/gowin/lutrams_map.v
Parsing Verilog input from `/opt/homebrew/bin/../share/yosys/gowin/lutrams_map.v' to AST representation.
Generating RTLIL representation for module `$__GOWIN_LUTRAM_'.
Successfully finished Verilog frontend.

18.29.2. Executing Verilog-2005 frontend: /opt/homebrew/bin/../share/yosys/gowin/brams_map.v
Parsing Verilog input from `/opt/homebrew/bin/../share/yosys/gowin/brams_map.v' to AST representation.
Generating RTLIL representation for module `$__GOWIN_SP_'.
Generating RTLIL representation for module `$__GOWIN_DP_'.
Generating RTLIL representation for module `$__GOWIN_SDP_'.
Successfully finished Verilog frontend.

18.29.3. Continuing TECHMAP pass.
No more expansions possible.
<suppressed ~6 debug messages>

18.30. Executing OPT pass (performing simple optimizations).

18.30.1. Executing OPT_EXPR pass (perform const folding).
Optimizing module top.
<suppressed ~385 debug messages>

18.30.2. Executing OPT_MERGE pass (detect identical cells).
Finding identical cells in module `\top'.
Computing hashes of 6046 cells of `\top'.
Finding duplicate cells in `\top'.
Removed a total of 0 cells.

18.30.3. Executing OPT_DFF pass (perform DFF optimizations).
Setting constant 0-bit at position 0 on $flatten\i2s_rx_inst.$auto$ff.cc:337:slice$7044 ($_DFFE_PN0P_) from module top.
Setting constant 0-bit at position 0 on $flatten\volume_inst.$auto$ff.cc:337:slice$15228 ($_DFFE_PP0P_) from module top.

18.30.4. Executing OPT_CLEAN pass (remove unused cells and wires).
Finding unused cells or wires in module \top..
Removed 50 unused cells and 92 unused wires.
<suppressed ~51 debug messages>

18.30.5. Rerunning OPT passes. (Removed registers in this run.)

18.30.6. Executing OPT_EXPR pass (perform const folding).
Optimizing module top.
<suppressed ~209 debug messages>

18.30.7. Executing OPT_MERGE pass (detect identical cells).
Finding identical cells in module `\top'.
Computing hashes of 5785 cells of `\top'.
Finding duplicate cells in `\top'.
Removed a total of 0 cells.

18.30.8. Executing OPT_DFF pass (perform DFF optimizations).

18.30.9. Executing OPT_CLEAN pass (remove unused cells and wires).
Finding unused cells or wires in module \top..
Removed 8 unused cells and 19 unused wires.
<suppressed ~9 debug messages>

18.30.10. Finished fast OPT passes.

18.31. Executing MEMORY_MAP pass (converting memories to logic and flip-flops).

18.32. Executing OPT pass (performing simple optimizations).

18.32.1. Executing OPT_EXPR pass (perform const folding).
Optimizing module top.

18.32.2. Executing OPT_MERGE pass (detect identical cells).
Finding identical cells in module `\top'.
Computing hashes of 5777 cells of `\top'.
Finding duplicate cells in `\top'.
Removed a total of 0 cells.

18.32.3. Executing OPT_MUXTREE pass (detect dead branches in mux trees).
Running muxtree optimizer on module \top..
  Creating internal representation of mux trees.
  No muxes found in this module.
Removed 0 multiplexer ports.

18.32.4. Executing OPT_REDUCE pass (consolidate $*mux and $reduce_* inputs).
  Optimizing cells in module \top.
Performed a total of 0 changes.

18.32.5. Executing OPT_MERGE pass (detect identical cells).
Finding identical cells in module `\top'.
Computing hashes of 5777 cells of `\top'.
Finding duplicate cells in `\top'.
Removed a total of 0 cells.

18.32.6. Executing OPT_DFF pass (perform DFF optimizations).

18.32.7. Executing OPT_CLEAN pass (remove unused cells and wires).
Finding unused cells or wires in module \top..

18.32.8. Executing OPT_EXPR pass (perform const folding).
Optimizing module top.

18.32.9. Finished fast OPT passes. (There is nothing left to do.)

18.33. Executing TECHMAP pass (map to technology primitives).

18.33.1. Executing Verilog-2005 frontend: /opt/homebrew/bin/../share/yosys/techmap.v
Parsing Verilog input from `/opt/homebrew/bin/../share/yosys/techmap.v' to AST representation.
Generating RTLIL representation for module `\_90_simplemap_bool_ops'.
Generating RTLIL representation for module `\_90_simplemap_reduce_ops'.
Generating RTLIL representation for module `\_90_simplemap_logic_ops'.
Generating RTLIL representation for module `\_90_simplemap_compare_ops'.
Generating RTLIL representation for module `\_90_simplemap_various'.
Generating RTLIL representation for module `\_90_simplemap_registers'.
Generating RTLIL representation for module `\_90_shift_ops_shr_shl_sshl_sshr'.
Generating RTLIL representation for module `\_90_shift_shiftx'.
Generating RTLIL representation for module `\_90_fa'.
Generating RTLIL representation for module `\_90_lcu_brent_kung'.
Generating RTLIL representation for module `\_90_alu'.
Generating RTLIL representation for module `\_90_macc'.
Generating RTLIL representation for module `\_90_alumacc'.
Generating RTLIL representation for module `$__div_mod_u'.
Generating RTLIL representation for module `$__div_mod_trunc'.
Generating RTLIL representation for module `\_90_div'.
Generating RTLIL representation for module `\_90_mod'.
Generating RTLIL representation for module `$__div_mod_floor'.
Generating RTLIL representation for module `\_90_divfloor'.
Generating RTLIL representation for module `\_90_modfloor'.
Generating RTLIL representation for module `\_90_pow'.
Generating RTLIL representation for module `\_90_demux'.
Generating RTLIL representation for module `\_90_lut'.
Generating RTLIL representation for module `$connect'.
Generating RTLIL representation for module `$input_port'.
Successfully finished Verilog frontend.

18.33.2. Executing Verilog-2005 frontend: /opt/homebrew/bin/../share/yosys/gowin/arith_map.v
Parsing Verilog input from `/opt/homebrew/bin/../share/yosys/gowin/arith_map.v' to AST representation.
Generating RTLIL representation for module `\_80_gw1n_alu'.
Successfully finished Verilog frontend.

18.33.3. Continuing TECHMAP pass.
No more expansions possible.
<suppressed ~77 debug messages>

18.34. Executing OPT pass (performing simple optimizations).

18.34.1. Executing OPT_EXPR pass (perform const folding).
Optimizing module top.

18.34.2. Executing OPT_MERGE pass (detect identical cells).
Finding identical cells in module `\top'.
Computing hashes of 5777 cells of `\top'.
Finding duplicate cells in `\top'.
Removed a total of 0 cells.

18.34.3. Executing OPT_DFF pass (perform DFF optimizations).

18.34.4. Executing OPT_CLEAN pass (remove unused cells and wires).
Finding unused cells or wires in module \top..

18.34.5. Finished fast OPT passes.

18.35. Executing IOPADMAP pass (mapping inputs/outputs to IO-PAD cells).
Mapping port top.audio_in_i2s_bclk using IBUF.
Mapping port top.audio_in_i2s_din using IBUF.
Mapping port top.audio_in_i2s_lrck using IBUF.
Mapping port top.audio_out_i2s_bclk using OBUF.
Mapping port top.audio_out_i2s_bclk_2 using OBUF.
Mapping port top.audio_out_i2s_dout using OBUF.
Mapping port top.audio_out_i2s_dout_2 using OBUF.
Mapping port top.audio_out_i2s_lrck using OBUF.
Mapping port top.audio_out_i2s_lrck_2 using OBUF.
Mapping port top.freq_enc_A using IBUF.
Mapping port top.freq_enc_B using IBUF.
Mapping port top.freq_enc_C using IBUF.
Mapping port top.i2s_bclk using OBUF.
Mapping port top.i2s_din using OBUF.
Mapping port top.i2s_lrck using OBUF.
Mapping port top.led using OBUF.
Mapping port top.sys_clk using IBUF.
Mapping port top.sys_rst_n using IBUF.
Mapping port top.vol_enc_A using IBUF.
Mapping port top.vol_enc_B using IBUF.
Mapping port top.vol_enc_C using IBUF.

18.36. Executing OPT_CLEAN pass (remove unused cells and wires).
Finding unused cells or wires in module \top..
Removed 0 unused cells and 20 unused wires.
<suppressed ~1 debug messages>

18.37. Executing DFFLEGALIZE pass (convert FFs and LATCHes to types supported by the target).

18.38. Executing TECHMAP pass (map to technology primitives).

18.38.1. Executing Verilog-2005 frontend: /opt/homebrew/bin/../share/yosys/gowin/cells_map.v
Parsing Verilog input from `/opt/homebrew/bin/../share/yosys/gowin/cells_map.v' to AST representation.
Generating RTLIL representation for module `$_DFF_N_'.
Generating RTLIL representation for module `$_DFF_P_'.
Generating RTLIL representation for module `$_DFFE_PP_'.
Generating RTLIL representation for module `$_DFFE_NP_'.
Generating RTLIL representation for module `$_SDFF_PP0_'.
Generating RTLIL representation for module `$_SDFF_NP0_'.
Generating RTLIL representation for module `$_SDFFE_PP0P_'.
Generating RTLIL representation for module `$_SDFFE_NP0P_'.
Generating RTLIL representation for module `$_SDFF_PP1_'.
Generating RTLIL representation for module `$_SDFF_NP1_'.
Generating RTLIL representation for module `$_SDFFE_PP1P_'.
Generating RTLIL representation for module `$_SDFFE_NP1P_'.
Generating RTLIL representation for module `$_DFF_PP1_'.
Generating RTLIL representation for module `$_DFF_NP1_'.
Generating RTLIL representation for module `$_DFF_PP0_'.
Generating RTLIL representation for module `$_DFF_NP0_'.
Generating RTLIL representation for module `$_DFFE_PP1P_'.
Generating RTLIL representation for module `$_DFFE_NP1P_'.
Generating RTLIL representation for module `$_DFFE_PP0P_'.
Generating RTLIL representation for module `$_DFFE_NP0P_'.
Generating RTLIL representation for module `$lut'.
Successfully finished Verilog frontend.

18.38.2. Continuing TECHMAP pass.
Using template $_SDFFE_PP0P_ for cells of type $_SDFFE_PP0P_.
Using template $_DFF_PP0_ for cells of type $_DFF_PP0_.
Using template $_DFFE_PP0P_ for cells of type $_DFFE_PP0P_.
Using template $_DFFE_PP1P_ for cells of type $_DFFE_PP1P_.
Using template $_SDFF_PP0_ for cells of type $_SDFF_PP0_.
Using template $_DFFE_PP_ for cells of type $_DFFE_PP_.
Using template $_DFF_PP1_ for cells of type $_DFF_PP1_.
No more expansions possible.
<suppressed ~1156 debug messages>

18.39. Executing TECHMAP pass (map to technology primitives).

18.39.1. Executing Verilog-2005 frontend: /opt/homebrew/bin/../share/yosys/gowin/cells_latch.v
Parsing Verilog input from `/opt/homebrew/bin/../share/yosys/gowin/cells_latch.v' to AST representation.
Generating RTLIL representation for module `$_DLATCH_P_'.
Generating RTLIL representation for module `$_DLATCH_N_'.
Generating RTLIL representation for module `$_DLATCH_PP0_'.
Generating RTLIL representation for module `$_DLATCH_NP0_'.
Generating RTLIL representation for module `$_DLATCH_PP1_'.
Generating RTLIL representation for module `$_DLATCH_NP1_'.
Successfully finished Verilog frontend.

18.39.2. Continuing TECHMAP pass.
No more expansions possible.
<suppressed ~8 debug messages>

18.40. Executing OPT_EXPR pass (perform const folding).
Optimizing module top.
<suppressed ~23 debug messages>

18.41. Executing SIMPLEMAP pass (map simple cells to gate primitives).

18.42. Executing SORT pass.

18.43. Executing Verilog-2005 frontend: /opt/homebrew/bin/../share/yosys/abc9_model.v
Parsing Verilog input from `/opt/homebrew/bin/../share/yosys/abc9_model.v' to AST representation.
Generating RTLIL representation for module `$__ABC9_DELAY'.
Generating RTLIL representation for module `$__ABC9_SCC_BREAKER'.
Generating RTLIL representation for module `$__DFF_N__$abc9_flop'.
Generating RTLIL representation for module `$__DFF_P__$abc9_flop'.
Successfully finished Verilog frontend.

18.44. Executing ABC9 pass.

18.44.1. Executing ABC9_OPS pass (helper functions for ABC9).

18.44.2. Executing ABC9_OPS pass (helper functions for ABC9).

18.44.3. Executing PROC pass (convert processes to netlists).

18.44.3.1. Executing PROC_CLEAN pass (remove empty switches from decision trees).
Cleaned up 0 empty switches.

18.44.3.2. Executing PROC_RMDEAD pass (remove dead branches from decision trees).
Marked 1 switch rules as full_case in process $proc$/opt/homebrew/bin/../share/yosys/gowin/cells_sim.v:348$15518 in module DFFCE.
Removed a total of 0 dead cases.

18.44.3.3. Executing PROC_PRUNE pass (remove redundant assignments in processes).
Removed 0 redundant assignments.
Promoted 1 assignment to connection.

18.44.3.4. Executing PROC_INIT pass (extract init attributes).
Found init rule in `\DFFCE.$proc$/opt/homebrew/bin/../share/yosys/gowin/cells_sim.v:339$15519'.
  Set init value: \Q = 1'0

18.44.3.5. Executing PROC_ARST pass (detect async resets in processes).
Found async reset \CLEAR in `\DFFCE.$proc$/opt/homebrew/bin/../share/yosys/gowin/cells_sim.v:348$15518'.

18.44.3.6. Executing PROC_ROM pass (convert switches to ROMs).
Converted 0 switches.
<suppressed ~1 debug messages>

18.44.3.7. Executing PROC_MUX pass (convert decision trees to multiplexers).
Creating decoders for process `\DFFCE.$proc$/opt/homebrew/bin/../share/yosys/gowin/cells_sim.v:339$15519'.
Creating decoders for process `\DFFCE.$proc$/opt/homebrew/bin/../share/yosys/gowin/cells_sim.v:348$15518'.
     1/1: $0\Q[0:0]

18.44.3.8. Executing PROC_DLATCH pass (convert process syncs to latches).

18.44.3.9. Executing PROC_DFF pass (convert process syncs to FFs).
Creating register for signal `\DFFCE.\Q' using process `\DFFCE.$proc$/opt/homebrew/bin/../share/yosys/gowin/cells_sim.v:348$15518'.
  created $adff cell `$procdff$17772' with positive edge clock and positive level reset.

18.44.3.10. Executing PROC_MEMWR pass (convert process memory writes to cells).

18.44.3.11. Executing PROC_CLEAN pass (remove empty switches from decision trees).
Removing empty process `DFFCE.$proc$/opt/homebrew/bin/../share/yosys/gowin/cells_sim.v:339$15519'.
Found and cleaned up 1 empty switch in `\DFFCE.$proc$/opt/homebrew/bin/../share/yosys/gowin/cells_sim.v:348$15518'.
Removing empty process `DFFCE.$proc$/opt/homebrew/bin/../share/yosys/gowin/cells_sim.v:348$15518'.
Cleaned up 1 empty switch.

18.44.4. Executing PROC pass (convert processes to netlists).

18.44.4.1. Executing PROC_CLEAN pass (remove empty switches from decision trees).
Cleaned up 0 empty switches.

18.44.4.2. Executing PROC_RMDEAD pass (remove dead branches from decision trees).
Marked 1 switch rules as full_case in process $proc$/opt/homebrew/bin/../share/yosys/gowin/cells_sim.v:328$15516 in module DFFC.
Removed a total of 0 dead cases.

18.44.4.3. Executing PROC_PRUNE pass (remove redundant assignments in processes).
Removed 1 redundant assignment.
Promoted 1 assignment to connection.

18.44.4.4. Executing PROC_INIT pass (extract init attributes).
Found init rule in `\DFFC.$proc$/opt/homebrew/bin/../share/yosys/gowin/cells_sim.v:320$15517'.
  Set init value: \Q = 1'0

18.44.4.5. Executing PROC_ARST pass (detect async resets in processes).
Found async reset \CLEAR in `\DFFC.$proc$/opt/homebrew/bin/../share/yosys/gowin/cells_sim.v:328$15516'.

18.44.4.6. Executing PROC_ROM pass (convert switches to ROMs).
Converted 0 switches.

18.44.4.7. Executing PROC_MUX pass (convert decision trees to multiplexers).
Creating decoders for process `\DFFC.$proc$/opt/homebrew/bin/../share/yosys/gowin/cells_sim.v:320$15517'.
Creating decoders for process `\DFFC.$proc$/opt/homebrew/bin/../share/yosys/gowin/cells_sim.v:328$15516'.
     1/1: $0\Q[0:0]

18.44.4.8. Executing PROC_DLATCH pass (convert process syncs to latches).

18.44.4.9. Executing PROC_DFF pass (convert process syncs to FFs).
Creating register for signal `\DFFC.\Q' using process `\DFFC.$proc$/opt/homebrew/bin/../share/yosys/gowin/cells_sim.v:328$15516'.
  created $adff cell `$procdff$17775' with positive edge clock and positive level reset.

18.44.4.10. Executing PROC_MEMWR pass (convert process memory writes to cells).

18.44.4.11. Executing PROC_CLEAN pass (remove empty switches from decision trees).
Removing empty process `DFFC.$proc$/opt/homebrew/bin/../share/yosys/gowin/cells_sim.v:320$15517'.
Removing empty process `DFFC.$proc$/opt/homebrew/bin/../share/yosys/gowin/cells_sim.v:328$15516'.
Cleaned up 0 empty switches.

18.44.5. Executing PROC pass (convert processes to netlists).

18.44.5.1. Executing PROC_CLEAN pass (remove empty switches from decision trees).
Cleaned up 0 empty switches.

18.44.5.2. Executing PROC_RMDEAD pass (remove dead branches from decision trees).
Marked 1 switch rules as full_case in process $proc$/opt/homebrew/bin/../share/yosys/gowin/cells_sim.v:309$15514 in module DFFPE.
Removed a total of 0 dead cases.

18.44.5.3. Executing PROC_PRUNE pass (remove redundant assignments in processes).
Removed 0 redundant assignments.
Promoted 1 assignment to connection.

18.44.5.4. Executing PROC_INIT pass (extract init attributes).
Found init rule in `\DFFPE.$proc$/opt/homebrew/bin/../share/yosys/gowin/cells_sim.v:300$15515'.
  Set init value: \Q = 1'1

18.44.5.5. Executing PROC_ARST pass (detect async resets in processes).
Found async reset \PRESET in `\DFFPE.$proc$/opt/homebrew/bin/../share/yosys/gowin/cells_sim.v:309$15514'.

18.44.5.6. Executing PROC_ROM pass (convert switches to ROMs).
Converted 0 switches.
<suppressed ~1 debug messages>

18.44.5.7. Executing PROC_MUX pass (convert decision trees to multiplexers).
Creating decoders for process `\DFFPE.$proc$/opt/homebrew/bin/../share/yosys/gowin/cells_sim.v:300$15515'.
Creating decoders for process `\DFFPE.$proc$/opt/homebrew/bin/../share/yosys/gowin/cells_sim.v:309$15514'.
     1/1: $0\Q[0:0]

18.44.5.8. Executing PROC_DLATCH pass (convert process syncs to latches).

18.44.5.9. Executing PROC_DFF pass (convert process syncs to FFs).
Creating register for signal `\DFFPE.\Q' using process `\DFFPE.$proc$/opt/homebrew/bin/../share/yosys/gowin/cells_sim.v:309$15514'.
  created $adff cell `$procdff$17780' with positive edge clock and positive level reset.

18.44.5.10. Executing PROC_MEMWR pass (convert process memory writes to cells).

18.44.5.11. Executing PROC_CLEAN pass (remove empty switches from decision trees).
Removing empty process `DFFPE.$proc$/opt/homebrew/bin/../share/yosys/gowin/cells_sim.v:300$15515'.
Found and cleaned up 1 empty switch in `\DFFPE.$proc$/opt/homebrew/bin/../share/yosys/gowin/cells_sim.v:309$15514'.
Removing empty process `DFFPE.$proc$/opt/homebrew/bin/../share/yosys/gowin/cells_sim.v:309$15514'.
Cleaned up 1 empty switch.

18.44.6. Executing PROC pass (convert processes to netlists).

18.44.6.1. Executing PROC_CLEAN pass (remove empty switches from decision trees).
Cleaned up 0 empty switches.

18.44.6.2. Executing PROC_RMDEAD pass (remove dead branches from decision trees).
Marked 1 switch rules as full_case in process $proc$/opt/homebrew/bin/../share/yosys/gowin/cells_sim.v:289$15512 in module DFFP.
Removed a total of 0 dead cases.

18.44.6.3. Executing PROC_PRUNE pass (remove redundant assignments in processes).
Removed 1 redundant assignment.
Promoted 1 assignment to connection.

18.44.6.4. Executing PROC_INIT pass (extract init attributes).
Found init rule in `\DFFP.$proc$/opt/homebrew/bin/../share/yosys/gowin/cells_sim.v:281$15513'.
  Set init value: \Q = 1'1

18.44.6.5. Executing PROC_ARST pass (detect async resets in processes).
Found async reset \PRESET in `\DFFP.$proc$/opt/homebrew/bin/../share/yosys/gowin/cells_sim.v:289$15512'.

18.44.6.6. Executing PROC_ROM pass (convert switches to ROMs).
Converted 0 switches.

18.44.6.7. Executing PROC_MUX pass (convert decision trees to multiplexers).
Creating decoders for process `\DFFP.$proc$/opt/homebrew/bin/../share/yosys/gowin/cells_sim.v:281$15513'.
Creating decoders for process `\DFFP.$proc$/opt/homebrew/bin/../share/yosys/gowin/cells_sim.v:289$15512'.
     1/1: $0\Q[0:0]

18.44.6.8. Executing PROC_DLATCH pass (convert process syncs to latches).

18.44.6.9. Executing PROC_DFF pass (convert process syncs to FFs).
Creating register for signal `\DFFP.\Q' using process `\DFFP.$proc$/opt/homebrew/bin/../share/yosys/gowin/cells_sim.v:289$15512'.
  created $adff cell `$procdff$17783' with positive edge clock and positive level reset.

18.44.6.10. Executing PROC_MEMWR pass (convert process memory writes to cells).

18.44.6.11. Executing PROC_CLEAN pass (remove empty switches from decision trees).
Removing empty process `DFFP.$proc$/opt/homebrew/bin/../share/yosys/gowin/cells_sim.v:281$15513'.
Removing empty process `DFFP.$proc$/opt/homebrew/bin/../share/yosys/gowin/cells_sim.v:289$15512'.
Cleaned up 0 empty switches.

18.44.7. Executing SCC pass (detecting logic loops).
Found 0 SCCs in module top.
Found 0 SCCs.

18.44.8. Executing ABC9_OPS pass (helper functions for ABC9).

18.44.9. Executing TECHMAP pass (map to technology primitives).

18.44.9.1. Executing Verilog-2005 frontend: /opt/homebrew/bin/../share/yosys/techmap.v
Parsing Verilog input from `/opt/homebrew/bin/../share/yosys/techmap.v' to AST representation.
Generating RTLIL representation for module `\_90_simplemap_bool_ops'.
Generating RTLIL representation for module `\_90_simplemap_reduce_ops'.
Generating RTLIL representation for module `\_90_simplemap_logic_ops'.
Generating RTLIL representation for module `\_90_simplemap_compare_ops'.
Generating RTLIL representation for module `\_90_simplemap_various'.
Generating RTLIL representation for module `\_90_simplemap_registers'.
Generating RTLIL representation for module `\_90_shift_ops_shr_shl_sshl_sshr'.
Generating RTLIL representation for module `\_90_shift_shiftx'.
Generating RTLIL representation for module `\_90_fa'.
Generating RTLIL representation for module `\_90_lcu_brent_kung'.
Generating RTLIL representation for module `\_90_alu'.
Generating RTLIL representation for module `\_90_macc'.
Generating RTLIL representation for module `\_90_alumacc'.
Generating RTLIL representation for module `$__div_mod_u'.
Generating RTLIL representation for module `$__div_mod_trunc'.
Generating RTLIL representation for module `\_90_div'.
Generating RTLIL representation for module `\_90_mod'.
Generating RTLIL representation for module `$__div_mod_floor'.
Generating RTLIL representation for module `\_90_divfloor'.
Generating RTLIL representation for module `\_90_modfloor'.
Generating RTLIL representation for module `\_90_pow'.
Generating RTLIL representation for module `\_90_demux'.
Generating RTLIL representation for module `\_90_lut'.
Generating RTLIL representation for module `$connect'.
Generating RTLIL representation for module `$input_port'.
Successfully finished Verilog frontend.

18.44.9.2. Continuing TECHMAP pass.
No more expansions possible.
<suppressed ~233 debug messages>

18.44.10. Executing OPT pass (performing simple optimizations).

18.44.10.1. Executing OPT_EXPR pass (perform const folding).
Optimizing module DFFCE.
Optimizing module DFFC.
Optimizing module DFFPE.
Optimizing module DFFP.

18.44.10.2. Executing OPT_MERGE pass (detect identical cells).
Finding identical cells in module `\DFFCE'.
Computing hashes of 2 cells of `\DFFCE'.
Finding duplicate cells in `\DFFCE'.
Finding identical cells in module `\DFFC'.
Computing hashes of 2 cells of `\DFFC'.
Finding duplicate cells in `\DFFC'.
Finding identical cells in module `\DFFPE'.
Computing hashes of 2 cells of `\DFFPE'.
Finding duplicate cells in `\DFFPE'.
Finding identical cells in module `\DFFP'.
Computing hashes of 2 cells of `\DFFP'.
Finding duplicate cells in `\DFFP'.
Removed a total of 0 cells.

18.44.10.3. Executing OPT_MUXTREE pass (detect dead branches in mux trees).
Running muxtree optimizer on module \DFFCE..
  Creating internal representation of mux trees.
  No muxes found in this module.
Running muxtree optimizer on module \DFFC..
  Creating internal representation of mux trees.
  No muxes found in this module.
Running muxtree optimizer on module \DFFPE..
  Creating internal representation of mux trees.
  No muxes found in this module.
Running muxtree optimizer on module \DFFP..
  Creating internal representation of mux trees.
  No muxes found in this module.
Removed 0 multiplexer ports.

18.44.10.4. Executing OPT_REDUCE pass (consolidate $*mux and $reduce_* inputs).
  Optimizing cells in module \DFFCE.
  Optimizing cells in module \DFFC.
  Optimizing cells in module \DFFPE.
  Optimizing cells in module \DFFP.
Performed a total of 0 changes.

18.44.10.5. Executing OPT_MERGE pass (detect identical cells).
Finding identical cells in module `\DFFCE'.
Computing hashes of 2 cells of `\DFFCE'.
Finding duplicate cells in `\DFFCE'.
Finding identical cells in module `\DFFC'.
Computing hashes of 2 cells of `\DFFC'.
Finding duplicate cells in `\DFFC'.
Finding identical cells in module `\DFFPE'.
Computing hashes of 2 cells of `\DFFPE'.
Finding duplicate cells in `\DFFPE'.
Finding identical cells in module `\DFFP'.
Computing hashes of 2 cells of `\DFFP'.
Finding duplicate cells in `\DFFP'.
Removed a total of 0 cells.

18.44.10.6. Executing OPT_DFF pass (perform DFF optimizations).

18.44.10.7. Executing OPT_CLEAN pass (remove unused cells and wires).
Finding unused cells or wires in module \DFFCE..
Finding unused cells or wires in module \DFFC..
Finding unused cells or wires in module \DFFPE..
Finding unused cells or wires in module \DFFP..

18.44.10.8. Executing OPT_EXPR pass (perform const folding).
Optimizing module DFFCE.
Optimizing module DFFC.
Optimizing module DFFPE.
Optimizing module DFFP.

18.44.10.9. Finished fast OPT passes. (There is nothing left to do.)

18.44.11. Executing TECHMAP pass (map to technology primitives).

18.44.11.1. Executing Verilog-2005 frontend: /opt/homebrew/bin/../share/yosys/abc9_map.v
Parsing Verilog input from `/opt/homebrew/bin/../share/yosys/abc9_map.v' to AST representation.
Successfully finished Verilog frontend.

18.44.11.2. Continuing TECHMAP pass.
Using template DFFC for cells of type DFFC.
Using template DFFCE for cells of type DFFCE.
Using template DFFPE for cells of type DFFPE.
Using template DFFP for cells of type DFFP.
No more expansions possible.
<suppressed ~331 debug messages>

18.44.12. Executing Verilog-2005 frontend: /opt/homebrew/bin/../share/yosys/abc9_model.v
Parsing Verilog input from `/opt/homebrew/bin/../share/yosys/abc9_model.v' to AST representation.
Replacing existing blackbox module `$__ABC9_DELAY' at /opt/homebrew/bin/../share/yosys/abc9_model.v:2.1-7.10.
Generating RTLIL representation for module `$__ABC9_DELAY'.
Replacing existing blackbox module `$__ABC9_SCC_BREAKER' at /opt/homebrew/bin/../share/yosys/abc9_model.v:9.1-11.10.
Generating RTLIL representation for module `$__ABC9_SCC_BREAKER'.
Replacing existing module `$__DFF_N__$abc9_flop' at /opt/homebrew/bin/../share/yosys/abc9_model.v:14.1-20.10.
Generating RTLIL representation for module `$__DFF_N__$abc9_flop'.
Replacing existing module `$__DFF_P__$abc9_flop' at /opt/homebrew/bin/../share/yosys/abc9_model.v:23.1-29.10.
Generating RTLIL representation for module `$__DFF_P__$abc9_flop'.
Successfully finished Verilog frontend.

18.44.13. Executing ABC9_OPS pass (helper functions for ABC9).
<suppressed ~1640 debug messages>

18.44.14. Executing ABC9_OPS pass (helper functions for ABC9).

18.44.15. Executing ABC9_OPS pass (helper functions for ABC9).
<suppressed ~2 debug messages>

18.44.16. Executing TECHMAP pass (map to technology primitives).

18.44.16.1. Executing Verilog-2005 frontend: /opt/homebrew/bin/../share/yosys/techmap.v
Parsing Verilog input from `/opt/homebrew/bin/../share/yosys/techmap.v' to AST representation.
Generating RTLIL representation for module `\_90_simplemap_bool_ops'.
Generating RTLIL representation for module `\_90_simplemap_reduce_ops'.
Generating RTLIL representation for module `\_90_simplemap_logic_ops'.
Generating RTLIL representation for module `\_90_simplemap_compare_ops'.
Generating RTLIL representation for module `\_90_simplemap_various'.
Generating RTLIL representation for module `\_90_simplemap_registers'.
Generating RTLIL representation for module `\_90_shift_ops_shr_shl_sshl_sshr'.
Generating RTLIL representation for module `\_90_shift_shiftx'.
Generating RTLIL representation for module `\_90_fa'.
Generating RTLIL representation for module `\_90_lcu_brent_kung'.
Generating RTLIL representation for module `\_90_alu'.
Generating RTLIL representation for module `\_90_macc'.
Generating RTLIL representation for module `\_90_alumacc'.
Generating RTLIL representation for module `$__div_mod_u'.
Generating RTLIL representation for module `$__div_mod_trunc'.
Generating RTLIL representation for module `\_90_div'.
Generating RTLIL representation for module `\_90_mod'.
Generating RTLIL representation for module `$__div_mod_floor'.
Generating RTLIL representation for module `\_90_divfloor'.
Generating RTLIL representation for module `\_90_modfloor'.
Generating RTLIL representation for module `\_90_pow'.
Generating RTLIL representation for module `\_90_demux'.
Generating RTLIL representation for module `\_90_lut'.
Generating RTLIL representation for module `$connect'.
Generating RTLIL representation for module `$input_port'.
Successfully finished Verilog frontend.

18.44.16.2. Continuing TECHMAP pass.
No more expansions possible.
<suppressed ~235 debug messages>

18.44.17. Executing OPT pass (performing simple optimizations).

18.44.17.1. Executing OPT_EXPR pass (perform const folding).
Optimizing module top.

18.44.17.2. Executing OPT_MERGE pass (detect identical cells).
Finding identical cells in module `\top'.
Computing hashes of 0 cells of `\top'.
Finding duplicate cells in `\top'.
Removed a total of 0 cells.

18.44.17.3. Executing OPT_MUXTREE pass (detect dead branches in mux trees).
Running muxtree optimizer on module \top..
  Creating internal representation of mux trees.
  No muxes found in this module.
Removed 0 multiplexer ports.

18.44.17.4. Executing OPT_REDUCE pass (consolidate $*mux and $reduce_* inputs).
  Optimizing cells in module \top.
Performed a total of 0 changes.

18.44.17.5. Executing OPT_MERGE pass (detect identical cells).
Finding identical cells in module `\top'.
Computing hashes of 0 cells of `\top'.
Finding duplicate cells in `\top'.
Removed a total of 0 cells.

18.44.17.6. Executing OPT_DFF pass (perform DFF optimizations).

18.44.17.7. Executing OPT_CLEAN pass (remove unused cells and wires).
Finding unused cells or wires in module \top..

18.44.17.8. Executing OPT_EXPR pass (perform const folding).
Optimizing module top.

18.44.17.9. Finished fast OPT passes. (There is nothing left to do.)

18.44.18. Executing AIGMAP pass (map logic to AIG).

18.44.19. Executing AIGMAP pass (map logic to AIG).
Module top: replaced 2358 cells with 12384 new cells, skipped 5725 cells.
  replaced 3 cell types:
     235 $_MUX_
    1374 $_OR_
     749 $_XOR_
  not replaced 19 cell types:
    1988 $_AND_
     602 $_NOT_
      12 $scopeinfo
      11 IBUF
       1 pROM
      15 OBUF
     192 DFFCE
      62 DFFC
      21 DFFPE
      50 DFFP
      22 DFFRE
       1 DFFR
     785 DFFE
     192 DFFCE_$abc9_byp
      62 DFFC_$abc9_byp
      21 DFFPE_$abc9_byp
      50 DFFP_$abc9_byp
     830 $paramod$__ABC9_DELAY\DELAY=32'00000000000000000000000000111111
     808 $paramod$__ABC9_DELAY\DELAY=32'00000000000000000000001001000000

18.44.19.1. Executing ABC9_OPS pass (helper functions for ABC9).

18.44.19.2. Executing ABC9_OPS pass (helper functions for ABC9).

18.44.19.3. Executing XAIGER backend.
<suppressed ~1144 debug messages>
Extracted 6314 AND gates and 18409 wires from module `top' to a netlist network with 1185 inputs and 2358 outputs.

18.44.19.4. Executing ABC9_EXE pass (technology mapping using ABC9).

18.44.19.5. Executing ABC9.
Running ABC command: "<yosys-exe-dir>/yosys-abc" -s -f <abc-temp-dir>/abc.script 2>&1
ABC: ======== ABC command line "source <abc-temp-dir>/abc.script"
ABC: + read_lut <abc-temp-dir>/input.lut 
ABC: + read_box <abc-temp-dir>/input.box 
ABC: + &read <abc-temp-dir>/input.xaig 
ABC: + &ps 
ABC: <abc-temp-dir>/input : i/o =   1185/   2358  and =    5389  lev =   49 (1.55)  mem = 0.18 MB  box = 1963  bb = 1963
ABC: Warning: AIG with boxes has internal fanout in 0 complex flops and 15 carries.
ABC: + &scorr 
ABC: Warning: The network is combinational.
ABC: + &sweep 
ABC: + &dc2 
ABC: + &dch -f -r 
ABC: + &ps 
ABC: <abc-temp-dir>/input : i/o =   1185/   2358  and =    6611  lev =   68 (2.01)  mem = 0.20 MB  ch =  437  box = 1963  bb = 1963
ABC: cst =       0  cls =    380  lit =     437  unused =    8942  proof =     0
ABC: Warning: AIG with boxes has internal fanout in 0 complex flops and 15 carries.
ABC: + &if -W 500 -v 
ABC: K = 8. Memory (bytes): Truth =    0. Cut =   80. Obj =  160. Set =  816. CutMin = no
ABC: Node =    6611.  Ch =   380.  Total mem =    2.42 MB. Peak cut mem =    0.12 MB.
ABC: P:  Del = 25531.00.  Ar =   12551.0.  Edge =     8362.  Cut =   111587.  T =     0.02 sec
ABC: P:  Del = 25518.00.  Ar =   13255.0.  Edge =     8522.  Cut =   111166.  T =     0.02 sec
ABC: P:  Del = 25518.00.  Ar =    8010.0.  Edge =     8251.  Cut =   239706.  T =     0.04 sec
ABC: F:  Del = 25475.00.  Ar =    4594.0.  Edge =     6667.  Cut =   200967.  T =     0.03 sec
ABC: A:  Del = 25475.00.  Ar =    4070.0.  Edge =     6188.  Cut =   197791.  T =     0.04 sec
ABC: A:  Del = 25475.00.  Ar =    4036.0.  Edge =     6168.  Cut =   195444.  T =     0.04 sec
ABC: Total time =     0.19 sec
ABC: + &write -n <abc-temp-dir>/output.aig 
ABC: + &mfs 
ABC: + &ps -l 
ABC: <abc-temp-dir>/input : i/o =   1185/   2358  and =   11195  lev =   81 (1.84)  mem = 0.25 MB  box = 1963  bb = 1963
ABC: Mapping (K=8)  :  lut =   1447  edge =    6000  lev =   16 (1.07)  levB =   18  mem = 0.11 MB
ABC: LUT = 1447 : 2=184 12.7 %  3=299 20.7 %  4=551 38.1 %  5=227 15.7 %  6=32 2.2 %  7=28 1.9 %  8=126 8.7 %  Ave = 4.15
ABC: Warning: AIG with boxes has internal fanout in 0 complex flops and 15 carries.
ABC: + &write -n <abc-temp-dir>/output.aig 
ABC: + &verify 
ABC: Networks are equivalent.  Time =     0.27 sec
ABC: + time 
ABC: elapse: 6.17 seconds, total: 6.17 seconds

18.44.19.6. Executing AIGER frontend.
<suppressed ~12 debug messages>
Removed 18466 unused cells and 25902 unused wires.

18.44.19.7. Executing ABC_OPS_REINTEGRATE pass (reintegrate ABC mapped design into module).
ABC RESULTS:              $lut cells:     1472
ABC RESULTS:   \DFFCE_$abc9_byp cells:      192
ABC RESULTS:   \DFFC_$abc9_byp cells:       62
ABC RESULTS:   \DFFPE_$abc9_byp cells:       21
ABC RESULTS:   \DFFP_$abc9_byp cells:       50
ABC RESULTS:           input signals:      392
ABC RESULTS:          output signals:     2112
<suppressed ~7086 debug messages>
Removing temp directory.

18.44.20. Executing TECHMAP pass (map to technology primitives).

18.44.20.1. Executing Verilog-2005 frontend: /opt/homebrew/bin/../share/yosys/abc9_unmap.v
Parsing Verilog input from `/opt/homebrew/bin/../share/yosys/abc9_unmap.v' to AST representation.
Generating RTLIL representation for module `$__DFF_x__$abc9_flop'.
Generating RTLIL representation for module `$__ABC9_SCC_BREAKER'.
Successfully finished Verilog frontend.

18.44.20.2. Continuing TECHMAP pass.
Using template DFFCE_$abc9_byp for cells of type DFFCE_$abc9_byp.
Using template DFFPE_$abc9_byp for cells of type DFFPE_$abc9_byp.
Using template DFFC_$abc9_byp for cells of type DFFC_$abc9_byp.
Using template DFFP_$abc9_byp for cells of type DFFP_$abc9_byp.
No more expansions possible.
<suppressed ~334 debug messages>
Removed 126 unused cells and 29649 unused wires.

18.45. Executing TECHMAP pass (map to technology primitives).

18.45.1. Executing Verilog-2005 frontend: /opt/homebrew/bin/../share/yosys/gowin/cells_map.v
Parsing Verilog input from `/opt/homebrew/bin/../share/yosys/gowin/cells_map.v' to AST representation.
Generating RTLIL representation for module `$_DFF_N_'.
Generating RTLIL representation for module `$_DFF_P_'.
Generating RTLIL representation for module `$_DFFE_PP_'.
Generating RTLIL representation for module `$_DFFE_NP_'.
Generating RTLIL representation for module `$_SDFF_PP0_'.
Generating RTLIL representation for module `$_SDFF_NP0_'.
Generating RTLIL representation for module `$_SDFFE_PP0P_'.
Generating RTLIL representation for module `$_SDFFE_NP0P_'.
Generating RTLIL representation for module `$_SDFF_PP1_'.
Generating RTLIL representation for module `$_SDFF_NP1_'.
Generating RTLIL representation for module `$_SDFFE_PP1P_'.
Generating RTLIL representation for module `$_SDFFE_NP1P_'.
Generating RTLIL representation for module `$_DFF_PP1_'.
Generating RTLIL representation for module `$_DFF_NP1_'.
Generating RTLIL representation for module `$_DFF_PP0_'.
Generating RTLIL representation for module `$_DFF_NP0_'.
Generating RTLIL representation for module `$_DFFE_PP1P_'.
Generating RTLIL representation for module `$_DFFE_NP1P_'.
Generating RTLIL representation for module `$_DFFE_PP0P_'.
Generating RTLIL representation for module `$_DFFE_NP0P_'.
Generating RTLIL representation for module `$lut'.
Successfully finished Verilog frontend.

18.45.2. Continuing TECHMAP pass.
Using template $paramod$lut\WIDTH=32'00000000000000000000000000000010\LUT=4'0110 for cells of type $lut.
Using template $paramod$c38bbd1f103ddd1513504f3ce7bb7c063e45badd$lut for cells of type $lut.
Using template $paramod$101238f3d8d49ab12a9b49a2f01cd503b26e9c61$lut for cells of type $lut.
Using template $paramod$6e238df02989b317f10820a22773676e71120644$lut for cells of type $lut.
Using template $paramod$6e58a7587e1a889b3cda24a7a562963628291491$lut for cells of type $lut.
Using template $paramod$945973007634a6e187a1aa1ebd8842fe6cd9c9c8$lut for cells of type $lut.
Using template $paramod$d6ca727e39f31d51d29072e0f33aa09c65e37336$lut for cells of type $lut.
Using template $paramod$364c9ffbffac467d60dfec81bba4e18476c15602$lut for cells of type $lut.
Using template $paramod$f8f63b209b7230e81958663ff24fef1613156af7$lut for cells of type $lut.
Using template $paramod$lut\WIDTH=32'00000000000000000000000000000010\LUT=4'1000 for cells of type $lut.
Using template $paramod$571404c0889eaf57f492cb5e37f8acb5df5852f9$lut for cells of type $lut.
Using template $paramod$47a8214374025465e226fa66bee690ff33268a25$lut for cells of type $lut.
Using template $paramod$7833f9b30d026f03bf0a3727996d8f0d82b69eb0$lut for cells of type $lut.
Using template $paramod$20f3f4b8e32f8a8b038b0056872dc94926194798$lut for cells of type $lut.
Using template $paramod$lut\WIDTH=32'00000000000000000000000000000010\LUT=4'0010 for cells of type $lut.
Using template $paramod$8a9794a3b5c1a201cc5aedb8a9ed8036a72a1ac7$lut for cells of type $lut.
Using template $paramod$lut\WIDTH=32'00000000000000000000000000000011\LUT=8'11001010 for cells of type $lut.
Using template $paramod$704cad882e2bedddf5c55ef18de55c67afe1e0ec$lut for cells of type $lut.
Using template $paramod$396e7b27cdc8b486b9ce5e26067ce0dd640a052b$lut for cells of type $lut.
Using template $paramod$eeda037ae3534a651bda6ae63de5c7086b879cd4$lut for cells of type $lut.
Using template $paramod$f9c76fd2475b4a26d521e7b8342014ac5c190649$lut for cells of type $lut.
Using template $paramod$97a172fabf7f00b5121e5b0e87a9e439399d1e22$lut for cells of type $lut.
Using template $paramod$30305e55a780880b9c824fe3509a4d981acb0f2b$lut for cells of type $lut.
Using template $paramod$lut\WIDTH=32'00000000000000000000000000000011\LUT=8'11101000 for cells of type $lut.
Using template $paramod$3f0549729b9cf7d6fa6533d688d092bceca9764e$lut for cells of type $lut.
Using template $paramod$lut\WIDTH=32'00000000000000000000000000000010\LUT=4'1001 for cells of type $lut.
Using template $paramod$lut\WIDTH=32'00000000000000000000000000000011\LUT=8'11010100 for cells of type $lut.
Using template $paramod$lut\WIDTH=32'00000000000000000000000000000011\LUT=8'00001000 for cells of type $lut.
Using template $paramod$lut\WIDTH=32'00000000000000000000000000000011\LUT=8'10010110 for cells of type $lut.
Using template $paramod$09c8e291c0d03c08be208923b794ef15866d2961$lut for cells of type $lut.
Using template $paramod$0a86e5abbf23f5e9c757e644db61cce7ca59c205$lut for cells of type $lut.
Using template $paramod$8fb652f9484a6236a9138d1e79b393278553a457$lut for cells of type $lut.
Using template $paramod$ccfc5b8be6da7d938a6efa7c6f90b7e901cd8b38$lut for cells of type $lut.
Using template $paramod$1a35a06dec733058f4af206b00270a0e3c0e90c7$lut for cells of type $lut.
Using template $paramod$f377382e5e2825cba84dddc24351a148451a89df$lut for cells of type $lut.
Using template $paramod$34889bf8442a8fabe6e673af1101541bb5545bba$lut for cells of type $lut.
Using template $paramod$5e2c53ca857fa140a7e61c124e6549bee51a0845$lut for cells of type $lut.
Using template $paramod$272652f6c6fbe9a75eff76e45cc7e2788835518b$lut for cells of type $lut.
Using template $paramod$lut\WIDTH=32'00000000000000000000000000000011\LUT=8'01101001 for cells of type $lut.
Using template $paramod$d715d2e1f6a9d477d103079941e34b8ab3168104$lut for cells of type $lut.
Using template $paramod$746e079691931a7a75eca548b520591dac2af82b$lut for cells of type $lut.
Using template $paramod$6e92b2062cfd0de2d1ad08b0e9b9781fa352c6a2$lut for cells of type $lut.
Using template $paramod$8ac9d1874de57d67960df0f864f40f4f5ab89896$lut for cells of type $lut.
Using template $paramod$78cb0caf59a53432e5acf9cee8ebd19bfac60156$lut for cells of type $lut.
Using template $paramod$0a9964d25467eeed7e357d291bfd12bb3f773c49$lut for cells of type $lut.
Using template $paramod$c28a8b7ce0535d090c4cfb52e9c74affd52b110c$lut for cells of type $lut.
Using template $paramod$c01d1f1a2c22a23f58c65a92a9c94eaeebcde834$lut for cells of type $lut.
Using template $paramod$141ce5216f9e3310e4500a8914acb314f87c082b$lut for cells of type $lut.
Using template $paramod$fd904e9e35cfd343a9df248824bd3f1408724879$lut for cells of type $lut.
Using template $paramod$ad5fa4c993dc43c3e00419e69284cb50b42316d6$lut for cells of type $lut.
Using template $paramod$e2d71a947ae57f2283af9742e94b3851887aa74f$lut for cells of type $lut.
Using template $paramod$c4e5fdeba54ee40347894276d7733fd5f750bea3$lut for cells of type $lut.
Using template $paramod$e655bd0d7bbb73d282482a572af134f0df896ab9$lut for cells of type $lut.
Using template $paramod$c3a38e4d315f544eef6ea38cf6a26f03b9cb596e$lut for cells of type $lut.
Using template $paramod$a41d0e3b97911dca5b893a7d849ab04257ab9d97$lut for cells of type $lut.
Using template $paramod$50b99034fbf984a51c265442496081454147f31e$lut for cells of type $lut.
Using template $paramod$lut\WIDTH=32'00000000000000000000000000000011\LUT=8'00010111 for cells of type $lut.
Using template $paramod$c459c9f8d42117424a0070526e22ab3497eb714a$lut for cells of type $lut.
Using template $paramod$lut\WIDTH=32'00000000000000000000000000000011\LUT=8'01001101 for cells of type $lut.
Using template $paramod$b2077130d89736f5191d0d24f7f6ffd3bddb0a2d$lut for cells of type $lut.
Using template $paramod$c8c08e8857de6dafa4452bacbb545e0f94f69ceb$lut for cells of type $lut.
Using template $paramod$d6bb40ca0e19018187ee3e88172168774a8b27d7$lut for cells of type $lut.
Using template $paramod$lut\WIDTH=32'00000000000000000000000000000011\LUT=8'10110010 for cells of type $lut.
Using template $paramod$37275f9005096a8b3beded7be16e5d19f7397fa0$lut for cells of type $lut.
Using template $paramod$4282def8dbd6df3d1248ad282c629bee684502c2$lut for cells of type $lut.
Using template $paramod$c6705c2d9a5ca1e5236b47844e83005fc173deff$lut for cells of type $lut.
Using template $paramod$f50d74aee32d382c462dab139e1805dcb7b69010$lut for cells of type $lut.
Using template $paramod$b466adef0f24c2dddd8df3e773b605fb10499475$lut for cells of type $lut.
Using template $paramod$2af9c65b3f49738cef959292022e236c1a3e5044$lut for cells of type $lut.
Using template $paramod$120889ddde47275c979190b69f7c49455aef4e79$lut for cells of type $lut.
Using template $paramod$1247849af6f38ea6efdee2f53ac5db88abc01d47$lut for cells of type $lut.
Using template $paramod$81041a7fe875cd6b1c9a0074d4606dd05b45959d$lut for cells of type $lut.
Using template $paramod$e57dc1cede992b8185c4997780171c27cc6c58cb$lut for cells of type $lut.
Using template $paramod$f5c97e291c8b48d9f1b4239d871ab7639e5a24ac$lut for cells of type $lut.
Using template $paramod$21a9cf1c7cffed4ea7970972274e8bcced7c7005$lut for cells of type $lut.
Using template $paramod$b444a9909f4d75dfa1e4138bb485a69987e7bffe$lut for cells of type $lut.
Using template $paramod$3624af0e4af0fa7fe23baa488c5f71b577ad479b$lut for cells of type $lut.
Using template $paramod$5c2db9276e4178829a97ca2730641fe2a607f026$lut for cells of type $lut.
Using template $paramod$461d1fcce192d9c8a391a440fad33e01327e4eaa$lut for cells of type $lut.
Using template $paramod$f9813472aa48e533b3838c6f2316dc2e78c66111$lut for cells of type $lut.
Using template $paramod$e4d5be8bb807d04ea9a6f829f89d4d1f01eb4e36$lut for cells of type $lut.
Using template $paramod$655782bc30c333f93ae53797f6b67d2405425642$lut for cells of type $lut.
Using template $paramod$lut\WIDTH=32'00000000000000000000000000000011\LUT=8'00101011 for cells of type $lut.
Using template $paramod$456a34d09a7130b993e9f9d4a8449d3f1327c4f8$lut for cells of type $lut.
Using template $paramod$5b13d2ee598c87cdbe912286a35c6fd102e2087c$lut for cells of type $lut.
Using template $paramod$a63d84c9dd26caf4e75c7cc2f6f70f64a5b14aa1$lut for cells of type $lut.
Using template $paramod$3fa0978c053e5db6dc97d81aa774e47aa45907e6$lut for cells of type $lut.
Using template $paramod$32e8ddc321c00dfe247bee7b3969d44e5db22346$lut for cells of type $lut.
Using template $paramod$490571781a546c353277a368e2e144bd8cb97613$lut for cells of type $lut.
Using template $paramod$2ada6dcdfb3f510a3ef34eb5d8cf807ae7e84ef3$lut for cells of type $lut.
Using template $paramod$1731b9a118dcdfaedf5378418ab94cb580f973a4$lut for cells of type $lut.
Using template $paramod$e51a8a571bee774247b38f52d6e85fd62ae52cea$lut for cells of type $lut.
Using template $paramod$ac46bbabd0f019bf5ef27e65ca794dd967f2d6df$lut for cells of type $lut.
Using template $paramod$549fdc388ccd0eb3bb5bc3c1f5b387b4f8dd4570$lut for cells of type $lut.
Using template $paramod$5964dec528c7ded1ee9f528024feacf1107270a1$lut for cells of type $lut.
Using template $paramod$30fd89a6aa5c25f036359e46b00a649b754897f2$lut for cells of type $lut.
Using template $paramod$456d59706a6b79f30784d135401df0094470c74c$lut for cells of type $lut.
Using template $paramod$acf49cb7bd2805dee4b4ebb218aa5924b1be7704$lut for cells of type $lut.
Using template $paramod$938988940664a38434de5016ed0d100d15037d1e$lut for cells of type $lut.
Using template $paramod$ae67ba4b71ca3733463d52c7bb464adbd7d68367$lut for cells of type $lut.
Using template $paramod$lut\WIDTH=32'00000000000000000000000000000011\LUT=8'10000100 for cells of type $lut.
Using template $paramod$lut\WIDTH=32'00000000000000000000000000000010\LUT=4'0100 for cells of type $lut.
Using template $paramod$286d6b18e782cb14d345c8422500571fedf77570$lut for cells of type $lut.
Using template $paramod$66c95f0dc76fc49467418d6435b27706a02d3964$lut for cells of type $lut.
Using template $paramod$ecb8f6b835db045d42419f71ab141f7385ff302d$lut for cells of type $lut.
Using template $paramod$689375f76f097e01993d828aa276341529faaf37$lut for cells of type $lut.
Using template $paramod$0d7c9a35247cab89a5361dbe577274b2bb27556e$lut for cells of type $lut.
Using template $paramod$17468911060f2c1eed593345cd530e00ace69ea7$lut for cells of type $lut.
Using template $paramod$45876405cced579a2174c7780726cf4d135c04d8$lut for cells of type $lut.
Using template $paramod$d72922b7873704b365229f1e6d9da3e01e95e865$lut for cells of type $lut.
Using template $paramod$71b2a27e8517bc4104f99230c3b4e943e05dcf90$lut for cells of type $lut.
Using template $paramod$a5516fc31d1e552de2435200bb732b4d4ad63a9c$lut for cells of type $lut.
Using template $paramod$eb278b9bd7b0e1caf3be3393b1e5a18305cda9ce$lut for cells of type $lut.
Using template $paramod$c9b0575a0504c388359ae9fefc46ea2cd4e17aa9$lut for cells of type $lut.
Using template $paramod$c05fa8a378c3ce2bb2a017ba7d2f80e860745ee5$lut for cells of type $lut.
Using template $paramod$72d0b1ee10e342903eb9a6fe9b95e2c781a0374f$lut for cells of type $lut.
Using template $paramod$48ad863864c379baf9477f0575b6d2f9935591ab$lut for cells of type $lut.
Using template $paramod$d546703178ae51f1c8a2336cdb68cb84adb804a9$lut for cells of type $lut.
Using template $paramod$658b9ed803f0d3d335616d3858b53e0a2522f1e8$lut for cells of type $lut.
Using template $paramod$20027ea914dd29dc20cb30724699f5adc29a1156$lut for cells of type $lut.
Using template $paramod$05896c1110f557c6a9f9e7ecbe71099ef8aa8d6b$lut for cells of type $lut.
Using template $paramod$98a5c3d095dc6991437287c213b0186193f2fd80$lut for cells of type $lut.
Using template $paramod$f72adea4079fc83d9a23745aebe7501f2b8f741d$lut for cells of type $lut.
Using template $paramod$68a12978f275f12de2dea1436a9698d928d945d6$lut for cells of type $lut.
Using template $paramod$037ad50caacf7f76a7c678c3d1ae33d31e76a076$lut for cells of type $lut.
Using template $paramod$d53578aacfd93124244778d88be0e90eb09c1b1b$lut for cells of type $lut.
Using template $paramod$6f625205336ac6ce7b8747324becdbce1049bc9c$lut for cells of type $lut.
Using template $paramod$92766cdac81438edcf135ba36ac2accafbf1349b$lut for cells of type $lut.
Using template $paramod$239a649c3c5dcff42e28a38401931acf401ef810$lut for cells of type $lut.
Using template $paramod$a8c32efd72d2e5a4f2d5ec49f139b77544f5b0df$lut for cells of type $lut.
Using template $paramod$dde88a7347c00ba8c59be18434499e6892aee060$lut for cells of type $lut.
Using template $paramod$b19d66db89f326b196af1df914cf2c7bde6530f4$lut for cells of type $lut.
Using template $paramod$8466aae7f3132f822e70bbd8738850d820750479$lut for cells of type $lut.
Using template $paramod$e1a11d118b739d13604b4866aaa2133957f8da18$lut for cells of type $lut.
Using template $paramod$92e354533d0b981891a1b90f47d868fc48970d77$lut for cells of type $lut.
Using template $paramod$536d1007fdc2d62a93da3f3aaf3750a547ef9c05$lut for cells of type $lut.
Using template $paramod$a4dc042990bf0f48722f562498103f0e30d86f49$lut for cells of type $lut.
Using template $paramod$b67fba89abd6769fbca7adcde73256942bdb9afd$lut for cells of type $lut.
Using template $paramod$lut\WIDTH=32'00000000000000000000000000000011\LUT=8'01110001 for cells of type $lut.
Using template $paramod$94d5fc7f7d3f71ae26b9c1532bd8787f0c4d523d$lut for cells of type $lut.
Using template $paramod$3bcfb0553dac5aad7cb9da5ffaf19b673f8ba7ac$lut for cells of type $lut.
Using template $paramod$b64d37884aa64444567f14166f4dd3936ffd375f$lut for cells of type $lut.
Using template $paramod$6e06a1fd5414045c11e2091e1449ee45e9a0697c$lut for cells of type $lut.
Using template $paramod$76a5fbd143ccc45ebbb100ef34729ed530fe04f6$lut for cells of type $lut.
Using template $paramod$lut\WIDTH=32'00000000000000000000000000000011\LUT=8'10000000 for cells of type $lut.
Using template $paramod$59cbafa4d23a5052ba15eb113e52d55476cf45ac$lut for cells of type $lut.
Using template $paramod$ada6b410e970ab6d10f123618d5c687e2e63ed40$lut for cells of type $lut.
Using template $paramod$5b538f1400ef1c0b75ad3c298d09fd2e6aba4a79$lut for cells of type $lut.
Using template $paramod$9dd08f98e8be751d9d956cdb9ca50eea348808bf$lut for cells of type $lut.
Using template $paramod$09b6eb61d9e3d771acc0c877f2ccf969de23433b$lut for cells of type $lut.
Using template $paramod$8e44661def013b6bf9fe6f8b049ef2c838d749f9$lut for cells of type $lut.
Using template $paramod$lut\WIDTH=32'00000000000000000000000000000011\LUT=8'11010010 for cells of type $lut.
Using template $paramod$8500b0bb169d591954dbf2b86075ccc3c385212c$lut for cells of type $lut.
Using template $paramod$4f02ab88fb63c4af65706040b6117edf751b84b8$lut for cells of type $lut.
Using template $paramod$7646a42c00972d15eb9b25cbe9cb525f04a9b700$lut for cells of type $lut.
Using template $paramod$3747d808dd148facdbfdf2701c7c4918f2223e23$lut for cells of type $lut.
Using template $paramod$66caeb00a39d236782a97659e3bd99621b74681b$lut for cells of type $lut.
Using template $paramod$632def812b8b6763ae81bf8e3a67e48c61fcbeb2$lut for cells of type $lut.
Using template $paramod$lut\WIDTH=32'00000000000000000000000000000011\LUT=8'01010011 for cells of type $lut.
Using template $paramod$6fa2aedbad47a187c3b5e26b4fefea7dc82f8b5a$lut for cells of type $lut.
Using template $paramod$1d3e3dda7513a26513dc7c9f8a4ac0e6b682116c$lut for cells of type $lut.
Using template $paramod$af36ecde6e9e0c7a6483200dae5fb732eae79423$lut for cells of type $lut.
Using template $paramod$f890b999cf8ac670fe7a44889d699ee443d633d3$lut for cells of type $lut.
Using template $paramod$851af557e065840865b91eaecf2ad85c674f7599$lut for cells of type $lut.
Using template $paramod$5f1d3a143c9c87ab46abfde5f2b7762cf4000f70$lut for cells of type $lut.
Using template $paramod$62ca58b8f24b36d838d893ce202ee442a4f3b5cd$lut for cells of type $lut.
Using template $paramod$9a2c28edcf7a5dfa9d9b65cf4749b355128c4781$lut for cells of type $lut.
Using template $paramod$34da1a99832a52ff07cac31c699d856a60c3a011$lut for cells of type $lut.
Using template $paramod$f91a8e21e09139a098718e3d569bcfccf522e553$lut for cells of type $lut.
Using template $paramod$686c9c15018b9865677fa1a60ca4d4c7b9bc74f1$lut for cells of type $lut.
Using template $paramod$3f8bddb26a8905ea147acf4247acf6d000ca20f7$lut for cells of type $lut.
Using template $paramod$6297986547c0fdae3f2c5bbac043a9e0243520ad$lut for cells of type $lut.
Using template $paramod$34144bc50f7f560a84fc439a57a223a05eff6944$lut for cells of type $lut.
Using template $paramod$00ffcc628ccb870304683cac36ad3a16cc41b6a4$lut for cells of type $lut.
Using template $paramod$1cc5a0f0b64a7ef1ecddeb0e87a4aa8d9148176d$lut for cells of type $lut.
Using template $paramod$3b011b76825884107f5baa28dfc6d5c9f687974e$lut for cells of type $lut.
Using template $paramod$0a104f52c942ffe88412146f91051c27f79bb16e$lut for cells of type $lut.
Using template $paramod$d709f1096360814a19d1ded23ef244d7e5d50953$lut for cells of type $lut.
Using template $paramod$b24f036ac37159da79b219dbee9669709fd17b6b$lut for cells of type $lut.
Using template $paramod$c340688242943bebd1752043625ff429e2c19d57$lut for cells of type $lut.
Using template $paramod$1048ba9039ee447351abd87b6bd4292ed132208a$lut for cells of type $lut.
Using template $paramod$b00f4ffbe366329aa8dc3cd941e316cec0fe6f17$lut for cells of type $lut.
Using template $paramod$lut\WIDTH=32'00000000000000000000000000000011\LUT=8'10001110 for cells of type $lut.
Using template $paramod$ac8f479f5cbbf90668aed2f84556c759df620bef$lut for cells of type $lut.
Using template $paramod$lut\WIDTH=32'00000000000000000000000000000011\LUT=8'01000000 for cells of type $lut.
Using template $paramod$4dc1e72288fab019910eae39c3f6393f09b3281b$lut for cells of type $lut.
Using template $paramod$026efe63000827e74a3b04b79d83674bc8624721$lut for cells of type $lut.
Using template $paramod$999aec3d0acab05ab6a04e45d9d28bf59881fe02$lut for cells of type $lut.
Using template $paramod$6112bcee537b8e618df21031e4644f9aeaf80d84$lut for cells of type $lut.
Using template $paramod$c3e150f1db2810e35c67fa01e9126267cca71cb4$lut for cells of type $lut.
Using template $paramod$04791a945aba6e97b70b53389d420d9dac5c42ea$lut for cells of type $lut.
Using template $paramod$23953811f9a1e831a4c3afa54c7c0c00652edb7e$lut for cells of type $lut.
Using template $paramod$1a7a480486efc550211a507b6ca42c979ebb3016$lut for cells of type $lut.
Using template $paramod$a2d793e5d61b71f9b2beeccb844832f4dfeca3cc$lut for cells of type $lut.
Using template $paramod$e4ab9db18c55905a8403c49b4958d371c8610239$lut for cells of type $lut.
Using template $paramod$lut\WIDTH=32'00000000000000000000000000000011\LUT=8'01001011 for cells of type $lut.
Using template $paramod$fbda549706b8c0e92cb73ae252188904b57fa227$lut for cells of type $lut.
Using template $paramod$21ad45e04dbbbb030d277cd3a3f4c6c0d384a01d$lut for cells of type $lut.
Using template $paramod$fddb965afbfa9c305d48492fbdab0ec6e2f2744e$lut for cells of type $lut.
Using template $paramod$lut\WIDTH=32'00000000000000000000000000000011\LUT=8'00001110 for cells of type $lut.
Using template $paramod$69e35eee991c4417ff9a2e9162e8c49a9d65eab4$lut for cells of type $lut.
Using template $paramod$e41feba39f1b3b2c836ba7cb440dffa87934ee7f$lut for cells of type $lut.
Using template $paramod$lut\WIDTH=32'00000000000000000000000000000011\LUT=8'00100000 for cells of type $lut.
Using template $paramod$5557952ff2fbcd8fe424e7e9f73c8f906a33a518$lut for cells of type $lut.
Using template $paramod$7d647c4895272cf7e8ba7897a985a5122243691c$lut for cells of type $lut.
Using template $paramod$b5149ffb0b396a43450c87c73dd2bbef9218c96f$lut for cells of type $lut.
Using template $paramod$ea2456e0340e8959d9438c9c963f974c65cf4463$lut for cells of type $lut.
Using template $paramod$73a2f89346c3a290c5f993966583b1776d68c84b$lut for cells of type $lut.
Using template $paramod$bff6f665ed05179018f1b1d466ca1e7962889982$lut for cells of type $lut.
Using template $paramod$13dc2feee2414440f4249cb9e97537a01bfe9e56$lut for cells of type $lut.
Using template $paramod$7cf84d9e81b57fe8282ccb98c8970d5977972ef3$lut for cells of type $lut.
Using template $paramod$2e9c14233865fb8351f0bfe3759caa2ebfcce532$lut for cells of type $lut.
Using template $paramod$83c1b6108170249166239e09804c5f4542556524$lut for cells of type $lut.
Using template $paramod$8a27247715b0c492661a639449f274f508e48e5c$lut for cells of type $lut.
Using template $paramod$a20d493743c6e762e93052351143ea302aa9a813$lut for cells of type $lut.
Using template $paramod$ff278a3384a4c5bfafc80ccbd1856c6c8e6dea00$lut for cells of type $lut.
Using template $paramod$16de2c09d4ede01121dd8f9cfa7d28e7ed3f224c$lut for cells of type $lut.
Using template $paramod$6079281eb3c0533bc4a87290e614c85106033d62$lut for cells of type $lut.
Using template $paramod$fffb8e669a96b82be7174caa14f02ffc20c5c905$lut for cells of type $lut.
Using template $paramod$7910720169fa1595f28d62d83e2f583e6a53ba3e$lut for cells of type $lut.
Using template $paramod$b1299ee0b6f73e5be0c5cd22733a6367b7a7740b$lut for cells of type $lut.
Using template $paramod$d10d21145322ceb6e94a8da645bc39736dcadfe3$lut for cells of type $lut.
Using template $paramod$0d0b9dbcfe91d412f4fc13a6fcfaa7557a9587e2$lut for cells of type $lut.
Using template $paramod$f87ffa054d95169d0163fca12545ca963711078a$lut for cells of type $lut.
Using template $paramod$a77a8712bc96f67e3c191438ff54fee40bf7db58$lut for cells of type $lut.
Using template $paramod$68a9403ab5941d112eb8b737d2675061808abc95$lut for cells of type $lut.
Using template $paramod$3d4a7debbe82717ac54653e44ed472aacf386c6c$lut for cells of type $lut.
Using template $paramod$0de052767abdccc3aefc818722bdc3c7850d25d6$lut for cells of type $lut.
Using template $paramod$a56a39c0f6a5a7dc6beed165205ecc9aaf916f10$lut for cells of type $lut.
Using template $paramod$485e5974e793815c696e12fe5940c2f24e013749$lut for cells of type $lut.
Using template $paramod$ccde956a7f3cec76ea4f5c1aa8f63ac5095a722c$lut for cells of type $lut.
Using template $paramod$ac2c1a5d4085646aa26f6c8a85d4df6a39bd909f$lut for cells of type $lut.
Using template $paramod$da3f8be4253d9df5677a5c5a7c487290b975d87b$lut for cells of type $lut.
Using template $paramod$fcf83dca27a6b6f6c5cc62434ddacc45e349ee88$lut for cells of type $lut.
Using template $paramod$c6d89811b1a4711f3220ee3426f7d36581739de3$lut for cells of type $lut.
Using template $paramod$35097d7d6ad78dd5cba8a4546a7fa9b363fc66ef$lut for cells of type $lut.
Using template $paramod$4fc94995b22a0a6c71926f66afbbebda0ae60909$lut for cells of type $lut.
Using template $paramod$ad88310eb67ed242f64ba17ec7e9f44de142d456$lut for cells of type $lut.
Using template $paramod$f56fb49c50f7246b7b77acd4a05f2e6105bc7330$lut for cells of type $lut.
Using template $paramod$540faabe3600b218b7ad0394489838305b7769e0$lut for cells of type $lut.
Using template $paramod$fee3ec51b7f5092fb04695588bbab09bedb6e354$lut for cells of type $lut.
Using template $paramod$419942cbe7f22b8ce6817ae1cdddcb89f108a7b8$lut for cells of type $lut.
Using template $paramod$08cdc4b245928298ac7165c2dbe66552912d8d94$lut for cells of type $lut.
Using template $paramod$056a3c41b38f3019eecf0997f29570128618d103$lut for cells of type $lut.
Using template $paramod$46b71c896da1b3007bf955a000540c6eaec944ec$lut for cells of type $lut.
Using template $paramod$49f8abb7efeac22e5543bb7db3ffdc9f6c553a20$lut for cells of type $lut.
Using template $paramod$b75daab765fccb29e629b85fc3dd47a7bf57e7d4$lut for cells of type $lut.
Using template $paramod$0a213baf47fafd2f84bc3fe78b107f6ffac8fa4a$lut for cells of type $lut.
Using template $paramod$97f068da6e4d6b9866a28b08221e269a09b99ae8$lut for cells of type $lut.
Using template $paramod$f05d4b8888c79762c43743d193b4196209b4613e$lut for cells of type $lut.
Using template $paramod$141b5b7a76c7336c24a836c508c6a6903899fd2c$lut for cells of type $lut.
Using template $paramod$ee1b8455323a48aece09760196372b65bfe1dd91$lut for cells of type $lut.
Using template $paramod$30fe73b9d283db74de6d1c9add11b536c21ba63a$lut for cells of type $lut.
Using template $paramod$4d408b83b9f7be71d6032a6e8d9aaafb9a4d4269$lut for cells of type $lut.
Using template $paramod$052ee4ed3c24f9f78ecb8064eb9016a156e727f1$lut for cells of type $lut.
Using template $paramod$lut\WIDTH=32'00000000000000000000000000000011\LUT=8'00101000 for cells of type $lut.
Using template $paramod$a259a9a3ad7cca1801be9eac6507d8ab775b4eaa$lut for cells of type $lut.
Using template $paramod$ebde85f7399d3234d5349f26164e0750448c80f8$lut for cells of type $lut.
Using template $paramod$9d32bcf432653890f592fd39e0b1bee7691ed30c$lut for cells of type $lut.
Using template $paramod$fddb87a19dd9200b6161309e26c00c73ebbba317$lut for cells of type $lut.
Using template $paramod$647eee8f54f6e3ccc811b68db980bcc34d2ab918$lut for cells of type $lut.
Using template $paramod$5ddde992c8bae5d379e77b9a4f3b5144d1540e49$lut for cells of type $lut.
Using template $paramod$1f4f2b556640444d5e062af2ad3307827092e9e0$lut for cells of type $lut.
Using template $paramod$4b91a344a283e348fb2daf56440fe0093e7ac2a8$lut for cells of type $lut.
Using template $paramod$eb07cdd43b5df1eaaacd73c8042585727db3c84d$lut for cells of type $lut.
Using template $paramod$bf0d22492b141397adcabc2e359ee0f860225fa5$lut for cells of type $lut.
Using template $paramod$d8636b1dfa9d4c6a7146e7247f805576832586f2$lut for cells of type $lut.
Using template $paramod$063edb84fd42cf10624b6722dfa31fbe5af29a5f$lut for cells of type $lut.
Using template $paramod$18b3d3007f8095c01b1df55a9b3c29330d401897$lut for cells of type $lut.
Using template $paramod$2de0a4f12664f588181e6f3ff7d433b581fa7cbb$lut for cells of type $lut.
Using template $paramod$6e5808441d074d0a3966635690b2be9b605c50d8$lut for cells of type $lut.
Using template $paramod$1e968ec59c16aeec103eadc2eb5ec464d5d3a271$lut for cells of type $lut.
Using template $paramod$6c6f27b7dbbb32cb9fca5739e0807f69aeda61d1$lut for cells of type $lut.
Using template $paramod$df91752b01d34fc04306b3b242480096dfd59f50$lut for cells of type $lut.
Using template $paramod$2175a8ee8023731f05c3e7eb14c92f0a36d0742f$lut for cells of type $lut.
Using template $paramod$ffc80aea4aa44f0166b2d4713ba5912f56e92991$lut for cells of type $lut.
Using template $paramod$83c7ec775781f1fe59a8f2c8873a10021772bc10$lut for cells of type $lut.
Using template $paramod$17770a1e2d1ad7b220bb5fe4de205be31915b0e2$lut for cells of type $lut.
Using template $paramod$30ed249dae6143436a4e59031cad540c09f48fa9$lut for cells of type $lut.
Using template $paramod$45fc3d7abb3ce6003f9e90d8684f9f5bc2d01a9e$lut for cells of type $lut.
Using template $paramod$36106ab289afb6a3f518fc65c5a03f9205ec88f4$lut for cells of type $lut.
Using template $paramod$258b1f4912f44fe44665a3451383ce651aef4de9$lut for cells of type $lut.
Using template $paramod$6e4421b7c14171dd482881dac43c57fe80a187ff$lut for cells of type $lut.
Using template $paramod$bcabaad59eabc1b21022d12d7fd65a5e951e2d4e$lut for cells of type $lut.
Using template $paramod$1e3ab6c76341caa3c0676b31a55d1220cb771b13$lut for cells of type $lut.
Using template $paramod$5016ec2ace97578ac4c823cf9d61d1e37eff2c53$lut for cells of type $lut.
Using template $paramod$1dc3a8be182bc19736269bb7d713b2ed1d5b890d$lut for cells of type $lut.
Using template $paramod$b77ee683435bbbfbff6ad8f9e0ea605cf3927e8c$lut for cells of type $lut.
Using template $paramod$2c8d478a98d3251dddb62eda4adfb92ff81449a1$lut for cells of type $lut.
Using template $paramod$1d7d9837869dceec87b0cda39b250b49ce1f47cb$lut for cells of type $lut.
Using template $paramod$fb8cb620ca696e0416db2b275be31ad9b3bd59c5$lut for cells of type $lut.
Using template $paramod$bcb6f368281a6a91e9eb4b514832e40bb3a0a8bd$lut for cells of type $lut.
Using template $paramod$0f07721f69e1fbfcbd83420b591052acd10600f4$lut for cells of type $lut.
Using template $paramod$17e57ba2268276daaf36ac5bf4e30b3e3b5a14c8$lut for cells of type $lut.
Using template $paramod$lut\WIDTH=32'00000000000000000000000000000011\LUT=8'00110001 for cells of type $lut.
Using template $paramod$b11da0da892f4299d1c52d5f6a7c6169afb9aed9$lut for cells of type $lut.
Using template $paramod$3759deb8916045a79f6e480538ef1f2e81a88a3c$lut for cells of type $lut.
Using template $paramod$9a1e9ccdd08edab0b8c0feb64b577a3523c36239$lut for cells of type $lut.
Using template $paramod$lut\WIDTH=32'00000000000000000000000000000011\LUT=8'00000010 for cells of type $lut.
Using template $paramod$910b0ff260f2c532a13e1da9c83c6bebb5ee4ac6$lut for cells of type $lut.
Using template $paramod$ef7e07af9395431d0096b0a7968541b59f6c917e$lut for cells of type $lut.
Using template $paramod$ef353aac69bd701035d21a561a260bc591debc71$lut for cells of type $lut.
Using template $paramod$71d09d8354f5555fb54ab0bd4f3934a22c793990$lut for cells of type $lut.
Using template $paramod$647e6d378648a96752eaa0738f416e1934c83124$lut for cells of type $lut.
Using template $paramod$2e242b3870fd1c78b14e7f95ffa17bf0b3a3339c$lut for cells of type $lut.
Using template $paramod$aa7c09f569ce6a129a7dab4a2209430424621b8a$lut for cells of type $lut.
Using template $paramod$af2b970363478c934f632261f05f42c59b0d7a99$lut for cells of type $lut.
Using template $paramod$a1bda6b51ec24283d38362c22d025700feb9ce4d$lut for cells of type $lut.
Using template $paramod$1c1389b0920c853fb038fa355b8d83641c0f517c$lut for cells of type $lut.
Using template $paramod$b034f6f0fdec366dfcfa47b8e4bd935c6f3c7526$lut for cells of type $lut.
Using template $paramod$bb0ca87d5cdb3ffe86c99108c3c91fae6ff99472$lut for cells of type $lut.
Using template $paramod$704fee51d6cd196b2778a6631b3767ec9a34de22$lut for cells of type $lut.
Using template $paramod$1a50301dbf2c13a78250eaee8fffc4ce2e81d404$lut for cells of type $lut.
Using template $paramod$2e11c0e004fab0373ef80005c65c968bc830b55a$lut for cells of type $lut.
Using template $paramod$2279fcf439b591a62003a284bd1cfdf1e27d39b6$lut for cells of type $lut.
Using template $paramod$75ba3530b83be17b37b1a67a044a4bb14ce820b7$lut for cells of type $lut.
Using template $paramod$10b46ddb0d2704e2f4a84e077ce8e6b56f62b812$lut for cells of type $lut.
Using template $paramod$9f87ce5fdb2146a31dfe3de8eeeb85213abc94ea$lut for cells of type $lut.
Using template $paramod$29658bc1d63574cbf1a532974926e1a5cad395a7$lut for cells of type $lut.
Using template $paramod$29821de077c66d3c2e06784667054b340e5def54$lut for cells of type $lut.
Using template $paramod$a7f2dc1181d4a9b91645ff616883d2f1c93f1fb5$lut for cells of type $lut.
Using template $paramod$ccd2f1c90c2ef3e4f498959c0fe6d1050537d2e1$lut for cells of type $lut.
Using template $paramod$ee55d4d1d1d7325f58dbdbfce0ec75c463d4291c$lut for cells of type $lut.
Using template $paramod$276a1bb183d875c2a355c3a96138c1bcae757d38$lut for cells of type $lut.
Using template $paramod$cb208e15330877ce2cb8216465b29703ccc809de$lut for cells of type $lut.
Using template $paramod$b4fea64d1d168b1a9dbc532e487450ad7d879f75$lut for cells of type $lut.
Using template $paramod$48134fedda6c382a8876c2537b4fddf3a3ef1b18$lut for cells of type $lut.
Using template $paramod$3d9e131a974232a006cc1b1757d62052511b2dba$lut for cells of type $lut.
Using template $paramod$8392eb25ad006323cfcafb86762c053eace8b157$lut for cells of type $lut.
Using template $paramod$503ecf680db057df1c3260692e4205fda57e5dce$lut for cells of type $lut.
Using template $paramod$49d724b6670e2ef17ef4bc68a0add7999108453e$lut for cells of type $lut.
Using template $paramod$a639c96070243b5bf3f640e85970423fd0fbb328$lut for cells of type $lut.
Using template $paramod$39d53bf80d42c302cfeb7914cdb2782b057fd5c3$lut for cells of type $lut.
Using template $paramod$6ab1af087b7cdbbe9fe0b2c8de0775ec05f2311f$lut for cells of type $lut.
Using template $paramod$1a4a44bc99e6f15328b637a0dcfa9b90c4a12e95$lut for cells of type $lut.
Using template $paramod$b8f75cf9c6c06c079da053f4aa60c4d5363c32b3$lut for cells of type $lut.
Using template $paramod$9773d60c07fd69cc0350b33a6b98d0a60e982094$lut for cells of type $lut.
Using template $paramod$lut\WIDTH=32'00000000000000000000000000000011\LUT=8'11001001 for cells of type $lut.
Using template $paramod$164526d852a48e8b541f5c92d14cb94ad7bceaed$lut for cells of type $lut.
Using template $paramod$1c90c77c2db36188eacc8d86dc7c5b73360a4089$lut for cells of type $lut.
Using template $paramod$10a6d42c84663fca6c1622800fdec61acbd34667$lut for cells of type $lut.
Using template $paramod$lut\WIDTH=32'00000000000000000000000000000011\LUT=8'11100001 for cells of type $lut.
Using template $paramod$5955394269546beab31413921d848e6e68138b03$lut for cells of type $lut.
Using template $paramod$c7469d5231f53459af39d54fbcdeccf229bf141e$lut for cells of type $lut.
Using template $paramod$fe9a0158d0352193457c4f5b6282ac86d35fb3ee$lut for cells of type $lut.
Using template $paramod$359fe4e746656bf9c72aecaff84fc7bdea9f55a5$lut for cells of type $lut.
Using template $paramod$lut\WIDTH=32'00000000000000000000000000000011\LUT=8'00101010 for cells of type $lut.
Using template $paramod$8fd66b744e06ff6b1a5a329d1f0371c25a5273aa$lut for cells of type $lut.
Using template $paramod$e85b6eba0dacefc5f73f8748159b8b9599212afc$lut for cells of type $lut.
Using template $paramod$lut\WIDTH=32'00000000000000000000000000000010\LUT=4'0111 for cells of type $lut.
Using template $paramod$lut\WIDTH=32'00000000000000000000000000000011\LUT=8'00000111 for cells of type $lut.
Using template $paramod$1b52cf3a695c7d1cc16bb8e44d7453092417528f$lut for cells of type $lut.
Using template $paramod$lut\WIDTH=32'00000000000000000000000000000011\LUT=8'01101010 for cells of type $lut.
Using template $paramod$4ebbe0f6e12b81a334724402291f27e3a12d6cde$lut for cells of type $lut.
Using template $paramod$lut\WIDTH=32'00000000000000000000000000000011\LUT=8'10010101 for cells of type $lut.
Using template $paramod$lut\WIDTH=32'00000000000000000000000000000011\LUT=8'11000001 for cells of type $lut.
Using template $paramod$lut\WIDTH=32'00000000000000000000000000000011\LUT=8'01111000 for cells of type $lut.
Using template $paramod$6d6beead1425af15cf78b27fd9b11b41b5d4bce8$lut for cells of type $lut.
Using template $paramod$873c285bdccf0ac2b60d2304ea5cd14bf211d2a6$lut for cells of type $lut.
Using template $paramod$5e9374f44a27c3f8a1c38af244ec43ceb4fb8d4f$lut for cells of type $lut.
Using template $paramod$lut\WIDTH=32'00000000000000000000000000000011\LUT=8'00010101 for cells of type $lut.
Using template $paramod$ee6944635a66b35a2c008244d1b98fdaec97fc5f$lut for cells of type $lut.
Using template $paramod$384ca820697864e5f2b9b7570e4569b99724b771$lut for cells of type $lut.
Using template $paramod$7bcf5f70986487920c848507d659d29b9546545c$lut for cells of type $lut.
Using template $paramod$5a05aceb4b3a5e65f91bcffb0fccca72a8307af8$lut for cells of type $lut.
Using template $paramod$619b7c9a4d44585e10b42f7fb79b16304cca97c5$lut for cells of type $lut.
Using template $paramod$b386beeb2114f85b641567d08ceda4ebd6492c7b$lut for cells of type $lut.
Using template $paramod$0e25b1ebdcb0e69b925ce03733a000610e0759ea$lut for cells of type $lut.
Using template $paramod$d6a246575d0ba3dcbbccd768ad41b602f82ff057$lut for cells of type $lut.
Using template $paramod$lut\WIDTH=32'00000000000000000000000000000010\LUT=4'0001 for cells of type $lut.
Using template $paramod$842d4b2fe22949669eac276c9bebad3774bb02a1$lut for cells of type $lut.
Using template $paramod$bfe22c8b84d59da01a0d5f64a43ce85bbe441179$lut for cells of type $lut.
Using template $paramod$f3ada871809f362efd8eb0c4fb952bb5c98f0750$lut for cells of type $lut.
Using template $paramod$bba54c1ef87367812b4c15f4aed5ac70773df775$lut for cells of type $lut.
Using template $paramod$784f4711405f84982df518be1f8d295ab4d5b427$lut for cells of type $lut.
Using template $paramod$lut\WIDTH=32'00000000000000000000000000000011\LUT=8'00000001 for cells of type $lut.
Using template $paramod$399ee4b37d87210a4f27601f0d7230be1ddb98f9$lut for cells of type $lut.
Using template $paramod$lut\WIDTH=32'00000000000000000000000000000011\LUT=8'01110000 for cells of type $lut.
Using template $paramod$20235ca863361fbc253329cfc7eeea38c77404dc$lut for cells of type $lut.
Using template $paramod$68f8a3050868da669d94d4e494c893d3dce59229$lut for cells of type $lut.
Using template $paramod$072c5e3ccda79fd9894df662960d670043a3dc1c$lut for cells of type $lut.
Using template $paramod$19f568890ed784cb1efc3ce1b67eed20a6c54d9a$lut for cells of type $lut.
Using template $paramod$1be3a10aca64bc8b3d140a9dcfb9bac7a6744be9$lut for cells of type $lut.
Using template $paramod$3ff6a1fff32547966eb80e0eede4847129513708$lut for cells of type $lut.
Using template $paramod$05e1115912393c1d4eb1e5490f3ecf172aa5a72c$lut for cells of type $lut.
Using template $paramod$03f745df2f46ed6e8375fda93c669257d36ff93c$lut for cells of type $lut.
Using template $paramod$lut\WIDTH=32'00000000000000000000000000000011\LUT=8'00010000 for cells of type $lut.
Using template $paramod$lut\WIDTH=32'00000000000000000000000000000011\LUT=8'10001010 for cells of type $lut.
Using template $paramod$c5d59de8f217863cd6151e007536282f8bfe41d6$lut for cells of type $lut.
Using template $paramod$5185d15885fb56f4d639a56173800a4fa3a7a174$lut for cells of type $lut.
Using template $paramod$c184f6374b738d759b71ee63d2ad872fa8e1842e$lut for cells of type $lut.
Using template $paramod$8f464c687aaa0d64779690eb3e325c3df2ddf597$lut for cells of type $lut.
Using template $paramod$51599577e92cd2756c2272cd36d7c29221c56d2f$lut for cells of type $lut.
Using template $paramod$ddace04fba544e6adc4cdda6a50048ddd7c111af$lut for cells of type $lut.
Using template $paramod$fedc9dd49dc77948bb3b96048b3e9c4cb551096b$lut for cells of type $lut.
Using template $paramod$6e98fea82e288eb70fa7833e8442d9b57c9d67e7$lut for cells of type $lut.
Using template $paramod$lut\WIDTH=32'00000000000000000000000000000011\LUT=8'11111000 for cells of type $lut.
Using template $paramod$5c24efb1ef00c2fbe6898cb18002d4748c418328$lut for cells of type $lut.
Using template $paramod$0b588377ba3185d211eb64f5b1be0e71dc379db8$lut for cells of type $lut.
Using template $paramod$efbcee56054525cfafa17d017d34cd41a27dc15b$lut for cells of type $lut.
Using template $paramod$c719d537b2261758d1fad1b902b469e1dae8576d$lut for cells of type $lut.
Using template $paramod$f7c86032a4a1be6bee51b1b7d2a46c9e81b3e9de$lut for cells of type $lut.
Using template $paramod$01577ea7e45ab1fd249b05447c65c44bc65c48a0$lut for cells of type $lut.
Using template $paramod$121f66828c71d3c18a58c99e9f44b94525cfca81$lut for cells of type $lut.
Using template $paramod$f2fc8a0b5f0d280e12834c429f79d557873d34b2$lut for cells of type $lut.
Using template $paramod$0ae13c10c91c73435f5e1d9011c58f81cb1183c7$lut for cells of type $lut.
Using template $paramod$33a3c6a71eb1e0529e5da08c70b3747d888e4b1b$lut for cells of type $lut.
Using template $paramod$b1d41c251992348e752b19c12db8a58434359feb$lut for cells of type $lut.
Using template $paramod$6d4302044f1915853df2a335c747ba9168fc127c$lut for cells of type $lut.
Using template $paramod$lut\WIDTH=32'00000000000000000000000000000011\LUT=8'01010110 for cells of type $lut.
Using template $paramod$8365768622d9f8f0d9e53c7327afe377ff290837$lut for cells of type $lut.
Using template $paramod$250b2f64a6982f4d09e91c7356d5ce717ff4d752$lut for cells of type $lut.
Using template $paramod$04087181908c54fd45259d739fbe8c277ed99069$lut for cells of type $lut.
Using template $paramod$lut\WIDTH=32'00000000000000000000000000000010\LUT=4'1110 for cells of type $lut.
Using template $paramod$c99909b0661e592bb9701b15671a24d993e3be48$lut for cells of type $lut.
Using template $paramod$00b8dd8b73561ad6988b03b6600fc178778f4822$lut for cells of type $lut.
Using template $paramod$36fea9c5869a0803f52e65a9512ceed7fef994c7$lut for cells of type $lut.
Using template $paramod$lut\WIDTH=32'00000000000000000000000000000001\LUT=2'01 for cells of type $lut.
Using template $paramod$78fada0979e8d27a72776e275ca488aaf1042846$lut for cells of type $lut.
Using template $paramod$lut\WIDTH=32'00000000000000000000000000000011\LUT=8'00101110 for cells of type $lut.
Using template $paramod$lut\WIDTH=32'00000000000000000000000000000011\LUT=8'11100000 for cells of type $lut.
Using template $paramod$2ef49f825966aa2cfba37a0413ef0d445321f804$lut for cells of type $lut.
Using template $paramod$b9d8b7e91a2c68da033af948ea0bd8bdebbaf6b2$lut for cells of type $lut.
Using template $paramod$lut\WIDTH=32'00000000000000000000000000000011\LUT=8'00000110 for cells of type $lut.
Using template $paramod$be48d952fcad8a16b8d84daa4c48a3065f343e5e$lut for cells of type $lut.
Using template $paramod$67fa356c0f3d798f38d68b9cc2d586e60eb522c4$lut for cells of type $lut.
Using template $paramod$8c218f07f4fcb7aa89542ff3d7405186c308b9d1$lut for cells of type $lut.
Using template $paramod$lut\WIDTH=32'00000000000000000000000000000011\LUT=8'10101001 for cells of type $lut.
Using template $paramod$f3bf8a4c8a406f58d1990c910ea418871c8e6c1b$lut for cells of type $lut.
Using template $paramod$lut\WIDTH=32'00000000000000000000000000000011\LUT=8'01000101 for cells of type $lut.
Using template $paramod$091437406f5eaaca6650d1d75668d0a1b6933755$lut for cells of type $lut.
Using template $paramod$ac0496fcebb0f2011b0bd8f43e25017a354391ee$lut for cells of type $lut.
Using template $paramod$36b7d8209200ca95c844934f9e4add2d5121b073$lut for cells of type $lut.
Using template $paramod$c6df4b783fa81f82ddf327c2925bbae90c2f17ba$lut for cells of type $lut.
Using template $paramod$2f7deae5fb594b0c70bb82efd4d3682a7baaa352$lut for cells of type $lut.
Using template $paramod$428f5e46463b80a3eddc52d38deced068f2e8dce$lut for cells of type $lut.
Using template $paramod$b600d182ae966d09f33a746441e104587fe7a58f$lut for cells of type $lut.
Using template $paramod$d6baa9dbc2cf069031b44361a9786dbae7e28164$lut for cells of type $lut.
Using template $paramod$8da51ba4ac8bede5d6294b420e07c273dc86afa0$lut for cells of type $lut.
Using template $paramod$lut\WIDTH=32'00000000000000000000000000000011\LUT=8'10111101 for cells of type $lut.
Using template $paramod$b9f432962100e22aa416c8d7b18bae99b345fc55$lut for cells of type $lut.
Using template $paramod$25003f26a78bb2f583f23824f1e0b8cc16b88761$lut for cells of type $lut.
Using template $paramod$415b9dd3a15783ae56c103f189fd8e182f997441$lut for cells of type $lut.
Using template $paramod$030341c742485f6555555dfb68dd36dc0741850d$lut for cells of type $lut.
Using template $paramod$lut\WIDTH=32'00000000000000000000000000000011\LUT=8'10111000 for cells of type $lut.
Using template $paramod$52b6c49baa2aa7ed4bb1ffa90e1954f18acb1676$lut for cells of type $lut.
Using template $paramod$7c62394fc9dcd57450f98f8754db0e3c7b377a8c$lut for cells of type $lut.
Using template $paramod$f9df4140a27888a5a93d821db709182f48bfd390$lut for cells of type $lut.
Using template $paramod$e76151b422bad8bc81a4515c18f7489f7b34cd59$lut for cells of type $lut.
Using template $paramod$e8f04aa93deb6aa077b1364bd7ddec17553d6e97$lut for cells of type $lut.
Using template $paramod$8b9634e7dfa008c33d9ee399743b05f598f2abc6$lut for cells of type $lut.
Using template $paramod$6431c688476747c9362502cacfebfbd13cbdb9aa$lut for cells of type $lut.
Using template $paramod$d94893256d21a0ee2c65d7177ece4d7768cb30be$lut for cells of type $lut.
Using template $paramod$1a68958bb4adc2ec2ba83bf40f3e8c81e7bc45a8$lut for cells of type $lut.
Using template $paramod$2acc56796dae1e7bbd8d34441a24f749523f3d30$lut for cells of type $lut.
Using template $paramod$9664483609d9e726df9697364de1aad825ad3979$lut for cells of type $lut.
Using template $paramod$a6423458b61ece9f4986749072b838febdc88bc8$lut for cells of type $lut.
Using template $paramod$f280b808fd5f7055c89d7eca68a28af8a36d8b69$lut for cells of type $lut.
Using template $paramod$922c9d51250447408e4eb21c37593ddfd4cdfd12$lut for cells of type $lut.
Using template $paramod$d5111aac42f4ee580f575d1b8c96983b83b98fda$lut for cells of type $lut.
Using template $paramod$9b17113467e8cd760e43418f068d57f3a557f265$lut for cells of type $lut.
Using template $paramod$e58ebcaf135186d8362a7de68a0137c0c6932026$lut for cells of type $lut.
Using template $paramod$9e1bb665dfd8bb2e0208619163bdd01a7b7c257c$lut for cells of type $lut.
Using template $paramod$d8768ee2570b53fd3db53af5f0e608087f88f69d$lut for cells of type $lut.
Using template $paramod$851ec193d126a613d33dfdc5f296604813db4f6a$lut for cells of type $lut.
Using template $paramod$cf6054da4845c15aa60ab7dfeef23692fe50e46f$lut for cells of type $lut.
Using template $paramod$d764887bc394a3134b7e8a59b5d9428fe48cd8ce$lut for cells of type $lut.
Using template $paramod$cd0c9bbbf94abd2596aaae9976827f6c56fb4967$lut for cells of type $lut.
Using template $paramod$4608bbef85d8f54c5df96fc7b8d857f9c6ca95b4$lut for cells of type $lut.
Using template $paramod$669b0b701dd9d770a9b1d2ed821d282d85e0bfbd$lut for cells of type $lut.
Using template $paramod$1358b58d7046bd49524870e336a8a090f59e6d0a$lut for cells of type $lut.
Using template $paramod$093e220c4dedbc4f314ee1b9f00823a950803f57$lut for cells of type $lut.
Using template $paramod$bd492ee86977b6d2f10a032d775ae8bc65f7d066$lut for cells of type $lut.
Using template $paramod$ee6682f13f4058ad3f1adfcfc64fc4b737208600$lut for cells of type $lut.
Using template $paramod$a839fec80f86f4dce9f17ac6f4d0068a7efff3db$lut for cells of type $lut.
Using template $paramod$e76f8403d9214f4e4b3d4eafdd26153de6b63a01$lut for cells of type $lut.
Using template $paramod$aeeba33d2f271b54ecafb3114833fb5f39edbe15$lut for cells of type $lut.
Using template $paramod$7d5dcd40178f32547a28e9d649035d9d75561198$lut for cells of type $lut.
Using template $paramod$243f58e25f836d825effd71ae05aa98010b8e789$lut for cells of type $lut.
Using template $paramod$4f1263790ba56f725735181bc32152576ad646ea$lut for cells of type $lut.
Using template $paramod$6d1116eb6114adaaaab84f3cb1176faf66c5b7fd$lut for cells of type $lut.
Using template $paramod$e7adb73e9cec3210f27ae8243cf4d812ee0a275d$lut for cells of type $lut.
Using template $paramod$be9478aa04ec56d979ecc89c1ccf9b64003f8135$lut for cells of type $lut.
Using template $paramod$1cc4140b925273148ac318ee64cccc1074a88851$lut for cells of type $lut.
Using template $paramod$26f17f876bd71bc5e011925d1467f91fb7fe6f9c$lut for cells of type $lut.
Using template $paramod$3a75984be502a90278fbcdfabefaa1fa73f98b63$lut for cells of type $lut.
Using template $paramod$655e4916ed05f5e7bc42f11d4a0ad3ecb4ce13e6$lut for cells of type $lut.
Using template $paramod$9d63ef9f6b1c7752add45fdf26a22003d394c2b3$lut for cells of type $lut.
Using template $paramod$ea0a782270cbebe4c72becfd701f94f80c4ba914$lut for cells of type $lut.
Using template $paramod$ae016047518365ef1edcb410638935fd2e830df9$lut for cells of type $lut.
Using template $paramod$b31cca12c19064ad2178af1070268abc826d0581$lut for cells of type $lut.
Using template $paramod$46706424f1357e6e33381262ff83e02439e9f7c9$lut for cells of type $lut.
Using template $paramod$df05485e29a49fb687e822fde6a1abb61710e3f4$lut for cells of type $lut.
Using template $paramod$4002ac9221bfd488b278ef0f0deee9b90a63e6c2$lut for cells of type $lut.
Using template $paramod$bc8968bb4f019987ce723832a95e675d3009070d$lut for cells of type $lut.
Using template $paramod$e815db14ed32c85289d05ad4308fd88c8b48a506$lut for cells of type $lut.
Using template $paramod$14e7f81efbca4810228a6f7b6bdc802b823b9f47$lut for cells of type $lut.
Using template $paramod$3a32a7587b9f95b908af04fb9b75cd3eae00b58e$lut for cells of type $lut.
Using template $paramod$27a9e8de563b099eefab6f76f54ebf117efffc4b$lut for cells of type $lut.
Using template $paramod$7a36951baf95cd2183bd59cb8867efd49cdcf08c$lut for cells of type $lut.
Using template $paramod$ffe50c5c90cde0cc8ba48143323618224b9c9a39$lut for cells of type $lut.
Using template $paramod$8592cedd266ba3ea30838f818daac84dc1e5d509$lut for cells of type $lut.
Using template $paramod$ec6dacea775b5a205556948f2dc8f68460a9bece$lut for cells of type $lut.
Using template $paramod$c56e53332e8adfbb2d82d38677282b45eb878a02$lut for cells of type $lut.
Using template $paramod$f23dcfa56e2ebcf9ea75aa1bf09fc718f94e223a$lut for cells of type $lut.
Using template $paramod$2789389b49cb3fdd2f3ca80c01c92ac229d872cd$lut for cells of type $lut.
Using template $paramod$64f5ca7330fafc24e1b66a26bc8483bab7b69b1f$lut for cells of type $lut.
Using template $paramod$4f66009fefe4c66c586601c7dcca10e119d00ea9$lut for cells of type $lut.
Using template $paramod$c51226825c440fbad9d5d3b0527d74fb05b1c940$lut for cells of type $lut.
Using template $paramod$646495dc06d0cd36da93d8a87daa61bc06810b51$lut for cells of type $lut.
Using template $paramod$037f2c7a4be7a4382854f7dd24c273d16a0361d9$lut for cells of type $lut.
Using template $paramod$16e7c8aec0723bdae890fd4ecd5da04951f32258$lut for cells of type $lut.
Using template $paramod$bd8b130ccd436ee87bc41f5cb8e6938d45df95ee$lut for cells of type $lut.
Using template $paramod$f2e9ecf0c11416683ff9188ea5d290ad2b6a1435$lut for cells of type $lut.
Using template $paramod$e02e54256c4d9cfd6a277a518cb408dc3f0d3b69$lut for cells of type $lut.
Using template $paramod$971346a10a34753664781dba5132b6af4923247a$lut for cells of type $lut.
Using template $paramod$fbfef1308ac65715c13ebcb31cda9ebcf77ef240$lut for cells of type $lut.
Using template $paramod$db61423b7afcff098d22d0c4b8861ec57181cff1$lut for cells of type $lut.
Using template $paramod$b9fefd8a3239a3a19fd53b07ef5ac2356993bbe7$lut for cells of type $lut.
Using template $paramod$a2b4ddfa3906001b2ef9f2414d79c3048f2a3a6e$lut for cells of type $lut.
Using template $paramod$098e453e50b10bf7b592953290a466aa03e7525d$lut for cells of type $lut.
Using template $paramod$197eab7f8bda470fb28799860bdafafb6f187c17$lut for cells of type $lut.
Using template $paramod$1562a103afe51ea33e1eb3be21d78315d5cc74e9$lut for cells of type $lut.
Using template $paramod$0d43434a53d0b91280e2a4c5c512509c71ae5e58$lut for cells of type $lut.
Using template $paramod$54375cba67117725b0e6ef6650f6afcfc8ded327$lut for cells of type $lut.
Using template $paramod$fa90f3448df7222c031507f208ba3c96f42dbd7d$lut for cells of type $lut.
Using template $paramod$86816726559bf08e3f1f7a083deeecab728f5011$lut for cells of type $lut.
Using template $paramod$ebe8d678af024e89aea5d5133e00c7c5c1b16012$lut for cells of type $lut.
Using template $paramod$d8a0a2359311f2b5013e9b03b3e055eb7911fb54$lut for cells of type $lut.
Using template $paramod$7b2c0fe86b6670f48d6b5d764bade43a7fb23766$lut for cells of type $lut.
Using template $paramod$37cbc00e2d257d354c26d441e97d0c8b74c4e7c7$lut for cells of type $lut.
Using template $paramod$ffd233aeff745f76316e4248126dea1d75bb9dc3$lut for cells of type $lut.
Using template $paramod$900a905a84e99910fb7e363f51551d8b0ddd8d25$lut for cells of type $lut.
Using template $paramod$b3c6003f958b07a50f1b517e8199efc5d10df4d8$lut for cells of type $lut.
Using template $paramod$b2bfafc6b0725b3829b57b549957d41bd3660411$lut for cells of type $lut.
Using template $paramod$4ecb1e039955b87c65739b5ebf5e5cfabba84abf$lut for cells of type $lut.
Using template $paramod$a8e6df22c3d3755fef1f868c465c56aa23541ecb$lut for cells of type $lut.
Using template $paramod$bdb9257695609aba3f93d4bfd52c7b7ad476da8c$lut for cells of type $lut.
Using template $paramod$a6e3e2da5431393c950ca67e4f63e926442d3b16$lut for cells of type $lut.
Using template $paramod$b554f3c8ebc646a4bb60e1fe6b4ed3f7ed136fb7$lut for cells of type $lut.
Using template $paramod$0af1f3ef7af45fcfe0ec604b8ab95d49154bad71$lut for cells of type $lut.
Using template $paramod$bf0d0292861bdee659ef5cbc5e58b330ac5871f9$lut for cells of type $lut.
Using template $paramod$9d84f86c1073f8f29338e031691a0491f93fceef$lut for cells of type $lut.
Using template $paramod$f7f49fad5eb6041eaa0958e5830b61f1cffcc493$lut for cells of type $lut.
Using template $paramod$037b10731293395642c293975b259796116677e7$lut for cells of type $lut.
Using template $paramod$4ea804a016b5ad6a2185c447629da6a9ad78ea93$lut for cells of type $lut.
Using template $paramod$ac270b6327e7071b35a45fd56756e270649a2ff4$lut for cells of type $lut.
Using template $paramod$60488a09eb41a68f4b817a2fb5694da022a667eb$lut for cells of type $lut.
Using template $paramod$0fd2ddeac2ed2b79c46482baaae893597bd82a9f$lut for cells of type $lut.
Using template $paramod$c8c69868877e067e61261f408e4ebbed813822bb$lut for cells of type $lut.
Using template $paramod$13e546d8185b0ae87d947764478ad19c3c849b85$lut for cells of type $lut.
Using template $paramod$8461a38da2644081983cd5b082d7f6c55a8dc5b7$lut for cells of type $lut.
Using template $paramod$0dec69cb1c5d3cfbda7fb99985f0da81735b9a62$lut for cells of type $lut.
Using template $paramod$b7b18fc2b87d1129779255d3641ce88c6132ccf1$lut for cells of type $lut.
Using template $paramod$86550bd2e62745d087796845654bbdf97b1c2720$lut for cells of type $lut.
Using template $paramod$3a005e536957f16b440d876943b4c8abcab49ee7$lut for cells of type $lut.
Using template $paramod$93d36da4c76a993bcdc623463c5ac40a6e51eb22$lut for cells of type $lut.
Using template $paramod$43e2ef22d89b66b5fa2ad4caee034dee5cc41fcf$lut for cells of type $lut.
Using template $paramod$1a9fede7f9f1a483e509851836f8601fabe79bfa$lut for cells of type $lut.
Using template $paramod$5a391c26cb014c0819d2e7f4be0684e50ee091ac$lut for cells of type $lut.
Using template $paramod$5911367e70b5406e2a24c2021a5dadd14e53943e$lut for cells of type $lut.
Using template $paramod$8c76883e9035c99f6a7c51c81466fd735a0765db$lut for cells of type $lut.
Using template $paramod$1b5a168292b7f40de1e8ef3cddfdde2f949c21e1$lut for cells of type $lut.
Using template $paramod$3e135f2dec0e327870f6f5f0652d5a17d8e852bb$lut for cells of type $lut.
Using template $paramod$f6aa725215a1450c05e9668c72bfbe2e6267dfc7$lut for cells of type $lut.
Using template $paramod$c752a0971580a1d5f5f00b3edb1f28530f8a180b$lut for cells of type $lut.
Using template $paramod$141f4cae23522b8745c093caa6ef27db9b7d0a97$lut for cells of type $lut.
Using template $paramod$daa97e4b8aaf5460b9e2444f66a3b9a2871b91af$lut for cells of type $lut.
Using template $paramod$6fa7be50cd2eaf060fc5b843d6111260edad6d90$lut for cells of type $lut.
Using template $paramod$0e6e2c2f27aa692c572a0f95fa737ada9b8194fb$lut for cells of type $lut.
Using template $paramod$e7e8b4e632a4d8cca5d99fa5916c1c0637a86fa2$lut for cells of type $lut.
Using template $paramod$dec9bbe88b381416d488b1d14cd0d667842054f1$lut for cells of type $lut.
Using template $paramod$8d46a2436bb7770a0871d401da47520f14b7c7e3$lut for cells of type $lut.
Using template $paramod$8d2afb334772272705b6fd220ddc6f829ff99eaa$lut for cells of type $lut.
Using template $paramod$fde7a71361f69ade2f30ed355c1c0b18d0d5e915$lut for cells of type $lut.
Using template $paramod$b5f306ae4f965ca621d2b8d75fbda95d27caac9f$lut for cells of type $lut.
Using template $paramod$eb8f09a53325ee77985de86bc689394009715d65$lut for cells of type $lut.
Using template $paramod$e2081af49039630237d701ef416290eac463240f$lut for cells of type $lut.
Using template $paramod$40642607c2e7145b8fdecea3ab5792f2b9436a64$lut for cells of type $lut.
Using template $paramod$1843d9d18065e4d9a5a2d70b27c9306ecfb3aafb$lut for cells of type $lut.
Using template $paramod$1463ab8ab2b982643a28a25f667d94d9ea020d04$lut for cells of type $lut.
Using template $paramod$0e1ae764b2a4ae1f0c7e25a1949a841ef28a90da$lut for cells of type $lut.
Using template $paramod$b884951c23a8470e6a1b4e619907dac6aae60301$lut for cells of type $lut.
Using template $paramod$a71bbe2076d296cd99e668c79b80cbad2e539180$lut for cells of type $lut.
Using template $paramod$1e54a047d06eb451500033c72c5aec50a5d99d18$lut for cells of type $lut.
Using template $paramod$38e960cb02179bf8638cbdff51c12dff86bf557c$lut for cells of type $lut.
Using template $paramod$0854e99e4a29fab40b909aa0851b32700e65f5ae$lut for cells of type $lut.
Using template $paramod$856a1f810ab4b155a5848f2fe2d1274e48cc5ed8$lut for cells of type $lut.
Using template $paramod$079c00e874bea79fcc811dd07eac6d1d43fcbe49$lut for cells of type $lut.
Using template $paramod$744f397ccbc9abab910d2ecc90231fa2cf4d6f99$lut for cells of type $lut.
Using template $paramod$74506156b895171e3e06602179f08f1f7d6e33e2$lut for cells of type $lut.
Using template $paramod$780d5a88415ea3f021a126b09a4a5c8eed73da9a$lut for cells of type $lut.
Using template $paramod$ae0fd97508e8ee69db5e67fb125e1a21f0de101e$lut for cells of type $lut.
Using template $paramod$1dab3993ab92500e6aa3105c654f360f4cb8e317$lut for cells of type $lut.
Using template $paramod$e82ccd48ba78a2fba5613a749ed42b871193ac6a$lut for cells of type $lut.
Using template $paramod$2c97abd8fb9b28cef69bac0f87760b4fbeb663d9$lut for cells of type $lut.
Using template $paramod$14910931b068efbcd71ce37e5ddc5c29e26c8c08$lut for cells of type $lut.
Using template $paramod$e5d9933f22ffa8b968ea17c972cd87806456926f$lut for cells of type $lut.
Using template $paramod$a438ccd78fae6ceda5961fd4c93ef0679c62614f$lut for cells of type $lut.
Using template $paramod$09fbb2e2c7df275e228ebaddc098ecd661d07dc3$lut for cells of type $lut.
Using template $paramod$abae97adb742e9c7a5e9d4d55e2100fd33479378$lut for cells of type $lut.
Using template $paramod$0c1eb1aad9faa46a829c7b7d4f22317f2f8cf36a$lut for cells of type $lut.
Using template $paramod$f31732b9cffa032382b06d76d35605655e046618$lut for cells of type $lut.
Using template $paramod$d170cee27f4a69b55e37ab370c3ade125e4076ce$lut for cells of type $lut.
Using template $paramod$7f1520d3dfeeaee8626eca89cadd7121afbbe468$lut for cells of type $lut.
Using template $paramod$310ff7b9bbc719e75370b670508522c1b5f64878$lut for cells of type $lut.
Using template $paramod$ce9bc60110cc74b3c6812b1aa9fddaceb4bfa774$lut for cells of type $lut.
Using template $paramod$ff499a15cd1322b01eee7bcf5c7e94da0b7b04f9$lut for cells of type $lut.
Using template $paramod$93fd25c90c23e119eec0f306b706dbb0d4e72699$lut for cells of type $lut.
Using template $paramod$9b09b2da011fc6f331f62a010506340094694bee$lut for cells of type $lut.
Using template $paramod$87b914b154253521c106049bee91e59c849a76e6$lut for cells of type $lut.
Using template $paramod$eb5a76244dc1033f8ec288d9dc79e00d01a9520d$lut for cells of type $lut.
Using template $paramod$89fbea9c8d832d284eee99b58fccf647af162e08$lut for cells of type $lut.
Using template $paramod$4cd548f9a940f8233515620fa11d36166add1c7f$lut for cells of type $lut.
Using template $paramod$3ac5a380c5bd146e6a157129c389502d8853a571$lut for cells of type $lut.
Using template $paramod$83f81747437e1deb01c646c4ebf342770183c4e4$lut for cells of type $lut.
Using template $paramod$8728eb31d9c43f258812011699160a8af5bcdbb7$lut for cells of type $lut.
Using template $paramod$42c1597bcbc8dae1d5a9f454a83a988aab00785d$lut for cells of type $lut.
Using template $paramod$188d30e0c6172659d79ab4d653b90fd490ce2863$lut for cells of type $lut.
Using template $paramod$c9a5bb4130f5f6f0985f5b64050dc6cfd715d7e1$lut for cells of type $lut.
Using template $paramod$08aa66c0e0871c21ba3a49eaa5deb6fa76637979$lut for cells of type $lut.
Using template $paramod$d7a68a9d2508b3b2b89c8ce62053486f1b25f6ba$lut for cells of type $lut.
Using template $paramod$d571bc4a59c56be9c02abb48fbf212a9f32ce013$lut for cells of type $lut.
Using template $paramod$69b9a6ba660647d097bd0e4f8cedaa3632c68f6c$lut for cells of type $lut.
Using template $paramod$a8ac91a73e4d07d9c1e1ed0b59025bc547f17304$lut for cells of type $lut.
Using template $paramod$65aac860e6084790a2ccef6e2ddd237bffee725e$lut for cells of type $lut.
Using template $paramod$a6d5a927e38ad7e7fc8e77dfe76590950f43d647$lut for cells of type $lut.
Using template $paramod$4c7941b0d76e9680a824296bd2c467368c633f5b$lut for cells of type $lut.
Using template $paramod$a3b6dc0d6fc104006edd352bb1c021b2ba6c73c2$lut for cells of type $lut.
Using template $paramod$4251c07309ad154002eaa9808cc7b2125e43a717$lut for cells of type $lut.
Using template $paramod$304efdb06a9d7d328e94db00bcc484c77c69de89$lut for cells of type $lut.
Using template $paramod$9d6f919c93d0da25bcf6ceed0988faf63dc8ff6b$lut for cells of type $lut.
Using template $paramod$29c9ec5bd23854965e66f12e17e702681a3e369c$lut for cells of type $lut.
Using template $paramod$2c3c237685ce35ec0fd7c2ae6dc2ff4bb6589927$lut for cells of type $lut.
Using template $paramod$5d8e01004895ab639bd9f7da506c0a403848e8d4$lut for cells of type $lut.
Using template $paramod$5e1eb353fd29e2cd1272af3aaeca86d82d1b9a85$lut for cells of type $lut.
Using template $paramod$dc516781829d6eb335cad71b60f0f734abaf976d$lut for cells of type $lut.
Using template $paramod$216e999892d58fbab9c76b331a63a278ffc2c99f$lut for cells of type $lut.
Using template $paramod$6c524dc3e151a1d7077b53f41d9766e2f94d77d9$lut for cells of type $lut.
Using template $paramod$43317fb86a7e687924ddecc3fb04cf9034fb92c1$lut for cells of type $lut.
Using template $paramod$1d50ae1348b8192a4013efad868e5a847313aed7$lut for cells of type $lut.
Using template $paramod$e5b5388e55a2026fd99941c9f966cd4ceef8c039$lut for cells of type $lut.
Using template $paramod$a5e3545dec159c450de5d99577499d54c4c11269$lut for cells of type $lut.
Using template $paramod$338110571d96592d6d15e17a66a1347d15ad49bd$lut for cells of type $lut.
Using template $paramod$f5126678ad925caab67d556368b3efd555a71b03$lut for cells of type $lut.
Using template $paramod$70593c84a2d3534380c55cab88913425b0d6d9f8$lut for cells of type $lut.
Using template $paramod$97787e50d1f52afb31d4f673dc413b01ceb6dc58$lut for cells of type $lut.
Using template $paramod$eea9a6c065b0e4fcdf68406f7c131fc83d9b1c05$lut for cells of type $lut.
Using template $paramod$6d3c2515d53a7df8edaabc7c845bc0c97fe2bd9e$lut for cells of type $lut.
Using template $paramod$03af3616f4096c0f43fd984dd174aacfe56c55af$lut for cells of type $lut.
Using template $paramod$f80eae9c05075772df4155baadb8dab3492bce14$lut for cells of type $lut.
Using template $paramod$43740ce3736f683ba1e0172ef6d0d58c62bb5c28$lut for cells of type $lut.
Using template $paramod$05a04ae51ccfca5b31cfa42c0b137075627447e7$lut for cells of type $lut.
Using template $paramod$04f9233a8412c21de91e6b98506e3b5028927417$lut for cells of type $lut.
Using template $paramod$f1eb910e7dd1d92604c23d6d671e94983b54f461$lut for cells of type $lut.
Using template $paramod$d643b802e2f8645932bfd45a906a13858280aa04$lut for cells of type $lut.
Using template $paramod$ff98b5bde885ebff91f2a2f6c6ba373cf04752ab$lut for cells of type $lut.
Using template $paramod$692927e279b3d5c42ee4aacb287247c0b34943ed$lut for cells of type $lut.
Using template $paramod$b8531e5e0e0926e2962bb06d4aed602da472a9bf$lut for cells of type $lut.
Using template $paramod$8166bce295c3fcc3e94970f359ec4d181da34c55$lut for cells of type $lut.
Using template $paramod$0d1659adc1205bc158c5b8b0576d3944dbe3e3d3$lut for cells of type $lut.
Using template $paramod$b5b52bcb1c830d41643f8f5730f16589b57f934a$lut for cells of type $lut.
Using template $paramod$a8962ac7da7d5e03d7622eeaf9b7c817a876575b$lut for cells of type $lut.
Using template $paramod$39a0c5eea85b1907221078eac65d59c15c80db22$lut for cells of type $lut.
Using template $paramod$a305305bc01f65f94987d31f26791067e5fbfb76$lut for cells of type $lut.
Using template $paramod$e87fc800fdb5a50bbeeb82b98122fd28049772db$lut for cells of type $lut.
Using template $paramod$b366c2af1da99823c4de12cf38d8c9adc6e047d0$lut for cells of type $lut.
Using template $paramod$7ce04060e0261a49d5176dfab740b4487c090810$lut for cells of type $lut.
Using template $paramod$827e91f6b67d8f83ccded66e22e2e551326cf127$lut for cells of type $lut.
Using template $paramod$34310487c0b69b23e176b08d5221879219e6e8e6$lut for cells of type $lut.
Using template $paramod$be0f6683dff5dd2ae8c625a760b509f2d4247c76$lut for cells of type $lut.
Using template $paramod$c100d9ec6308fda8635993276a6fb0b331bfa4a5$lut for cells of type $lut.
Using template $paramod$8ee821382d4220a20756fc99f35b899f40544642$lut for cells of type $lut.
Using template $paramod$783306a8dc5fa315f3c5079dfe872403c6186b71$lut for cells of type $lut.
Using template $paramod$70c99b7375104f409b13ea1f97ec21bc127790bc$lut for cells of type $lut.
Using template $paramod$bfed80fff028d6a9c1a598c204ceb33fe4527111$lut for cells of type $lut.
Using template $paramod$2109a7a9b99a85b88e5da442853c95aa4c497c40$lut for cells of type $lut.
Using template $paramod$0dcb88dbd88fe71270c82a498913de8045b3b566$lut for cells of type $lut.
Using template $paramod$0c5cb8e05b551bad974c2b55ca80492f9bc60e31$lut for cells of type $lut.
Using template $paramod$5803a5858cdfb77e1118b4e6810825d6405717b2$lut for cells of type $lut.
Using template $paramod$b5ef2327b4447fa89992e8e1da211120294db688$lut for cells of type $lut.
Using template $paramod$163f3f2cf5fe82ed6b4aa477662a4723ce9ee09b$lut for cells of type $lut.
Using template $paramod$9452ccfb6682f915033d70545645800a65613b0e$lut for cells of type $lut.
Using template $paramod$d341c6f78b3313b79ecdaab54681f062f07ea97e$lut for cells of type $lut.
Using template $paramod$bf6930ae2f0cf51ea3d89c135d5a308ebe7bdcee$lut for cells of type $lut.
Using template $paramod$20fac59b429eab3de288e5ec89df063d9eac735e$lut for cells of type $lut.
Using template $paramod$99ca98123d457005ea2967434858e604552010ac$lut for cells of type $lut.
Using template $paramod$01ee0b31b76bd3cfc53b8e4473eb2531447cfd11$lut for cells of type $lut.
Using template $paramod$81665d9da01a4e1c25827bd36e453c5350f3f1d5$lut for cells of type $lut.
Using template $paramod$78a8c8dc8db3b461c2d57e9ae02cfc78c33103aa$lut for cells of type $lut.
Using template $paramod$d715fa068caecebd366cca83d9d2fd121fb9c826$lut for cells of type $lut.
Using template $paramod$68aadeca7ac8432b1911ab122ad5e596a436f0e5$lut for cells of type $lut.
Using template $paramod$b8f1fc607608d2f6330c42f4ee61b3264440cc89$lut for cells of type $lut.
Using template $paramod$c0276093e97ac2209e100499553e3cfc9a4cba8b$lut for cells of type $lut.
Using template $paramod$2ca2bb55a13e0bc3b13b7c5345892ffb78b935b3$lut for cells of type $lut.
Using template $paramod$20bdd9876f6efe1a840dd3bd2b257d394572933b$lut for cells of type $lut.
Using template $paramod$389c91093a17538b2bcf874a7be462d223ac1fac$lut for cells of type $lut.
Using template $paramod$0f86152ca8b7e6d655a7c355d05800ba2fa421bb$lut for cells of type $lut.
Using template $paramod$0bc0d50f11974ac916aa37afce398061e18e49fb$lut for cells of type $lut.
Using template $paramod$2535bef09301eb664e336031176e00b5e455f6aa$lut for cells of type $lut.
Using template $paramod$46ff14bdb8e00b22501893a990646d7ea7962b9d$lut for cells of type $lut.
Using template $paramod$8405f473b65d81a011e2b123b27cb1ddbfee38c7$lut for cells of type $lut.
Using template $paramod$b79d391c52e74e6b89ce71c7b273939ec96c1c89$lut for cells of type $lut.
Using template $paramod$7f3c6930d9cd5a94c8d0e82182c7ed2fc5f420bc$lut for cells of type $lut.
Using template $paramod$5d51aef390ed8b8f415442956ed6f97c79cad1b5$lut for cells of type $lut.
Using template $paramod$4bfe0ee26e147b3003c5a1cbf2cbb7452262f4c1$lut for cells of type $lut.
Using template $paramod$977114015e756f3ee4636a060dc1d7247d951e24$lut for cells of type $lut.
Using template $paramod$717b3d9100c4facc1a119f9141300620ea6c8f64$lut for cells of type $lut.
Using template $paramod$c55b50ef68c104e2688272201397ddd54a2d433a$lut for cells of type $lut.
Using template $paramod$1016a857a58d46c59dada09ae8e8dc55526d6c89$lut for cells of type $lut.
Using template $paramod$19dc98ef525593a22c5594ab8bdfd2b0a2a22418$lut for cells of type $lut.
Using template $paramod$ec6dbaf48f221c87dadde2e131337e73a9db4119$lut for cells of type $lut.
Using template $paramod$5d3afc1304e169271b26cfe4de54e0bf106dbb56$lut for cells of type $lut.
Using template $paramod$3bb8d4b386cc5ef6aa72ddc5a0267cadcab73933$lut for cells of type $lut.
Using template $paramod$14137a85394916e0524292ccfb171bb21bf43065$lut for cells of type $lut.
Using template $paramod$d9e76955560a64275d4c37637ddcc037ee6c9a61$lut for cells of type $lut.
Using template $paramod$1873a4958fd4372dcd63c9d7bad4b5c583c46774$lut for cells of type $lut.
Using template $paramod$3858ac118e2a307e6b6cae07db62aff73577d926$lut for cells of type $lut.
Using template $paramod$1f1e6f5298b108740c15451790e7803b817b3f1a$lut for cells of type $lut.
Using template $paramod$c9e475da501f146fcd4584b7fb6f2364d591e409$lut for cells of type $lut.
Using template $paramod$3fb1a226d69311d19e361961b7552a59f0ef582e$lut for cells of type $lut.
Using template $paramod$63b668b8b359db978a2fe7e7f2371bbb653a42d6$lut for cells of type $lut.
Using template $paramod$be9b00f652ecbe22dba91516149397843d2cd8c6$lut for cells of type $lut.
Using template $paramod$e1c2836e94ec58b0ec41ea79c9b80d3827e0efa9$lut for cells of type $lut.
Using template $paramod$9427a87075f801c7f573a6db7076c214693761c3$lut for cells of type $lut.
Using template $paramod$68332e05225f6fb7463f1584400864792143b623$lut for cells of type $lut.
Using template $paramod$09084f728ee5ab31a92c30c54f90f0b82c844975$lut for cells of type $lut.
Using template $paramod$e6197a5e543ebf944598378b59598d3f9f1b57f8$lut for cells of type $lut.
Using template $paramod$0cfe947704d553a904c0b2be30582bad49337dfc$lut for cells of type $lut.
Using template $paramod$691084ddea1079ecdc1e0d84bef7defc8f7e6238$lut for cells of type $lut.
Using template $paramod$de5c6c5e723e1455713477ece8daec249412a007$lut for cells of type $lut.
Using template $paramod$888b3714cc39265bb9c46bc7952c141ffd873348$lut for cells of type $lut.
Using template $paramod$d68feecf13140f461b6512c3a83f574a31d01511$lut for cells of type $lut.
Using template $paramod$1565bbe4d9e211fb1c9b2878615ef122c96b9ecc$lut for cells of type $lut.
Using template $paramod$8fc12bf515ea9355ffc2815e3aa8c2b4f93438f5$lut for cells of type $lut.
Using template $paramod$2aeb2f72a1dee2c7fa1c3599dbbb26115f0a2ca9$lut for cells of type $lut.
Using template $paramod$4cb217f50671baf034a37cdf16a27776b689af7e$lut for cells of type $lut.
Using template $paramod$fb46c0816257e9b2b40094a8250555238cb1de21$lut for cells of type $lut.
Using template $paramod$55359c290d55738755b3375ffdabcd96596a6f17$lut for cells of type $lut.
Using template $paramod$83e451c6be3182aa7aaacc4c1b74a56e3170e201$lut for cells of type $lut.
Using template $paramod$980a10d2ef6e6400690594f4fde5f1f34d2ea846$lut for cells of type $lut.
Using template $paramod$53a4aed5f549d562ef0893b479f3277d54cb4bd2$lut for cells of type $lut.
Using template $paramod$70e4ef8df0a28a98068d84fec9730fe026a4aa4a$lut for cells of type $lut.
Using template $paramod$29f1a233d33df9738a8657af196819f116ad5a51$lut for cells of type $lut.
Using template $paramod$0f0150c6e08413113497bf0d6336c57b699ad00b$lut for cells of type $lut.
Using template $paramod$f012dbec987c0c59fd6cd8f6c1e28eafc57c32f3$lut for cells of type $lut.
Using template $paramod$2e1b4e662bd49d40ccda100e455934bd14e2b60d$lut for cells of type $lut.
Using template $paramod$e89c88f5a500c5dbc6f9f9818d500aee17723eee$lut for cells of type $lut.
Using template $paramod$efcb9962c0a195aac9addd69c2d18908b3b8d23f$lut for cells of type $lut.
Using template $paramod$a447103cc4e575b20ee733a6d92f952a004bb692$lut for cells of type $lut.
Using template $paramod$da9dcc563d74f18da12c8905f493f32310ab6fef$lut for cells of type $lut.
Using template $paramod$f0fc70e362453835a2127afb4092c767e4b82e9e$lut for cells of type $lut.
Using template $paramod$bcffdc376e9a257fd71cbc4aeb4f9d6bf45c3890$lut for cells of type $lut.
Using template $paramod$b5bc2c75d612f9657fe48f82a231561fedb24672$lut for cells of type $lut.
Using template $paramod$76b1dabb1b14e02792096f009f383fd68cdd1fee$lut for cells of type $lut.
Using template $paramod$faa10fb59372f84df1d462851097e1b4f31cd3cd$lut for cells of type $lut.
Using template $paramod$e5290f1e0b76a8efdfaa356604a9b7ab8370ee29$lut for cells of type $lut.
Using template $paramod$715a61a90815f198620cce89c746c29ced675b9f$lut for cells of type $lut.
Using template $paramod$7154f6d47df323ded3887239a6f22e47c3a88c2a$lut for cells of type $lut.
Using template $paramod$da8d1617042cab0010f30766fabc382eb83107e5$lut for cells of type $lut.
Using template $paramod$9076929cbc51290cbf29ecbbf01d34580c1927b3$lut for cells of type $lut.
Using template $paramod$ec6f25b4557ba4f2882a7705b56b79151764fa2c$lut for cells of type $lut.
Using template $paramod$9acecf270ec7f78e077dcacecd62706ca8f0d652$lut for cells of type $lut.
Using template $paramod$14a6d1a1a0d1671f6c505cbaab11924d183c9dea$lut for cells of type $lut.
Using template $paramod$f14c7ea4b7504fcdfcf9787ff63e75d465609393$lut for cells of type $lut.
Using template $paramod$44166077814a23026519b525d8ec306bbcaac037$lut for cells of type $lut.
Using template $paramod$56cadfb979f08c43fab19aa1456817f44877d531$lut for cells of type $lut.
Using template $paramod$7430ae27530bb6086442f0b5e82e399a73367d9d$lut for cells of type $lut.
Using template $paramod$8ff11b3956a42c1b35566f754ac48587d0c94c3d$lut for cells of type $lut.
Using template $paramod$ee619d6837639b4331eb8b7a0117ca103ae5e222$lut for cells of type $lut.
Using template $paramod$1aa155f586395fd83c3fd3156d0daa1fa9503242$lut for cells of type $lut.
Using template $paramod$7ee8802d9eefe5f0c79eeecc2b7b74a58ac14aff$lut for cells of type $lut.
Using template $paramod$f3d576dbb310875bb51f1503288d7b6c40c9cef0$lut for cells of type $lut.
Using template $paramod$e5714e1e0772ad2c86e3fc6e1645e238f830382e$lut for cells of type $lut.
Using template $paramod$54e7ad3f12f8ad66905334754cd0d5e47a088075$lut for cells of type $lut.
Using template $paramod$15cf44c4455bd810438569d962e9363745008369$lut for cells of type $lut.
Using template $paramod$81bd9f87b7f1d215d95ca508d16e25a1f9ad46a7$lut for cells of type $lut.
Using template $paramod$b8243a1a8309c36c61f3510a305fe432453eb5d7$lut for cells of type $lut.
Using template $paramod$ca7289e7b3343c03002821b5ba98be23a57e6243$lut for cells of type $lut.
Using template $paramod$bc304faef7e39da6583112834808ecc0fc9c8c62$lut for cells of type $lut.
Using template $paramod$7889c2e0c94ae0e3c2327cb8c6935a9ba4ce871d$lut for cells of type $lut.
Using template $paramod$894db95217a0dd923c3dbfe3a382e770ca02dde4$lut for cells of type $lut.
Using template $paramod$58f937556cce9aa06ab2037418a8e549735b446a$lut for cells of type $lut.
Using template $paramod$57d78ab5985901e9d0b38b998053eb7949994eaa$lut for cells of type $lut.
Using template $paramod$48785f088eed1b91cf36326d54ab50a3ff009605$lut for cells of type $lut.
Using template $paramod$92e202c02dbac93cef04f2db9850e778f0e5017d$lut for cells of type $lut.
Using template $paramod$8daedfd9fb57eaf9e16354d553820d631666f732$lut for cells of type $lut.
Using template $paramod$1d5ad7390cc2e725766d673b81db7a1ef619d6ba$lut for cells of type $lut.
Using template $paramod$0f5286e895f056c4fc2fdcf8e595ef94480ea615$lut for cells of type $lut.
Using template $paramod$762a6492f89715365551fad43f712d713aaa3fbb$lut for cells of type $lut.
Using template $paramod$168e9e0b8d994793e44d25f1bbb571755e34bf44$lut for cells of type $lut.
Using template $paramod$f4d3caff25c7f557c71eeb97a5f4d78227979ffb$lut for cells of type $lut.
Using template $paramod$97b9583f45a01a5856e3f33a1c20b5c6f2045013$lut for cells of type $lut.
Using template $paramod$110d34fec361f6a88ffa9263f6e91673d5f5d347$lut for cells of type $lut.
Using template $paramod$6af023d04780a6b54e8dd53dc6126bcf1a45e79b$lut for cells of type $lut.
Using template $paramod$6f9019e6999f7efb0c2c8f1f569da80a827f9b1e$lut for cells of type $lut.
Using template $paramod$93c2d8fc0dca8d2939f7857206e613b8e9892809$lut for cells of type $lut.
Using template $paramod$b408ecda98e14a3d385ea83f77bed71433b26f94$lut for cells of type $lut.
Using template $paramod$82972c1398264b59354740c55eb2cf1a7a9ec619$lut for cells of type $lut.
Using template $paramod$4503307402402f0834059e82aa7109367927dd83$lut for cells of type $lut.
Using template $paramod$6af02d40bacf9bf712313925c062b40bacfedcc3$lut for cells of type $lut.
Using template $paramod$76883fc537091691d7d3f5c60629d922850a6d3d$lut for cells of type $lut.
Using template $paramod$0b30c5765ba2741660d2745ba4a46dc4386812e1$lut for cells of type $lut.
Using template $paramod$12c2b2ee789f640569b69325f050522e746f02fb$lut for cells of type $lut.
Using template $paramod$b80719602e5aa541d43e9c86aa7f1b21bd059db0$lut for cells of type $lut.
Using template $paramod$c2db9efe1300743ed8ad49b4e748f569deece846$lut for cells of type $lut.
Using template $paramod$c23462377aa1aa55b9858549c2ad6a085bb4d55d$lut for cells of type $lut.
Using template $paramod$cd44590f01a1fc29c220fcb1491229552440fc01$lut for cells of type $lut.
Using template $paramod$a74bbdc085e472a442597d6d4b3006d9a184e2aa$lut for cells of type $lut.
Using template $paramod$8638bfabab6cadc2c545985e1d16983a8485e9e2$lut for cells of type $lut.
Using template $paramod$9064900477b45a67d9a9f20e9b40bb224a67afea$lut for cells of type $lut.
Using template $paramod$5ddaa0dff00df198529210d6bf9e6d8b023c211c$lut for cells of type $lut.
Using template $paramod$b9fce52c31dd9150d20277fe6fa5fac8055b93db$lut for cells of type $lut.
Using template $paramod$096a2d3a14796adea4ef5a3261712377968561e7$lut for cells of type $lut.
Using template $paramod$d4e031bf17001d9058ac4f1c21c53512329e8fe8$lut for cells of type $lut.
Using template $paramod$a0cf25a462775f827a095ab1cfae41bffe2a7b04$lut for cells of type $lut.
Using template $paramod$b65fc526c2a8e65d5641415428419b41d972a91f$lut for cells of type $lut.
Using template $paramod$e9a0c631908d89d6b8319f2719bb084bdd0e361b$lut for cells of type $lut.
Using template $paramod$fad599f402206fec287ffd7e4d86f21268a8e48c$lut for cells of type $lut.
Using template $paramod$baa125cea031d684f4728c081eafcbf621109046$lut for cells of type $lut.
Using template $paramod$46b773239c0d7bdb8efe1ff0fb2b36431c56de00$lut for cells of type $lut.
Using template $paramod$aa6e0e001ba6613d65b0b3dd31e5c97806db805c$lut for cells of type $lut.
Using template $paramod$6442852ac60523c7400c3cef7da6a922186907e6$lut for cells of type $lut.
Using template $paramod$2fdaf7c2e4fc7827ce96b03da15796b8079d7bd6$lut for cells of type $lut.
Using template $paramod$b1491458ec3b44f2b80d373930283fcf789ccae4$lut for cells of type $lut.
Using template $paramod$701e58805d977cd6af390210446e41935f407ea3$lut for cells of type $lut.
Using template $paramod$4bc263b4abbebb3a71f6ae6d7874a52e6b95c331$lut for cells of type $lut.
Using template $paramod$210e3aa2bb75d92385b063eb06db54d9eb346a4e$lut for cells of type $lut.
Using template $paramod$7f0c389f5af739362c2b9ee07debc29de1018246$lut for cells of type $lut.
Using template $paramod$744e46c32e74eb1b19ed14b92a3fc7105d13ffae$lut for cells of type $lut.
Using template $paramod$ba1db1250b3786f167625954ddd4d2c4654c2bd8$lut for cells of type $lut.
Using template $paramod$a317c8c27a7439fea4cd5de1f56ed38192a2dd09$lut for cells of type $lut.
Using template $paramod$f10789a1aa13f5e1f64da2487fd6fffcbf03c5b3$lut for cells of type $lut.
Using template $paramod$e061202f34be393d20d010658822307cbc73ddad$lut for cells of type $lut.
Using template $paramod$d34208e7c7fae3fc64f84d1c966da9062f54ec80$lut for cells of type $lut.
Using template $paramod$4611fc074c7d96f4c4cf9d00695d55f918495924$lut for cells of type $lut.
Using template $paramod$79786cb4d94928ebc7c460eed52459a5ad908c33$lut for cells of type $lut.
Using template $paramod$65b243a3e241d9b734c100d2b8a2cdb84813277d$lut for cells of type $lut.
Using template $paramod$70273eb7ad5443e510ff9ad4f410bdedc1a170a0$lut for cells of type $lut.
Using template $paramod$24edbb0e94be536399e6c7da3e71bea5ab27d6cb$lut for cells of type $lut.
Using template $paramod$56a0a992a20c50617e98fec79ea4632c084a75bc$lut for cells of type $lut.
Using template $paramod$2d29f8b693166173ac23c7ed20793459d154c47d$lut for cells of type $lut.
Using template $paramod$9bcd1494108bc85a3bfa3f432d5c94162a26d348$lut for cells of type $lut.
Using template $paramod$bdcdc46ef79e6adca7996392550cccbb696dda2a$lut for cells of type $lut.
Using template $paramod$5902593a31ad55fd79551b1341b37af6bb4265e8$lut for cells of type $lut.
Using template $paramod$00fb802f7ad7e2202437695c494002c7739eec04$lut for cells of type $lut.
Using template $paramod$9c209ba2c9ff33fe764e529516730f07cb1b5f98$lut for cells of type $lut.
Using template $paramod$8ccb4c8fd668134ed61b957427de0816687a5cb8$lut for cells of type $lut.
Using template $paramod$bb090d8031af8a1a8a889989a9dbf02329cd2dfc$lut for cells of type $lut.
Using template $paramod$1369e30dbd6ee7000f396c82dfb6b84dc189094f$lut for cells of type $lut.
Using template $paramod$b5e3b5356d1187a6c769a010d5e82716b229544f$lut for cells of type $lut.
Using template $paramod$97b83febbdfac7af2a78f043205c593cae33fb00$lut for cells of type $lut.
Using template $paramod$8dd88bfac36615072e876c59d49f6befed7abe02$lut for cells of type $lut.
Using template $paramod$1e0c0b86a06602bdd631c5fffeedb67c1bf41679$lut for cells of type $lut.
Using template $paramod$6ea7df8d3bc1d06dab7cb620e25d7648acd70707$lut for cells of type $lut.
Using template $paramod$1557bf2367fa7cd8ec60971b859664c81f46b142$lut for cells of type $lut.
Using template $paramod$3512d2ffd7b4054505fe63fc386686daa3f3d6ad$lut for cells of type $lut.
Using template $paramod$3c2b8f75e3c8c1f357502b1ada6171eec0aa5f69$lut for cells of type $lut.
Using template $paramod$0c6d9c9617aaf575cc9f88f48982940047e2d81d$lut for cells of type $lut.
Using template $paramod$64653388b07257e95a03bf4b910ae07b3c79de31$lut for cells of type $lut.
Using template $paramod$393128fdd003a2e98435e3c29f39233552f34cc5$lut for cells of type $lut.
Using template $paramod$6df06da6b74631e24107e5d9766885a58af617b0$lut for cells of type $lut.
Using template $paramod$c44bc2656720a164eb8c43b31bf08fff336dccc8$lut for cells of type $lut.
Using template $paramod$cb544951c9af71f751fd27127f7b3109e414c44e$lut for cells of type $lut.
Using template $paramod$5fc226fa79b71c91a62f88df931a8321cdd2a143$lut for cells of type $lut.
Using template $paramod$28f492c76f166573f3eee5fa705b6bac4b00d472$lut for cells of type $lut.
Using template $paramod$3545bd2a91cfb9a489a00307417ec51a92ea2689$lut for cells of type $lut.
Using template $paramod$d63f147f62d6bd18cd789a6c3a61e74116d2c115$lut for cells of type $lut.
Using template $paramod$9d919b530452c41c55de0c48835b2a86f7f97ab6$lut for cells of type $lut.
Using template $paramod$55d30cec1ad70e3f05a0708812ba5182ba09cb56$lut for cells of type $lut.
Using template $paramod$398c4717d42dba315fb7006c8f9e35983de7b18b$lut for cells of type $lut.
Using template $paramod$1054633f51671cdc1bf8844eb00a45b5e3b862f1$lut for cells of type $lut.
Using template $paramod$3497e75de1a074631c5918700bc54550cec87fa1$lut for cells of type $lut.
Using template $paramod$7dc4d039aed30ae083b3938732376a4f398bd3ec$lut for cells of type $lut.
Using template $paramod$81d4027d73822de80a2941671828f3e42de57b15$lut for cells of type $lut.
Using template $paramod$5d3d05ad9dc0b3cbceadc0f2e21cfc2d4faffe1d$lut for cells of type $lut.
Using template $paramod$94369d26205c8f2f386aff6a1cded2957de84941$lut for cells of type $lut.
Using template $paramod$bd87e0d6634dd81662b95ede9cf1e316dd7ab0a3$lut for cells of type $lut.
Using template $paramod$c108599c63fd644be5570abd392e3d8e34ba9351$lut for cells of type $lut.
Using template $paramod$7c668f9ff981c4545577ccf46f19403adf7de53e$lut for cells of type $lut.
Using template $paramod$b61bd1688b2d681181bc3c2daf50efe60df1d5ba$lut for cells of type $lut.
Using template $paramod$716a23738dcf6aacca78c6ae56f04f01560576e6$lut for cells of type $lut.
Using template $paramod$02b0ab33c1cd062ac0fe69e6e63a2e8a42b860ad$lut for cells of type $lut.
Using template $paramod$01748b041a95b35c4f27bd5938cf71ac81656949$lut for cells of type $lut.
Using template $paramod$c5eb68f753c543b4c75e84f938936b9a10a907ee$lut for cells of type $lut.
Using template $paramod$8161fd24e46ec850c9895c8235b8cbaa9bd157bd$lut for cells of type $lut.
Using template $paramod$1a0042504d9b059f62bb38dc47eca9520730ebe5$lut for cells of type $lut.
Using template $paramod$ce681ad9ac312e360c01205423bcd28f44c202b1$lut for cells of type $lut.
Using template $paramod$9815b5018f9286dbe0453b097d0758ff64c834cd$lut for cells of type $lut.
Using template $paramod$445196f98bd7d70b24827c6a5387d579b709b8fe$lut for cells of type $lut.
Using template $paramod$f822289e1efc1c72a6da5573d8ca5b17fef8b11c$lut for cells of type $lut.
Using template $paramod$2a8c14a9498b8a15144c7ddb289980fed714788e$lut for cells of type $lut.
Using template $paramod$4895a08471833667ca5e562f1be9b2fa2a6e3825$lut for cells of type $lut.
Using template $paramod$9fa04ab19862cf345075966314663af0dad798ad$lut for cells of type $lut.
Using template $paramod$3daf93f8d59063879a63811276dbd78c28652a03$lut for cells of type $lut.
Using template $paramod$1faedcff669fed7bf893a46e1df19e8ad91c3ac8$lut for cells of type $lut.
Using template $paramod$de47d7a05d62b404e37d391ea23a04ca071efed1$lut for cells of type $lut.
Using template $paramod$84b4916bb18bfe6178837736dd03aa32eb8a2b67$lut for cells of type $lut.
Using template $paramod$bba2070b51aaea43a497293756f3a248ba7463db$lut for cells of type $lut.
Using template $paramod$72f6be109ef0525f08bbec0f5214c8648ab41082$lut for cells of type $lut.
Using template $paramod$fdd03179def2e8db168b58b5c293cdc4da6d1cd3$lut for cells of type $lut.
Using template $paramod$0d6825b4474ca2d4e5f35bb3f331b7d49f34d0b4$lut for cells of type $lut.
Using template $paramod$aaf52308aa97ce79c696e60286b256843b6d6aa0$lut for cells of type $lut.
Using template $paramod$5851dba1b87d1fe3826d08067fd1fe3f4ff91093$lut for cells of type $lut.
Using template $paramod$6ccde9552b26e6618e07f395961318fceb104d8d$lut for cells of type $lut.
Using template $paramod$b2a380a4dc42182c5dccd541eabc6419b3e4aa8d$lut for cells of type $lut.
Using template $paramod$af8821c30e4e55c5d676dcea463d55469fc768b8$lut for cells of type $lut.
Using template $paramod$d81b3d0a25aa01a9dd3f07e09c8e1931d88fcb9e$lut for cells of type $lut.
Using template $paramod$00a5bc45e6667f51f28d5b4677f421958cecc119$lut for cells of type $lut.
Using template $paramod$c36c9c416e0f59f086fd2b1d43ba0da5c1f219d2$lut for cells of type $lut.
Using template $paramod$840009a757798b13177f1ddc87306062a60b4f6b$lut for cells of type $lut.
Using template $paramod$cacf3cf7584436df24633636eaae0da04641748b$lut for cells of type $lut.
Using template $paramod$1eccfaebad2a4c4a043463fe16a7c8179b44d5e9$lut for cells of type $lut.
Using template $paramod$0fff0bb1d1be344842f650acffb3c55e154cd3b0$lut for cells of type $lut.
Using template $paramod$fc0e90dccd72587dca5447c5931c1cbd9eed126f$lut for cells of type $lut.
Using template $paramod$8d0482c9e33ea2af1b7eaad489aa32c0f870ada5$lut for cells of type $lut.
Using template $paramod$0e0b568085824e9f7841013be5e14325b4e154e1$lut for cells of type $lut.
Using template $paramod$1581e511f9a888eb68a55ef2326b7c88f5a4ce41$lut for cells of type $lut.
Using template $paramod$7fb05903b866a35e70d76bcd6de0e53dae70c74e$lut for cells of type $lut.
Using template $paramod$eda03604a84dde81fae27c4ad8106fa4c3867eab$lut for cells of type $lut.
Using template $paramod$ae930208dae146800fd878b18fd164c206b09989$lut for cells of type $lut.
Using template $paramod$44d441ebbd70d89c43d177db3665961064bed1ae$lut for cells of type $lut.
Using template $paramod$7c756ccc8e4a5d4f27045bb7e10c6b5e66b9d3a1$lut for cells of type $lut.
Using template $paramod$c315fd171a22ad0b563d890e3adda172ea240769$lut for cells of type $lut.
Using template $paramod$20c2ff01d5331fed6286be6cf670806c85da298f$lut for cells of type $lut.
Using template $paramod$7102e41590f6797d179cab987a30db08f025d134$lut for cells of type $lut.
Using template $paramod$218340a8ef77e3e5316f6027273bb7ad56e4e355$lut for cells of type $lut.
Using template $paramod$01323c6afeb5f8b46b43ae193d8f7bce4a394645$lut for cells of type $lut.
Using template $paramod$717875898611d0932966296daf19f3d848d1263f$lut for cells of type $lut.
Using template $paramod$3536bbd0bd91d10d8a3a68256d0a5f8c92ce0213$lut for cells of type $lut.
Using template $paramod$35538ba40a9931f80a355d5eda3a8f1befc9b9ce$lut for cells of type $lut.
Using template $paramod$527af9b5bba4292b7f3cdd0178aea7c57dbd9f32$lut for cells of type $lut.
Using template $paramod$efe0f92f4a74f9f3c94f6bbff36bbcbe536b1a58$lut for cells of type $lut.
Using template $paramod$24b919cc8a01142d85a05d41f1f28270b1dd2b58$lut for cells of type $lut.
Using template $paramod$cba55996bb572fb8d80931fab446480c94a95e46$lut for cells of type $lut.
Using template $paramod$ec61099256b2b11ad22d2c50c0e6f5c333cad44a$lut for cells of type $lut.
Using template $paramod$0242d3429c476bb949b63910772373f324180d51$lut for cells of type $lut.
Using template $paramod$f18569300906f69e82b2370c26117cb7ad311fbd$lut for cells of type $lut.
Using template $paramod$eaef3c3b77810d4a83863e82aee2ce5b23a5e4b3$lut for cells of type $lut.
Using template $paramod$219a4b219b24099b95856c4058ef8d6b8e301235$lut for cells of type $lut.
Using template $paramod$044a924395938eb29196ad04c36e37d54cdc286c$lut for cells of type $lut.
Using template $paramod$0dc41058053c9bab6b7deaae5fe952e137abc815$lut for cells of type $lut.
Using template $paramod$d9cbe07f3ad8ea8874bb359d7773bf9a593409b0$lut for cells of type $lut.
Using template $paramod$6ca385721ddc3fa7de8218aca56d8540f9d090d7$lut for cells of type $lut.
Using template $paramod$73b0bdc2d0685418bbf28c9c55c41c49378b53e8$lut for cells of type $lut.
Using template $paramod$2cd0369b1ef588f318fc90c5a765e35ceb1f8492$lut for cells of type $lut.
Using template $paramod$e92361c9a0b8f78802b41c4b0cabbda82843e293$lut for cells of type $lut.
Using template $paramod$619f9893be5e0890b7d9947c38517021513dccef$lut for cells of type $lut.
Using template $paramod$aecfb7cd711b05e38e8f611e1dacb8c232f98416$lut for cells of type $lut.
Using template $paramod$1d81f1a1ea2a8f1d84a0012ec27886496d1155b4$lut for cells of type $lut.
Using template $paramod$263a40855bb77428060edb394588da72807397e4$lut for cells of type $lut.
Using template $paramod$cba70b6e653a9200d4db4a28a637d318ceb4e4f3$lut for cells of type $lut.
Using template $paramod$438690ed3fd746c55b706c7f5bd1f839009e9fc8$lut for cells of type $lut.
Using template $paramod$5527b0b6790fa2006ad7293136828428f453099e$lut for cells of type $lut.
Using template $paramod$a577e86ddcd19c41a174615d5ca2a487dbf0e3bd$lut for cells of type $lut.
Using template $paramod$2f14ba59dec30a3ecd03a3496ab46722012d8c15$lut for cells of type $lut.
Using template $paramod$b4b9e53e232310621e9758721520cd39002d2dfd$lut for cells of type $lut.
Using template $paramod$4c23e35355740827d9910cca5e53c862f1b90809$lut for cells of type $lut.
Using template $paramod$d25ebd249709fc0ede609998233b484d6555ae73$lut for cells of type $lut.
Using template $paramod$530571e99c3bd7d3e2868c177c37fe3ff9cc0f16$lut for cells of type $lut.
Using template $paramod$282c328256cec225c750998b98c51f81b266d9d5$lut for cells of type $lut.
Using template $paramod$4daa237e59b0b197184f35ba3ec1fa1912d34502$lut for cells of type $lut.
Using template $paramod$e2414c39b112b1e97294a2560e626e0d2b1aaf60$lut for cells of type $lut.
Using template $paramod$e42d55af8468c6b19481ae614883769363c6df02$lut for cells of type $lut.
Using template $paramod$07bd2983970c965343e2efa8110fedf4bb85645b$lut for cells of type $lut.
Using template $paramod$10e42242865fd9e6af75f3a1bfff160d6587012d$lut for cells of type $lut.
Using template $paramod$14d30cf1b85fd1c8ddc89687c0d6df1d05f809e8$lut for cells of type $lut.
Using template $paramod$fb503f32d6a3dc99754a06f48fb174644ad0e113$lut for cells of type $lut.
Using template $paramod$b117642c83a83aa7d847c636dbbb99c7968daeef$lut for cells of type $lut.
Using template $paramod$9ca4a90a6b6f8bc9af2fe8c810cf2b2d40da6488$lut for cells of type $lut.
Using template $paramod$c0c8136c57a8882d060b529cc733db223ebd4867$lut for cells of type $lut.
Using template $paramod$03892776418e4f56eaf3508ccc521371bbfbb355$lut for cells of type $lut.
Using template $paramod$2c9afd3fda13972cfe4bcac1f1ecbcedee0c5c6a$lut for cells of type $lut.
Using template $paramod$853b0972d11060b64aaf73678f0d638995ca25ea$lut for cells of type $lut.
Using template $paramod$6b362f3edb497717bfe8a91735d2e68161e988a4$lut for cells of type $lut.
Using template $paramod$e7a675e95d1ba33240bb36e4b68be7cb3ef84600$lut for cells of type $lut.
Using template $paramod$3517ed0559e3650cb3b486e28875e7f6150d46d8$lut for cells of type $lut.
Using template $paramod$03b9bace7bcc133402d7a16c03f73abd4a488726$lut for cells of type $lut.
Using template $paramod$d603f4de03a7f2489edb0b3a9222f3a8028b8a2e$lut for cells of type $lut.
Using template $paramod$8584a7e13a4094727d28a66fd3d2d31058faa6e9$lut for cells of type $lut.
Using template $paramod$ba8abea900e18f655b7cf024dae0ccdc845c6436$lut for cells of type $lut.
Using template $paramod$c07e58ee8e598273ba4a4c39b0756dbef8fd3cc6$lut for cells of type $lut.
Using template $paramod$64ff3b06f2e2f8eec999255c8ba08e3a17770b45$lut for cells of type $lut.
Using template $paramod$7bf1a5b69644ceb822473b590fc36a139149b48c$lut for cells of type $lut.
Using template $paramod$8ae16a0d63e76963e3f388b2d5197e69c613c4fd$lut for cells of type $lut.
Using template $paramod$5b37d0ed4d3cfe77b512cb4a9d4f29bd7ba9ce71$lut for cells of type $lut.
Using template $paramod$f578abb75ba95b4403e162971c87a6fc5d499857$lut for cells of type $lut.
Using template $paramod$3bd7c3295bd9b5e47e54b0dca3b51ae65595153d$lut for cells of type $lut.
Using template $paramod$90fa5b33230f1e71e311c26e5565650905b6f584$lut for cells of type $lut.
Using template $paramod$2eef68d541a4d4005be479365175f4f76aa6231e$lut for cells of type $lut.
Using template $paramod$8c141df892f571146dae10bc195671cb30afc468$lut for cells of type $lut.
Using template $paramod$33b39c2690e79afff61154c8077041b20728cb0e$lut for cells of type $lut.
Using template $paramod$38e530034d7b00481d5198e26fb80724e38a722f$lut for cells of type $lut.
Using template $paramod$cf6676a535b3b91e525f835d217d7c9c9519f754$lut for cells of type $lut.
Using template $paramod$e89b92caa6e45bca984b140939272cb780847751$lut for cells of type $lut.
Using template $paramod$6246b39fc429b4b04c5802e8efeaad88817ba2b8$lut for cells of type $lut.
Using template $paramod$9806a3e06634e78112ab9ae761bf387fba1101f8$lut for cells of type $lut.
Using template $paramod$bfa0b1b18a9ef7ba40281151b54ce68172da8d89$lut for cells of type $lut.
Using template $paramod$d05989685774a40a8122f5dbad0bf8e5bc3f81ce$lut for cells of type $lut.
Using template $paramod$be7511533e47f4192f5fa2e54135d3868bb6bdd5$lut for cells of type $lut.
Using template $paramod$7337483359211a084740418043cf506f17264dce$lut for cells of type $lut.
Using template $paramod$7ee800921ded616cb86d5365a000d46a07084401$lut for cells of type $lut.
Using template $paramod$2857e25e19ecc8ce7715579326d559226f857b45$lut for cells of type $lut.
Using template $paramod$87e6c157b40f671599378b0a3927694431c5bac6$lut for cells of type $lut.
Using template $paramod$3a6e4833d541aaf592c3364ccfa3d58c1ddcaa01$lut for cells of type $lut.
Using template $paramod$b0d378e54605eba159ee789cfd0206298ad95034$lut for cells of type $lut.
Using template $paramod$8989ca93a925473f771549873b146e266cda99cb$lut for cells of type $lut.
Using template $paramod$8a35171d96b773c8e5f0cfce7f46834e2dd2f56d$lut for cells of type $lut.
Using template $paramod$ec996f6f8b578a0e8a08c5822adeecd4209e825b$lut for cells of type $lut.
Using template $paramod$7722df9c876d5b6c77a6c6aa7aa968f9e3bcc7f5$lut for cells of type $lut.
Using template $paramod$3ef0180b939d6942cd8e256120e208ee712d2334$lut for cells of type $lut.
Using template $paramod$199cb9d13ec5e91465ac30b9e25cccd05d25c0db$lut for cells of type $lut.
Using template $paramod$ae995d7f43f6492bc53c0cfec0d750ad38015e15$lut for cells of type $lut.
Using template $paramod$b1296e9dca663d9fd25224f6360c7ea7a14132e8$lut for cells of type $lut.
Using template $paramod$9f838187f2e2a2aa6a8692498029edcfb29c820d$lut for cells of type $lut.
Using template $paramod$8b71c0fd2c06e9f0adad74d41d35430cc8b3b74a$lut for cells of type $lut.
Using template $paramod$6bd1388be911a6aae384159e0546850936a7a202$lut for cells of type $lut.
Using template $paramod$8e6e961fa031b985035622256ec95a3028a0106d$lut for cells of type $lut.
Using template $paramod$2b035d80f8da5c79477e458830d5b787d3ec97aa$lut for cells of type $lut.
Using template $paramod$185953a27e26c425e3075b387069e44dd19372e8$lut for cells of type $lut.
Using template $paramod$685148ef3c10b9b9599e471c1fabeddaf4e64fda$lut for cells of type $lut.
Using template $paramod$a663276e9aa5267d19bb386a6f37393e92786486$lut for cells of type $lut.
Using template $paramod$03a65c90d4bb9773c906744a18c9b58db479c792$lut for cells of type $lut.
Using template $paramod$970d9dfedead6fe3ff3a76ea6abc89ae262da451$lut for cells of type $lut.
Using template $paramod$125829d1ff003e225719824fbd04586a990de54f$lut for cells of type $lut.
Using template $paramod$a6d81fe700239188e5098450f5c5544c0335ebc1$lut for cells of type $lut.
Using template $paramod$d8a2ab9777d4b28cfdddd981dc84ba9d6c8c4440$lut for cells of type $lut.
Using template $paramod$3dc2d28ea1fa7ce0fde5963033ee446b915092bb$lut for cells of type $lut.
Using template $paramod$72fa511f195250e544cfa52cff3b96fe0e100de9$lut for cells of type $lut.
Using template $paramod$f99fe34213badd5b6d37bc5d55e4cf20fb1d580d$lut for cells of type $lut.
Using template $paramod$52ddca3366749ff5bad8908467d5f00f7e1a51ee$lut for cells of type $lut.
Using template $paramod$82a48e5f5771a531ca9edba4cc6af5165f5035d5$lut for cells of type $lut.
Using template $paramod$103a22899897181e471b956a0a46471e7c6ac6a5$lut for cells of type $lut.
Using template $paramod$2f6e960aae4aea19fb536fb0ff6d962ec56f57c0$lut for cells of type $lut.
Using template $paramod$3c4d986b4d58d0c7bc15d0636cc8e2e2bbd16ef0$lut for cells of type $lut.
Using template $paramod$9e61b65a73f3f53d40f02d0e1be0f8b317999705$lut for cells of type $lut.
Using template $paramod$4c9e6cb4c75e784e47b8bebd013bfba7bd1b8752$lut for cells of type $lut.
Using template $paramod$0702b38ddc40db5e5c6bbe579504f930c2c656aa$lut for cells of type $lut.
Using template $paramod$83edb7fcd9f59950ab9b8539658016bf55daa9aa$lut for cells of type $lut.
Using template $paramod$f108df35d050584f8262656fdf5605de0c6688ba$lut for cells of type $lut.
Using template $paramod$933c4187c9d8f4958804dec964ac15062f91ceb8$lut for cells of type $lut.
Using template $paramod$d3d6e54c2d7dd399c08025eac275783779265cd5$lut for cells of type $lut.
Using template $paramod$46f78bde012cb67066ea5d23e2ad5f1b23a91878$lut for cells of type $lut.
Using template $paramod$8f861425792b9fbc2a828a5bee0eebcad8d6c544$lut for cells of type $lut.
Using template $paramod$e5114191679561f1304a32d6b1408b03a45297b0$lut for cells of type $lut.
Using template $paramod$bd13c9fa81491b02ad5dbd55198365397ff399f9$lut for cells of type $lut.
Using template $paramod$3a731f587b291fab24c12c8185b185ec7b2778b7$lut for cells of type $lut.
Using template $paramod$d3c70bf0a7bb32c3fa34f339a00467a18bf09d1e$lut for cells of type $lut.
Using template $paramod$790b6b6b0aef41316470ca7903e7dcf134352d7a$lut for cells of type $lut.
Using template $paramod$4589f61af0726a5e474897a1acec21c2ead30f9d$lut for cells of type $lut.
Using template $paramod$f17b8ae578ac0532b34870665c7f26affd03ffa4$lut for cells of type $lut.
Using template $paramod$31e281d489694488bf60657b23c5200ef15821bb$lut for cells of type $lut.
Using template $paramod$5a4b60c9357cdf5cb1da946ebac9de0924c34d48$lut for cells of type $lut.
Using template $paramod$2882f97d086136d6085c5d9d73d9138e0dc72466$lut for cells of type $lut.
Using template $paramod$020ba9f1f9d01d161d179501cf805fc4b6cc1794$lut for cells of type $lut.
Using template $paramod$558cca770f02ca7b9ee55ac2d1d977ce32e52528$lut for cells of type $lut.
Using template $paramod$65f6c91a9a2f2a7cc88d5db4923e3ef969cb2e54$lut for cells of type $lut.
Using template $paramod$b9442db0df3e393040ef607a08a576081bee2311$lut for cells of type $lut.
Using template $paramod$e49b1f6219e8932a12d2f2b1824fbd0b768805ee$lut for cells of type $lut.
Using template $paramod$23df24b45f8f3e2d8ac339634208bc3d4cedf2b7$lut for cells of type $lut.
Using template $paramod$c9915b9ed0fbb4e90e14aa93d464d8903b6277e9$lut for cells of type $lut.
Using template $paramod$74525d798e2d947d9fc9e4299bae8dd69aeb93e4$lut for cells of type $lut.
Using template $paramod$a71d20c58ddfdc2f626d6479d6c364ab95f45feb$lut for cells of type $lut.
Using template $paramod$dad9f7ed55180b2a66635966119c7db49fa1fd77$lut for cells of type $lut.
Using template $paramod$373cee48ddec1a7340d1d6ce1c77815f98ed1688$lut for cells of type $lut.
Using template $paramod$49c1ee820f2825650dac5e9099a57a8c63822bb3$lut for cells of type $lut.
Using template $paramod$d298bf10e0b04742df89f1cac0966b4b0ac9af08$lut for cells of type $lut.
Using template $paramod$0648a9971338eb5e0ed691e2a77f7ac35ca33a48$lut for cells of type $lut.
Using template $paramod$b283ae4f41ad3422d9561280711cf138f8984dd7$lut for cells of type $lut.
Using template $paramod$3b4334bd25a3e9c6777f8ce65e399328493873d3$lut for cells of type $lut.
Using template $paramod$ad1b0a1ae4c178632652608ab6f78117ff63fc7f$lut for cells of type $lut.
Using template $paramod$1f46ba3adeb92b645ad6108cbc932643dc09ad82$lut for cells of type $lut.
Using template $paramod$a319f80c546ea8d9e4d7a0e313367aec1f9770f0$lut for cells of type $lut.
Using template $paramod$df995e4de1c8d54f3821347d801f0727237804a3$lut for cells of type $lut.
Using template $paramod$2de993780a19325fac4d101a2d52debd7b223155$lut for cells of type $lut.
Using template $paramod$ac10b04d07fe8c5596892194a31c7b9e5a7998a9$lut for cells of type $lut.
Using template $paramod$66adaec17044def66717bae695f66039dcb01fc7$lut for cells of type $lut.
Using template $paramod$bcafcd52e2e63e674e2596f2294245ffb6d047e2$lut for cells of type $lut.
Using template $paramod$8c4c4388c7d501038684e6acde6d01899e802434$lut for cells of type $lut.
Using template $paramod$f5d62ad860673ff764c96cd3176882a7e41155d1$lut for cells of type $lut.
Using template $paramod$06a42e946f5cb866a7a49ea9a5e992d9714409ad$lut for cells of type $lut.
Using template $paramod$9bcb5dd3c6a3911bb4d29b15fb95b6d5ece192ea$lut for cells of type $lut.
Using template $paramod$abbaeaf5d4e39f577f088b60639dce7a64e91041$lut for cells of type $lut.
Using template $paramod$7246ee49ae23ff1944aa3cdc1747ed3351e121e5$lut for cells of type $lut.
Using template $paramod$fe2ccc9771c7f3621af3392ea69c0322e13310d4$lut for cells of type $lut.
Using template $paramod$55a855875140db2da029f795db805b65e3a26111$lut for cells of type $lut.
Using template $paramod$5f60749b1bac93a61c79d74ce25c9ae29fe4e178$lut for cells of type $lut.
Using template $paramod$d7117891150973453ae726f6144c3a6e79339ba9$lut for cells of type $lut.
Using template $paramod$9d129e7c75a7bf7bb05587474a99d45df15be4c7$lut for cells of type $lut.
Using template $paramod$48edc995747d0d60b28ee28b340ccaa09e3062aa$lut for cells of type $lut.
Using template $paramod$6e9db2ff1ca9cac6861dc19ef9578bf43b9d66d5$lut for cells of type $lut.
Using template $paramod$f9b39bbe66e497bfc30d6c203c691a5c8df47197$lut for cells of type $lut.
Using template $paramod$84c9a749bdee3d872e03286dfa63c9f8d23b1183$lut for cells of type $lut.
Using template $paramod$dea4146e308178ee6807124e1873f4bc3c1e8772$lut for cells of type $lut.
Using template $paramod$6d0224985f318e59ebde89486177e0895ba8b94b$lut for cells of type $lut.
Using template $paramod$f972fa7095658f2658e5045c5d6fdaea9dc7cc32$lut for cells of type $lut.
Using template $paramod$4a49528051ffc34f905858c52a109ca5f3499de1$lut for cells of type $lut.
Using template $paramod$bc122560aae039f6421df7c9f61274e5789340e4$lut for cells of type $lut.
Using template $paramod$e26070e35428bb873aa40c8fc3401cc43eafe913$lut for cells of type $lut.
Using template $paramod$86dd80f067fd3218a323267a7a1dcc78b6049168$lut for cells of type $lut.
Using template $paramod$58389980c63f3235c8f8122d952d60e88e8ccdf8$lut for cells of type $lut.
Using template $paramod$30e3d1d88d2e9a5ac1489afdba3a576912120a1a$lut for cells of type $lut.
Using template $paramod$940845f94e46ca7aa2a2addeee359d80e004bf20$lut for cells of type $lut.
Using template $paramod$1f035f92a6d4eb5022123b8888c410638a8e0597$lut for cells of type $lut.
Using template $paramod$86ee9d336f58ff5f65c154b7d93327caccddd415$lut for cells of type $lut.
Using template $paramod$7d267d9d58bd47fca3d685c7e615299e5359a418$lut for cells of type $lut.
Using template $paramod$348f08dc8d992457769a072aca515d0a842ee958$lut for cells of type $lut.
Using template $paramod$06edb82f6c91ac40bc5c583daae37fa7c6615fe7$lut for cells of type $lut.
Using template $paramod$170e33e7bc8a60d2ef4f964b213c4af1a0d99728$lut for cells of type $lut.
Using template $paramod$78e0aad5ee63c1771de0daeccfcd3af20455f87b$lut for cells of type $lut.
Using template $paramod$d12b566c4c4d168aadca84a6d66bbe0a7db02438$lut for cells of type $lut.
Using template $paramod$0c355a14baa6ee2ab34a52afe49737dc1a1dc0dc$lut for cells of type $lut.
Using template $paramod$61bc98ece8c76bffd4acdf40e5f231340cba90fc$lut for cells of type $lut.
Using template $paramod$d79b4b49de008f1f3ff201f727c22577cdac0ca9$lut for cells of type $lut.
Using template $paramod$5211ab4893f8e4f045232f55ec2a9dd65a3e18f8$lut for cells of type $lut.
Using template $paramod$a42a869096eefcf90bf73808936e314933f02770$lut for cells of type $lut.
Using template $paramod$e4ce514eaf9002ebc7931c1aae2d427b2a266f3b$lut for cells of type $lut.
Using template $paramod$043e440364e3c1f4682e46005c087fff5e9ad8b5$lut for cells of type $lut.
Using template $paramod$4597aa05a097196247665f5e8c1c656719325073$lut for cells of type $lut.
Using template $paramod$bc44f4c6def961b0b4b5dcd9045335939eeb835a$lut for cells of type $lut.
Using template $paramod$10565f0451b8933cb296ca26fd3b2fe156578754$lut for cells of type $lut.
Using template $paramod$3200cb3c64b12b260644dc12306425eaefe535be$lut for cells of type $lut.
Using template $paramod$adfd47fcd458b65fe8709ac5729b9a573de46967$lut for cells of type $lut.
Using template $paramod$dadff75c617cf87bb5b8cfe47ca6c69fb6925370$lut for cells of type $lut.
Using template $paramod$e21c5402c7410ae7877edf56d5cde438a9265131$lut for cells of type $lut.
Using template $paramod$f23341264858791c42a3af17b6c45a8434868c89$lut for cells of type $lut.
Using template $paramod$d9f2ee859eb1e2aa3cfd6f8f39ea1fd3c3d57f88$lut for cells of type $lut.
Using template $paramod$b3b0392238edd2d3c925a707fa91fed1036c50db$lut for cells of type $lut.
Using template $paramod$49187e3f1fa08a022c0bafb91406915375717090$lut for cells of type $lut.
Using template $paramod$cf6233b7b01aadffc1cdf9d7e877bf91a6ada17d$lut for cells of type $lut.
Using template $paramod$49e73ff583c6d56b432ee9cccadd8acf8cfe6e28$lut for cells of type $lut.
Using template $paramod$0e4fdbb0ff924187f88a310757bb9db90ed9bc78$lut for cells of type $lut.
Using template $paramod$99ecdc3bc63e62a868350f23b743c46e8bf5526c$lut for cells of type $lut.
Using template $paramod$524cab09309e1ee991fc2dc1e3b685adbe082d47$lut for cells of type $lut.
Using template $paramod$552c54a44f22c5fb2e95c58915635f2a2f213caa$lut for cells of type $lut.
Using template $paramod$e32183fbe7f7023b0065f2724dbd8ed08f8e5b0c$lut for cells of type $lut.
Using template $paramod$d1b60264005264773f6363529518813f79642b8e$lut for cells of type $lut.
Using template $paramod$9520d95819eb9b739a91912c5d97440914e04733$lut for cells of type $lut.
Using template $paramod$ca7f8423da8abb4a9148cadf4486f6767f76c138$lut for cells of type $lut.
Using template $paramod$d148dabc85288087794601e362e75b951c5d7d19$lut for cells of type $lut.
Using template $paramod$24b7ab2d70803df6462af140fc379be52afed551$lut for cells of type $lut.
Using template $paramod$22d20cd312c59f2c31b192bb84623af0b418ed5a$lut for cells of type $lut.
Using template $paramod$b5be60d78b835399e2644ad44e1c9a96e4acf83b$lut for cells of type $lut.
Using template $paramod$ad0ba35528b3577c6a1903b4d8bf8e9d5457f2aa$lut for cells of type $lut.
Using template $paramod$0c6080d0dd27993581a24011f8695dfa3d3f4011$lut for cells of type $lut.
Using template $paramod$6d2ce46aa705cd6664130b7371aae6e2fc5dd098$lut for cells of type $lut.
Using template $paramod$6b94709ea90c930717fb3d9407a6781ca5d10de9$lut for cells of type $lut.
Using template $paramod$7b78a556092472357389d4ae999190494c88defb$lut for cells of type $lut.
Using template $paramod$e99aab423c60f4a1acf69164d025aa5c895f3d3f$lut for cells of type $lut.
Using template $paramod$29f6bfb84c100174f93ae6ee4ba855eb5f2c7178$lut for cells of type $lut.
Using template $paramod$c6b435da03047658f2ed81c794a2f4304e4595c1$lut for cells of type $lut.
Using template $paramod$6901209c01e69f22da82f91486781024a6ddc6e8$lut for cells of type $lut.
Using template $paramod$3ef3d5ae7cafbd400332395016453b3fb1efb338$lut for cells of type $lut.
Using template $paramod$c6833fc774dc6220c467fc34230134027e970916$lut for cells of type $lut.
Using template $paramod$a310d29bad75a9b6d07b2875b61ec9386cfd3346$lut for cells of type $lut.
Using template $paramod$92cc53cbfc8494b2f566bb47c702797a82565a03$lut for cells of type $lut.
Using template $paramod$685efbfc1e57024db74ad8879b02b02cca4db9a1$lut for cells of type $lut.
Using template $paramod$361c71cc493d0b129065fc45c87ba41321e2fa3c$lut for cells of type $lut.
Using template $paramod$028da6901085cf7d9c871707b71b73005c8fa1e5$lut for cells of type $lut.
Using template $paramod$0ace51756029285bc7f53940c687b60633efa023$lut for cells of type $lut.
Using template $paramod$fb2bde0ff84bee4ec1b9b8294a1db93280a82f81$lut for cells of type $lut.
Using template $paramod$fa16fadb84cda555176637a963c4896194e8dba4$lut for cells of type $lut.
Using template $paramod$1f3b6c177b0ea2c90d4d996ad7feac06ddf557ea$lut for cells of type $lut.
Using template $paramod$c334ba9fe8233d1e5ab604849171c1b6aa47e19e$lut for cells of type $lut.
Using template $paramod$9d7e52d34787263354d13842a65423dc47b4a281$lut for cells of type $lut.
Using template $paramod$42039adccbe54d46cc3dc2f79075fa09f4e9eff8$lut for cells of type $lut.
Using template $paramod$04b55c90bcf1b20d8af004640978283b05ad0ed0$lut for cells of type $lut.
Using template $paramod$2d6ba752084ecb1c9d2b201c8dca948fd708c507$lut for cells of type $lut.
Using template $paramod$9291d28d934a5724f439b6c924fb216f3b3b26cb$lut for cells of type $lut.
Using template $paramod$5d56da12f337d4e0d51422f2133b50fb1669336e$lut for cells of type $lut.
Using template $paramod$14c2d2f1db2a6e197fe4a6c5037badc0ee5b661f$lut for cells of type $lut.
Using template $paramod$f154352d65750923bb00bb771198f500484c85fa$lut for cells of type $lut.
Using template $paramod$02d771cbb6c7e9fe0e5312a3d3c2f415e4f7fc84$lut for cells of type $lut.
Using template $paramod$4a38081f697f5c373b6e09a5ae2e77fb36e4b736$lut for cells of type $lut.
Using template $paramod$4476d40db7326b6b47f66b462e8db610900c3247$lut for cells of type $lut.
Using template $paramod$5176475100a9a44d968d044c36a5467dd03db6c0$lut for cells of type $lut.
Using template $paramod$fd7f9d012dd8cafbe1d499c7138d7e431b9ab80a$lut for cells of type $lut.
Using template $paramod$ef578df0409fc20964a34299512e24b9a6df51f0$lut for cells of type $lut.
Using template $paramod$705475983d9c81766da3a9b3523fe6d410f5f82b$lut for cells of type $lut.
Using template $paramod$5287c6a3356774edbbe6f55ad81ed431ebd4b155$lut for cells of type $lut.
Using template $paramod$d0f9664629fb2c485c5d729372966601b36209a9$lut for cells of type $lut.
Using template $paramod$e9a5889438a2eb68874cb8662d22cb5db3d26d58$lut for cells of type $lut.
Using template $paramod$7d760c9c95f0f57f10fd5d1c5731f3a699bab39d$lut for cells of type $lut.
Using template $paramod$6d02aa03270595810967044543bf4b7fc5a4ab07$lut for cells of type $lut.
Using template $paramod$01f59af815472e9fac4bb68cf817e2eac6425843$lut for cells of type $lut.
Using template $paramod$bec0c97b3a473224305afdecb54ac10935a504ec$lut for cells of type $lut.
Using template $paramod$f15bb658be60bb4031ef3d9ca24b539241f063be$lut for cells of type $lut.
Using template $paramod$bfbba90a4487e8ff341e010e2a2dc4d60532dc9c$lut for cells of type $lut.
Using template $paramod$a64e83b3cb95bef2796c90c0ec4dcefc74cdb611$lut for cells of type $lut.
Using template $paramod$122a1b05d15a1e23c83d181b78c4c205e8227fb9$lut for cells of type $lut.
Using template $paramod$5e2ae0d1b113faaa11efba4a3a6a39c37c7b2c1a$lut for cells of type $lut.
Using template $paramod$6364615af591430be8cd3bd9f5bda1fccedb9d3d$lut for cells of type $lut.
Using template $paramod$42319cb09355f66c61caeacbd994b2281ada20a3$lut for cells of type $lut.
Using template $paramod$cb2c8f6667a63f4404c1b6f790037e0666fbd97b$lut for cells of type $lut.
Using template $paramod$a5b76a31c51e110f186e49655b0ebb66c4ab4bd7$lut for cells of type $lut.
Using template $paramod$734cb5d7d83659ae4da13abb9e04fafa8dc19119$lut for cells of type $lut.
Using template $paramod$cc32a05866f608aca38637d6c7ba9e5d077e8484$lut for cells of type $lut.
Using template $paramod$ae7f004d6520d798e7fb5a42727eb6574f1d109e$lut for cells of type $lut.
Using template $paramod$2c0a9b147c8d489060a00f79dd392652c5383b7d$lut for cells of type $lut.
Using template $paramod$05fd1dc3e5956dc14a8e4958741cd5d860345d39$lut for cells of type $lut.
Using template $paramod$3699b0032ea9910da837a6fbd2e08d142b3dd17f$lut for cells of type $lut.
Using template $paramod$12e83c1203868841849300acf80395cca25d7b8e$lut for cells of type $lut.
Using template $paramod$0469ef15e96cdefed5681ab35df1d4f1451cf61a$lut for cells of type $lut.
Using template $paramod$7096254225cc3c5cd59ecb091b79db27abef357c$lut for cells of type $lut.
Using template $paramod$f7066ad205b3e2f5afaaf846911820fdb8302fb1$lut for cells of type $lut.
Using template $paramod$9f01e963d997cfc5dfcdc9afba7021c51a7b3953$lut for cells of type $lut.
Using template $paramod$108cf327769c1e57587b596155da6cbda9f66455$lut for cells of type $lut.
Using template $paramod$c1438af310243f01bff74ae4e38f6da3b477a031$lut for cells of type $lut.
Using template $paramod$00e375950fb001b441a052ce3ba075c65de2718c$lut for cells of type $lut.
Using template $paramod$5f836eb68c9f798b38de2e818d615c957120bfad$lut for cells of type $lut.
Using template $paramod$f8bfdbdf48c3c4cb0e7bb65051e937c42296b1bb$lut for cells of type $lut.
Using template $paramod$c49fb27cc77b84051f4b3402a0d755524579cd86$lut for cells of type $lut.
Using template $paramod$ff8ac00d73c89423556899d46426b13966a8f46c$lut for cells of type $lut.
Using template $paramod$44f33c1629bbeac959aa3220e7c020a1e24fcf26$lut for cells of type $lut.
Using template $paramod$de74a72c928f4f5026a0c46bf752858cfe0e06fe$lut for cells of type $lut.
Using template $paramod$94c21a95e8c789d8105121cd2b879df990d3ccc9$lut for cells of type $lut.
Using template $paramod$94872cc35183342108ca50577f670617a2ef7f26$lut for cells of type $lut.
Using template $paramod$436a329321edca66d7298e844e39d290a11c0c20$lut for cells of type $lut.
Using template $paramod$10a9613dcd33176f30ec3253187688fe3f199cb0$lut for cells of type $lut.
Using template $paramod$0638c8c63df24a7863d298980da816b0acca5d3d$lut for cells of type $lut.
Using template $paramod$6340e26df10fc7b748df42689dcd130eb2b3f611$lut for cells of type $lut.
Using template $paramod$4d1a00bf0dedcfcb4e11c82804e7c12721583e78$lut for cells of type $lut.
Using template $paramod$c4fc3630e622a90e634b96f866b4508743628511$lut for cells of type $lut.
Using template $paramod$4d908238f2a88c6167fafa1ce890609da1aec98c$lut for cells of type $lut.
Using template $paramod$d821f8e0a2c8ac2814ad8b417e9692effc420020$lut for cells of type $lut.
Using template $paramod$39ae7a313dd34312c72eec4c1a80357431953c81$lut for cells of type $lut.
Using template $paramod$bc3e8024d85e1ea29e52f25a2f033123a13acdf4$lut for cells of type $lut.
Using template $paramod$0efec3589803140e8bd10fdc1a8037c7d4db8543$lut for cells of type $lut.
Using template $paramod$fbeaf9236d4af5a90348e4410c76e2af410eb534$lut for cells of type $lut.
Using template $paramod$9604ac8607fead1ef4edec43ec01de02ec577c52$lut for cells of type $lut.
Using template $paramod$6d77eb5252ca7845421b463d6ef0e382af137510$lut for cells of type $lut.
Using template $paramod$13d0708aa5c6d1070ff305bf8a895547a2aee935$lut for cells of type $lut.
Using template $paramod$3711e844ae8de9ccee63859f7a1886b6809b6883$lut for cells of type $lut.
Using template $paramod$7fb099e4940358f611c44734ef531ef763b7933a$lut for cells of type $lut.
Using template $paramod$84e9e00eec31a612158bc876facf359f66eabe55$lut for cells of type $lut.
Using template $paramod$6bac9ae3434f2b94304255b8519a8b266d5bec33$lut for cells of type $lut.
Using template $paramod$8c7a268118a7846045ac97e62c8f22701705dcff$lut for cells of type $lut.
Using template $paramod$be7ac2e943cb580f0def17d396caddd72a1756fa$lut for cells of type $lut.
Using template $paramod$106b98ec7a6761c2f87390cd44150d3770a28b3e$lut for cells of type $lut.
Using template $paramod$1ee10f4a10bc5d10a30640b64026c3d6e8233f5a$lut for cells of type $lut.
Using template $paramod$2ae71f2c8e663d48f4f676d0f5c9dd618cf6eb31$lut for cells of type $lut.
Using template $paramod$4e668cb98bdacce89a7475ee73b8fc3347b7d60c$lut for cells of type $lut.
Using template $paramod$99153ef7145d28845f7b3fc05a816a173b049d48$lut for cells of type $lut.
Using template $paramod$cf06dc722ac64a592492d4c565248a40f73e5344$lut for cells of type $lut.
Using template $paramod$33197e36d6d6ce9daea913bcd401b562532493ba$lut for cells of type $lut.
Using template $paramod$6e8cb280c488f567315945d18fb87ec157d4dfd9$lut for cells of type $lut.
Using template $paramod$8363ceb82b156feecd6e771579e0c3e88cbefe5e$lut for cells of type $lut.
Using template $paramod$de19a7912096505912606726465df97c4ddc02a6$lut for cells of type $lut.
Using template $paramod$a1df07d07e63935d47dbecfe1582a9a845251330$lut for cells of type $lut.
Using template $paramod$fdac7becaef84744947e308832f85137490007d9$lut for cells of type $lut.
Using template $paramod$3b6e5122a3ab7428335da25f3e326d6895b385a2$lut for cells of type $lut.
Using template $paramod$81d943238beea46017ae150c535990525cc6ed8d$lut for cells of type $lut.
Using template $paramod$9233ce15065e0d7596e01ee6ea8c36887d3f5c05$lut for cells of type $lut.
Using template $paramod$290c915db3e38f6a31897287c04f7651718be65d$lut for cells of type $lut.
Using template $paramod$80a8f8bed3feacf24507f6b52e891ff6a4861f93$lut for cells of type $lut.
Using template $paramod$cb7d66e8137d94ee4f385457d988be29973168d4$lut for cells of type $lut.
Using template $paramod$ba1df0730b7942b8d6d82d853ba6be099f259498$lut for cells of type $lut.
Using template $paramod$fc59e0b9f403362bb85e79196d38e2ed44764f1c$lut for cells of type $lut.
Using template $paramod$91dd7c72da8c0fe0cff201bd5c3b6da384c5314f$lut for cells of type $lut.
Using template $paramod$ee185cbf2c3434c779b1193c0640c66a8b74c455$lut for cells of type $lut.
Using template $paramod$ae9346c1f92826f8772ed23f7830e6ec8e8bd50c$lut for cells of type $lut.
Using template $paramod$90f5edaf81c3be6c9372875f444de8d5019e934b$lut for cells of type $lut.
Using template $paramod$36fffe6fe316f1787ee42ad596ab5745ee97b8d0$lut for cells of type $lut.
Using template $paramod$6f6efad2409f713e8628b2ee9def742a1c9fad85$lut for cells of type $lut.
Using template $paramod$06f0821648d0fd4caec2b8cdd7dfd9859092a85a$lut for cells of type $lut.
Using template $paramod$1c69f35ba7125c54e8b0c618be90e53017851e41$lut for cells of type $lut.
Using template $paramod$b4e75e206a78315ebe624240db9d63c0a8d8f7ff$lut for cells of type $lut.
Using template $paramod$80b45f16bd9a01bc27ff07d901456b85afee9907$lut for cells of type $lut.
Using template $paramod$cc8c96865b67c20476c2b5fb31b10dde93ef4408$lut for cells of type $lut.
Using template $paramod$a0a0fcaa691f543c31e532a828ebae4c0be77b09$lut for cells of type $lut.
Using template $paramod$d4207effea978ebe3dbf79cf2348c42700384f33$lut for cells of type $lut.
Using template $paramod$78f3763fb12eccb7a05af7472d60c3ab8d906447$lut for cells of type $lut.
Using template $paramod$1d17513f9c98def84c8589e1f3fce4fd2bcf01a0$lut for cells of type $lut.
Using template $paramod$5d0cdb8d06f06d7ffc318cff4398423fd7235dae$lut for cells of type $lut.
Using template $paramod$e0fb71676c93827a355a070ec497d4bcc724b3c4$lut for cells of type $lut.
Using template $paramod$c9cab1e950984960521741fdd37ae993e6335524$lut for cells of type $lut.
Using template $paramod$152ded2694b2dc952a637c48753532e592cec307$lut for cells of type $lut.
Using template $paramod$8317234c4ac8c48e196b8dd0d345ac3c7ea0ecb8$lut for cells of type $lut.
Using template $paramod$a1fb261c4791e5f2263e51595a298951c27d694e$lut for cells of type $lut.
Using template $paramod$f10bbd8185ecf829d5ae3ec4d1d90213e6f1b0f0$lut for cells of type $lut.
Using template $paramod$a2376f6e866aae86d1c59e4e6d55da4ba9b73607$lut for cells of type $lut.
Using template $paramod$7b6ba8251ddb97da2cb485501af7d97822afa331$lut for cells of type $lut.
Using template $paramod$c8d908b3207521cf6cbaadfcca8d7d85ef86e2e7$lut for cells of type $lut.
Using template $paramod$f04117234d239a92c2eca4a54f1d8692e4f46732$lut for cells of type $lut.
Using template $paramod$d219e80decc236305375b62f758101dae12238c5$lut for cells of type $lut.
Using template $paramod$4469941e77d791458d02b9ffb1304c5f68ded885$lut for cells of type $lut.
Using template $paramod$1a561f00d39a436024a1639f6f1d737f30a297a8$lut for cells of type $lut.
Using template $paramod$a989efcd93cf353f94f9e90e6216999819ac45eb$lut for cells of type $lut.
Using template $paramod$1797655a4f1cc5a0064a551b00e571d21d604f2e$lut for cells of type $lut.
Using template $paramod$689be836ec59d16411c1d8fe49dc2e0d9a155bda$lut for cells of type $lut.
Using template $paramod$aa9693c6fa9897e43746e371b524f63eddc8694b$lut for cells of type $lut.
Using template $paramod$2d7426f6a95415f82ea159bce5ba124de9aec608$lut for cells of type $lut.
Using template $paramod$9f0d94eedc0ac27dba7ef3961ba0e0c063744238$lut for cells of type $lut.
Using template $paramod$b79cab70c760898f6077572cbcccaa3c4f8d6dd9$lut for cells of type $lut.
Using template $paramod$57f08f774ad2e67f258335539fc812a85870474e$lut for cells of type $lut.
Using template $paramod$e2645738267a6b59cd24d02191cc1483f58db482$lut for cells of type $lut.
Using template $paramod$a716c8539105bd092e5140a1a5129900a33eba38$lut for cells of type $lut.
Using template $paramod$b8ccbdedfa7728917105cf7b695a487272d68eaf$lut for cells of type $lut.
Using template $paramod$4f45030909eb85e8f6976162bfed3065782b6dba$lut for cells of type $lut.
Using template $paramod$91af92515355f914c24ae008dc728359e8a9faba$lut for cells of type $lut.
Using template $paramod$e7d963dda3b3977cccfdf590ca4747f342db9e1a$lut for cells of type $lut.
Using template $paramod$8b27cb2423c435a35ca8655e19b4cc7db687320d$lut for cells of type $lut.
Using template $paramod$7a20e3650714115f17a59a390ff1f0f46d8191e7$lut for cells of type $lut.
Using template $paramod$52e1d517e698b704210a1683142cf12338df2af6$lut for cells of type $lut.
Using template $paramod$9f7e27843acc59fa1e90aed714762609d1969819$lut for cells of type $lut.
Using template $paramod$4b0353a1ced4034d6e4421c5fa95a2638519e00e$lut for cells of type $lut.
Using template $paramod$ba9ffe2cb25340fe499a52b45db24cf6339493af$lut for cells of type $lut.
Using template $paramod$93c80c00478d5c4cb5ea0f2184c0d0781128bddd$lut for cells of type $lut.
Using template $paramod$56bfb9c7bc4e9d036b2c8ade273bc395ad3f1805$lut for cells of type $lut.
Using template $paramod$1ce52c7e90111ffc662f1bf59f02bbe9d8c0b1f4$lut for cells of type $lut.
Using template $paramod$09dbe61e58773048a674851ccc0b491df7fd71e3$lut for cells of type $lut.
Using template $paramod$7647cd1250d8e054ce0c10ad46dbbe4104f8e4eb$lut for cells of type $lut.
Using template $paramod$29587845c6db4b43f84501e8f84b5e3747f4c22b$lut for cells of type $lut.
Using template $paramod$52101fd54bba840f22e2392a9f140d1897796ee7$lut for cells of type $lut.
Using template $paramod$73297cfd25ec83a7cfa4c0d57fdcad3ba301d043$lut for cells of type $lut.
Using template $paramod$e42b04b78fcb8e6fa0348811f2c7170a4e581c78$lut for cells of type $lut.
Using template $paramod$86251b17df43a2a214601d1b3152cbb94735f999$lut for cells of type $lut.
Using template $paramod$ae7886f6e9e0d182683c7044e975db1fa772ab23$lut for cells of type $lut.
Using template $paramod$bb7b6e37fb8d8749cf64eacff893729baf482ba5$lut for cells of type $lut.
Using template $paramod$207ad1f0ba9b41454ca683e951e2b22c95bdc322$lut for cells of type $lut.
Using template $paramod$31221b60a3f3a3e99a2412500df960b4af4b0adb$lut for cells of type $lut.
Using template $paramod$8478186b38bcd5d1ad5acf680feae291fc40a6ff$lut for cells of type $lut.
Using template $paramod$95e182dba307dda75f416124cc6746cb69e19bb0$lut for cells of type $lut.
Using template $paramod$706e8f028864e90c403e00e2906643f08bb46f28$lut for cells of type $lut.
Using template $paramod$0a68ca45ac116d2618688787a07c00e5cefb38c1$lut for cells of type $lut.
Using template $paramod$9d0311615d5fb7ac73e65d16874fec6585ab0ff9$lut for cells of type $lut.
Using template $paramod$b93e64103bdbc0d81d510b11e316f07fc56009b0$lut for cells of type $lut.
Using template $paramod$455ebd60cee5e181106ecc4a68b3f70f56cdb7ea$lut for cells of type $lut.
Using template $paramod$3f9185f93044f6952fefe70cefbf7ee25b85c80b$lut for cells of type $lut.
Using template $paramod$d0100d466bab800d298512569823fa9ffedb898d$lut for cells of type $lut.
Using template $paramod$3d4ea8fa185208fd13c1cec3a0e70589bf6a1f1f$lut for cells of type $lut.
Using template $paramod$d589c804d2b537f8f06db89bda94dcaeb93c67e7$lut for cells of type $lut.
Using template $paramod$6680568f667b03d225a8c85a417c359e9fc61376$lut for cells of type $lut.
Using template $paramod$428b484da6f749c29ab2d6053035971d451ca241$lut for cells of type $lut.
Using template $paramod$b3dcfc692d79c1672f508abd31ae64fd0e78a37c$lut for cells of type $lut.
Using template $paramod$8b77d2300e50df2fd9b64967b524b7570a7bb41e$lut for cells of type $lut.
Using template $paramod$04fc778a77529340824449f4d95b1d1f5ab8d2f4$lut for cells of type $lut.
Using template $paramod$d32d0a6dac403726760910a06282f1887528d59c$lut for cells of type $lut.
Using template $paramod$15b9cb6800d07c396ba427aac2fb0e680e065fa7$lut for cells of type $lut.
Using template $paramod$bed94af62cc1e30110e4a080c1a166866d8fc97a$lut for cells of type $lut.
Using template $paramod$7ba008d0749e72142e3c455e3ce9c5b1898d7e2b$lut for cells of type $lut.
Using template $paramod$59847e66575f26f9b283a08c095c906af57169c5$lut for cells of type $lut.
Using template $paramod$a28967dc5aaddb162aa9e4ce20c4ed1bf5f29051$lut for cells of type $lut.
Using template $paramod$1ec2b37b390128eff942245bdaffc234c0d268fb$lut for cells of type $lut.
Using template $paramod$4c7117be1b18d4921d785124ae995ac5f87c868f$lut for cells of type $lut.
Using template $paramod$dd5a7ca91d2df39167a818b232068561370277f0$lut for cells of type $lut.
Using template $paramod$4c76be68079c0e666d71a2aa63ad3e660a684c81$lut for cells of type $lut.
Using template $paramod$8632cde429e3dd4f1fca9a1ba5919e698fdfc25e$lut for cells of type $lut.
Using template $paramod$11c24ad18ddd029856c3383eea71685ebcbe65ed$lut for cells of type $lut.
Using template $paramod$f2e9ef778007b9928bf4d4996dbef6d23f5ae20e$lut for cells of type $lut.
Using template $paramod$4f60407951207f5e7d52f44a97ff00ec81062755$lut for cells of type $lut.
Using template $paramod$3be4908d778247bf13ade75006b4080cd22e6c93$lut for cells of type $lut.
Using template $paramod$59f188d60c2965fa64a320ddcfe520dcfca46b4a$lut for cells of type $lut.
Using template $paramod$811c110866b1f607e2fabb54c0118f75a226fa5f$lut for cells of type $lut.
Using template $paramod$848278749ff75e8f80a3300b057c5a772ec5ff1c$lut for cells of type $lut.
Using template $paramod$12d9f9bcc03602777a6213a82eb2b03a7f7696bb$lut for cells of type $lut.
Using template $paramod$513ea75271a6522ba98ae366d24fdb9ce1818654$lut for cells of type $lut.
Using template $paramod$10299b8b111348413d994c70488d90dd45da87f7$lut for cells of type $lut.
Using template $paramod$a10208842c85cf7ed9145aacb6d316c9209c5f67$lut for cells of type $lut.
Using template $paramod$bbe85deffb8fe48144484cea79221898b78fd26d$lut for cells of type $lut.
Using template $paramod$7bb07de252f0722719514f739b0352297877f774$lut for cells of type $lut.
Using template $paramod$b23004385d9c21a1d2161e608756fc4b64ed5a16$lut for cells of type $lut.
Using template $paramod$7ffdaa347eafd1e156b4aa2dce22f070ee0f4ccd$lut for cells of type $lut.
Using template $paramod$cd5d8a61b37b06dbafc096a2cb2095039cccc151$lut for cells of type $lut.
Using template $paramod$c5ccdf01ddd179ce03d948037ac1f32e166bab5e$lut for cells of type $lut.
Using template $paramod$cdb158b8ee78597e3e7cf3be275eb45475252ff4$lut for cells of type $lut.
Using template $paramod$52cb7235541fdafbd4d307690c29f255fccf0720$lut for cells of type $lut.
Using template $paramod$c17799abeb540af924c55e32a8472746e5d62e19$lut for cells of type $lut.
Using template $paramod$a4a9ca06ccf39298dc8c544f4c1d8864675ceb1d$lut for cells of type $lut.
Using template $paramod$948f070c0ebcdfcd210fcc7ae117c75c36257ec4$lut for cells of type $lut.
Using template $paramod$7fc67e7b95fb2356f0319ee92c72350790dac046$lut for cells of type $lut.
Using template $paramod$69d1773a15ef35fe1553c00a68e7b254cd5c8f80$lut for cells of type $lut.
Using template $paramod$9dcb75e3bfd70df20c5d9060b9661a7385150608$lut for cells of type $lut.
Using template $paramod$a7719ad0a13bdad28813416888cccbb071bd1cfa$lut for cells of type $lut.
Using template $paramod$b90528e70f8a7e3f291257cbe720caab09c064c9$lut for cells of type $lut.
Using template $paramod$4a2ce010b592075915530c31a147c0a188d0c1f4$lut for cells of type $lut.
Using template $paramod$fa88ac68353c58e9c9b2b178105db73d075450e5$lut for cells of type $lut.
Using template $paramod$4bb727c30ac0be9797ca24bf840052c2bea9ccb2$lut for cells of type $lut.
Using template $paramod$3ea60f2d17218e32b7752f1e869e77af78733895$lut for cells of type $lut.
Using template $paramod$bb0a3c43cbc55e0ba9aac540f33832608e9be926$lut for cells of type $lut.
Using template $paramod$8bd02bb834da8a08eb1ebb3ff9a897700e4cf2a6$lut for cells of type $lut.
Using template $paramod$e57eefc62bca1f37b8a2bcb17c5bddda0e8370c6$lut for cells of type $lut.
Using template $paramod$e2d5f24064e21365c7d93f53a714a29470f2aedf$lut for cells of type $lut.
Using template $paramod$ecf3a2ae95ca52f21141706477298609dfe5b5d5$lut for cells of type $lut.
Using template $paramod$ff7304ff1bce3de95429ad40cf57cbc929d1aec0$lut for cells of type $lut.
Using template $paramod$7eb586808cd4d6c3d9ad6d83581d7a0a670e813f$lut for cells of type $lut.
Using template $paramod$673efda7cf44a4b6d45e0ebc2f03e84a40f7777f$lut for cells of type $lut.
Using template $paramod$0a461a917cd942babb1c32d238a6a20d13e5821f$lut for cells of type $lut.
Using template $paramod$05a782cdd8916b89e0feeda426674125f4a105d7$lut for cells of type $lut.
Using template $paramod$a06fa78c38f0e1ea9f7d35ea63c27b5ef4e40c40$lut for cells of type $lut.
Using template $paramod$2b52ee5a4a9c7d20c986d00673bdde18726abc6e$lut for cells of type $lut.
Using template $paramod$c74a1bcb30eae4bb362d0b0bfd054117457b8bfd$lut for cells of type $lut.
Using template $paramod$7f3617f4b24dd2e899782b88617aab9578e70e0f$lut for cells of type $lut.
Using template $paramod$aeff61f140137cd3bd180de71964316b2358b239$lut for cells of type $lut.
Using template $paramod$0de59f90f4e8a2e2ba2353b02a3c59f64bb09941$lut for cells of type $lut.
Using template $paramod$488c9bc2cc965f97c9c9b470cd41e99cd91a7ee5$lut for cells of type $lut.
Using template $paramod$0a18a8a7f3e067edf42b68620b156f15cef515c8$lut for cells of type $lut.
Using template $paramod$2ce7a444788fe67154d4bd4db4ee5fbd74205aca$lut for cells of type $lut.
Using template $paramod$e92f7c5779ae9d0f32fe0de50c170b0b2ea11516$lut for cells of type $lut.
Using template $paramod$755855fc8a23c87b7f17b88dffb8baf6715de467$lut for cells of type $lut.
Using template $paramod$36462639a63a906b6b2c923823bf04e44d377db9$lut for cells of type $lut.
Using template $paramod$e367ecd0382fdca01e0747b90e3a147530c3a39d$lut for cells of type $lut.
Using template $paramod$1fed0c814528991f33b27a7826f5550ad0f09c9f$lut for cells of type $lut.
Using template $paramod$f0b2d977a7e20b01ec2367d2682ae4bb9db93492$lut for cells of type $lut.
Using template $paramod$1e64229225e1067c3a65477796e039974b0e577e$lut for cells of type $lut.
Using template $paramod$366bd0cb9468bf713f0cec102244d272ee6d3226$lut for cells of type $lut.
Using template $paramod$bacd34560a6f2aa7dce645a0ea65a4a370e8017f$lut for cells of type $lut.
Using template $paramod$35b2239a6fa1d01fafaa01bd50d81f2969b1ae52$lut for cells of type $lut.
Using template $paramod$86908a13bfdb9f798c5feef97b93a664d9d46506$lut for cells of type $lut.
Using template $paramod$9d47d00ee09971d88bd0beef42a906866c8faa2d$lut for cells of type $lut.
Using template $paramod$6cbe75e9495f2903d963c887de4d85f332226faa$lut for cells of type $lut.
Using template $paramod$5af9038e7e1b4792d2cd7366d6d43a2f8938752c$lut for cells of type $lut.
Using template $paramod$e76909b9f048da358994ff8f08b005c5288500a4$lut for cells of type $lut.
Using template $paramod$19389fa80af381610c7e9cf6a10db04866f74a36$lut for cells of type $lut.
Using template $paramod$e11b6fe9f742061d5ce5a12e96ef19f2cb6b39c7$lut for cells of type $lut.
Using template $paramod$80fbb2abe6597c73cac143ee39c663ec2b5edeee$lut for cells of type $lut.
Using template $paramod$266a11917c62dd2e0bde122b6d0f54e76076a64b$lut for cells of type $lut.
Using template $paramod$5e7ac3088af8e4e0a20847d43d704b1a330c5332$lut for cells of type $lut.
Using template $paramod$854a45e3c25ff54ff485c5fa1c65cefc029a2c27$lut for cells of type $lut.
Using template $paramod$3ba52f4d83180ea6443385d6cdb67cf0537cd728$lut for cells of type $lut.
Using template $paramod$027d7a1820931d8c7fd7f40ec45c141347750bd8$lut for cells of type $lut.
Using template $paramod$b602614ab31acdd31c9503ae4af99bed4b3bfee3$lut for cells of type $lut.
Using template $paramod$2b953a17b09ebcee50fe29cb717a070a595c85ea$lut for cells of type $lut.
Using template $paramod$da28940d8c03f49df809dfe7fb3d41b73b6bd7a8$lut for cells of type $lut.
Using template $paramod$f147ea250ac546ac6b022de55ec86ebf3cfcae50$lut for cells of type $lut.
Using template $paramod$b3b0f94b5a848aef2657c71a98efb84d606eec92$lut for cells of type $lut.
Using template $paramod$02c66c304ec80037f1b32bb9bf802003b008e17b$lut for cells of type $lut.
Using template $paramod$6fc3f9e85c76a4f9e4cf860432f26435943becf0$lut for cells of type $lut.
Using template $paramod$53b76547d3f5aae0105dd3af3939f939f0775eac$lut for cells of type $lut.
Using template $paramod$83b0b475c5f40022599cf3866485baf3a1f4f889$lut for cells of type $lut.
Using template $paramod$6661702d3ae0ae11438e5c86c8c2d07bd8fa04d9$lut for cells of type $lut.
Using template $paramod$b8899564f3537075a1ba3b137703e2a49d37eca3$lut for cells of type $lut.
Using template $paramod$1c1048cdd83c992af325fd882eb922c998de3091$lut for cells of type $lut.
Using template $paramod$62fddb44ef47d72ba48d98bf15bafa151cc9f84d$lut for cells of type $lut.
Using template $paramod$2637fb4231a41ecbe7613523a9a5afd6a8dd41d8$lut for cells of type $lut.
Using template $paramod$a305c1f27ac12036e1ee053f6f465794d7c5c73c$lut for cells of type $lut.
Using template $paramod$73880cf1608683b278234af8f7e256c39a67bcef$lut for cells of type $lut.
Using template $paramod$a95aeb58822b83840ad0d33221e28b316b409b83$lut for cells of type $lut.
Using template $paramod$35c57873920eba13532dc5e01a428ff1c2ae8a65$lut for cells of type $lut.
Using template $paramod$3068fc9d9825fd6ed7a0da71e30dad90b081caaf$lut for cells of type $lut.
Using template $paramod$7fe696cecedd30dfe73805693b76a9b7a7b5c06e$lut for cells of type $lut.
Using template $paramod$5a10aa2105c09b2d20d94e03186b1c05b67b746f$lut for cells of type $lut.
Using template $paramod$5bf2b9f9e28f9edd3771a8bc21f4a8d676681cdd$lut for cells of type $lut.
Using template $paramod$cb29e410933c8277e3155717a2e491ed06c8906f$lut for cells of type $lut.
Using template $paramod$cf5190113c14ee0450505793289e7c40e35eb654$lut for cells of type $lut.
Using template $paramod$214d444a13ec503092dc21caba6a6f64c876ccee$lut for cells of type $lut.
Using template $paramod$bb88bed763021694f3457c5fe1f2d5d84a9b0532$lut for cells of type $lut.
Using template $paramod$74fdf2530adc1c9e2f33318e35e6d3d74f74c25c$lut for cells of type $lut.
Using template $paramod$00c77b8ed44290b65b6392007a19252a71c8e6b5$lut for cells of type $lut.
Using template $paramod$ef351e37a29b3e65917837043f0a38176283538b$lut for cells of type $lut.
Using template $paramod$2561c635af2eb3ec67b89eefad98712b7f00de0a$lut for cells of type $lut.
Using template $paramod$fd17fa794580a94f76e6952f756dfba85f0434e9$lut for cells of type $lut.
Using template $paramod$9ac820e7cce802f3d207547a2c71bb1c0be1ac0d$lut for cells of type $lut.
Using template $paramod$73a799dfcb5b798c74a9c0a7c5fc746ada49480c$lut for cells of type $lut.
Using template $paramod$99dcdf858a8b6e9b7b48ab29ef216fd2e5ff1580$lut for cells of type $lut.
Using template $paramod$c8e78bdf370a2fb4fa6cb23882984e834e4c3342$lut for cells of type $lut.
Using template $paramod$4114e0ad520873b1aba2f5209d5afd1deb5a3f97$lut for cells of type $lut.
Using template $paramod$6a1c11c408f15da9f3b1411bbec9b67cdf3cd02f$lut for cells of type $lut.
Using template $paramod$bd20663e43ebe0e7f9209bd96a70aae9c0bb36b5$lut for cells of type $lut.
Using template $paramod$96d93b9de7d41d53b7006e1ec9b0ce6af26e6438$lut for cells of type $lut.
Using template $paramod$8d450ce1b8f35fd7d1cac4bacce2a7d2ab2b3d73$lut for cells of type $lut.
Using template $paramod$7bc9ce74c18ba2f2f0fcfeed23b6e40a27ab5f91$lut for cells of type $lut.
Using template $paramod$6176dc2df6343d89ce282a234410db7eb5b48bb1$lut for cells of type $lut.
Using template $paramod$28985698bbc81f11c91cb485fda6514644ee9d9e$lut for cells of type $lut.
Using template $paramod$db3cfa43aec5c48a5972d7104f334b95b99c6362$lut for cells of type $lut.
Using template $paramod$f9a1fb55617dea52801dd697269ada90ba1f8a75$lut for cells of type $lut.
Using template $paramod$824994bc23b99c43e26ff1916a15e3a70a4889d9$lut for cells of type $lut.
Using template $paramod$d03826ddea6da4948da5bba06fdc43caf2f3c2e5$lut for cells of type $lut.
Using template $paramod$fa73288e2f75224be7b5405eeef7660c875219c3$lut for cells of type $lut.
Using template $paramod$5df13ea62c9ceef7a34811fa722c37e1e6760d36$lut for cells of type $lut.
Using template $paramod$dfcbf9b3056751f707846e1c1c93b9d8ed0006b4$lut for cells of type $lut.
Using template $paramod$4b5bd81b0fc0f17a63f145b7a5bb91a61a8ed846$lut for cells of type $lut.
Using template $paramod$0131e33d5fe78ae7d73f3da6960f45189c1ce198$lut for cells of type $lut.
Using template $paramod$6f17d026ff4a0d3e9b5010d864678636fd913a81$lut for cells of type $lut.
Using template $paramod$7e56eb9a97e5885b6c5be4df515677e6d45e8c10$lut for cells of type $lut.
Using template $paramod$a668d2ccdc022b25d7979ef3188a32008e0bee72$lut for cells of type $lut.
Using template $paramod$86cd2e0c219cd597db438e254fd087374de4c5c1$lut for cells of type $lut.
Using template $paramod$d126239faefc5b69d01ba24bc6dd5451f623e356$lut for cells of type $lut.
Using template $paramod$814d8e3c9b61ee65b600f6aff25b0d0bec092367$lut for cells of type $lut.
Using template $paramod$a377c5826ca32c39b0d6af8ac27b2e397ed5589e$lut for cells of type $lut.
Using template $paramod$d6c88d2438f19da2d959725581d00b36919530c0$lut for cells of type $lut.
Using template $paramod$15a4244d1abfe8d07c15468b16a73b31c3de2596$lut for cells of type $lut.
Using template $paramod$09e4291a64a45894b55dfa1fefe73dbf70f86778$lut for cells of type $lut.
Using template $paramod$bdc1bd561f96293c672a17a964ab6d103b7ac2de$lut for cells of type $lut.
Using template $paramod$518c96f360291f25cd86472b9a0832272316cc81$lut for cells of type $lut.
Using template $paramod$e365aa8d744104d096fce0fa0116a3c1f5b07ee8$lut for cells of type $lut.
Using template $paramod$a8ac490316f138f5bc4aee32dbf52b1d6e157f5e$lut for cells of type $lut.
Using template $paramod$59dc85409dc19a2d36e9e4569ecbceefa8126f57$lut for cells of type $lut.
Using template $paramod$ab944409a1f65b4b2a03c2c22240d73fac3cdf39$lut for cells of type $lut.
Using template $paramod$3f0df75abe85df07c7b33ec583401fe76a658bcd$lut for cells of type $lut.
Using template $paramod$f7aa8471862d9aaa7f1aa82257b2b0e62eb924f2$lut for cells of type $lut.
Using template $paramod$0924fb10d6aa7e28ea11ef3559da111124e9a898$lut for cells of type $lut.
Using template $paramod$9c51117bf615c85b45829a92ea4ac25a35128873$lut for cells of type $lut.
Using template $paramod$6703b7add6c03dfca3ae2c512787ab18de9a21b1$lut for cells of type $lut.
Using template $paramod$b578533829fc386014207f4ad990180095da6eb1$lut for cells of type $lut.
Using template $paramod$ff5407bb391ef071dfc8f2c5cf8aa6630d39ade6$lut for cells of type $lut.
Using template $paramod$b8d7a70606bf4c25aab327d8c2b54a7b2c4b77a1$lut for cells of type $lut.
Using template $paramod$9950a9f3e4c57e8f6e57bd65632211967340be72$lut for cells of type $lut.
Using template $paramod$a90b72b4ca6d6257bcfdc39572a3edfb4b2fbe9d$lut for cells of type $lut.
Using template $paramod$3da20fba3845313d124519ed88a26e518bf6b09f$lut for cells of type $lut.
Using template $paramod$fb64a6d80f00ee5a3dec272d0ed91a83a584c1f4$lut for cells of type $lut.
Using template $paramod$508fce7cde8d109e0e7128b9254c1d5c804b2756$lut for cells of type $lut.
Using template $paramod$cbd68956d215249e52d2cea3bc99163510ffee44$lut for cells of type $lut.
Using template $paramod$73baa2833534e74cb98ca96b995d2dfaa6d416ad$lut for cells of type $lut.
Using template $paramod$96ff56ce5a5ee85ee0c4678d1c423b47046ec6af$lut for cells of type $lut.
Using template $paramod$ac93a91704506b99e110103c9b19e9b67bcd77a0$lut for cells of type $lut.
Using template $paramod$f756c6ded821b4a3cf0369498cc51c03818f5cb3$lut for cells of type $lut.
Using template $paramod$9c422be1b5a584a89894d6ba2aaf9a7c3665f46f$lut for cells of type $lut.
Using template $paramod$f2408cb03485bac785ad44d1df874a69f179b100$lut for cells of type $lut.
Using template $paramod$a8886d6b449daded290cdb3b853243f84f3dc998$lut for cells of type $lut.
Using template $paramod$eb3a4e7248bbc16ee294cf3f3ca38aa7f2ab5ecf$lut for cells of type $lut.
Using template $paramod$c1a0f46ddd5a51215bbe9731e48c13d0c6a44b76$lut for cells of type $lut.
Using template $paramod$5759c0c69f6e0d8bcfbfa8fe248e0f404c10ae8b$lut for cells of type $lut.
Using template $paramod$209a7763f93e12658d45c5dcfa3a05d8cbfd9f67$lut for cells of type $lut.
Using template $paramod$55c77d64f8fa5a6e110a6c572d8101fa1ee92871$lut for cells of type $lut.
Using template $paramod$d85d449c864c79ff539200eb50c59d29a09a048a$lut for cells of type $lut.
Using template $paramod$e43b9f1033c1749384bbcd471198b5bb766efbc9$lut for cells of type $lut.
Using template $paramod$f2fe003b719a0f6eba4e33ed3424ec517519e828$lut for cells of type $lut.
Using template $paramod$5e39f2df13ead5f40a240574f5759650aa9d164e$lut for cells of type $lut.
Using template $paramod$ed647fb13d298a1776a5f62ba3576a326ff46dd9$lut for cells of type $lut.
Using template $paramod$3876752fe05a58cc67510456f8d1170e7cf64033$lut for cells of type $lut.
Using template $paramod$3e1b2cf83dd36bd3b564b9dba224d7f94229465c$lut for cells of type $lut.
Using template $paramod$dff51c74d2b6aae3d2c4ab1a1bf80f092c28601a$lut for cells of type $lut.
Using template $paramod$5e021a9d2d44183ed652def00333aa5004464ac6$lut for cells of type $lut.
Using template $paramod$5843b1baa6b2481963df54051845b5dbf1b91adf$lut for cells of type $lut.
Using template $paramod$b594c9e9e28e6f46ce2b6d243975ea36d53f6da0$lut for cells of type $lut.
Using template $paramod$bde2b467723a5581c48dd0d2e624f868f3d0d368$lut for cells of type $lut.
Using template $paramod$1514ce7d78cdc37851972230d5459fd81f9cddc3$lut for cells of type $lut.
Using template $paramod$f0186626bd76379c4acbc96f62b7aa52a952344d$lut for cells of type $lut.
Using template $paramod$65aad49a556ad4a27e8b537f233b526443bba23d$lut for cells of type $lut.
Using template $paramod$58dc742973ddde10749b7b2741e1edb233fca798$lut for cells of type $lut.
Using template $paramod$23c6058987b75a55df8e261436de6f2949c170f0$lut for cells of type $lut.
Using template $paramod$ba62b88871a88c2e1abc16ad0a0589fa992f9bd9$lut for cells of type $lut.
Using template $paramod$5ba582fc788e9ba3c8613d89af5199f869f16886$lut for cells of type $lut.
Using template $paramod$ac77ab14d818361d09dc01dc3474c158a2952711$lut for cells of type $lut.
Using template $paramod$976f3e6bd5a51cfec377ecc450cc953c7bce3702$lut for cells of type $lut.
Using template $paramod$9e3f48f1fb11b724627aefc80afdbeecf9d1e5e2$lut for cells of type $lut.
Using template $paramod$b2fe1e686fc6fbac44b2f027575674fcad7d5602$lut for cells of type $lut.
Using template $paramod$41f7b4ebd06ece8c94614108c34eceddfafd8a23$lut for cells of type $lut.
Using template $paramod$0bab445bf210c281fcd62434a9c0a79fa27fce99$lut for cells of type $lut.
Using template $paramod$5ffefcf775961575592c499cce230daf0174c299$lut for cells of type $lut.
Using template $paramod$8989d47d3ef167a41350a6108a857bfb4d02981c$lut for cells of type $lut.
Using template $paramod$c069bf157a556e2678138c1450e39ee4caaefd2b$lut for cells of type $lut.
Using template $paramod$6a956b10ea58c7b4d96cf265bf4ff071cd95fa80$lut for cells of type $lut.
Using template $paramod$6240a0bbc4ec6ae8c18bc0d076498f3fc7c41a21$lut for cells of type $lut.
Using template $paramod$459a4e164b94176a178fa999c6df2e32ae1b4014$lut for cells of type $lut.
Using template $paramod$ee9bc964ca2975f08a2d0b9aa47c510355809b41$lut for cells of type $lut.
Using template $paramod$dceacc1183e162544c2ad340b66fd964ea9f943e$lut for cells of type $lut.
Using template $paramod$3e158e31553eae2a98c0ee4aba65242a327b72a5$lut for cells of type $lut.
Using template $paramod$a1ccc53492c5ecfae9bafaaf8a926741cfe9fa99$lut for cells of type $lut.
Using template $paramod$68e92309f1fde3e90fb399c5532eda192b593465$lut for cells of type $lut.
Using template $paramod$32a678f0429835392623ecb73e395af73c7ea931$lut for cells of type $lut.
Using template $paramod$c121c24cdc5e4912c399742ca051e3cd77f9e019$lut for cells of type $lut.
Using template $paramod$467a05e2152eb93bad999b2024d4a1405a2861fe$lut for cells of type $lut.
Using template $paramod$3c349d83855f4601f2df66f6efbf2e98ff8daeae$lut for cells of type $lut.
Using template $paramod$27b35a168e11ff0de81f884858ae320107fdeffc$lut for cells of type $lut.
Using template $paramod$51ac55ca5eda87b4084a0d47bf3cd7d1b3c68142$lut for cells of type $lut.
Using template $paramod$f941b9c661d2d388dc5a0cdf2a8bc0fe58a7c2d1$lut for cells of type $lut.
Using template $paramod$6ceb7ba54b541f218652e54a8be7c834715092ac$lut for cells of type $lut.
Using template $paramod$687c09ec33b2c26869fd2739331e328c2a5ee1fd$lut for cells of type $lut.
Using template $paramod$65708dc37ea4b28336de469945b26bd340414926$lut for cells of type $lut.
Using template $paramod$d3faf3a93946145516df8da16efdaa8c53c787b4$lut for cells of type $lut.
Using template $paramod$5f2c62bd5af44f9aeacd66648ea73bd2452fcd36$lut for cells of type $lut.
Using template $paramod$a0c6744b0038c240a8998a934f2abb2230d25d51$lut for cells of type $lut.
Using template $paramod$978c80b14a3ffddd3cf99ef8a0e810ceb04800ac$lut for cells of type $lut.
Using template $paramod$be1dbbd3a256872d391f7d88b6c4ed2adf986a3d$lut for cells of type $lut.
Using template $paramod$f248e5211f5560a4f70b47f54d43c9e7983a78ff$lut for cells of type $lut.
Using template $paramod$799cf593eba4c786b510eead7592cd9a2f380c79$lut for cells of type $lut.
Using template $paramod$e4e96a5dece796d779288739da28d0f9a19e7c8a$lut for cells of type $lut.
Using template $paramod$04ae10f7d848c17f6abdd4c00ba30939b2cb4eb5$lut for cells of type $lut.
Using template $paramod$57b30c0318d69466ffa9607d539c64a853f08af3$lut for cells of type $lut.
Using template $paramod$ea60670e529359258f932d74b3592f484a7a708d$lut for cells of type $lut.
Using template $paramod$564742131a7388af2fdb3db30298811191acf468$lut for cells of type $lut.
Using template $paramod$2299595f521e6d6da4b932efd96debd32b322937$lut for cells of type $lut.
Using template $paramod$92c5069b3a5e249ceffca39c2070ed00a1b63881$lut for cells of type $lut.
Using template $paramod$a5443e4eac8448c8c94adfc919ea970646a3241c$lut for cells of type $lut.
Using template $paramod$a3a67899f18a88c513c8a76b89e0e19891f0ae36$lut for cells of type $lut.
Using template $paramod$105ab4d0feff958c5d8e048465341cf7e625d648$lut for cells of type $lut.
Using template $paramod$667d6bcdd9189e17ecf8a076c11f0e62192ec2ee$lut for cells of type $lut.
Using template $paramod$ff0fcf45867e0f5d2961c1a9d0832d974b6785a5$lut for cells of type $lut.
Using template $paramod$b9a5f702cd59f0fda230e0181f27a38e8f48ae81$lut for cells of type $lut.
Using template $paramod$2ccf3f0ae1a200cf0a9318fd0451c54b1a6d3e5f$lut for cells of type $lut.
Using template $paramod$83290ae3f0c4ae45e71e38985ec9ff4e6f85c60a$lut for cells of type $lut.
Using template $paramod$5acc6cd24d04dc0541fab86e414f5c66b3be72e9$lut for cells of type $lut.
Using template $paramod$0370933cb498c689040b3aa0bfb4ab66aa41e69e$lut for cells of type $lut.
Using template $paramod$e55e6ba7e58674a9e7af5a48b5f504b68f3d61b1$lut for cells of type $lut.
Using template $paramod$f61cebd503fb159307e7df8566d168e18eedd58a$lut for cells of type $lut.
Using template $paramod$e32ea3cb5329f99b3428002eb0322bd92f990f82$lut for cells of type $lut.
Using template $paramod$739ba125b8a402d9f3ed84fbdd69830c50bc4482$lut for cells of type $lut.
Using template $paramod$d9960ae92bbf04f4f924f70d13349bb0d1750185$lut for cells of type $lut.
Using template $paramod$4377cb9a85028a0f5b7ebe1767e23593977aeba5$lut for cells of type $lut.
Using template $paramod$4dec28f0ccc655e9c81f1e3077b3dd1487ae3a45$lut for cells of type $lut.
Using template $paramod$b588f174b6f12eb49522ba9e4df3909e484db5b9$lut for cells of type $lut.
Using template $paramod$75444ac3f273eb89da848d7caaa7f400b3263a32$lut for cells of type $lut.
Using template $paramod$d02bd4f28370b8a05cdf80bcf64c2adcbc202fdd$lut for cells of type $lut.
Using template $paramod$263a72338b47cd9cf9e07e2c5c33fdda079a9a76$lut for cells of type $lut.
Using template $paramod$f15e86f398e4ab2f7e908d4d8ab3617ede7e4421$lut for cells of type $lut.
Using template $paramod$40614bc945b57aab95fbc31af093a3fc79ada1f6$lut for cells of type $lut.
Using template $paramod$39c0466fa3f55ae820aafadf59fed24bd0c60a40$lut for cells of type $lut.
Using template $paramod$b36a08c48d8034f1d877c84b12f0961c7a1315b3$lut for cells of type $lut.
Using template $paramod$d87f67887aefed62a5d3670f2500cf6df8459982$lut for cells of type $lut.
Using template $paramod$7f21164a29286b30cd9ee1d32fa329413cf9841a$lut for cells of type $lut.
Using template $paramod$8db64b3a6bc45d9e7bc738d864075f604b1e3bd8$lut for cells of type $lut.
Using template $paramod$5c4b87ddf5598e6dc31828be4e82e0d4835878a9$lut for cells of type $lut.
Using template $paramod$4ecda8ab7735c9a5d5be9ef461ee9cef3e056160$lut for cells of type $lut.
Using template $paramod$da9d6eb00307d15292e014cd59e5b9098c71b3b1$lut for cells of type $lut.
Using template $paramod$b688a23b9013c2c1931126012e03337318ab4f14$lut for cells of type $lut.
Using template $paramod$bdd5b458056714f665850e4ba2f2349946cbbb22$lut for cells of type $lut.
Using template $paramod$77c1c6454171cee9b2a00b5ed1e65580c2d45d8d$lut for cells of type $lut.
Using template $paramod$b8e43e3f5a5b3a3d02880fc0e8ef6c7a00e7bca5$lut for cells of type $lut.
Using template $paramod$9a7116b6bc9c218f8b83c981565df2c47d1bf9f6$lut for cells of type $lut.
Using template $paramod$6fff089ebc50f1eb9474d474a169620d56926266$lut for cells of type $lut.
Using template $paramod$92fa921f48a6eae20f3a64b50ead763816c216d4$lut for cells of type $lut.
Using template $paramod$ced44bca7cddc5c520df0a5a763f3c58ec1b37bc$lut for cells of type $lut.
Using template $paramod$250a13165350d3777fa6ee3d1ff965e84759e2cc$lut for cells of type $lut.
Using template $paramod$f1a3e4ce259953cfa28b7bfe1ec2714d64e13cc1$lut for cells of type $lut.
Using template $paramod$cf357d63aec7078f12a925b5474dfd267401026d$lut for cells of type $lut.
Using template $paramod$39ee644a5b397c89b8ee71f13d671a32e1b49b95$lut for cells of type $lut.
Using template $paramod$933b9a4ba66dbffcc9b1dfe9cfdd81b038863336$lut for cells of type $lut.
Using template $paramod$f9f95421226be6ea4e0aa6a126193057b27644c3$lut for cells of type $lut.
Using template $paramod$0144224afc63ba2f810f41945795aee294751408$lut for cells of type $lut.
Using template $paramod$98b64f0c4a041abaca6712add8bc8dfa77294378$lut for cells of type $lut.
Using template $paramod$f8c1ffb3bea83e5e09d8daf0a43a4b38d74285a9$lut for cells of type $lut.
Using template $paramod$77814e20215147d412dde4b9ffe9377f730ab38d$lut for cells of type $lut.
Using template $paramod$e0b192dcf742212c7befd720b774997b20cd9310$lut for cells of type $lut.
Using template $paramod$27af436a4436bbefc8f1ed9df1277823fdcafb1c$lut for cells of type $lut.
Using template $paramod$985a4e77f7680923aad311f7ea39573ccf9731e7$lut for cells of type $lut.
Using template $paramod$de15a3e96b53c849762bea81338b158e1820788e$lut for cells of type $lut.
Using template $paramod$ad30e6351b56541318045aa16b8ab9a3f8e5836d$lut for cells of type $lut.
Using template $paramod$81fed55e87e0945a7e5092aa8b081a5dba62fb70$lut for cells of type $lut.
Using template $paramod$b7999cccf07e64a426eff857b5a6c42b7ee00b07$lut for cells of type $lut.
Using template $paramod$b90860d49d7ba87298ce922395fccbbdf47798ea$lut for cells of type $lut.
Using template $paramod$5c3166c6a195a2e0210df47e013a3791d06f16f9$lut for cells of type $lut.
Using template $paramod$71a96c621bf23b139038ce199a04f47b853774b7$lut for cells of type $lut.
Using template $paramod$8f6bec787a3337fac89493b032dcc42ab6787b76$lut for cells of type $lut.
Using template $paramod$33eb463877620cc6d9d095612f48fb1d5cfa7f6b$lut for cells of type $lut.
Using template $paramod$1df122ebbcaec3f14d3c3be8909e48eac7f00a8d$lut for cells of type $lut.
Using template $paramod$44e136289e0bb3c6365d056b0b03ad2894e0a4c7$lut for cells of type $lut.
Using template $paramod$6ebebac6d349051b4f2d07fa01e5ff354a8815fb$lut for cells of type $lut.
Using template $paramod$77ad5b5a13077339c889d22d77e93cfd4da9d15f$lut for cells of type $lut.
Using template $paramod$4708999ce4425ad90f09f18ab53179c4b5976bba$lut for cells of type $lut.
Using template $paramod$69299aaf7508800050a9d7286b29f69157eab677$lut for cells of type $lut.
Using template $paramod$853b4f3bc3530c8e663a893e811eb734e3bf352a$lut for cells of type $lut.
Using template $paramod$a42a6f6bf668c7af02af9e40be1cf24c274dab92$lut for cells of type $lut.
Using template $paramod$09ce262dd5d56bb54e0b08b8bd88a50841709e00$lut for cells of type $lut.
Using template $paramod$c3ac3c035bbf7468d50b8cde5d7c2074ee1bd638$lut for cells of type $lut.
Using template $paramod$6f34c73f081bbfad2a629d2fd23c776c0aa26d6a$lut for cells of type $lut.
Using template $paramod$85e330a28061e8997c60b9b2655c94f2cf045d92$lut for cells of type $lut.
Using template $paramod$c1c06419cfacd2ad88302c4dfcbb694936e1e240$lut for cells of type $lut.
Using template $paramod$862f32711db1efa60b63f13b323c9a6192d0408f$lut for cells of type $lut.
Using template $paramod$bd30335c2c3a4a55d5992f8ef32b0bb51c8a591c$lut for cells of type $lut.
Using template $paramod$e8769f6b929c407040b9de72bca1851dd00c6c5f$lut for cells of type $lut.
Using template $paramod$c230f9d053ddc52c14e4f66223aa19f3de187c96$lut for cells of type $lut.
Using template $paramod$221cea529679513b31896026c967e795e5a12649$lut for cells of type $lut.
Using template $paramod$cc94c4c51f7914ac63292a9fce692218ccdbd6c6$lut for cells of type $lut.
Using template $paramod$6a36c00a4cd31f1c1e0e1757bcaa7ea1078969a3$lut for cells of type $lut.
Using template $paramod$44a11df7e6f07d7a179d36094a31519a80f82e2f$lut for cells of type $lut.
Using template $paramod$79c64443c90d23576cb7e0efeb450ddea4c52c9c$lut for cells of type $lut.
Using template $paramod$d8496aa5bd81a9572573af683662cd8fcf2806e1$lut for cells of type $lut.
Using template $paramod$c6a3089aeba8d23c85a6dd15f3a52a02058d3f83$lut for cells of type $lut.
Using template $paramod$aff766d51bfd6300c845683283a4e6e3ffed8b12$lut for cells of type $lut.
Using template $paramod$3373e7abfe84d25e9cb94ee076bfb74d45d15729$lut for cells of type $lut.
Using template $paramod$b9ca0b65da3fdae52aa63b67ed17cd78319628ad$lut for cells of type $lut.
Using template $paramod$7704dee12a59976cef91303a7e63afe78af54484$lut for cells of type $lut.
Using template $paramod$5c4400f8fe8d282fe98a14d1b0e5f3c07217b925$lut for cells of type $lut.
Using template $paramod$01dc635b6c3a48e02da84536ca54bd4531f8c352$lut for cells of type $lut.
Using template $paramod$dd69e675bdbb95d9d4b1f2b095ec2a58241a5927$lut for cells of type $lut.
Using template $paramod$52b3a698831fbcff4328015eca224eec8c520537$lut for cells of type $lut.
Using template $paramod$5a1173fb1dd667e9a482aac17c7fdc71cbe83e23$lut for cells of type $lut.
Using template $paramod$c6b92d64ffca7a70777e482c19fe83f2baba9306$lut for cells of type $lut.
Using template $paramod$343d04990f2ad8b892251a340c8ba3d6e1e5014c$lut for cells of type $lut.
Using template $paramod$2fe70dc8f7d8d4c53e12686d9863d9ad022a4f68$lut for cells of type $lut.
Using template $paramod$ac53181a1f95b3b4ae936b494f1d7d479c8711da$lut for cells of type $lut.
Using template $paramod$8cea2e51d6074badc912821df03edfd397a5d046$lut for cells of type $lut.
Using template $paramod$60f7f8a29fdb7ef13afce00491abb8cf3cf59bc6$lut for cells of type $lut.
Using template $paramod$fe1dcc5fc7ca6a555881619c0076135939dfb6c9$lut for cells of type $lut.
Using template $paramod$f0a5f84e99de44318dc82d5eeeae7eef713ca8d2$lut for cells of type $lut.
Using template $paramod$c2e9f9ae074d23980293b1425db8e9ab8cc2b3b1$lut for cells of type $lut.
Using template $paramod$943ccb994c322ba229013d3dd2273edfa27b2094$lut for cells of type $lut.
Using template $paramod$71d6d3d7653dd35f0f0d8d3740edf95dfe9e8e8e$lut for cells of type $lut.
Using template $paramod$21131d4c7b142e2b672ca0ea836904d234ec8be0$lut for cells of type $lut.
Using template $paramod$b938fe4e59a62d006fd25504b1274b5ce280944e$lut for cells of type $lut.
Using template $paramod$ab595990e95cfd04fe8d5e9cd212eafff8607462$lut for cells of type $lut.
Using template $paramod$946b38a3954db5692d3b890c05a36b193d4d72ff$lut for cells of type $lut.
Using template $paramod$25e347ea68d0a37e6ec89a3d8824b9d52e250ab2$lut for cells of type $lut.
Using template $paramod$bff98dc1c537284c0232eddac633eba4b19960fd$lut for cells of type $lut.
Using template $paramod$04a149ac819ebfe8793fabe24e9fa951a2222ef7$lut for cells of type $lut.
Using template $paramod$f32c7c6440c44fe212cf73c3a854037595ea8d34$lut for cells of type $lut.
Using template $paramod$158ee9589fd156f8bf6d95cd9ebb24387cb768bd$lut for cells of type $lut.
Using template $paramod$8bd704e201ef1d6e591fde8bbd43602d636e8fd7$lut for cells of type $lut.
Using template $paramod$83f7a141681e79882be9b7b4eef13846c17e1c61$lut for cells of type $lut.
Using template $paramod$88aeb723f6f564067e4e35247c5391bbbbb251b2$lut for cells of type $lut.
Using template $paramod$94a940db26347726e5d816385b95cc50336394fe$lut for cells of type $lut.
Using template $paramod$f4c4e8e8f36785f021e435e731ed508811aa63b4$lut for cells of type $lut.
Using template $paramod$03f50390d4ac7bb001f9bc31dce761ffa36ad30e$lut for cells of type $lut.
Using template $paramod$fb2ca8b73105e1694b1a7c462b6ce2fdf1b49307$lut for cells of type $lut.
Using template $paramod$a98a3f72381c953f685268dc923efa0bb245aa57$lut for cells of type $lut.
Using template $paramod$b2a8cf84e735c797eac3aee0393bda03f9885cc1$lut for cells of type $lut.
Using template $paramod$741dbf284d087ef3bd22d0f81ac94e78e10045f6$lut for cells of type $lut.
Using template $paramod$13ed9e57672228ecc02346666f3b794ee6b9fa71$lut for cells of type $lut.
Using template $paramod$a1262fcbbdf48035e4fea6dd31a11e66ddcec1f5$lut for cells of type $lut.
Using template $paramod$895588457de2af871fdc3a2d72d18094e64a7360$lut for cells of type $lut.
Using template $paramod$0aaace5c7433dd1d28fa8503b466135481b6d6aa$lut for cells of type $lut.
Using template $paramod$84a3f0f9f43c0afe6bae9cd94e2ddfa4df0d3596$lut for cells of type $lut.
Using template $paramod$0407e20f7c9de86a6706dd7c4a6c98d892e9cb11$lut for cells of type $lut.
Using template $paramod$092328fe238e93bc47362af7a5994e2ccc967ef4$lut for cells of type $lut.
Using template $paramod$3faef9effa7231c8d9302559e9d8cdc957a8ad9a$lut for cells of type $lut.
Using template $paramod$ba25d63e8a8f4e5c54ee6344747ab0f27e78a3da$lut for cells of type $lut.
Using template $paramod$e13f4e19d28262a5a80dfe3ace197039efbf3bb2$lut for cells of type $lut.
Using template $paramod$eb705d067c0d4432f37433dc0a75b60fdd310798$lut for cells of type $lut.
Using template $paramod$63a44105fef6d309180bbf2bff30861cb17bfa80$lut for cells of type $lut.
Using template $paramod$676270bf2c19784508bef61565c79f5835104dbf$lut for cells of type $lut.
Using template $paramod$f95425228780cf91d21b31b1c620292c566ec67b$lut for cells of type $lut.
Using template $paramod$f005dee577b652b50b17933775120ff6a5e8606e$lut for cells of type $lut.
Using template $paramod$0cfea6b9195cd14309727a2f6f2032f4d9690a94$lut for cells of type $lut.
Using template $paramod$423212b4f163042dfe0efbcfa52513267e8c4b36$lut for cells of type $lut.
Using template $paramod$8d61b5c6b74dea83d283a9734e54f54749c700b9$lut for cells of type $lut.
Using template $paramod$e6f697a41ca7eee89294c8f6f932c649b32363f3$lut for cells of type $lut.
Using template $paramod$b92e81ac07fab935e07d6ef93992c6379cdc498b$lut for cells of type $lut.
Using template $paramod$c68d76034f493bed9e0ece68093636bf250e2f09$lut for cells of type $lut.
Using template $paramod$5951b6f50304d4b9b4b40295fe62b216b7eb86b7$lut for cells of type $lut.
Using template $paramod$f989695f05590bef97ca5341c705c73061b9aea3$lut for cells of type $lut.
Using template $paramod$4479314a9b067e4e3ecb3a554e1df643beb8027b$lut for cells of type $lut.
Using template $paramod$f6eb978df36039fa73086230d7e1ab76c915140c$lut for cells of type $lut.
Using template $paramod$56a95910675209e9ef42eff73c780c4d493ae003$lut for cells of type $lut.
Using template $paramod$1001121e5caa60202e4c411e555e67f933605173$lut for cells of type $lut.
Using template $paramod$4d8f011189e458e825845b8669c0f49e003da3c4$lut for cells of type $lut.
Using template $paramod$2ab1e0cdef7934d7637b466a0c1444fc659f6bac$lut for cells of type $lut.
Using template $paramod$2ed525bf604701a43697a2e64b4ef20a9259fe97$lut for cells of type $lut.
Using template $paramod$7b6dba9da7b24ba15cc91d483adc1cbb42ec924c$lut for cells of type $lut.
Using template $paramod$2c3833560edc1555e53a743042f5f92ebaa05400$lut for cells of type $lut.
Using template $paramod$f1bdf5268949b7a35eadbfacdb53293543d36a3a$lut for cells of type $lut.
Using template $paramod$2661aa2601af93e362041e04a59405a491f36855$lut for cells of type $lut.
Using template $paramod$0db9d9f4cd52c509a0370d8ff63301ccad605da4$lut for cells of type $lut.
Using template $paramod$0d0c8d4c869809795932c7acab2a7b01fb157f16$lut for cells of type $lut.
No more expansions possible.
<suppressed ~25397 debug messages>

18.46. Executing OPT_LUT_INS pass (discard unused LUT inputs).
Optimizing LUTs in top.
  Optimizing lut $abc$46313$lut$aiger46312$11347.genblk1.genblk1.genblk1.genblk1.genblk1.genblk1.genblk1.genblk1.lut0.genblk1.genblk1.genblk1.genblk1.genblk1.genblk1.genblk1.lut1.genblk1.genblk1.genblk1.genblk1.genblk1.genblk1.lut0.genblk1.genblk1.genblk1.genblk1.genblk1.lut1 (4 -> 0)
  Optimizing lut $abc$46313$lut$aiger46312$7669.genblk1.genblk1.genblk1.genblk1.genblk1.genblk1.genblk1.genblk1.lut1.genblk1.genblk1.genblk1.genblk1.genblk1.genblk1.genblk1.lut0.genblk1.genblk1.genblk1.genblk1.genblk1.genblk1.lut0.genblk1.genblk1.genblk1.genblk1.genblk1.lut0 (4 -> 0)
  Optimizing lut $abc$46313$lut$aiger46312$7669.genblk1.genblk1.genblk1.genblk1.genblk1.genblk1.genblk1.genblk1.lut1.genblk1.genblk1.genblk1.genblk1.genblk1.genblk1.genblk1.lut1.genblk1.genblk1.genblk1.genblk1.genblk1.genblk1.lut1.genblk1.genblk1.genblk1.genblk1.genblk1.lut0 (4 -> 0)
  Optimizing lut $abc$46313$lut$aiger46312$7669.genblk1.genblk1.genblk1.genblk1.genblk1.genblk1.genblk1.genblk1.lut1.genblk1.genblk1.genblk1.genblk1.genblk1.genblk1.genblk1.lut1.genblk1.genblk1.genblk1.genblk1.genblk1.genblk1.lut0.genblk1.genblk1.genblk1.genblk1.genblk1.lut0 (4 -> 0)
  Optimizing lut $abc$46313$lut$aiger46312$7669.genblk1.genblk1.genblk1.genblk1.genblk1.genblk1.genblk1.genblk1.lut0.genblk1.genblk1.genblk1.genblk1.genblk1.genblk1.genblk1.lut0.genblk1.genblk1.genblk1.genblk1.genblk1.genblk1.lut1.genblk1.genblk1.genblk1.genblk1.genblk1.lut0 (4 -> 1)
  Optimizing lut $abc$46313$lut$aiger46312$7669.genblk1.genblk1.genblk1.genblk1.genblk1.genblk1.genblk1.genblk1.lut0.genblk1.genblk1.genblk1.genblk1.genblk1.genblk1.genblk1.lut0.genblk1.genblk1.genblk1.genblk1.genblk1.genblk1.lut0.genblk1.genblk1.genblk1.genblk1.genblk1.lut0 (4 -> 0)
  Optimizing lut $abc$46313$lut$aiger46312$7669.genblk1.genblk1.genblk1.genblk1.genblk1.genblk1.genblk1.genblk1.lut0.genblk1.genblk1.genblk1.genblk1.genblk1.genblk1.genblk1.lut1.genblk1.genblk1.genblk1.genblk1.genblk1.genblk1.lut1.genblk1.genblk1.genblk1.genblk1.genblk1.lut0 (4 -> 0)
  Optimizing lut $abc$46313$lut$aiger46312$7669.genblk1.genblk1.genblk1.genblk1.genblk1.genblk1.genblk1.genblk1.lut0.genblk1.genblk1.genblk1.genblk1.genblk1.genblk1.genblk1.lut1.genblk1.genblk1.genblk1.genblk1.genblk1.genblk1.lut0.genblk1.genblk1.genblk1.genblk1.genblk1.lut0 (4 -> 0)
  Optimizing lut $abc$46313$lut$aiger46312$7704.genblk1.genblk1.genblk1.genblk1.genblk1.genblk1.genblk1.genblk1.lut1.genblk1.genblk1.genblk1.genblk1.genblk1.genblk1.genblk1.lut0.genblk1.genblk1.genblk1.genblk1.genblk1.genblk1.lut1.genblk1.genblk1.genblk1.genblk1.genblk1.lut0 (4 -> 0)
  Optimizing lut $abc$46313$lut$aiger46312$7704.genblk1.genblk1.genblk1.genblk1.genblk1.genblk1.genblk1.genblk1.lut1.genblk1.genblk1.genblk1.genblk1.genblk1.genblk1.genblk1.lut0.genblk1.genblk1.genblk1.genblk1.genblk1.genblk1.lut0.genblk1.genblk1.genblk1.genblk1.genblk1.lut0 (4 -> 0)
  Optimizing lut $abc$46313$lut$aiger46312$7704.genblk1.genblk1.genblk1.genblk1.genblk1.genblk1.genblk1.genblk1.lut1.genblk1.genblk1.genblk1.genblk1.genblk1.genblk1.genblk1.lut1.genblk1.genblk1.genblk1.genblk1.genblk1.genblk1.lut1.genblk1.genblk1.genblk1.genblk1.genblk1.lut0 (4 -> 1)
  Optimizing lut $abc$46313$lut$aiger46312$7704.genblk1.genblk1.genblk1.genblk1.genblk1.genblk1.genblk1.genblk1.lut1.genblk1.genblk1.genblk1.genblk1.genblk1.genblk1.genblk1.lut1.genblk1.genblk1.genblk1.genblk1.genblk1.genblk1.lut0.genblk1.genblk1.genblk1.genblk1.genblk1.lut0 (4 -> 0)
  Optimizing lut $abc$46313$lut$aiger46312$7704.genblk1.genblk1.genblk1.genblk1.genblk1.genblk1.genblk1.genblk1.lut0.genblk1.genblk1.genblk1.genblk1.genblk1.genblk1.genblk1.lut0.genblk1.genblk1.genblk1.genblk1.genblk1.genblk1.lut1.genblk1.genblk1.genblk1.genblk1.genblk1.lut0 (4 -> 0)
  Optimizing lut $abc$46313$lut$aiger46312$7704.genblk1.genblk1.genblk1.genblk1.genblk1.genblk1.genblk1.genblk1.lut0.genblk1.genblk1.genblk1.genblk1.genblk1.genblk1.genblk1.lut0.genblk1.genblk1.genblk1.genblk1.genblk1.genblk1.lut0.genblk1.genblk1.genblk1.genblk1.genblk1.lut0 (4 -> 1)
  Optimizing lut $abc$46313$lut$aiger46312$7704.genblk1.genblk1.genblk1.genblk1.genblk1.genblk1.genblk1.genblk1.lut0.genblk1.genblk1.genblk1.genblk1.genblk1.genblk1.genblk1.lut1.genblk1.genblk1.genblk1.genblk1.genblk1.genblk1.lut1.genblk1.genblk1.genblk1.genblk1.genblk1.lut0 (4 -> 0)
  Optimizing lut $abc$46313$lut$aiger46312$7704.genblk1.genblk1.genblk1.genblk1.genblk1.genblk1.genblk1.genblk1.lut0.genblk1.genblk1.genblk1.genblk1.genblk1.genblk1.genblk1.lut1.genblk1.genblk1.genblk1.genblk1.genblk1.genblk1.lut0.genblk1.genblk1.genblk1.genblk1.genblk1.lut0 (4 -> 0)
  Optimizing lut $abc$46313$lut$aiger46312$7479.genblk1.genblk1.genblk1.genblk1.genblk1.genblk1.genblk1.genblk1.lut1.genblk1.genblk1.genblk1.genblk1.genblk1.genblk1.genblk1.lut0.genblk1.genblk1.genblk1.genblk1.genblk1.genblk1.lut1.genblk1.genblk1.genblk1.genblk1.genblk1.lut0 (4 -> 1)
  Optimizing lut $abc$46313$lut$aiger46312$7479.genblk1.genblk1.genblk1.genblk1.genblk1.genblk1.genblk1.genblk1.lut1.genblk1.genblk1.genblk1.genblk1.genblk1.genblk1.genblk1.lut0.genblk1.genblk1.genblk1.genblk1.genblk1.genblk1.lut0.genblk1.genblk1.genblk1.genblk1.genblk1.lut0 (4 -> 0)
  Optimizing lut $abc$46313$lut$aiger46312$7479.genblk1.genblk1.genblk1.genblk1.genblk1.genblk1.genblk1.genblk1.lut1.genblk1.genblk1.genblk1.genblk1.genblk1.genblk1.genblk1.lut1.genblk1.genblk1.genblk1.genblk1.genblk1.genblk1.lut1.genblk1.genblk1.genblk1.genblk1.genblk1.lut0 (4 -> 0)
  Optimizing lut $abc$46313$lut$aiger46312$7479.genblk1.genblk1.genblk1.genblk1.genblk1.genblk1.genblk1.genblk1.lut1.genblk1.genblk1.genblk1.genblk1.genblk1.genblk1.genblk1.lut1.genblk1.genblk1.genblk1.genblk1.genblk1.genblk1.lut0.genblk1.genblk1.genblk1.genblk1.genblk1.lut0 (4 -> 1)
  Optimizing lut $abc$46313$lut$aiger46312$7479.genblk1.genblk1.genblk1.genblk1.genblk1.genblk1.genblk1.genblk1.lut0.genblk1.genblk1.genblk1.genblk1.genblk1.genblk1.genblk1.lut0.genblk1.genblk1.genblk1.genblk1.genblk1.genblk1.lut1.genblk1.genblk1.genblk1.genblk1.genblk1.lut0 (4 -> 0)
  Optimizing lut $abc$46313$lut$aiger46312$7479.genblk1.genblk1.genblk1.genblk1.genblk1.genblk1.genblk1.genblk1.lut0.genblk1.genblk1.genblk1.genblk1.genblk1.genblk1.genblk1.lut0.genblk1.genblk1.genblk1.genblk1.genblk1.genblk1.lut0.genblk1.genblk1.genblk1.genblk1.genblk1.lut0 (4 -> 1)
  Optimizing lut $abc$46313$lut$aiger46312$7479.genblk1.genblk1.genblk1.genblk1.genblk1.genblk1.genblk1.genblk1.lut0.genblk1.genblk1.genblk1.genblk1.genblk1.genblk1.genblk1.lut1.genblk1.genblk1.genblk1.genblk1.genblk1.genblk1.lut1.genblk1.genblk1.genblk1.genblk1.genblk1.lut0 (4 -> 0)
  Optimizing lut $abc$46313$lut$aiger46312$7479.genblk1.genblk1.genblk1.genblk1.genblk1.genblk1.genblk1.genblk1.lut0.genblk1.genblk1.genblk1.genblk1.genblk1.genblk1.genblk1.lut1.genblk1.genblk1.genblk1.genblk1.genblk1.genblk1.lut0.genblk1.genblk1.genblk1.genblk1.genblk1.lut0 (4 -> 0)
  Optimizing lut $abc$46313$lut$aiger46312$7492.genblk1.genblk1.genblk1.genblk1.genblk1.genblk1.genblk1.genblk1.lut1.genblk1.genblk1.genblk1.genblk1.genblk1.genblk1.genblk1.lut0.genblk1.genblk1.genblk1.genblk1.genblk1.genblk1.lut1.genblk1.genblk1.genblk1.genblk1.genblk1.lut0 (4 -> 0)
  Optimizing lut $abc$46313$lut$aiger46312$7492.genblk1.genblk1.genblk1.genblk1.genblk1.genblk1.genblk1.genblk1.lut1.genblk1.genblk1.genblk1.genblk1.genblk1.genblk1.genblk1.lut0.genblk1.genblk1.genblk1.genblk1.genblk1.genblk1.lut0.genblk1.genblk1.genblk1.genblk1.genblk1.lut0 (4 -> 0)
  Optimizing lut $abc$46313$lut$aiger46312$7492.genblk1.genblk1.genblk1.genblk1.genblk1.genblk1.genblk1.genblk1.lut1.genblk1.genblk1.genblk1.genblk1.genblk1.genblk1.genblk1.lut1.genblk1.genblk1.genblk1.genblk1.genblk1.genblk1.lut1.genblk1.genblk1.genblk1.genblk1.genblk1.lut0 (4 -> 0)
  Optimizing lut $abc$46313$lut$aiger46312$7492.genblk1.genblk1.genblk1.genblk1.genblk1.genblk1.genblk1.genblk1.lut1.genblk1.genblk1.genblk1.genblk1.genblk1.genblk1.genblk1.lut1.genblk1.genblk1.genblk1.genblk1.genblk1.genblk1.lut0.genblk1.genblk1.genblk1.genblk1.genblk1.lut0 (4 -> 0)
  Optimizing lut $abc$46313$lut$aiger46312$7492.genblk1.genblk1.genblk1.genblk1.genblk1.genblk1.genblk1.genblk1.lut0.genblk1.genblk1.genblk1.genblk1.genblk1.genblk1.genblk1.lut0.genblk1.genblk1.genblk1.genblk1.genblk1.genblk1.lut1.genblk1.genblk1.genblk1.genblk1.genblk1.lut0 (4 -> 1)
  Optimizing lut $abc$46313$lut$aiger46312$7492.genblk1.genblk1.genblk1.genblk1.genblk1.genblk1.genblk1.genblk1.lut0.genblk1.genblk1.genblk1.genblk1.genblk1.genblk1.genblk1.lut0.genblk1.genblk1.genblk1.genblk1.genblk1.genblk1.lut0.genblk1.genblk1.genblk1.genblk1.genblk1.lut0 (4 -> 0)
  Optimizing lut $abc$46313$lut$aiger46312$7492.genblk1.genblk1.genblk1.genblk1.genblk1.genblk1.genblk1.genblk1.lut0.genblk1.genblk1.genblk1.genblk1.genblk1.genblk1.genblk1.lut1.genblk1.genblk1.genblk1.genblk1.genblk1.genblk1.lut1.genblk1.genblk1.genblk1.genblk1.genblk1.lut0 (4 -> 0)
  Optimizing lut $abc$46313$lut$aiger46312$7492.genblk1.genblk1.genblk1.genblk1.genblk1.genblk1.genblk1.genblk1.lut0.genblk1.genblk1.genblk1.genblk1.genblk1.genblk1.genblk1.lut1.genblk1.genblk1.genblk1.genblk1.genblk1.genblk1.lut0.genblk1.genblk1.genblk1.genblk1.genblk1.lut0 (4 -> 0)
  Optimizing lut $abc$46313$lut$aiger46312$7508.genblk1.genblk1.genblk1.genblk1.genblk1.genblk1.genblk1.genblk1.lut1.genblk1.genblk1.genblk1.genblk1.genblk1.genblk1.genblk1.lut0.genblk1.genblk1.genblk1.genblk1.genblk1.genblk1.lut1.genblk1.genblk1.genblk1.genblk1.genblk1.lut0 (4 -> 0)
  Optimizing lut $abc$46313$lut$aiger46312$7508.genblk1.genblk1.genblk1.genblk1.genblk1.genblk1.genblk1.genblk1.lut1.genblk1.genblk1.genblk1.genblk1.genblk1.genblk1.genblk1.lut0.genblk1.genblk1.genblk1.genblk1.genblk1.genblk1.lut0.genblk1.genblk1.genblk1.genblk1.genblk1.lut0 (4 -> 0)
  Optimizing lut $abc$46313$lut$aiger46312$7508.genblk1.genblk1.genblk1.genblk1.genblk1.genblk1.genblk1.genblk1.lut1.genblk1.genblk1.genblk1.genblk1.genblk1.genblk1.genblk1.lut1.genblk1.genblk1.genblk1.genblk1.genblk1.genblk1.lut1.genblk1.genblk1.genblk1.genblk1.genblk1.lut0 (4 -> 1)
  Optimizing lut $abc$46313$lut$aiger46312$7508.genblk1.genblk1.genblk1.genblk1.genblk1.genblk1.genblk1.genblk1.lut1.genblk1.genblk1.genblk1.genblk1.genblk1.genblk1.genblk1.lut1.genblk1.genblk1.genblk1.genblk1.genblk1.genblk1.lut0.genblk1.genblk1.genblk1.genblk1.genblk1.lut0 (4 -> 0)
  Optimizing lut $abc$46313$lut$aiger46312$7508.genblk1.genblk1.genblk1.genblk1.genblk1.genblk1.genblk1.genblk1.lut0.genblk1.genblk1.genblk1.genblk1.genblk1.genblk1.genblk1.lut0.genblk1.genblk1.genblk1.genblk1.genblk1.genblk1.lut1.genblk1.genblk1.genblk1.genblk1.genblk1.lut0 (4 -> 0)
  Optimizing lut $abc$46313$lut$aiger46312$7508.genblk1.genblk1.genblk1.genblk1.genblk1.genblk1.genblk1.genblk1.lut0.genblk1.genblk1.genblk1.genblk1.genblk1.genblk1.genblk1.lut0.genblk1.genblk1.genblk1.genblk1.genblk1.genblk1.lut0.genblk1.genblk1.genblk1.genblk1.genblk1.lut0 (4 -> 0)
  Optimizing lut $abc$46313$lut$aiger46312$7508.genblk1.genblk1.genblk1.genblk1.genblk1.genblk1.genblk1.genblk1.lut0.genblk1.genblk1.genblk1.genblk1.genblk1.genblk1.genblk1.lut1.genblk1.genblk1.genblk1.genblk1.genblk1.genblk1.lut1.genblk1.genblk1.genblk1.genblk1.genblk1.lut0 (4 -> 0)
  Optimizing lut $abc$46313$lut$aiger46312$7508.genblk1.genblk1.genblk1.genblk1.genblk1.genblk1.genblk1.genblk1.lut0.genblk1.genblk1.genblk1.genblk1.genblk1.genblk1.genblk1.lut1.genblk1.genblk1.genblk1.genblk1.genblk1.genblk1.lut0.genblk1.genblk1.genblk1.genblk1.genblk1.lut0 (4 -> 1)
  Optimizing lut $abc$46313$lut$aiger46312$7524.genblk1.genblk1.genblk1.genblk1.genblk1.genblk1.genblk1.genblk1.lut1.genblk1.genblk1.genblk1.genblk1.genblk1.genblk1.genblk1.lut0.genblk1.genblk1.genblk1.genblk1.genblk1.genblk1.lut1.genblk1.genblk1.genblk1.genblk1.genblk1.lut0 (4 -> 0)
  Optimizing lut $abc$46313$lut$aiger46312$7524.genblk1.genblk1.genblk1.genblk1.genblk1.genblk1.genblk1.genblk1.lut1.genblk1.genblk1.genblk1.genblk1.genblk1.genblk1.genblk1.lut0.genblk1.genblk1.genblk1.genblk1.genblk1.genblk1.lut0.genblk1.genblk1.genblk1.genblk1.genblk1.lut0 (4 -> 1)
  Optimizing lut $abc$46313$lut$aiger46312$7524.genblk1.genblk1.genblk1.genblk1.genblk1.genblk1.genblk1.genblk1.lut1.genblk1.genblk1.genblk1.genblk1.genblk1.genblk1.genblk1.lut1.genblk1.genblk1.genblk1.genblk1.genblk1.genblk1.lut1.genblk1.genblk1.genblk1.genblk1.genblk1.lut0 (4 -> 0)
  Optimizing lut $abc$46313$lut$aiger46312$7524.genblk1.genblk1.genblk1.genblk1.genblk1.genblk1.genblk1.genblk1.lut1.genblk1.genblk1.genblk1.genblk1.genblk1.genblk1.genblk1.lut1.genblk1.genblk1.genblk1.genblk1.genblk1.genblk1.lut0.genblk1.genblk1.genblk1.genblk1.genblk1.lut0 (4 -> 0)
  Optimizing lut $abc$46313$lut$aiger46312$7524.genblk1.genblk1.genblk1.genblk1.genblk1.genblk1.genblk1.genblk1.lut0.genblk1.genblk1.genblk1.genblk1.genblk1.genblk1.genblk1.lut0.genblk1.genblk1.genblk1.genblk1.genblk1.genblk1.lut1.genblk1.genblk1.genblk1.genblk1.genblk1.lut0 (4 -> 0)
  Optimizing lut $abc$46313$lut$aiger46312$7524.genblk1.genblk1.genblk1.genblk1.genblk1.genblk1.genblk1.genblk1.lut0.genblk1.genblk1.genblk1.genblk1.genblk1.genblk1.genblk1.lut0.genblk1.genblk1.genblk1.genblk1.genblk1.genblk1.lut0.genblk1.genblk1.genblk1.genblk1.genblk1.lut0 (4 -> 0)
  Optimizing lut $abc$46313$lut$aiger46312$7524.genblk1.genblk1.genblk1.genblk1.genblk1.genblk1.genblk1.genblk1.lut0.genblk1.genblk1.genblk1.genblk1.genblk1.genblk1.genblk1.lut1.genblk1.genblk1.genblk1.genblk1.genblk1.genblk1.lut1.genblk1.genblk1.genblk1.genblk1.genblk1.lut0 (4 -> 1)
  Optimizing lut $abc$46313$lut$aiger46312$7524.genblk1.genblk1.genblk1.genblk1.genblk1.genblk1.genblk1.genblk1.lut0.genblk1.genblk1.genblk1.genblk1.genblk1.genblk1.genblk1.lut1.genblk1.genblk1.genblk1.genblk1.genblk1.genblk1.lut0.genblk1.genblk1.genblk1.genblk1.genblk1.lut0 (4 -> 0)
  Optimizing lut $abc$46313$lut$aiger46312$7585.genblk1.genblk1.genblk1.genblk1.genblk1.genblk1.genblk1.genblk1.lut1.genblk1.genblk1.genblk1.genblk1.genblk1.genblk1.genblk1.lut0.genblk1.genblk1.genblk1.genblk1.genblk1.genblk1.lut1.genblk1.genblk1.genblk1.genblk1.genblk1.lut0 (4 -> 0)
  Optimizing lut $abc$46313$lut$aiger46312$7585.genblk1.genblk1.genblk1.genblk1.genblk1.genblk1.genblk1.genblk1.lut1.genblk1.genblk1.genblk1.genblk1.genblk1.genblk1.genblk1.lut0.genblk1.genblk1.genblk1.genblk1.genblk1.genblk1.lut0.genblk1.genblk1.genblk1.genblk1.genblk1.lut0 (4 -> 0)
  Optimizing lut $abc$46313$lut$aiger46312$7585.genblk1.genblk1.genblk1.genblk1.genblk1.genblk1.genblk1.genblk1.lut1.genblk1.genblk1.genblk1.genblk1.genblk1.genblk1.genblk1.lut1.genblk1.genblk1.genblk1.genblk1.genblk1.genblk1.lut1.genblk1.genblk1.genblk1.genblk1.genblk1.lut0 (4 -> 1)
  Optimizing lut $abc$46313$lut$aiger46312$7585.genblk1.genblk1.genblk1.genblk1.genblk1.genblk1.genblk1.genblk1.lut1.genblk1.genblk1.genblk1.genblk1.genblk1.genblk1.genblk1.lut1.genblk1.genblk1.genblk1.genblk1.genblk1.genblk1.lut0.genblk1.genblk1.genblk1.genblk1.genblk1.lut0 (4 -> 0)
  Optimizing lut $abc$46313$lut$aiger46312$7585.genblk1.genblk1.genblk1.genblk1.genblk1.genblk1.genblk1.genblk1.lut0.genblk1.genblk1.genblk1.genblk1.genblk1.genblk1.genblk1.lut0.genblk1.genblk1.genblk1.genblk1.genblk1.genblk1.lut1.genblk1.genblk1.genblk1.genblk1.genblk1.lut0 (4 -> 0)
  Optimizing lut $abc$46313$lut$aiger46312$7585.genblk1.genblk1.genblk1.genblk1.genblk1.genblk1.genblk1.genblk1.lut0.genblk1.genblk1.genblk1.genblk1.genblk1.genblk1.genblk1.lut0.genblk1.genblk1.genblk1.genblk1.genblk1.genblk1.lut0.genblk1.genblk1.genblk1.genblk1.genblk1.lut0 (4 -> 0)
  Optimizing lut $abc$46313$lut$aiger46312$7585.genblk1.genblk1.genblk1.genblk1.genblk1.genblk1.genblk1.genblk1.lut0.genblk1.genblk1.genblk1.genblk1.genblk1.genblk1.genblk1.lut1.genblk1.genblk1.genblk1.genblk1.genblk1.genblk1.lut1.genblk1.genblk1.genblk1.genblk1.genblk1.lut0 (4 -> 0)
  Optimizing lut $abc$46313$lut$aiger46312$7585.genblk1.genblk1.genblk1.genblk1.genblk1.genblk1.genblk1.genblk1.lut0.genblk1.genblk1.genblk1.genblk1.genblk1.genblk1.genblk1.lut1.genblk1.genblk1.genblk1.genblk1.genblk1.genblk1.lut0.genblk1.genblk1.genblk1.genblk1.genblk1.lut0 (4 -> 0)
  Optimizing lut $abc$46313$lut$aiger46312$7598.genblk1.genblk1.genblk1.genblk1.genblk1.genblk1.genblk1.genblk1.lut1.genblk1.genblk1.genblk1.genblk1.genblk1.genblk1.genblk1.lut0.genblk1.genblk1.genblk1.genblk1.genblk1.genblk1.lut1.genblk1.genblk1.genblk1.genblk1.genblk1.lut0 (4 -> 0)
  Optimizing lut $abc$46313$lut$aiger46312$7598.genblk1.genblk1.genblk1.genblk1.genblk1.genblk1.genblk1.genblk1.lut1.genblk1.genblk1.genblk1.genblk1.genblk1.genblk1.genblk1.lut0.genblk1.genblk1.genblk1.genblk1.genblk1.genblk1.lut0.genblk1.genblk1.genblk1.genblk1.genblk1.lut0 (4 -> 1)
  Optimizing lut $abc$46313$lut$aiger46312$7598.genblk1.genblk1.genblk1.genblk1.genblk1.genblk1.genblk1.genblk1.lut1.genblk1.genblk1.genblk1.genblk1.genblk1.genblk1.genblk1.lut1.genblk1.genblk1.genblk1.genblk1.genblk1.genblk1.lut1.genblk1.genblk1.genblk1.genblk1.genblk1.lut0 (4 -> 0)
  Optimizing lut $abc$46313$lut$aiger46312$7598.genblk1.genblk1.genblk1.genblk1.genblk1.genblk1.genblk1.genblk1.lut1.genblk1.genblk1.genblk1.genblk1.genblk1.genblk1.genblk1.lut1.genblk1.genblk1.genblk1.genblk1.genblk1.genblk1.lut0.genblk1.genblk1.genblk1.genblk1.genblk1.lut0 (4 -> 1)
  Optimizing lut $abc$46313$lut$aiger46312$7598.genblk1.genblk1.genblk1.genblk1.genblk1.genblk1.genblk1.genblk1.lut0.genblk1.genblk1.genblk1.genblk1.genblk1.genblk1.genblk1.lut0.genblk1.genblk1.genblk1.genblk1.genblk1.genblk1.lut1.genblk1.genblk1.genblk1.genblk1.genblk1.lut0 (4 -> 0)
  Optimizing lut $abc$46313$lut$aiger46312$7598.genblk1.genblk1.genblk1.genblk1.genblk1.genblk1.genblk1.genblk1.lut0.genblk1.genblk1.genblk1.genblk1.genblk1.genblk1.genblk1.lut0.genblk1.genblk1.genblk1.genblk1.genblk1.genblk1.lut0.genblk1.genblk1.genblk1.genblk1.genblk1.lut0 (4 -> 0)
  Optimizing lut $abc$46313$lut$aiger46312$7598.genblk1.genblk1.genblk1.genblk1.genblk1.genblk1.genblk1.genblk1.lut0.genblk1.genblk1.genblk1.genblk1.genblk1.genblk1.genblk1.lut1.genblk1.genblk1.genblk1.genblk1.genblk1.genblk1.lut1.genblk1.genblk1.genblk1.genblk1.genblk1.lut0 (4 -> 0)
  Optimizing lut $abc$46313$lut$aiger46312$7598.genblk1.genblk1.genblk1.genblk1.genblk1.genblk1.genblk1.genblk1.lut0.genblk1.genblk1.genblk1.genblk1.genblk1.genblk1.genblk1.lut1.genblk1.genblk1.genblk1.genblk1.genblk1.genblk1.lut0.genblk1.genblk1.genblk1.genblk1.genblk1.lut0 (4 -> 1)
  Optimizing lut $abc$46313$lut$aiger46312$7613.genblk1.genblk1.genblk1.genblk1.genblk1.genblk1.genblk1.genblk1.lut1.genblk1.genblk1.genblk1.genblk1.genblk1.genblk1.genblk1.lut0.genblk1.genblk1.genblk1.genblk1.genblk1.genblk1.lut1.genblk1.genblk1.genblk1.genblk1.genblk1.lut0 (4 -> 1)
  Optimizing lut $abc$46313$lut$aiger46312$7613.genblk1.genblk1.genblk1.genblk1.genblk1.genblk1.genblk1.genblk1.lut1.genblk1.genblk1.genblk1.genblk1.genblk1.genblk1.genblk1.lut0.genblk1.genblk1.genblk1.genblk1.genblk1.genblk1.lut0.genblk1.genblk1.genblk1.genblk1.genblk1.lut0 (4 -> 0)
  Optimizing lut $abc$46313$lut$aiger46312$7613.genblk1.genblk1.genblk1.genblk1.genblk1.genblk1.genblk1.genblk1.lut1.genblk1.genblk1.genblk1.genblk1.genblk1.genblk1.genblk1.lut1.genblk1.genblk1.genblk1.genblk1.genblk1.genblk1.lut1.genblk1.genblk1.genblk1.genblk1.genblk1.lut0 (4 -> 0)
  Optimizing lut $abc$46313$lut$aiger46312$7613.genblk1.genblk1.genblk1.genblk1.genblk1.genblk1.genblk1.genblk1.lut1.genblk1.genblk1.genblk1.genblk1.genblk1.genblk1.genblk1.lut1.genblk1.genblk1.genblk1.genblk1.genblk1.genblk1.lut0.genblk1.genblk1.genblk1.genblk1.genblk1.lut0 (4 -> 0)
  Optimizing lut $abc$46313$lut$aiger46312$7613.genblk1.genblk1.genblk1.genblk1.genblk1.genblk1.genblk1.genblk1.lut0.genblk1.genblk1.genblk1.genblk1.genblk1.genblk1.genblk1.lut0.genblk1.genblk1.genblk1.genblk1.genblk1.genblk1.lut1.genblk1.genblk1.genblk1.genblk1.genblk1.lut0 (4 -> 1)
  Optimizing lut $abc$46313$lut$aiger46312$7613.genblk1.genblk1.genblk1.genblk1.genblk1.genblk1.genblk1.genblk1.lut0.genblk1.genblk1.genblk1.genblk1.genblk1.genblk1.genblk1.lut0.genblk1.genblk1.genblk1.genblk1.genblk1.genblk1.lut0.genblk1.genblk1.genblk1.genblk1.genblk1.lut0 (4 -> 0)
  Optimizing lut $abc$46313$lut$aiger46312$7613.genblk1.genblk1.genblk1.genblk1.genblk1.genblk1.genblk1.genblk1.lut0.genblk1.genblk1.genblk1.genblk1.genblk1.genblk1.genblk1.lut1.genblk1.genblk1.genblk1.genblk1.genblk1.genblk1.lut1.genblk1.genblk1.genblk1.genblk1.genblk1.lut0 (4 -> 0)
  Optimizing lut $abc$46313$lut$aiger46312$7613.genblk1.genblk1.genblk1.genblk1.genblk1.genblk1.genblk1.genblk1.lut0.genblk1.genblk1.genblk1.genblk1.genblk1.genblk1.genblk1.lut1.genblk1.genblk1.genblk1.genblk1.genblk1.genblk1.lut0.genblk1.genblk1.genblk1.genblk1.genblk1.lut0 (4 -> 0)
  Optimizing lut $abc$46313$lut$aiger46312$7628.genblk1.genblk1.genblk1.genblk1.genblk1.genblk1.genblk1.genblk1.lut1.genblk1.genblk1.genblk1.genblk1.genblk1.genblk1.genblk1.lut0.genblk1.genblk1.genblk1.genblk1.genblk1.genblk1.lut1.genblk1.genblk1.genblk1.genblk1.genblk1.lut0 (4 -> 0)
  Optimizing lut $abc$46313$lut$aiger46312$7628.genblk1.genblk1.genblk1.genblk1.genblk1.genblk1.genblk1.genblk1.lut1.genblk1.genblk1.genblk1.genblk1.genblk1.genblk1.genblk1.lut0.genblk1.genblk1.genblk1.genblk1.genblk1.genblk1.lut0.genblk1.genblk1.genblk1.genblk1.genblk1.lut0 (4 -> 0)
  Optimizing lut $abc$46313$lut$aiger46312$7628.genblk1.genblk1.genblk1.genblk1.genblk1.genblk1.genblk1.genblk1.lut1.genblk1.genblk1.genblk1.genblk1.genblk1.genblk1.genblk1.lut1.genblk1.genblk1.genblk1.genblk1.genblk1.genblk1.lut1.genblk1.genblk1.genblk1.genblk1.genblk1.lut0 (4 -> 0)
  Optimizing lut $abc$46313$lut$aiger46312$7628.genblk1.genblk1.genblk1.genblk1.genblk1.genblk1.genblk1.genblk1.lut1.genblk1.genblk1.genblk1.genblk1.genblk1.genblk1.genblk1.lut1.genblk1.genblk1.genblk1.genblk1.genblk1.genblk1.lut0.genblk1.genblk1.genblk1.genblk1.genblk1.lut0 (4 -> 0)
  Optimizing lut $abc$46313$lut$aiger46312$7628.genblk1.genblk1.genblk1.genblk1.genblk1.genblk1.genblk1.genblk1.lut0.genblk1.genblk1.genblk1.genblk1.genblk1.genblk1.genblk1.lut0.genblk1.genblk1.genblk1.genblk1.genblk1.genblk1.lut1.genblk1.genblk1.genblk1.genblk1.genblk1.lut0 (4 -> 0)
  Optimizing lut $abc$46313$lut$aiger46312$7628.genblk1.genblk1.genblk1.genblk1.genblk1.genblk1.genblk1.genblk1.lut0.genblk1.genblk1.genblk1.genblk1.genblk1.genblk1.genblk1.lut0.genblk1.genblk1.genblk1.genblk1.genblk1.genblk1.lut0.genblk1.genblk1.genblk1.genblk1.genblk1.lut0 (4 -> 1)
  Optimizing lut $abc$46313$lut$aiger46312$7628.genblk1.genblk1.genblk1.genblk1.genblk1.genblk1.genblk1.genblk1.lut0.genblk1.genblk1.genblk1.genblk1.genblk1.genblk1.genblk1.lut1.genblk1.genblk1.genblk1.genblk1.genblk1.genblk1.lut1.genblk1.genblk1.genblk1.genblk1.genblk1.lut0 (4 -> 1)
  Optimizing lut $abc$46313$lut$aiger46312$7628.genblk1.genblk1.genblk1.genblk1.genblk1.genblk1.genblk1.genblk1.lut0.genblk1.genblk1.genblk1.genblk1.genblk1.genblk1.genblk1.lut1.genblk1.genblk1.genblk1.genblk1.genblk1.genblk1.lut0.genblk1.genblk1.genblk1.genblk1.genblk1.lut0 (4 -> 0)
  Optimizing lut $abc$46313$lut$aiger46312$6153.genblk1.genblk1.genblk1.genblk1.genblk1.genblk1.genblk1.genblk1.lut1.genblk1.genblk1.genblk1.genblk1.genblk1.genblk1.genblk1.lut0.genblk1.genblk1.genblk1.genblk1.genblk1.genblk1.lut1.genblk1.genblk1.genblk1.genblk1.genblk1.lut0 (4 -> 0)
  Optimizing lut $abc$46313$lut$aiger46312$6153.genblk1.genblk1.genblk1.genblk1.genblk1.genblk1.genblk1.genblk1.lut1.genblk1.genblk1.genblk1.genblk1.genblk1.genblk1.genblk1.lut0.genblk1.genblk1.genblk1.genblk1.genblk1.genblk1.lut0.genblk1.genblk1.genblk1.genblk1.genblk1.lut0 (4 -> 0)
  Optimizing lut $abc$46313$lut$aiger46312$6153.genblk1.genblk1.genblk1.genblk1.genblk1.genblk1.genblk1.genblk1.lut1.genblk1.genblk1.genblk1.genblk1.genblk1.genblk1.genblk1.lut1.genblk1.genblk1.genblk1.genblk1.genblk1.genblk1.lut1.genblk1.genblk1.genblk1.genblk1.genblk1.lut0 (4 -> 1)
  Optimizing lut $abc$46313$lut$aiger46312$6153.genblk1.genblk1.genblk1.genblk1.genblk1.genblk1.genblk1.genblk1.lut1.genblk1.genblk1.genblk1.genblk1.genblk1.genblk1.genblk1.lut1.genblk1.genblk1.genblk1.genblk1.genblk1.genblk1.lut0.genblk1.genblk1.genblk1.genblk1.genblk1.lut0 (4 -> 0)
  Optimizing lut $abc$46313$lut$aiger46312$6153.genblk1.genblk1.genblk1.genblk1.genblk1.genblk1.genblk1.genblk1.lut0.genblk1.genblk1.genblk1.genblk1.genblk1.genblk1.genblk1.lut0.genblk1.genblk1.genblk1.genblk1.genblk1.genblk1.lut1.genblk1.genblk1.genblk1.genblk1.genblk1.lut0 (4 -> 1)
  Optimizing lut $abc$46313$lut$aiger46312$6153.genblk1.genblk1.genblk1.genblk1.genblk1.genblk1.genblk1.genblk1.lut0.genblk1.genblk1.genblk1.genblk1.genblk1.genblk1.genblk1.lut0.genblk1.genblk1.genblk1.genblk1.genblk1.genblk1.lut0.genblk1.genblk1.genblk1.genblk1.genblk1.lut0 (4 -> 0)
  Optimizing lut $abc$46313$lut$aiger46312$6153.genblk1.genblk1.genblk1.genblk1.genblk1.genblk1.genblk1.genblk1.lut0.genblk1.genblk1.genblk1.genblk1.genblk1.genblk1.genblk1.lut1.genblk1.genblk1.genblk1.genblk1.genblk1.genblk1.lut1.genblk1.genblk1.genblk1.genblk1.genblk1.lut0 (4 -> 0)
  Optimizing lut $abc$46313$lut$aiger46312$6153.genblk1.genblk1.genblk1.genblk1.genblk1.genblk1.genblk1.genblk1.lut0.genblk1.genblk1.genblk1.genblk1.genblk1.genblk1.genblk1.lut1.genblk1.genblk1.genblk1.genblk1.genblk1.genblk1.lut0.genblk1.genblk1.genblk1.genblk1.genblk1.lut0 (4 -> 0)
  Optimizing lut $abc$46313$lut$aiger46312$6168.genblk1.genblk1.genblk1.genblk1.genblk1.genblk1.genblk1.genblk1.lut1.genblk1.genblk1.genblk1.genblk1.genblk1.genblk1.genblk1.lut0.genblk1.genblk1.genblk1.genblk1.genblk1.genblk1.lut1.genblk1.genblk1.genblk1.genblk1.genblk1.lut0 (4 -> 1)
  Optimizing lut $abc$46313$lut$aiger46312$6168.genblk1.genblk1.genblk1.genblk1.genblk1.genblk1.genblk1.genblk1.lut1.genblk1.genblk1.genblk1.genblk1.genblk1.genblk1.genblk1.lut0.genblk1.genblk1.genblk1.genblk1.genblk1.genblk1.lut0.genblk1.genblk1.genblk1.genblk1.genblk1.lut0 (4 -> 0)
  Optimizing lut $abc$46313$lut$aiger46312$6168.genblk1.genblk1.genblk1.genblk1.genblk1.genblk1.genblk1.genblk1.lut1.genblk1.genblk1.genblk1.genblk1.genblk1.genblk1.genblk1.lut1.genblk1.genblk1.genblk1.genblk1.genblk1.genblk1.lut1.genblk1.genblk1.genblk1.genblk1.genblk1.lut0 (4 -> 0)
  Optimizing lut $abc$46313$lut$aiger46312$6168.genblk1.genblk1.genblk1.genblk1.genblk1.genblk1.genblk1.genblk1.lut1.genblk1.genblk1.genblk1.genblk1.genblk1.genblk1.genblk1.lut1.genblk1.genblk1.genblk1.genblk1.genblk1.genblk1.lut0.genblk1.genblk1.genblk1.genblk1.genblk1.lut0 (4 -> 0)
  Optimizing lut $abc$46313$lut$aiger46312$6168.genblk1.genblk1.genblk1.genblk1.genblk1.genblk1.genblk1.genblk1.lut0.genblk1.genblk1.genblk1.genblk1.genblk1.genblk1.genblk1.lut0.genblk1.genblk1.genblk1.genblk1.genblk1.genblk1.lut1.genblk1.genblk1.genblk1.genblk1.genblk1.lut0 (4 -> 0)
  Optimizing lut $abc$46313$lut$aiger46312$6168.genblk1.genblk1.genblk1.genblk1.genblk1.genblk1.genblk1.genblk1.lut0.genblk1.genblk1.genblk1.genblk1.genblk1.genblk1.genblk1.lut0.genblk1.genblk1.genblk1.genblk1.genblk1.genblk1.lut0.genblk1.genblk1.genblk1.genblk1.genblk1.lut0 (4 -> 0)
  Optimizing lut $abc$46313$lut$aiger46312$6168.genblk1.genblk1.genblk1.genblk1.genblk1.genblk1.genblk1.genblk1.lut0.genblk1.genblk1.genblk1.genblk1.genblk1.genblk1.genblk1.lut1.genblk1.genblk1.genblk1.genblk1.genblk1.genblk1.lut1.genblk1.genblk1.genblk1.genblk1.genblk1.lut0 (4 -> 0)
  Optimizing lut $abc$46313$lut$aiger46312$6168.genblk1.genblk1.genblk1.genblk1.genblk1.genblk1.genblk1.genblk1.lut0.genblk1.genblk1.genblk1.genblk1.genblk1.genblk1.genblk1.lut1.genblk1.genblk1.genblk1.genblk1.genblk1.genblk1.lut0.genblk1.genblk1.genblk1.genblk1.genblk1.lut0 (4 -> 1)
  Optimizing lut $abc$46313$lut$aiger46312$6181.genblk1.genblk1.genblk1.genblk1.genblk1.genblk1.genblk1.genblk1.lut1.genblk1.genblk1.genblk1.genblk1.genblk1.genblk1.genblk1.lut0.genblk1.genblk1.genblk1.genblk1.genblk1.genblk1.lut1.genblk1.genblk1.genblk1.genblk1.genblk1.lut0 (4 -> 0)
  Optimizing lut $abc$46313$lut$aiger46312$6181.genblk1.genblk1.genblk1.genblk1.genblk1.genblk1.genblk1.genblk1.lut1.genblk1.genblk1.genblk1.genblk1.genblk1.genblk1.genblk1.lut0.genblk1.genblk1.genblk1.genblk1.genblk1.genblk1.lut0.genblk1.genblk1.genblk1.genblk1.genblk1.lut0 (4 -> 0)
  Optimizing lut $abc$46313$lut$aiger46312$6181.genblk1.genblk1.genblk1.genblk1.genblk1.genblk1.genblk1.genblk1.lut1.genblk1.genblk1.genblk1.genblk1.genblk1.genblk1.genblk1.lut1.genblk1.genblk1.genblk1.genblk1.genblk1.genblk1.lut1.genblk1.genblk1.genblk1.genblk1.genblk1.lut0 (4 -> 0)
  Optimizing lut $abc$46313$lut$aiger46312$6181.genblk1.genblk1.genblk1.genblk1.genblk1.genblk1.genblk1.genblk1.lut1.genblk1.genblk1.genblk1.genblk1.genblk1.genblk1.genblk1.lut1.genblk1.genblk1.genblk1.genblk1.genblk1.genblk1.lut0.genblk1.genblk1.genblk1.genblk1.genblk1.lut0 (4 -> 0)
  Optimizing lut $abc$46313$lut$aiger46312$6181.genblk1.genblk1.genblk1.genblk1.genblk1.genblk1.genblk1.genblk1.lut0.genblk1.genblk1.genblk1.genblk1.genblk1.genblk1.genblk1.lut0.genblk1.genblk1.genblk1.genblk1.genblk1.genblk1.lut1.genblk1.genblk1.genblk1.genblk1.genblk1.lut0 (4 -> 0)
  Optimizing lut $abc$46313$lut$aiger46312$6181.genblk1.genblk1.genblk1.genblk1.genblk1.genblk1.genblk1.genblk1.lut0.genblk1.genblk1.genblk1.genblk1.genblk1.genblk1.genblk1.lut0.genblk1.genblk1.genblk1.genblk1.genblk1.genblk1.lut0.genblk1.genblk1.genblk1.genblk1.genblk1.lut0 (4 -> 0)
  Optimizing lut $abc$46313$lut$aiger46312$6181.genblk1.genblk1.genblk1.genblk1.genblk1.genblk1.genblk1.genblk1.lut0.genblk1.genblk1.genblk1.genblk1.genblk1.genblk1.genblk1.lut1.genblk1.genblk1.genblk1.genblk1.genblk1.genblk1.lut1.genblk1.genblk1.genblk1.genblk1.genblk1.lut0 (4 -> 0)
  Optimizing lut $abc$46313$lut$aiger46312$6181.genblk1.genblk1.genblk1.genblk1.genblk1.genblk1.genblk1.genblk1.lut0.genblk1.genblk1.genblk1.genblk1.genblk1.genblk1.genblk1.lut1.genblk1.genblk1.genblk1.genblk1.genblk1.genblk1.lut0.genblk1.genblk1.genblk1.genblk1.genblk1.lut0 (4 -> 0)
  Optimizing lut $abc$46313$lut$aiger46312$6194.genblk1.genblk1.genblk1.genblk1.genblk1.genblk1.genblk1.genblk1.lut1.genblk1.genblk1.genblk1.genblk1.genblk1.genblk1.genblk1.lut0.genblk1.genblk1.genblk1.genblk1.genblk1.genblk1.lut1.genblk1.genblk1.genblk1.genblk1.genblk1.lut0 (4 -> 0)
  Optimizing lut $abc$46313$lut$aiger46312$6194.genblk1.genblk1.genblk1.genblk1.genblk1.genblk1.genblk1.genblk1.lut1.genblk1.genblk1.genblk1.genblk1.genblk1.genblk1.genblk1.lut0.genblk1.genblk1.genblk1.genblk1.genblk1.genblk1.lut0.genblk1.genblk1.genblk1.genblk1.genblk1.lut0 (4 -> 1)
  Optimizing lut $abc$46313$lut$aiger46312$6194.genblk1.genblk1.genblk1.genblk1.genblk1.genblk1.genblk1.genblk1.lut1.genblk1.genblk1.genblk1.genblk1.genblk1.genblk1.genblk1.lut1.genblk1.genblk1.genblk1.genblk1.genblk1.genblk1.lut1.genblk1.genblk1.genblk1.genblk1.genblk1.lut0 (4 -> 0)
  Optimizing lut $abc$46313$lut$aiger46312$6194.genblk1.genblk1.genblk1.genblk1.genblk1.genblk1.genblk1.genblk1.lut1.genblk1.genblk1.genblk1.genblk1.genblk1.genblk1.genblk1.lut1.genblk1.genblk1.genblk1.genblk1.genblk1.genblk1.lut0.genblk1.genblk1.genblk1.genblk1.genblk1.lut0 (4 -> 1)
  Optimizing lut $abc$46313$lut$aiger46312$6194.genblk1.genblk1.genblk1.genblk1.genblk1.genblk1.genblk1.genblk1.lut0.genblk1.genblk1.genblk1.genblk1.genblk1.genblk1.genblk1.lut0.genblk1.genblk1.genblk1.genblk1.genblk1.genblk1.lut1.genblk1.genblk1.genblk1.genblk1.genblk1.lut0 (4 -> 0)
  Optimizing lut $abc$46313$lut$aiger46312$6194.genblk1.genblk1.genblk1.genblk1.genblk1.genblk1.genblk1.genblk1.lut0.genblk1.genblk1.genblk1.genblk1.genblk1.genblk1.genblk1.lut0.genblk1.genblk1.genblk1.genblk1.genblk1.genblk1.lut0.genblk1.genblk1.genblk1.genblk1.genblk1.lut0 (4 -> 1)
  Optimizing lut $abc$46313$lut$aiger46312$6194.genblk1.genblk1.genblk1.genblk1.genblk1.genblk1.genblk1.genblk1.lut0.genblk1.genblk1.genblk1.genblk1.genblk1.genblk1.genblk1.lut1.genblk1.genblk1.genblk1.genblk1.genblk1.genblk1.lut1.genblk1.genblk1.genblk1.genblk1.genblk1.lut0 (4 -> 1)
  Optimizing lut $abc$46313$lut$aiger46312$6194.genblk1.genblk1.genblk1.genblk1.genblk1.genblk1.genblk1.genblk1.lut0.genblk1.genblk1.genblk1.genblk1.genblk1.genblk1.genblk1.lut1.genblk1.genblk1.genblk1.genblk1.genblk1.genblk1.lut0.genblk1.genblk1.genblk1.genblk1.genblk1.lut0 (4 -> 0)
  Optimizing lut $abc$46313$lut$aiger46312$4481.genblk1.genblk1.genblk1.genblk1.genblk1.genblk1.genblk1.genblk1.lut1.genblk1.genblk1.genblk1.genblk1.genblk1.genblk1.genblk1.lut0.genblk1.genblk1.genblk1.genblk1.genblk1.genblk1.lut1.genblk1.genblk1.genblk1.genblk1.genblk1.lut0 (4 -> 0)
  Optimizing lut $abc$46313$lut$aiger46312$4481.genblk1.genblk1.genblk1.genblk1.genblk1.genblk1.genblk1.genblk1.lut1.genblk1.genblk1.genblk1.genblk1.genblk1.genblk1.genblk1.lut0.genblk1.genblk1.genblk1.genblk1.genblk1.genblk1.lut0.genblk1.genblk1.genblk1.genblk1.genblk1.lut0 (4 -> 0)
  Optimizing lut $abc$46313$lut$aiger46312$4481.genblk1.genblk1.genblk1.genblk1.genblk1.genblk1.genblk1.genblk1.lut1.genblk1.genblk1.genblk1.genblk1.genblk1.genblk1.genblk1.lut1.genblk1.genblk1.genblk1.genblk1.genblk1.genblk1.lut1.genblk1.genblk1.genblk1.genblk1.genblk1.lut0 (4 -> 0)
  Optimizing lut $abc$46313$lut$aiger46312$4481.genblk1.genblk1.genblk1.genblk1.genblk1.genblk1.genblk1.genblk1.lut1.genblk1.genblk1.genblk1.genblk1.genblk1.genblk1.genblk1.lut1.genblk1.genblk1.genblk1.genblk1.genblk1.genblk1.lut0.genblk1.genblk1.genblk1.genblk1.genblk1.lut0 (4 -> 1)
  Optimizing lut $abc$46313$lut$aiger46312$4481.genblk1.genblk1.genblk1.genblk1.genblk1.genblk1.genblk1.genblk1.lut0.genblk1.genblk1.genblk1.genblk1.genblk1.genblk1.genblk1.lut0.genblk1.genblk1.genblk1.genblk1.genblk1.genblk1.lut1.genblk1.genblk1.genblk1.genblk1.genblk1.lut0 (4 -> 0)
  Optimizing lut $abc$46313$lut$aiger46312$4481.genblk1.genblk1.genblk1.genblk1.genblk1.genblk1.genblk1.genblk1.lut0.genblk1.genblk1.genblk1.genblk1.genblk1.genblk1.genblk1.lut0.genblk1.genblk1.genblk1.genblk1.genblk1.genblk1.lut0.genblk1.genblk1.genblk1.genblk1.genblk1.lut0 (4 -> 0)
  Optimizing lut $abc$46313$lut$aiger46312$4481.genblk1.genblk1.genblk1.genblk1.genblk1.genblk1.genblk1.genblk1.lut0.genblk1.genblk1.genblk1.genblk1.genblk1.genblk1.genblk1.lut1.genblk1.genblk1.genblk1.genblk1.genblk1.genblk1.lut1.genblk1.genblk1.genblk1.genblk1.genblk1.lut0 (4 -> 0)
  Optimizing lut $abc$46313$lut$aiger46312$4481.genblk1.genblk1.genblk1.genblk1.genblk1.genblk1.genblk1.genblk1.lut0.genblk1.genblk1.genblk1.genblk1.genblk1.genblk1.genblk1.lut1.genblk1.genblk1.genblk1.genblk1.genblk1.genblk1.lut0.genblk1.genblk1.genblk1.genblk1.genblk1.lut0 (4 -> 0)
  Optimizing lut $abc$46313$lut$aiger46312$4494.genblk1.genblk1.genblk1.genblk1.genblk1.genblk1.genblk1.genblk1.lut1.genblk1.genblk1.genblk1.genblk1.genblk1.genblk1.genblk1.lut0.genblk1.genblk1.genblk1.genblk1.genblk1.genblk1.lut1.genblk1.genblk1.genblk1.genblk1.genblk1.lut0 (4 -> 1)
  Optimizing lut $abc$46313$lut$aiger46312$4494.genblk1.genblk1.genblk1.genblk1.genblk1.genblk1.genblk1.genblk1.lut1.genblk1.genblk1.genblk1.genblk1.genblk1.genblk1.genblk1.lut0.genblk1.genblk1.genblk1.genblk1.genblk1.genblk1.lut0.genblk1.genblk1.genblk1.genblk1.genblk1.lut0 (4 -> 0)
  Optimizing lut $abc$46313$lut$aiger46312$4494.genblk1.genblk1.genblk1.genblk1.genblk1.genblk1.genblk1.genblk1.lut1.genblk1.genblk1.genblk1.genblk1.genblk1.genblk1.genblk1.lut1.genblk1.genblk1.genblk1.genblk1.genblk1.genblk1.lut1.genblk1.genblk1.genblk1.genblk1.genblk1.lut0 (4 -> 1)
  Optimizing lut $abc$46313$lut$aiger46312$4494.genblk1.genblk1.genblk1.genblk1.genblk1.genblk1.genblk1.genblk1.lut1.genblk1.genblk1.genblk1.genblk1.genblk1.genblk1.genblk1.lut1.genblk1.genblk1.genblk1.genblk1.genblk1.genblk1.lut0.genblk1.genblk1.genblk1.genblk1.genblk1.lut0 (4 -> 0)
  Optimizing lut $abc$46313$lut$aiger46312$4494.genblk1.genblk1.genblk1.genblk1.genblk1.genblk1.genblk1.genblk1.lut0.genblk1.genblk1.genblk1.genblk1.genblk1.genblk1.genblk1.lut0.genblk1.genblk1.genblk1.genblk1.genblk1.genblk1.lut1.genblk1.genblk1.genblk1.genblk1.genblk1.lut0 (4 -> 0)
  Optimizing lut $abc$46313$lut$aiger46312$4494.genblk1.genblk1.genblk1.genblk1.genblk1.genblk1.genblk1.genblk1.lut0.genblk1.genblk1.genblk1.genblk1.genblk1.genblk1.genblk1.lut0.genblk1.genblk1.genblk1.genblk1.genblk1.genblk1.lut0.genblk1.genblk1.genblk1.genblk1.genblk1.lut0 (4 -> 0)
  Optimizing lut $abc$46313$lut$aiger46312$4494.genblk1.genblk1.genblk1.genblk1.genblk1.genblk1.genblk1.genblk1.lut0.genblk1.genblk1.genblk1.genblk1.genblk1.genblk1.genblk1.lut1.genblk1.genblk1.genblk1.genblk1.genblk1.genblk1.lut1.genblk1.genblk1.genblk1.genblk1.genblk1.lut0 (4 -> 1)
  Optimizing lut $abc$46313$lut$aiger46312$4494.genblk1.genblk1.genblk1.genblk1.genblk1.genblk1.genblk1.genblk1.lut0.genblk1.genblk1.genblk1.genblk1.genblk1.genblk1.genblk1.lut1.genblk1.genblk1.genblk1.genblk1.genblk1.genblk1.lut0.genblk1.genblk1.genblk1.genblk1.genblk1.lut0 (4 -> 0)
  Optimizing lut $abc$46313$lut$aiger46312$4509.genblk1.genblk1.genblk1.genblk1.genblk1.genblk1.genblk1.genblk1.lut1.genblk1.genblk1.genblk1.genblk1.genblk1.genblk1.genblk1.lut0.genblk1.genblk1.genblk1.genblk1.genblk1.genblk1.lut1.genblk1.genblk1.genblk1.genblk1.genblk1.lut0 (4 -> 0)
  Optimizing lut $abc$46313$lut$aiger46312$4509.genblk1.genblk1.genblk1.genblk1.genblk1.genblk1.genblk1.genblk1.lut1.genblk1.genblk1.genblk1.genblk1.genblk1.genblk1.genblk1.lut0.genblk1.genblk1.genblk1.genblk1.genblk1.genblk1.lut0.genblk1.genblk1.genblk1.genblk1.genblk1.lut0 (4 -> 0)
  Optimizing lut $abc$46313$lut$aiger46312$4509.genblk1.genblk1.genblk1.genblk1.genblk1.genblk1.genblk1.genblk1.lut1.genblk1.genblk1.genblk1.genblk1.genblk1.genblk1.genblk1.lut1.genblk1.genblk1.genblk1.genblk1.genblk1.genblk1.lut1.genblk1.genblk1.genblk1.genblk1.genblk1.lut0 (4 -> 0)
  Optimizing lut $abc$46313$lut$aiger46312$4509.genblk1.genblk1.genblk1.genblk1.genblk1.genblk1.genblk1.genblk1.lut1.genblk1.genblk1.genblk1.genblk1.genblk1.genblk1.genblk1.lut1.genblk1.genblk1.genblk1.genblk1.genblk1.genblk1.lut0.genblk1.genblk1.genblk1.genblk1.genblk1.lut0 (4 -> 0)
  Optimizing lut $abc$46313$lut$aiger46312$4509.genblk1.genblk1.genblk1.genblk1.genblk1.genblk1.genblk1.genblk1.lut0.genblk1.genblk1.genblk1.genblk1.genblk1.genblk1.genblk1.lut0.genblk1.genblk1.genblk1.genblk1.genblk1.genblk1.lut1.genblk1.genblk1.genblk1.genblk1.genblk1.lut0 (4 -> 1)
  Optimizing lut $abc$46313$lut$aiger46312$4509.genblk1.genblk1.genblk1.genblk1.genblk1.genblk1.genblk1.genblk1.lut0.genblk1.genblk1.genblk1.genblk1.genblk1.genblk1.genblk1.lut0.genblk1.genblk1.genblk1.genblk1.genblk1.genblk1.lut0.genblk1.genblk1.genblk1.genblk1.genblk1.lut0 (4 -> 0)
  Optimizing lut $abc$46313$lut$aiger46312$4509.genblk1.genblk1.genblk1.genblk1.genblk1.genblk1.genblk1.genblk1.lut0.genblk1.genblk1.genblk1.genblk1.genblk1.genblk1.genblk1.lut1.genblk1.genblk1.genblk1.genblk1.genblk1.genblk1.lut1.genblk1.genblk1.genblk1.genblk1.genblk1.lut0 (4 -> 0)
  Optimizing lut $abc$46313$lut$aiger46312$4509.genblk1.genblk1.genblk1.genblk1.genblk1.genblk1.genblk1.genblk1.lut0.genblk1.genblk1.genblk1.genblk1.genblk1.genblk1.genblk1.lut1.genblk1.genblk1.genblk1.genblk1.genblk1.genblk1.lut0.genblk1.genblk1.genblk1.genblk1.genblk1.lut0 (4 -> 0)
  Optimizing lut $abc$46313$lut$aiger46312$4522.genblk1.genblk1.genblk1.genblk1.genblk1.genblk1.genblk1.genblk1.lut1.genblk1.genblk1.genblk1.genblk1.genblk1.genblk1.genblk1.lut0.genblk1.genblk1.genblk1.genblk1.genblk1.genblk1.lut1.genblk1.genblk1.genblk1.genblk1.genblk1.lut0 (4 -> 0)
  Optimizing lut $abc$46313$lut$aiger46312$4522.genblk1.genblk1.genblk1.genblk1.genblk1.genblk1.genblk1.genblk1.lut1.genblk1.genblk1.genblk1.genblk1.genblk1.genblk1.genblk1.lut0.genblk1.genblk1.genblk1.genblk1.genblk1.genblk1.lut0.genblk1.genblk1.genblk1.genblk1.genblk1.lut0 (4 -> 1)
  Optimizing lut $abc$46313$lut$aiger46312$4522.genblk1.genblk1.genblk1.genblk1.genblk1.genblk1.genblk1.genblk1.lut1.genblk1.genblk1.genblk1.genblk1.genblk1.genblk1.genblk1.lut1.genblk1.genblk1.genblk1.genblk1.genblk1.genblk1.lut1.genblk1.genblk1.genblk1.genblk1.genblk1.lut0 (4 -> 0)
  Optimizing lut $abc$46313$lut$aiger46312$4522.genblk1.genblk1.genblk1.genblk1.genblk1.genblk1.genblk1.genblk1.lut1.genblk1.genblk1.genblk1.genblk1.genblk1.genblk1.genblk1.lut1.genblk1.genblk1.genblk1.genblk1.genblk1.genblk1.lut0.genblk1.genblk1.genblk1.genblk1.genblk1.lut0 (4 -> 0)
  Optimizing lut $abc$46313$lut$aiger46312$4522.genblk1.genblk1.genblk1.genblk1.genblk1.genblk1.genblk1.genblk1.lut0.genblk1.genblk1.genblk1.genblk1.genblk1.genblk1.genblk1.lut0.genblk1.genblk1.genblk1.genblk1.genblk1.genblk1.lut1.genblk1.genblk1.genblk1.genblk1.genblk1.lut0 (4 -> 0)
  Optimizing lut $abc$46313$lut$aiger46312$4522.genblk1.genblk1.genblk1.genblk1.genblk1.genblk1.genblk1.genblk1.lut0.genblk1.genblk1.genblk1.genblk1.genblk1.genblk1.genblk1.lut0.genblk1.genblk1.genblk1.genblk1.genblk1.genblk1.lut0.genblk1.genblk1.genblk1.genblk1.genblk1.lut0 (4 -> 1)
  Optimizing lut $abc$46313$lut$aiger46312$4522.genblk1.genblk1.genblk1.genblk1.genblk1.genblk1.genblk1.genblk1.lut0.genblk1.genblk1.genblk1.genblk1.genblk1.genblk1.genblk1.lut1.genblk1.genblk1.genblk1.genblk1.genblk1.genblk1.lut1.genblk1.genblk1.genblk1.genblk1.genblk1.lut0 (4 -> 0)
  Optimizing lut $abc$46313$lut$aiger46312$4522.genblk1.genblk1.genblk1.genblk1.genblk1.genblk1.genblk1.genblk1.lut0.genblk1.genblk1.genblk1.genblk1.genblk1.genblk1.genblk1.lut1.genblk1.genblk1.genblk1.genblk1.genblk1.genblk1.lut0.genblk1.genblk1.genblk1.genblk1.genblk1.lut0 (4 -> 1)
  Optimizing lut $abc$46313$lut$aiger46312$4196.genblk1.genblk1.genblk1.genblk1.genblk1.genblk1.genblk1.genblk1.lut1.genblk1.genblk1.genblk1.genblk1.genblk1.genblk1.genblk1.lut0.genblk1.genblk1.genblk1.genblk1.genblk1.genblk1.lut1.genblk1.genblk1.genblk1.genblk1.genblk1.lut0 (4 -> 0)
  Optimizing lut $abc$46313$lut$aiger46312$4196.genblk1.genblk1.genblk1.genblk1.genblk1.genblk1.genblk1.genblk1.lut1.genblk1.genblk1.genblk1.genblk1.genblk1.genblk1.genblk1.lut0.genblk1.genblk1.genblk1.genblk1.genblk1.genblk1.lut0.genblk1.genblk1.genblk1.genblk1.genblk1.lut0 (4 -> 0)
  Optimizing lut $abc$46313$lut$aiger46312$4196.genblk1.genblk1.genblk1.genblk1.genblk1.genblk1.genblk1.genblk1.lut1.genblk1.genblk1.genblk1.genblk1.genblk1.genblk1.genblk1.lut1.genblk1.genblk1.genblk1.genblk1.genblk1.genblk1.lut1.genblk1.genblk1.genblk1.genblk1.genblk1.lut0 (4 -> 0)
  Optimizing lut $abc$46313$lut$aiger46312$4196.genblk1.genblk1.genblk1.genblk1.genblk1.genblk1.genblk1.genblk1.lut1.genblk1.genblk1.genblk1.genblk1.genblk1.genblk1.genblk1.lut1.genblk1.genblk1.genblk1.genblk1.genblk1.genblk1.lut0.genblk1.genblk1.genblk1.genblk1.genblk1.lut0 (4 -> 1)
  Optimizing lut $abc$46313$lut$aiger46312$4196.genblk1.genblk1.genblk1.genblk1.genblk1.genblk1.genblk1.genblk1.lut0.genblk1.genblk1.genblk1.genblk1.genblk1.genblk1.genblk1.lut0.genblk1.genblk1.genblk1.genblk1.genblk1.genblk1.lut1.genblk1.genblk1.genblk1.genblk1.genblk1.lut0 (4 -> 0)
  Optimizing lut $abc$46313$lut$aiger46312$4196.genblk1.genblk1.genblk1.genblk1.genblk1.genblk1.genblk1.genblk1.lut0.genblk1.genblk1.genblk1.genblk1.genblk1.genblk1.genblk1.lut0.genblk1.genblk1.genblk1.genblk1.genblk1.genblk1.lut0.genblk1.genblk1.genblk1.genblk1.genblk1.lut0 (4 -> 0)
  Optimizing lut $abc$46313$lut$aiger46312$4196.genblk1.genblk1.genblk1.genblk1.genblk1.genblk1.genblk1.genblk1.lut0.genblk1.genblk1.genblk1.genblk1.genblk1.genblk1.genblk1.lut1.genblk1.genblk1.genblk1.genblk1.genblk1.genblk1.lut1.genblk1.genblk1.genblk1.genblk1.genblk1.lut0 (4 -> 0)
  Optimizing lut $abc$46313$lut$aiger46312$4196.genblk1.genblk1.genblk1.genblk1.genblk1.genblk1.genblk1.genblk1.lut0.genblk1.genblk1.genblk1.genblk1.genblk1.genblk1.genblk1.lut1.genblk1.genblk1.genblk1.genblk1.genblk1.genblk1.lut0.genblk1.genblk1.genblk1.genblk1.genblk1.lut0 (4 -> 0)
  Optimizing lut $abc$46313$lut$aiger46312$4212.genblk1.genblk1.genblk1.genblk1.genblk1.genblk1.genblk1.genblk1.lut1.genblk1.genblk1.genblk1.genblk1.genblk1.genblk1.genblk1.lut0.genblk1.genblk1.genblk1.genblk1.genblk1.genblk1.lut1.genblk1.genblk1.genblk1.genblk1.genblk1.lut0 (4 -> 0)
  Optimizing lut $abc$46313$lut$aiger46312$4212.genblk1.genblk1.genblk1.genblk1.genblk1.genblk1.genblk1.genblk1.lut1.genblk1.genblk1.genblk1.genblk1.genblk1.genblk1.genblk1.lut0.genblk1.genblk1.genblk1.genblk1.genblk1.genblk1.lut0.genblk1.genblk1.genblk1.genblk1.genblk1.lut0 (4 -> 0)
  Optimizing lut $abc$46313$lut$aiger46312$4212.genblk1.genblk1.genblk1.genblk1.genblk1.genblk1.genblk1.genblk1.lut1.genblk1.genblk1.genblk1.genblk1.genblk1.genblk1.genblk1.lut1.genblk1.genblk1.genblk1.genblk1.genblk1.genblk1.lut1.genblk1.genblk1.genblk1.genblk1.genblk1.lut0 (4 -> 0)
  Optimizing lut $abc$46313$lut$aiger46312$4212.genblk1.genblk1.genblk1.genblk1.genblk1.genblk1.genblk1.genblk1.lut1.genblk1.genblk1.genblk1.genblk1.genblk1.genblk1.genblk1.lut1.genblk1.genblk1.genblk1.genblk1.genblk1.genblk1.lut0.genblk1.genblk1.genblk1.genblk1.genblk1.lut0 (4 -> 0)
  Optimizing lut $abc$46313$lut$aiger46312$4212.genblk1.genblk1.genblk1.genblk1.genblk1.genblk1.genblk1.genblk1.lut0.genblk1.genblk1.genblk1.genblk1.genblk1.genblk1.genblk1.lut0.genblk1.genblk1.genblk1.genblk1.genblk1.genblk1.lut1.genblk1.genblk1.genblk1.genblk1.genblk1.lut0 (4 -> 0)
  Optimizing lut $abc$46313$lut$aiger46312$4212.genblk1.genblk1.genblk1.genblk1.genblk1.genblk1.genblk1.genblk1.lut0.genblk1.genblk1.genblk1.genblk1.genblk1.genblk1.genblk1.lut0.genblk1.genblk1.genblk1.genblk1.genblk1.genblk1.lut0.genblk1.genblk1.genblk1.genblk1.genblk1.lut0 (4 -> 1)
  Optimizing lut $abc$46313$lut$aiger46312$4212.genblk1.genblk1.genblk1.genblk1.genblk1.genblk1.genblk1.genblk1.lut0.genblk1.genblk1.genblk1.genblk1.genblk1.genblk1.genblk1.lut1.genblk1.genblk1.genblk1.genblk1.genblk1.genblk1.lut1.genblk1.genblk1.genblk1.genblk1.genblk1.lut0 (4 -> 1)
  Optimizing lut $abc$46313$lut$aiger46312$4212.genblk1.genblk1.genblk1.genblk1.genblk1.genblk1.genblk1.genblk1.lut0.genblk1.genblk1.genblk1.genblk1.genblk1.genblk1.genblk1.lut1.genblk1.genblk1.genblk1.genblk1.genblk1.genblk1.lut0.genblk1.genblk1.genblk1.genblk1.genblk1.lut0 (4 -> 0)
  Optimizing lut $abc$46313$lut$aiger46312$4226.genblk1.genblk1.genblk1.genblk1.genblk1.genblk1.genblk1.genblk1.lut1.genblk1.genblk1.genblk1.genblk1.genblk1.genblk1.genblk1.lut0.genblk1.genblk1.genblk1.genblk1.genblk1.genblk1.lut1.genblk1.genblk1.genblk1.genblk1.genblk1.lut0 (4 -> 1)
  Optimizing lut $abc$46313$lut$aiger46312$4226.genblk1.genblk1.genblk1.genblk1.genblk1.genblk1.genblk1.genblk1.lut1.genblk1.genblk1.genblk1.genblk1.genblk1.genblk1.genblk1.lut0.genblk1.genblk1.genblk1.genblk1.genblk1.genblk1.lut0.genblk1.genblk1.genblk1.genblk1.genblk1.lut0 (4 -> 0)
  Optimizing lut $abc$46313$lut$aiger46312$4226.genblk1.genblk1.genblk1.genblk1.genblk1.genblk1.genblk1.genblk1.lut1.genblk1.genblk1.genblk1.genblk1.genblk1.genblk1.genblk1.lut1.genblk1.genblk1.genblk1.genblk1.genblk1.genblk1.lut1.genblk1.genblk1.genblk1.genblk1.genblk1.lut0 (4 -> 1)
  Optimizing lut $abc$46313$lut$aiger46312$4226.genblk1.genblk1.genblk1.genblk1.genblk1.genblk1.genblk1.genblk1.lut1.genblk1.genblk1.genblk1.genblk1.genblk1.genblk1.genblk1.lut1.genblk1.genblk1.genblk1.genblk1.genblk1.genblk1.lut0.genblk1.genblk1.genblk1.genblk1.genblk1.lut0 (4 -> 0)
  Optimizing lut $abc$46313$lut$aiger46312$4226.genblk1.genblk1.genblk1.genblk1.genblk1.genblk1.genblk1.genblk1.lut0.genblk1.genblk1.genblk1.genblk1.genblk1.genblk1.genblk1.lut0.genblk1.genblk1.genblk1.genblk1.genblk1.genblk1.lut1.genblk1.genblk1.genblk1.genblk1.genblk1.lut0 (4 -> 1)
  Optimizing lut $abc$46313$lut$aiger46312$4226.genblk1.genblk1.genblk1.genblk1.genblk1.genblk1.genblk1.genblk1.lut0.genblk1.genblk1.genblk1.genblk1.genblk1.genblk1.genblk1.lut0.genblk1.genblk1.genblk1.genblk1.genblk1.genblk1.lut0.genblk1.genblk1.genblk1.genblk1.genblk1.lut0 (4 -> 0)
  Optimizing lut $abc$46313$lut$aiger46312$4226.genblk1.genblk1.genblk1.genblk1.genblk1.genblk1.genblk1.genblk1.lut0.genblk1.genblk1.genblk1.genblk1.genblk1.genblk1.genblk1.lut1.genblk1.genblk1.genblk1.genblk1.genblk1.genblk1.lut1.genblk1.genblk1.genblk1.genblk1.genblk1.lut0 (4 -> 0)
  Optimizing lut $abc$46313$lut$aiger46312$4226.genblk1.genblk1.genblk1.genblk1.genblk1.genblk1.genblk1.genblk1.lut0.genblk1.genblk1.genblk1.genblk1.genblk1.genblk1.genblk1.lut1.genblk1.genblk1.genblk1.genblk1.genblk1.genblk1.lut0.genblk1.genblk1.genblk1.genblk1.genblk1.lut0 (4 -> 0)
  Optimizing lut $abc$46313$lut$aiger46312$4242.genblk1.genblk1.genblk1.genblk1.genblk1.genblk1.genblk1.genblk1.lut1.genblk1.genblk1.genblk1.genblk1.genblk1.genblk1.genblk1.lut0.genblk1.genblk1.genblk1.genblk1.genblk1.genblk1.lut1.genblk1.genblk1.genblk1.genblk1.genblk1.lut0 (4 -> 0)
  Optimizing lut $abc$46313$lut$aiger46312$4242.genblk1.genblk1.genblk1.genblk1.genblk1.genblk1.genblk1.genblk1.lut1.genblk1.genblk1.genblk1.genblk1.genblk1.genblk1.genblk1.lut0.genblk1.genblk1.genblk1.genblk1.genblk1.genblk1.lut0.genblk1.genblk1.genblk1.genblk1.genblk1.lut0 (4 -> 1)
  Optimizing lut $abc$46313$lut$aiger46312$4242.genblk1.genblk1.genblk1.genblk1.genblk1.genblk1.genblk1.genblk1.lut1.genblk1.genblk1.genblk1.genblk1.genblk1.genblk1.genblk1.lut1.genblk1.genblk1.genblk1.genblk1.genblk1.genblk1.lut1.genblk1.genblk1.genblk1.genblk1.genblk1.lut0 (4 -> 0)
  Optimizing lut $abc$46313$lut$aiger46312$4242.genblk1.genblk1.genblk1.genblk1.genblk1.genblk1.genblk1.genblk1.lut1.genblk1.genblk1.genblk1.genblk1.genblk1.genblk1.genblk1.lut1.genblk1.genblk1.genblk1.genblk1.genblk1.genblk1.lut0.genblk1.genblk1.genblk1.genblk1.genblk1.lut0 (4 -> 0)
  Optimizing lut $abc$46313$lut$aiger46312$4242.genblk1.genblk1.genblk1.genblk1.genblk1.genblk1.genblk1.genblk1.lut0.genblk1.genblk1.genblk1.genblk1.genblk1.genblk1.genblk1.lut0.genblk1.genblk1.genblk1.genblk1.genblk1.genblk1.lut1.genblk1.genblk1.genblk1.genblk1.genblk1.lut0 (4 -> 0)
  Optimizing lut $abc$46313$lut$aiger46312$4242.genblk1.genblk1.genblk1.genblk1.genblk1.genblk1.genblk1.genblk1.lut0.genblk1.genblk1.genblk1.genblk1.genblk1.genblk1.genblk1.lut0.genblk1.genblk1.genblk1.genblk1.genblk1.genblk1.lut0.genblk1.genblk1.genblk1.genblk1.genblk1.lut0 (4 -> 0)
  Optimizing lut $abc$46313$lut$aiger46312$4242.genblk1.genblk1.genblk1.genblk1.genblk1.genblk1.genblk1.genblk1.lut0.genblk1.genblk1.genblk1.genblk1.genblk1.genblk1.genblk1.lut1.genblk1.genblk1.genblk1.genblk1.genblk1.genblk1.lut1.genblk1.genblk1.genblk1.genblk1.genblk1.lut0 (4 -> 0)
  Optimizing lut $abc$46313$lut$aiger46312$4242.genblk1.genblk1.genblk1.genblk1.genblk1.genblk1.genblk1.genblk1.lut0.genblk1.genblk1.genblk1.genblk1.genblk1.genblk1.genblk1.lut1.genblk1.genblk1.genblk1.genblk1.genblk1.genblk1.lut0.genblk1.genblk1.genblk1.genblk1.genblk1.lut0 (4 -> 1)
  Optimizing lut $abc$46313$lut$aiger46312$3953.genblk1.genblk1.genblk1.genblk1.genblk1.genblk1.genblk1.genblk1.lut1.genblk1.genblk1.genblk1.genblk1.genblk1.genblk1.genblk1.lut0.genblk1.genblk1.genblk1.genblk1.genblk1.genblk1.lut1.genblk1.genblk1.genblk1.genblk1.genblk1.lut0 (4 -> 0)
  Optimizing lut $abc$46313$lut$aiger46312$3953.genblk1.genblk1.genblk1.genblk1.genblk1.genblk1.genblk1.genblk1.lut1.genblk1.genblk1.genblk1.genblk1.genblk1.genblk1.genblk1.lut0.genblk1.genblk1.genblk1.genblk1.genblk1.genblk1.lut0.genblk1.genblk1.genblk1.genblk1.genblk1.lut0 (4 -> 0)
  Optimizing lut $abc$46313$lut$aiger46312$3953.genblk1.genblk1.genblk1.genblk1.genblk1.genblk1.genblk1.genblk1.lut1.genblk1.genblk1.genblk1.genblk1.genblk1.genblk1.genblk1.lut1.genblk1.genblk1.genblk1.genblk1.genblk1.genblk1.lut1.genblk1.genblk1.genblk1.genblk1.genblk1.lut0 (4 -> 0)
  Optimizing lut $abc$46313$lut$aiger46312$3953.genblk1.genblk1.genblk1.genblk1.genblk1.genblk1.genblk1.genblk1.lut1.genblk1.genblk1.genblk1.genblk1.genblk1.genblk1.genblk1.lut1.genblk1.genblk1.genblk1.genblk1.genblk1.genblk1.lut0.genblk1.genblk1.genblk1.genblk1.genblk1.lut0 (4 -> 0)
  Optimizing lut $abc$46313$lut$aiger46312$3953.genblk1.genblk1.genblk1.genblk1.genblk1.genblk1.genblk1.genblk1.lut0.genblk1.genblk1.genblk1.genblk1.genblk1.genblk1.genblk1.lut0.genblk1.genblk1.genblk1.genblk1.genblk1.genblk1.lut1.genblk1.genblk1.genblk1.genblk1.genblk1.lut0 (4 -> 0)
  Optimizing lut $abc$46313$lut$aiger46312$3953.genblk1.genblk1.genblk1.genblk1.genblk1.genblk1.genblk1.genblk1.lut0.genblk1.genblk1.genblk1.genblk1.genblk1.genblk1.genblk1.lut0.genblk1.genblk1.genblk1.genblk1.genblk1.genblk1.lut0.genblk1.genblk1.genblk1.genblk1.genblk1.lut0 (4 -> 0)
  Optimizing lut $abc$46313$lut$aiger46312$3953.genblk1.genblk1.genblk1.genblk1.genblk1.genblk1.genblk1.genblk1.lut0.genblk1.genblk1.genblk1.genblk1.genblk1.genblk1.genblk1.lut1.genblk1.genblk1.genblk1.genblk1.genblk1.genblk1.lut1.genblk1.genblk1.genblk1.genblk1.genblk1.lut0 (4 -> 1)
  Optimizing lut $abc$46313$lut$aiger46312$3953.genblk1.genblk1.genblk1.genblk1.genblk1.genblk1.genblk1.genblk1.lut0.genblk1.genblk1.genblk1.genblk1.genblk1.genblk1.genblk1.lut1.genblk1.genblk1.genblk1.genblk1.genblk1.genblk1.lut0.genblk1.genblk1.genblk1.genblk1.genblk1.lut0 (4 -> 1)
  Optimizing lut $abc$46313$lut$aiger46312$3962.genblk1.genblk1.genblk1.genblk1.genblk1.genblk1.genblk1.genblk1.lut1.genblk1.genblk1.genblk1.genblk1.genblk1.genblk1.genblk1.lut0.genblk1.genblk1.genblk1.genblk1.genblk1.genblk1.lut1.genblk1.genblk1.genblk1.genblk1.genblk1.lut0 (4 -> 0)
  Optimizing lut $abc$46313$lut$aiger46312$3962.genblk1.genblk1.genblk1.genblk1.genblk1.genblk1.genblk1.genblk1.lut1.genblk1.genblk1.genblk1.genblk1.genblk1.genblk1.genblk1.lut0.genblk1.genblk1.genblk1.genblk1.genblk1.genblk1.lut0.genblk1.genblk1.genblk1.genblk1.genblk1.lut0 (4 -> 0)
  Optimizing lut $abc$46313$lut$aiger46312$3962.genblk1.genblk1.genblk1.genblk1.genblk1.genblk1.genblk1.genblk1.lut1.genblk1.genblk1.genblk1.genblk1.genblk1.genblk1.genblk1.lut1.genblk1.genblk1.genblk1.genblk1.genblk1.genblk1.lut1.genblk1.genblk1.genblk1.genblk1.genblk1.lut0 (4 -> 0)
  Optimizing lut $abc$46313$lut$aiger46312$3962.genblk1.genblk1.genblk1.genblk1.genblk1.genblk1.genblk1.genblk1.lut1.genblk1.genblk1.genblk1.genblk1.genblk1.genblk1.genblk1.lut1.genblk1.genblk1.genblk1.genblk1.genblk1.genblk1.lut0.genblk1.genblk1.genblk1.genblk1.genblk1.lut0 (4 -> 0)
  Optimizing lut $abc$46313$lut$aiger46312$3962.genblk1.genblk1.genblk1.genblk1.genblk1.genblk1.genblk1.genblk1.lut0.genblk1.genblk1.genblk1.genblk1.genblk1.genblk1.genblk1.lut0.genblk1.genblk1.genblk1.genblk1.genblk1.genblk1.lut1.genblk1.genblk1.genblk1.genblk1.genblk1.lut0 (4 -> 3)
  Optimizing lut $abc$46313$lut$aiger46312$3962.genblk1.genblk1.genblk1.genblk1.genblk1.genblk1.genblk1.genblk1.lut0.genblk1.genblk1.genblk1.genblk1.genblk1.genblk1.genblk1.lut0.genblk1.genblk1.genblk1.genblk1.genblk1.genblk1.lut0.genblk1.genblk1.genblk1.genblk1.genblk1.lut0 (4 -> 3)
  Optimizing lut $abc$46313$lut$aiger46312$3962.genblk1.genblk1.genblk1.genblk1.genblk1.genblk1.genblk1.genblk1.lut0.genblk1.genblk1.genblk1.genblk1.genblk1.genblk1.genblk1.lut1.genblk1.genblk1.genblk1.genblk1.genblk1.genblk1.lut1.genblk1.genblk1.genblk1.genblk1.genblk1.lut0 (4 -> 0)
  Optimizing lut $abc$46313$lut$aiger46312$3962.genblk1.genblk1.genblk1.genblk1.genblk1.genblk1.genblk1.genblk1.lut0.genblk1.genblk1.genblk1.genblk1.genblk1.genblk1.genblk1.lut1.genblk1.genblk1.genblk1.genblk1.genblk1.genblk1.lut0.genblk1.genblk1.genblk1.genblk1.genblk1.lut0 (4 -> 0)
  Optimizing lut $abc$46313$lut$aiger46312$3982.genblk1.genblk1.genblk1.genblk1.genblk1.genblk1.genblk1.genblk1.lut1.genblk1.genblk1.genblk1.genblk1.genblk1.genblk1.genblk1.lut0.genblk1.genblk1.genblk1.genblk1.genblk1.genblk1.lut1.genblk1.genblk1.genblk1.genblk1.genblk1.lut0 (4 -> 1)
  Optimizing lut $abc$46313$lut$aiger46312$3982.genblk1.genblk1.genblk1.genblk1.genblk1.genblk1.genblk1.genblk1.lut1.genblk1.genblk1.genblk1.genblk1.genblk1.genblk1.genblk1.lut0.genblk1.genblk1.genblk1.genblk1.genblk1.genblk1.lut0.genblk1.genblk1.genblk1.genblk1.genblk1.lut0 (4 -> 0)
  Optimizing lut $abc$46313$lut$aiger46312$3982.genblk1.genblk1.genblk1.genblk1.genblk1.genblk1.genblk1.genblk1.lut1.genblk1.genblk1.genblk1.genblk1.genblk1.genblk1.genblk1.lut1.genblk1.genblk1.genblk1.genblk1.genblk1.genblk1.lut1.genblk1.genblk1.genblk1.genblk1.genblk1.lut0 (4 -> 1)
  Optimizing lut $abc$46313$lut$aiger46312$3982.genblk1.genblk1.genblk1.genblk1.genblk1.genblk1.genblk1.genblk1.lut1.genblk1.genblk1.genblk1.genblk1.genblk1.genblk1.genblk1.lut1.genblk1.genblk1.genblk1.genblk1.genblk1.genblk1.lut0.genblk1.genblk1.genblk1.genblk1.genblk1.lut0 (4 -> 0)
  Optimizing lut $abc$46313$lut$aiger46312$3982.genblk1.genblk1.genblk1.genblk1.genblk1.genblk1.genblk1.genblk1.lut0.genblk1.genblk1.genblk1.genblk1.genblk1.genblk1.genblk1.lut0.genblk1.genblk1.genblk1.genblk1.genblk1.genblk1.lut1.genblk1.genblk1.genblk1.genblk1.genblk1.lut0 (4 -> 0)
  Optimizing lut $abc$46313$lut$aiger46312$3982.genblk1.genblk1.genblk1.genblk1.genblk1.genblk1.genblk1.genblk1.lut0.genblk1.genblk1.genblk1.genblk1.genblk1.genblk1.genblk1.lut0.genblk1.genblk1.genblk1.genblk1.genblk1.genblk1.lut0.genblk1.genblk1.genblk1.genblk1.genblk1.lut0 (4 -> 1)
  Optimizing lut $abc$46313$lut$aiger46312$3982.genblk1.genblk1.genblk1.genblk1.genblk1.genblk1.genblk1.genblk1.lut0.genblk1.genblk1.genblk1.genblk1.genblk1.genblk1.genblk1.lut1.genblk1.genblk1.genblk1.genblk1.genblk1.genblk1.lut1.genblk1.genblk1.genblk1.genblk1.genblk1.lut0 (4 -> 0)
  Optimizing lut $abc$46313$lut$aiger46312$3982.genblk1.genblk1.genblk1.genblk1.genblk1.genblk1.genblk1.genblk1.lut0.genblk1.genblk1.genblk1.genblk1.genblk1.genblk1.genblk1.lut1.genblk1.genblk1.genblk1.genblk1.genblk1.genblk1.lut0.genblk1.genblk1.genblk1.genblk1.genblk1.lut0 (4 -> 0)
  Optimizing lut $abc$46313$lut$aiger46312$3991.genblk1.genblk1.genblk1.genblk1.genblk1.genblk1.genblk1.genblk1.lut1.genblk1.genblk1.genblk1.genblk1.genblk1.genblk1.genblk1.lut0.genblk1.genblk1.genblk1.genblk1.genblk1.genblk1.lut1.genblk1.genblk1.genblk1.genblk1.genblk1.lut0 (4 -> 0)
  Optimizing lut $abc$46313$lut$aiger46312$3991.genblk1.genblk1.genblk1.genblk1.genblk1.genblk1.genblk1.genblk1.lut1.genblk1.genblk1.genblk1.genblk1.genblk1.genblk1.genblk1.lut0.genblk1.genblk1.genblk1.genblk1.genblk1.genblk1.lut0.genblk1.genblk1.genblk1.genblk1.genblk1.lut0 (4 -> 0)
  Optimizing lut $abc$46313$lut$aiger46312$3991.genblk1.genblk1.genblk1.genblk1.genblk1.genblk1.genblk1.genblk1.lut1.genblk1.genblk1.genblk1.genblk1.genblk1.genblk1.genblk1.lut1.genblk1.genblk1.genblk1.genblk1.genblk1.genblk1.lut1.genblk1.genblk1.genblk1.genblk1.genblk1.lut0 (4 -> 0)
  Optimizing lut $abc$46313$lut$aiger46312$3991.genblk1.genblk1.genblk1.genblk1.genblk1.genblk1.genblk1.genblk1.lut1.genblk1.genblk1.genblk1.genblk1.genblk1.genblk1.genblk1.lut1.genblk1.genblk1.genblk1.genblk1.genblk1.genblk1.lut0.genblk1.genblk1.genblk1.genblk1.genblk1.lut0 (4 -> 0)
  Optimizing lut $abc$46313$lut$aiger46312$3991.genblk1.genblk1.genblk1.genblk1.genblk1.genblk1.genblk1.genblk1.lut0.genblk1.genblk1.genblk1.genblk1.genblk1.genblk1.genblk1.lut0.genblk1.genblk1.genblk1.genblk1.genblk1.genblk1.lut1.genblk1.genblk1.genblk1.genblk1.genblk1.lut0 (4 -> 0)
  Optimizing lut $abc$46313$lut$aiger46312$3991.genblk1.genblk1.genblk1.genblk1.genblk1.genblk1.genblk1.genblk1.lut0.genblk1.genblk1.genblk1.genblk1.genblk1.genblk1.genblk1.lut0.genblk1.genblk1.genblk1.genblk1.genblk1.genblk1.lut0.genblk1.genblk1.genblk1.genblk1.genblk1.lut0 (4 -> 0)
  Optimizing lut $abc$46313$lut$aiger46312$3991.genblk1.genblk1.genblk1.genblk1.genblk1.genblk1.genblk1.genblk1.lut0.genblk1.genblk1.genblk1.genblk1.genblk1.genblk1.genblk1.lut1.genblk1.genblk1.genblk1.genblk1.genblk1.genblk1.lut1.genblk1.genblk1.genblk1.genblk1.genblk1.lut0 (4 -> 0)
  Optimizing lut $abc$46313$lut$aiger46312$3991.genblk1.genblk1.genblk1.genblk1.genblk1.genblk1.genblk1.genblk1.lut0.genblk1.genblk1.genblk1.genblk1.genblk1.genblk1.genblk1.lut1.genblk1.genblk1.genblk1.genblk1.genblk1.genblk1.lut0.genblk1.genblk1.genblk1.genblk1.genblk1.lut0 (4 -> 0)
  Optimizing lut $abc$46313$lut$aiger46312$3827.genblk1.genblk1.genblk1.genblk1.genblk1.genblk1.genblk1.genblk1.lut1.genblk1.genblk1.genblk1.genblk1.genblk1.genblk1.genblk1.lut0.genblk1.genblk1.genblk1.genblk1.genblk1.genblk1.lut1.genblk1.genblk1.genblk1.genblk1.genblk1.lut0 (4 -> 0)
  Optimizing lut $abc$46313$lut$aiger46312$3827.genblk1.genblk1.genblk1.genblk1.genblk1.genblk1.genblk1.genblk1.lut1.genblk1.genblk1.genblk1.genblk1.genblk1.genblk1.genblk1.lut0.genblk1.genblk1.genblk1.genblk1.genblk1.genblk1.lut0.genblk1.genblk1.genblk1.genblk1.genblk1.lut0 (4 -> 0)
  Optimizing lut $abc$46313$lut$aiger46312$3827.genblk1.genblk1.genblk1.genblk1.genblk1.genblk1.genblk1.genblk1.lut1.genblk1.genblk1.genblk1.genblk1.genblk1.genblk1.genblk1.lut1.genblk1.genblk1.genblk1.genblk1.genblk1.genblk1.lut1.genblk1.genblk1.genblk1.genblk1.genblk1.lut0 (4 -> 1)
  Optimizing lut $abc$46313$lut$aiger46312$3827.genblk1.genblk1.genblk1.genblk1.genblk1.genblk1.genblk1.genblk1.lut1.genblk1.genblk1.genblk1.genblk1.genblk1.genblk1.genblk1.lut1.genblk1.genblk1.genblk1.genblk1.genblk1.genblk1.lut0.genblk1.genblk1.genblk1.genblk1.genblk1.lut0 (4 -> 0)
  Optimizing lut $abc$46313$lut$aiger46312$3827.genblk1.genblk1.genblk1.genblk1.genblk1.genblk1.genblk1.genblk1.lut0.genblk1.genblk1.genblk1.genblk1.genblk1.genblk1.genblk1.lut0.genblk1.genblk1.genblk1.genblk1.genblk1.genblk1.lut1.genblk1.genblk1.genblk1.genblk1.genblk1.lut0 (4 -> 0)
  Optimizing lut $abc$46313$lut$aiger46312$3827.genblk1.genblk1.genblk1.genblk1.genblk1.genblk1.genblk1.genblk1.lut0.genblk1.genblk1.genblk1.genblk1.genblk1.genblk1.genblk1.lut0.genblk1.genblk1.genblk1.genblk1.genblk1.genblk1.lut0.genblk1.genblk1.genblk1.genblk1.genblk1.lut0 (4 -> 0)
  Optimizing lut $abc$46313$lut$aiger46312$3827.genblk1.genblk1.genblk1.genblk1.genblk1.genblk1.genblk1.genblk1.lut0.genblk1.genblk1.genblk1.genblk1.genblk1.genblk1.genblk1.lut1.genblk1.genblk1.genblk1.genblk1.genblk1.genblk1.lut1.genblk1.genblk1.genblk1.genblk1.genblk1.lut0 (4 -> 0)
  Optimizing lut $abc$46313$lut$aiger46312$3827.genblk1.genblk1.genblk1.genblk1.genblk1.genblk1.genblk1.genblk1.lut0.genblk1.genblk1.genblk1.genblk1.genblk1.genblk1.genblk1.lut1.genblk1.genblk1.genblk1.genblk1.genblk1.genblk1.lut0.genblk1.genblk1.genblk1.genblk1.genblk1.lut0 (4 -> 0)
  Optimizing lut $abc$46313$lut$aiger46312$3843.genblk1.genblk1.genblk1.genblk1.genblk1.genblk1.genblk1.genblk1.lut1.genblk1.genblk1.genblk1.genblk1.genblk1.genblk1.genblk1.lut0.genblk1.genblk1.genblk1.genblk1.genblk1.genblk1.lut1.genblk1.genblk1.genblk1.genblk1.genblk1.lut0 (4 -> 0)
  Optimizing lut $abc$46313$lut$aiger46312$3843.genblk1.genblk1.genblk1.genblk1.genblk1.genblk1.genblk1.genblk1.lut1.genblk1.genblk1.genblk1.genblk1.genblk1.genblk1.genblk1.lut0.genblk1.genblk1.genblk1.genblk1.genblk1.genblk1.lut0.genblk1.genblk1.genblk1.genblk1.genblk1.lut0 (4 -> 0)
  Optimizing lut $abc$46313$lut$aiger46312$3843.genblk1.genblk1.genblk1.genblk1.genblk1.genblk1.genblk1.genblk1.lut1.genblk1.genblk1.genblk1.genblk1.genblk1.genblk1.genblk1.lut1.genblk1.genblk1.genblk1.genblk1.genblk1.genblk1.lut1.genblk1.genblk1.genblk1.genblk1.genblk1.lut0 (4 -> 0)
  Optimizing lut $abc$46313$lut$aiger46312$3843.genblk1.genblk1.genblk1.genblk1.genblk1.genblk1.genblk1.genblk1.lut1.genblk1.genblk1.genblk1.genblk1.genblk1.genblk1.genblk1.lut1.genblk1.genblk1.genblk1.genblk1.genblk1.genblk1.lut0.genblk1.genblk1.genblk1.genblk1.genblk1.lut0 (4 -> 0)
  Optimizing lut $abc$46313$lut$aiger46312$3843.genblk1.genblk1.genblk1.genblk1.genblk1.genblk1.genblk1.genblk1.lut0.genblk1.genblk1.genblk1.genblk1.genblk1.genblk1.genblk1.lut0.genblk1.genblk1.genblk1.genblk1.genblk1.genblk1.lut1.genblk1.genblk1.genblk1.genblk1.genblk1.lut0 (4 -> 0)
  Optimizing lut $abc$46313$lut$aiger46312$3843.genblk1.genblk1.genblk1.genblk1.genblk1.genblk1.genblk1.genblk1.lut0.genblk1.genblk1.genblk1.genblk1.genblk1.genblk1.genblk1.lut0.genblk1.genblk1.genblk1.genblk1.genblk1.genblk1.lut0.genblk1.genblk1.genblk1.genblk1.genblk1.lut0 (4 -> 1)
  Optimizing lut $abc$46313$lut$aiger46312$3843.genblk1.genblk1.genblk1.genblk1.genblk1.genblk1.genblk1.genblk1.lut0.genblk1.genblk1.genblk1.genblk1.genblk1.genblk1.genblk1.lut1.genblk1.genblk1.genblk1.genblk1.genblk1.genblk1.lut1.genblk1.genblk1.genblk1.genblk1.genblk1.lut0 (4 -> 0)
  Optimizing lut $abc$46313$lut$aiger46312$3843.genblk1.genblk1.genblk1.genblk1.genblk1.genblk1.genblk1.genblk1.lut0.genblk1.genblk1.genblk1.genblk1.genblk1.genblk1.genblk1.lut1.genblk1.genblk1.genblk1.genblk1.genblk1.genblk1.lut0.genblk1.genblk1.genblk1.genblk1.genblk1.lut0 (4 -> 0)
  Optimizing lut $abc$46313$lut$aiger46312$3856.genblk1.genblk1.genblk1.genblk1.genblk1.genblk1.genblk1.genblk1.lut1.genblk1.genblk1.genblk1.genblk1.genblk1.genblk1.genblk1.lut0.genblk1.genblk1.genblk1.genblk1.genblk1.genblk1.lut1.genblk1.genblk1.genblk1.genblk1.genblk1.lut0 (4 -> 0)
  Optimizing lut $abc$46313$lut$aiger46312$3856.genblk1.genblk1.genblk1.genblk1.genblk1.genblk1.genblk1.genblk1.lut1.genblk1.genblk1.genblk1.genblk1.genblk1.genblk1.genblk1.lut0.genblk1.genblk1.genblk1.genblk1.genblk1.genblk1.lut0.genblk1.genblk1.genblk1.genblk1.genblk1.lut0 (4 -> 1)
  Optimizing lut $abc$46313$lut$aiger46312$3856.genblk1.genblk1.genblk1.genblk1.genblk1.genblk1.genblk1.genblk1.lut1.genblk1.genblk1.genblk1.genblk1.genblk1.genblk1.genblk1.lut1.genblk1.genblk1.genblk1.genblk1.genblk1.genblk1.lut1.genblk1.genblk1.genblk1.genblk1.genblk1.lut0 (4 -> 0)
  Optimizing lut $abc$46313$lut$aiger46312$3856.genblk1.genblk1.genblk1.genblk1.genblk1.genblk1.genblk1.genblk1.lut1.genblk1.genblk1.genblk1.genblk1.genblk1.genblk1.genblk1.lut1.genblk1.genblk1.genblk1.genblk1.genblk1.genblk1.lut0.genblk1.genblk1.genblk1.genblk1.genblk1.lut0 (4 -> 1)
  Optimizing lut $abc$46313$lut$aiger46312$3856.genblk1.genblk1.genblk1.genblk1.genblk1.genblk1.genblk1.genblk1.lut0.genblk1.genblk1.genblk1.genblk1.genblk1.genblk1.genblk1.lut0.genblk1.genblk1.genblk1.genblk1.genblk1.genblk1.lut1.genblk1.genblk1.genblk1.genblk1.genblk1.lut0 (4 -> 0)
  Optimizing lut $abc$46313$lut$aiger46312$3856.genblk1.genblk1.genblk1.genblk1.genblk1.genblk1.genblk1.genblk1.lut0.genblk1.genblk1.genblk1.genblk1.genblk1.genblk1.genblk1.lut0.genblk1.genblk1.genblk1.genblk1.genblk1.genblk1.lut0.genblk1.genblk1.genblk1.genblk1.genblk1.lut0 (4 -> 0)
  Optimizing lut $abc$46313$lut$aiger46312$3856.genblk1.genblk1.genblk1.genblk1.genblk1.genblk1.genblk1.genblk1.lut0.genblk1.genblk1.genblk1.genblk1.genblk1.genblk1.genblk1.lut1.genblk1.genblk1.genblk1.genblk1.genblk1.genblk1.lut1.genblk1.genblk1.genblk1.genblk1.genblk1.lut0 (4 -> 0)
  Optimizing lut $abc$46313$lut$aiger46312$3856.genblk1.genblk1.genblk1.genblk1.genblk1.genblk1.genblk1.genblk1.lut0.genblk1.genblk1.genblk1.genblk1.genblk1.genblk1.genblk1.lut1.genblk1.genblk1.genblk1.genblk1.genblk1.genblk1.lut0.genblk1.genblk1.genblk1.genblk1.genblk1.lut0 (4 -> 1)
  Optimizing lut $abc$46313$lut$aiger46312$3872.genblk1.genblk1.genblk1.genblk1.genblk1.genblk1.genblk1.genblk1.lut1.genblk1.genblk1.genblk1.genblk1.genblk1.genblk1.genblk1.lut0.genblk1.genblk1.genblk1.genblk1.genblk1.genblk1.lut1.genblk1.genblk1.genblk1.genblk1.genblk1.lut0 (4 -> 1)
  Optimizing lut $abc$46313$lut$aiger46312$3872.genblk1.genblk1.genblk1.genblk1.genblk1.genblk1.genblk1.genblk1.lut1.genblk1.genblk1.genblk1.genblk1.genblk1.genblk1.genblk1.lut0.genblk1.genblk1.genblk1.genblk1.genblk1.genblk1.lut0.genblk1.genblk1.genblk1.genblk1.genblk1.lut0 (4 -> 0)
  Optimizing lut $abc$46313$lut$aiger46312$3872.genblk1.genblk1.genblk1.genblk1.genblk1.genblk1.genblk1.genblk1.lut1.genblk1.genblk1.genblk1.genblk1.genblk1.genblk1.genblk1.lut1.genblk1.genblk1.genblk1.genblk1.genblk1.genblk1.lut1.genblk1.genblk1.genblk1.genblk1.genblk1.lut0 (4 -> 0)
  Optimizing lut $abc$46313$lut$aiger46312$3872.genblk1.genblk1.genblk1.genblk1.genblk1.genblk1.genblk1.genblk1.lut1.genblk1.genblk1.genblk1.genblk1.genblk1.genblk1.genblk1.lut1.genblk1.genblk1.genblk1.genblk1.genblk1.genblk1.lut0.genblk1.genblk1.genblk1.genblk1.genblk1.lut0 (4 -> 0)
  Optimizing lut $abc$46313$lut$aiger46312$3872.genblk1.genblk1.genblk1.genblk1.genblk1.genblk1.genblk1.genblk1.lut0.genblk1.genblk1.genblk1.genblk1.genblk1.genblk1.genblk1.lut0.genblk1.genblk1.genblk1.genblk1.genblk1.genblk1.lut1.genblk1.genblk1.genblk1.genblk1.genblk1.lut0 (4 -> 1)
  Optimizing lut $abc$46313$lut$aiger46312$3872.genblk1.genblk1.genblk1.genblk1.genblk1.genblk1.genblk1.genblk1.lut0.genblk1.genblk1.genblk1.genblk1.genblk1.genblk1.genblk1.lut0.genblk1.genblk1.genblk1.genblk1.genblk1.genblk1.lut0.genblk1.genblk1.genblk1.genblk1.genblk1.lut0 (4 -> 0)
  Optimizing lut $abc$46313$lut$aiger46312$3872.genblk1.genblk1.genblk1.genblk1.genblk1.genblk1.genblk1.genblk1.lut0.genblk1.genblk1.genblk1.genblk1.genblk1.genblk1.genblk1.lut1.genblk1.genblk1.genblk1.genblk1.genblk1.genblk1.lut1.genblk1.genblk1.genblk1.genblk1.genblk1.lut0 (4 -> 1)
  Optimizing lut $abc$46313$lut$aiger46312$3872.genblk1.genblk1.genblk1.genblk1.genblk1.genblk1.genblk1.genblk1.lut0.genblk1.genblk1.genblk1.genblk1.genblk1.genblk1.genblk1.lut1.genblk1.genblk1.genblk1.genblk1.genblk1.genblk1.lut0.genblk1.genblk1.genblk1.genblk1.genblk1.lut0 (4 -> 0)
  Optimizing lut $abc$46313$lut$aiger46312$3765.genblk1.genblk1.genblk1.genblk1.genblk1.genblk1.genblk1.genblk1.lut1.genblk1.genblk1.genblk1.genblk1.genblk1.genblk1.genblk1.lut0.genblk1.genblk1.genblk1.genblk1.genblk1.genblk1.lut1.genblk1.genblk1.genblk1.genblk1.genblk1.lut0 (4 -> 0)
  Optimizing lut $abc$46313$lut$aiger46312$3765.genblk1.genblk1.genblk1.genblk1.genblk1.genblk1.genblk1.genblk1.lut1.genblk1.genblk1.genblk1.genblk1.genblk1.genblk1.genblk1.lut0.genblk1.genblk1.genblk1.genblk1.genblk1.genblk1.lut0.genblk1.genblk1.genblk1.genblk1.genblk1.lut0 (4 -> 0)
  Optimizing lut $abc$46313$lut$aiger46312$3765.genblk1.genblk1.genblk1.genblk1.genblk1.genblk1.genblk1.genblk1.lut1.genblk1.genblk1.genblk1.genblk1.genblk1.genblk1.genblk1.lut1.genblk1.genblk1.genblk1.genblk1.genblk1.genblk1.lut1.genblk1.genblk1.genblk1.genblk1.genblk1.lut0 (4 -> 0)
  Optimizing lut $abc$46313$lut$aiger46312$3765.genblk1.genblk1.genblk1.genblk1.genblk1.genblk1.genblk1.genblk1.lut1.genblk1.genblk1.genblk1.genblk1.genblk1.genblk1.genblk1.lut1.genblk1.genblk1.genblk1.genblk1.genblk1.genblk1.lut0.genblk1.genblk1.genblk1.genblk1.genblk1.lut0 (4 -> 1)
  Optimizing lut $abc$46313$lut$aiger46312$3765.genblk1.genblk1.genblk1.genblk1.genblk1.genblk1.genblk1.genblk1.lut0.genblk1.genblk1.genblk1.genblk1.genblk1.genblk1.genblk1.lut0.genblk1.genblk1.genblk1.genblk1.genblk1.genblk1.lut1.genblk1.genblk1.genblk1.genblk1.genblk1.lut0 (4 -> 0)
  Optimizing lut $abc$46313$lut$aiger46312$3765.genblk1.genblk1.genblk1.genblk1.genblk1.genblk1.genblk1.genblk1.lut0.genblk1.genblk1.genblk1.genblk1.genblk1.genblk1.genblk1.lut0.genblk1.genblk1.genblk1.genblk1.genblk1.genblk1.lut0.genblk1.genblk1.genblk1.genblk1.genblk1.lut0 (4 -> 0)
  Optimizing lut $abc$46313$lut$aiger46312$3765.genblk1.genblk1.genblk1.genblk1.genblk1.genblk1.genblk1.genblk1.lut0.genblk1.genblk1.genblk1.genblk1.genblk1.genblk1.genblk1.lut1.genblk1.genblk1.genblk1.genblk1.genblk1.genblk1.lut1.genblk1.genblk1.genblk1.genblk1.genblk1.lut0 (4 -> 1)
  Optimizing lut $abc$46313$lut$aiger46312$3765.genblk1.genblk1.genblk1.genblk1.genblk1.genblk1.genblk1.genblk1.lut0.genblk1.genblk1.genblk1.genblk1.genblk1.genblk1.genblk1.lut1.genblk1.genblk1.genblk1.genblk1.genblk1.genblk1.lut0.genblk1.genblk1.genblk1.genblk1.genblk1.lut0 (4 -> 0)
  Optimizing lut $abc$46313$lut$aiger46312$3778.genblk1.genblk1.genblk1.genblk1.genblk1.genblk1.genblk1.genblk1.lut1.genblk1.genblk1.genblk1.genblk1.genblk1.genblk1.genblk1.lut0.genblk1.genblk1.genblk1.genblk1.genblk1.genblk1.lut1.genblk1.genblk1.genblk1.genblk1.genblk1.lut0 (4 -> 0)
  Optimizing lut $abc$46313$lut$aiger46312$3778.genblk1.genblk1.genblk1.genblk1.genblk1.genblk1.genblk1.genblk1.lut1.genblk1.genblk1.genblk1.genblk1.genblk1.genblk1.genblk1.lut0.genblk1.genblk1.genblk1.genblk1.genblk1.genblk1.lut0.genblk1.genblk1.genblk1.genblk1.genblk1.lut0 (4 -> 1)
  Optimizing lut $abc$46313$lut$aiger46312$3778.genblk1.genblk1.genblk1.genblk1.genblk1.genblk1.genblk1.genblk1.lut1.genblk1.genblk1.genblk1.genblk1.genblk1.genblk1.genblk1.lut1.genblk1.genblk1.genblk1.genblk1.genblk1.genblk1.lut1.genblk1.genblk1.genblk1.genblk1.genblk1.lut0 (4 -> 0)
  Optimizing lut $abc$46313$lut$aiger46312$3778.genblk1.genblk1.genblk1.genblk1.genblk1.genblk1.genblk1.genblk1.lut1.genblk1.genblk1.genblk1.genblk1.genblk1.genblk1.genblk1.lut1.genblk1.genblk1.genblk1.genblk1.genblk1.genblk1.lut0.genblk1.genblk1.genblk1.genblk1.genblk1.lut0 (4 -> 0)
  Optimizing lut $abc$46313$lut$aiger46312$3778.genblk1.genblk1.genblk1.genblk1.genblk1.genblk1.genblk1.genblk1.lut0.genblk1.genblk1.genblk1.genblk1.genblk1.genblk1.genblk1.lut0.genblk1.genblk1.genblk1.genblk1.genblk1.genblk1.lut1.genblk1.genblk1.genblk1.genblk1.genblk1.lut0 (4 -> 1)
  Optimizing lut $abc$46313$lut$aiger46312$3778.genblk1.genblk1.genblk1.genblk1.genblk1.genblk1.genblk1.genblk1.lut0.genblk1.genblk1.genblk1.genblk1.genblk1.genblk1.genblk1.lut0.genblk1.genblk1.genblk1.genblk1.genblk1.genblk1.lut0.genblk1.genblk1.genblk1.genblk1.genblk1.lut0 (4 -> 0)
  Optimizing lut $abc$46313$lut$aiger46312$3778.genblk1.genblk1.genblk1.genblk1.genblk1.genblk1.genblk1.genblk1.lut0.genblk1.genblk1.genblk1.genblk1.genblk1.genblk1.genblk1.lut1.genblk1.genblk1.genblk1.genblk1.genblk1.genblk1.lut1.genblk1.genblk1.genblk1.genblk1.genblk1.lut0 (4 -> 0)
  Optimizing lut $abc$46313$lut$aiger46312$3778.genblk1.genblk1.genblk1.genblk1.genblk1.genblk1.genblk1.genblk1.lut0.genblk1.genblk1.genblk1.genblk1.genblk1.genblk1.genblk1.lut1.genblk1.genblk1.genblk1.genblk1.genblk1.genblk1.lut0.genblk1.genblk1.genblk1.genblk1.genblk1.lut0 (4 -> 0)
  Optimizing lut $abc$46313$lut$aiger46312$3794.genblk1.genblk1.genblk1.genblk1.genblk1.genblk1.genblk1.genblk1.lut1.genblk1.genblk1.genblk1.genblk1.genblk1.genblk1.genblk1.lut0.genblk1.genblk1.genblk1.genblk1.genblk1.genblk1.lut1.genblk1.genblk1.genblk1.genblk1.genblk1.lut0 (4 -> 0)
  Optimizing lut $abc$46313$lut$aiger46312$3794.genblk1.genblk1.genblk1.genblk1.genblk1.genblk1.genblk1.genblk1.lut1.genblk1.genblk1.genblk1.genblk1.genblk1.genblk1.genblk1.lut0.genblk1.genblk1.genblk1.genblk1.genblk1.genblk1.lut0.genblk1.genblk1.genblk1.genblk1.genblk1.lut0 (4 -> 0)
  Optimizing lut $abc$46313$lut$aiger46312$3794.genblk1.genblk1.genblk1.genblk1.genblk1.genblk1.genblk1.genblk1.lut1.genblk1.genblk1.genblk1.genblk1.genblk1.genblk1.genblk1.lut1.genblk1.genblk1.genblk1.genblk1.genblk1.genblk1.lut1.genblk1.genblk1.genblk1.genblk1.genblk1.lut0 (4 -> 1)
  Optimizing lut $abc$46313$lut$aiger46312$3794.genblk1.genblk1.genblk1.genblk1.genblk1.genblk1.genblk1.genblk1.lut1.genblk1.genblk1.genblk1.genblk1.genblk1.genblk1.genblk1.lut1.genblk1.genblk1.genblk1.genblk1.genblk1.genblk1.lut0.genblk1.genblk1.genblk1.genblk1.genblk1.lut0 (4 -> 0)
  Optimizing lut $abc$46313$lut$aiger46312$3794.genblk1.genblk1.genblk1.genblk1.genblk1.genblk1.genblk1.genblk1.lut0.genblk1.genblk1.genblk1.genblk1.genblk1.genblk1.genblk1.lut0.genblk1.genblk1.genblk1.genblk1.genblk1.genblk1.lut1.genblk1.genblk1.genblk1.genblk1.genblk1.lut0 (4 -> 0)
  Optimizing lut $abc$46313$lut$aiger46312$3794.genblk1.genblk1.genblk1.genblk1.genblk1.genblk1.genblk1.genblk1.lut0.genblk1.genblk1.genblk1.genblk1.genblk1.genblk1.genblk1.lut0.genblk1.genblk1.genblk1.genblk1.genblk1.genblk1.lut0.genblk1.genblk1.genblk1.genblk1.genblk1.lut0 (4 -> 1)
  Optimizing lut $abc$46313$lut$aiger46312$3794.genblk1.genblk1.genblk1.genblk1.genblk1.genblk1.genblk1.genblk1.lut0.genblk1.genblk1.genblk1.genblk1.genblk1.genblk1.genblk1.lut1.genblk1.genblk1.genblk1.genblk1.genblk1.genblk1.lut1.genblk1.genblk1.genblk1.genblk1.genblk1.lut0 (4 -> 0)
  Optimizing lut $abc$46313$lut$aiger46312$3794.genblk1.genblk1.genblk1.genblk1.genblk1.genblk1.genblk1.genblk1.lut0.genblk1.genblk1.genblk1.genblk1.genblk1.genblk1.genblk1.lut1.genblk1.genblk1.genblk1.genblk1.genblk1.genblk1.lut0.genblk1.genblk1.genblk1.genblk1.genblk1.lut0 (4 -> 0)
  Optimizing lut $abc$46313$lut$aiger46312$3810.genblk1.genblk1.genblk1.genblk1.genblk1.genblk1.genblk1.genblk1.lut1.genblk1.genblk1.genblk1.genblk1.genblk1.genblk1.genblk1.lut0.genblk1.genblk1.genblk1.genblk1.genblk1.genblk1.lut1.genblk1.genblk1.genblk1.genblk1.genblk1.lut0 (4 -> 1)
  Optimizing lut $abc$46313$lut$aiger46312$3810.genblk1.genblk1.genblk1.genblk1.genblk1.genblk1.genblk1.genblk1.lut1.genblk1.genblk1.genblk1.genblk1.genblk1.genblk1.genblk1.lut0.genblk1.genblk1.genblk1.genblk1.genblk1.genblk1.lut0.genblk1.genblk1.genblk1.genblk1.genblk1.lut0 (4 -> 0)
  Optimizing lut $abc$46313$lut$aiger46312$3810.genblk1.genblk1.genblk1.genblk1.genblk1.genblk1.genblk1.genblk1.lut1.genblk1.genblk1.genblk1.genblk1.genblk1.genblk1.genblk1.lut1.genblk1.genblk1.genblk1.genblk1.genblk1.genblk1.lut1.genblk1.genblk1.genblk1.genblk1.genblk1.lut0 (4 -> 0)
  Optimizing lut $abc$46313$lut$aiger46312$3810.genblk1.genblk1.genblk1.genblk1.genblk1.genblk1.genblk1.genblk1.lut1.genblk1.genblk1.genblk1.genblk1.genblk1.genblk1.genblk1.lut1.genblk1.genblk1.genblk1.genblk1.genblk1.genblk1.lut0.genblk1.genblk1.genblk1.genblk1.genblk1.lut0 (4 -> 0)
  Optimizing lut $abc$46313$lut$aiger46312$3810.genblk1.genblk1.genblk1.genblk1.genblk1.genblk1.genblk1.genblk1.lut0.genblk1.genblk1.genblk1.genblk1.genblk1.genblk1.genblk1.lut0.genblk1.genblk1.genblk1.genblk1.genblk1.genblk1.lut1.genblk1.genblk1.genblk1.genblk1.genblk1.lut0 (4 -> 0)
  Optimizing lut $abc$46313$lut$aiger46312$3810.genblk1.genblk1.genblk1.genblk1.genblk1.genblk1.genblk1.genblk1.lut0.genblk1.genblk1.genblk1.genblk1.genblk1.genblk1.genblk1.lut0.genblk1.genblk1.genblk1.genblk1.genblk1.genblk1.lut0.genblk1.genblk1.genblk1.genblk1.genblk1.lut0 (4 -> 0)
  Optimizing lut $abc$46313$lut$aiger46312$3810.genblk1.genblk1.genblk1.genblk1.genblk1.genblk1.genblk1.genblk1.lut0.genblk1.genblk1.genblk1.genblk1.genblk1.genblk1.genblk1.lut1.genblk1.genblk1.genblk1.genblk1.genblk1.genblk1.lut1.genblk1.genblk1.genblk1.genblk1.genblk1.lut0 (4 -> 0)
  Optimizing lut $abc$46313$lut$aiger46312$3810.genblk1.genblk1.genblk1.genblk1.genblk1.genblk1.genblk1.genblk1.lut0.genblk1.genblk1.genblk1.genblk1.genblk1.genblk1.genblk1.lut1.genblk1.genblk1.genblk1.genblk1.genblk1.genblk1.lut0.genblk1.genblk1.genblk1.genblk1.genblk1.lut0 (4 -> 1)
  Optimizing lut $abc$46313$lut$aiger46312$3608.genblk1.genblk1.genblk1.genblk1.genblk1.genblk1.genblk1.genblk1.lut1.genblk1.genblk1.genblk1.genblk1.genblk1.genblk1.genblk1.lut0.genblk1.genblk1.genblk1.genblk1.genblk1.genblk1.lut1.genblk1.genblk1.genblk1.genblk1.genblk1.lut0 (4 -> 1)
  Optimizing lut $abc$46313$lut$aiger46312$3608.genblk1.genblk1.genblk1.genblk1.genblk1.genblk1.genblk1.genblk1.lut1.genblk1.genblk1.genblk1.genblk1.genblk1.genblk1.genblk1.lut0.genblk1.genblk1.genblk1.genblk1.genblk1.genblk1.lut0.genblk1.genblk1.genblk1.genblk1.genblk1.lut0 (4 -> 0)
  Optimizing lut $abc$46313$lut$aiger46312$3608.genblk1.genblk1.genblk1.genblk1.genblk1.genblk1.genblk1.genblk1.lut1.genblk1.genblk1.genblk1.genblk1.genblk1.genblk1.genblk1.lut1.genblk1.genblk1.genblk1.genblk1.genblk1.genblk1.lut1.genblk1.genblk1.genblk1.genblk1.genblk1.lut0 (4 -> 1)
  Optimizing lut $abc$46313$lut$aiger46312$3608.genblk1.genblk1.genblk1.genblk1.genblk1.genblk1.genblk1.genblk1.lut1.genblk1.genblk1.genblk1.genblk1.genblk1.genblk1.genblk1.lut1.genblk1.genblk1.genblk1.genblk1.genblk1.genblk1.lut0.genblk1.genblk1.genblk1.genblk1.genblk1.lut0 (4 -> 0)
  Optimizing lut $abc$46313$lut$aiger46312$3608.genblk1.genblk1.genblk1.genblk1.genblk1.genblk1.genblk1.genblk1.lut0.genblk1.genblk1.genblk1.genblk1.genblk1.genblk1.genblk1.lut0.genblk1.genblk1.genblk1.genblk1.genblk1.genblk1.lut1.genblk1.genblk1.genblk1.genblk1.genblk1.lut0 (4 -> 0)
  Optimizing lut $abc$46313$lut$aiger46312$3608.genblk1.genblk1.genblk1.genblk1.genblk1.genblk1.genblk1.genblk1.lut0.genblk1.genblk1.genblk1.genblk1.genblk1.genblk1.genblk1.lut0.genblk1.genblk1.genblk1.genblk1.genblk1.genblk1.lut0.genblk1.genblk1.genblk1.genblk1.genblk1.lut0 (4 -> 0)
  Optimizing lut $abc$46313$lut$aiger46312$3608.genblk1.genblk1.genblk1.genblk1.genblk1.genblk1.genblk1.genblk1.lut0.genblk1.genblk1.genblk1.genblk1.genblk1.genblk1.genblk1.lut1.genblk1.genblk1.genblk1.genblk1.genblk1.genblk1.lut1.genblk1.genblk1.genblk1.genblk1.genblk1.lut0 (4 -> 0)
  Optimizing lut $abc$46313$lut$aiger46312$3608.genblk1.genblk1.genblk1.genblk1.genblk1.genblk1.genblk1.genblk1.lut0.genblk1.genblk1.genblk1.genblk1.genblk1.genblk1.genblk1.lut1.genblk1.genblk1.genblk1.genblk1.genblk1.genblk1.lut0.genblk1.genblk1.genblk1.genblk1.genblk1.lut0 (4 -> 0)
  Optimizing lut $abc$46313$lut$aiger46312$3623.genblk1.genblk1.genblk1.genblk1.genblk1.genblk1.genblk1.genblk1.lut1.genblk1.genblk1.genblk1.genblk1.genblk1.genblk1.genblk1.lut0.genblk1.genblk1.genblk1.genblk1.genblk1.genblk1.lut1.genblk1.genblk1.genblk1.genblk1.genblk1.lut0 (4 -> 0)
  Optimizing lut $abc$46313$lut$aiger46312$3623.genblk1.genblk1.genblk1.genblk1.genblk1.genblk1.genblk1.genblk1.lut1.genblk1.genblk1.genblk1.genblk1.genblk1.genblk1.genblk1.lut0.genblk1.genblk1.genblk1.genblk1.genblk1.genblk1.lut0.genblk1.genblk1.genblk1.genblk1.genblk1.lut0 (4 -> 0)
  Optimizing lut $abc$46313$lut$aiger46312$3623.genblk1.genblk1.genblk1.genblk1.genblk1.genblk1.genblk1.genblk1.lut1.genblk1.genblk1.genblk1.genblk1.genblk1.genblk1.genblk1.lut1.genblk1.genblk1.genblk1.genblk1.genblk1.genblk1.lut1.genblk1.genblk1.genblk1.genblk1.genblk1.lut0 (4 -> 0)
  Optimizing lut $abc$46313$lut$aiger46312$3623.genblk1.genblk1.genblk1.genblk1.genblk1.genblk1.genblk1.genblk1.lut1.genblk1.genblk1.genblk1.genblk1.genblk1.genblk1.genblk1.lut1.genblk1.genblk1.genblk1.genblk1.genblk1.genblk1.lut0.genblk1.genblk1.genblk1.genblk1.genblk1.lut0 (4 -> 1)
  Optimizing lut $abc$46313$lut$aiger46312$3623.genblk1.genblk1.genblk1.genblk1.genblk1.genblk1.genblk1.genblk1.lut0.genblk1.genblk1.genblk1.genblk1.genblk1.genblk1.genblk1.lut0.genblk1.genblk1.genblk1.genblk1.genblk1.genblk1.lut1.genblk1.genblk1.genblk1.genblk1.genblk1.lut0 (4 -> 1)
  Optimizing lut $abc$46313$lut$aiger46312$3623.genblk1.genblk1.genblk1.genblk1.genblk1.genblk1.genblk1.genblk1.lut0.genblk1.genblk1.genblk1.genblk1.genblk1.genblk1.genblk1.lut0.genblk1.genblk1.genblk1.genblk1.genblk1.genblk1.lut0.genblk1.genblk1.genblk1.genblk1.genblk1.lut0 (4 -> 0)
  Optimizing lut $abc$46313$lut$aiger46312$3623.genblk1.genblk1.genblk1.genblk1.genblk1.genblk1.genblk1.genblk1.lut0.genblk1.genblk1.genblk1.genblk1.genblk1.genblk1.genblk1.lut1.genblk1.genblk1.genblk1.genblk1.genblk1.genblk1.lut1.genblk1.genblk1.genblk1.genblk1.genblk1.lut0 (4 -> 0)
  Optimizing lut $abc$46313$lut$aiger46312$3623.genblk1.genblk1.genblk1.genblk1.genblk1.genblk1.genblk1.genblk1.lut0.genblk1.genblk1.genblk1.genblk1.genblk1.genblk1.genblk1.lut1.genblk1.genblk1.genblk1.genblk1.genblk1.genblk1.lut0.genblk1.genblk1.genblk1.genblk1.genblk1.lut0 (4 -> 0)
  Optimizing lut $abc$46313$lut$aiger46312$3638.genblk1.genblk1.genblk1.genblk1.genblk1.genblk1.genblk1.genblk1.lut1.genblk1.genblk1.genblk1.genblk1.genblk1.genblk1.genblk1.lut0.genblk1.genblk1.genblk1.genblk1.genblk1.genblk1.lut1.genblk1.genblk1.genblk1.genblk1.genblk1.lut0 (4 -> 0)
  Optimizing lut $abc$46313$lut$aiger46312$3638.genblk1.genblk1.genblk1.genblk1.genblk1.genblk1.genblk1.genblk1.lut1.genblk1.genblk1.genblk1.genblk1.genblk1.genblk1.genblk1.lut0.genblk1.genblk1.genblk1.genblk1.genblk1.genblk1.lut0.genblk1.genblk1.genblk1.genblk1.genblk1.lut0 (4 -> 0)
  Optimizing lut $abc$46313$lut$aiger46312$3638.genblk1.genblk1.genblk1.genblk1.genblk1.genblk1.genblk1.genblk1.lut1.genblk1.genblk1.genblk1.genblk1.genblk1.genblk1.genblk1.lut1.genblk1.genblk1.genblk1.genblk1.genblk1.genblk1.lut1.genblk1.genblk1.genblk1.genblk1.genblk1.lut0 (4 -> 0)
  Optimizing lut $abc$46313$lut$aiger46312$3638.genblk1.genblk1.genblk1.genblk1.genblk1.genblk1.genblk1.genblk1.lut1.genblk1.genblk1.genblk1.genblk1.genblk1.genblk1.genblk1.lut1.genblk1.genblk1.genblk1.genblk1.genblk1.genblk1.lut0.genblk1.genblk1.genblk1.genblk1.genblk1.lut0 (4 -> 0)
  Optimizing lut $abc$46313$lut$aiger46312$3638.genblk1.genblk1.genblk1.genblk1.genblk1.genblk1.genblk1.genblk1.lut0.genblk1.genblk1.genblk1.genblk1.genblk1.genblk1.genblk1.lut0.genblk1.genblk1.genblk1.genblk1.genblk1.genblk1.lut1.genblk1.genblk1.genblk1.genblk1.genblk1.lut0 (4 -> 0)
  Optimizing lut $abc$46313$lut$aiger46312$3638.genblk1.genblk1.genblk1.genblk1.genblk1.genblk1.genblk1.genblk1.lut0.genblk1.genblk1.genblk1.genblk1.genblk1.genblk1.genblk1.lut0.genblk1.genblk1.genblk1.genblk1.genblk1.genblk1.lut0.genblk1.genblk1.genblk1.genblk1.genblk1.lut0 (4 -> 0)
  Optimizing lut $abc$46313$lut$aiger46312$3638.genblk1.genblk1.genblk1.genblk1.genblk1.genblk1.genblk1.genblk1.lut0.genblk1.genblk1.genblk1.genblk1.genblk1.genblk1.genblk1.lut1.genblk1.genblk1.genblk1.genblk1.genblk1.genblk1.lut1.genblk1.genblk1.genblk1.genblk1.genblk1.lut0 (4 -> 1)
  Optimizing lut $abc$46313$lut$aiger46312$3638.genblk1.genblk1.genblk1.genblk1.genblk1.genblk1.genblk1.genblk1.lut0.genblk1.genblk1.genblk1.genblk1.genblk1.genblk1.genblk1.lut1.genblk1.genblk1.genblk1.genblk1.genblk1.genblk1.lut0.genblk1.genblk1.genblk1.genblk1.genblk1.lut0 (4 -> 0)
  Optimizing lut $abc$46313$lut$aiger46312$3653.genblk1.genblk1.genblk1.genblk1.genblk1.genblk1.genblk1.genblk1.lut1.genblk1.genblk1.genblk1.genblk1.genblk1.genblk1.genblk1.lut0.genblk1.genblk1.genblk1.genblk1.genblk1.genblk1.lut1.genblk1.genblk1.genblk1.genblk1.genblk1.lut0 (4 -> 0)
  Optimizing lut $abc$46313$lut$aiger46312$3653.genblk1.genblk1.genblk1.genblk1.genblk1.genblk1.genblk1.genblk1.lut1.genblk1.genblk1.genblk1.genblk1.genblk1.genblk1.genblk1.lut0.genblk1.genblk1.genblk1.genblk1.genblk1.genblk1.lut0.genblk1.genblk1.genblk1.genblk1.genblk1.lut0 (4 -> 1)
  Optimizing lut $abc$46313$lut$aiger46312$3653.genblk1.genblk1.genblk1.genblk1.genblk1.genblk1.genblk1.genblk1.lut1.genblk1.genblk1.genblk1.genblk1.genblk1.genblk1.genblk1.lut1.genblk1.genblk1.genblk1.genblk1.genblk1.genblk1.lut1.genblk1.genblk1.genblk1.genblk1.genblk1.lut0 (4 -> 0)
  Optimizing lut $abc$46313$lut$aiger46312$3653.genblk1.genblk1.genblk1.genblk1.genblk1.genblk1.genblk1.genblk1.lut1.genblk1.genblk1.genblk1.genblk1.genblk1.genblk1.genblk1.lut1.genblk1.genblk1.genblk1.genblk1.genblk1.genblk1.lut0.genblk1.genblk1.genblk1.genblk1.genblk1.lut0 (4 -> 0)
  Optimizing lut $abc$46313$lut$aiger46312$3653.genblk1.genblk1.genblk1.genblk1.genblk1.genblk1.genblk1.genblk1.lut0.genblk1.genblk1.genblk1.genblk1.genblk1.genblk1.genblk1.lut0.genblk1.genblk1.genblk1.genblk1.genblk1.genblk1.lut1.genblk1.genblk1.genblk1.genblk1.genblk1.lut0 (4 -> 0)
  Optimizing lut $abc$46313$lut$aiger46312$3653.genblk1.genblk1.genblk1.genblk1.genblk1.genblk1.genblk1.genblk1.lut0.genblk1.genblk1.genblk1.genblk1.genblk1.genblk1.genblk1.lut0.genblk1.genblk1.genblk1.genblk1.genblk1.genblk1.lut0.genblk1.genblk1.genblk1.genblk1.genblk1.lut0 (4 -> 1)
  Optimizing lut $abc$46313$lut$aiger46312$3653.genblk1.genblk1.genblk1.genblk1.genblk1.genblk1.genblk1.genblk1.lut0.genblk1.genblk1.genblk1.genblk1.genblk1.genblk1.genblk1.lut1.genblk1.genblk1.genblk1.genblk1.genblk1.genblk1.lut1.genblk1.genblk1.genblk1.genblk1.genblk1.lut0 (4 -> 0)
  Optimizing lut $abc$46313$lut$aiger46312$3653.genblk1.genblk1.genblk1.genblk1.genblk1.genblk1.genblk1.genblk1.lut0.genblk1.genblk1.genblk1.genblk1.genblk1.genblk1.genblk1.lut1.genblk1.genblk1.genblk1.genblk1.genblk1.genblk1.lut0.genblk1.genblk1.genblk1.genblk1.genblk1.lut0 (4 -> 1)
  Optimizing lut $abc$46313$lut$aiger46312$3669.genblk1.genblk1.genblk1.genblk1.genblk1.genblk1.genblk1.genblk1.lut1.genblk1.genblk1.genblk1.genblk1.genblk1.genblk1.genblk1.lut0.genblk1.genblk1.genblk1.genblk1.genblk1.genblk1.lut1.genblk1.genblk1.genblk1.genblk1.genblk1.lut0 (4 -> 0)
  Optimizing lut $abc$46313$lut$aiger46312$3669.genblk1.genblk1.genblk1.genblk1.genblk1.genblk1.genblk1.genblk1.lut1.genblk1.genblk1.genblk1.genblk1.genblk1.genblk1.genblk1.lut0.genblk1.genblk1.genblk1.genblk1.genblk1.genblk1.lut0.genblk1.genblk1.genblk1.genblk1.genblk1.lut0 (4 -> 1)
  Optimizing lut $abc$46313$lut$aiger46312$3669.genblk1.genblk1.genblk1.genblk1.genblk1.genblk1.genblk1.genblk1.lut1.genblk1.genblk1.genblk1.genblk1.genblk1.genblk1.genblk1.lut1.genblk1.genblk1.genblk1.genblk1.genblk1.genblk1.lut1.genblk1.genblk1.genblk1.genblk1.genblk1.lut0 (4 -> 0)
  Optimizing lut $abc$46313$lut$aiger46312$3669.genblk1.genblk1.genblk1.genblk1.genblk1.genblk1.genblk1.genblk1.lut1.genblk1.genblk1.genblk1.genblk1.genblk1.genblk1.genblk1.lut1.genblk1.genblk1.genblk1.genblk1.genblk1.genblk1.lut0.genblk1.genblk1.genblk1.genblk1.genblk1.lut0 (4 -> 1)
  Optimizing lut $abc$46313$lut$aiger46312$3669.genblk1.genblk1.genblk1.genblk1.genblk1.genblk1.genblk1.genblk1.lut0.genblk1.genblk1.genblk1.genblk1.genblk1.genblk1.genblk1.lut0.genblk1.genblk1.genblk1.genblk1.genblk1.genblk1.lut1.genblk1.genblk1.genblk1.genblk1.genblk1.lut0 (4 -> 0)
  Optimizing lut $abc$46313$lut$aiger46312$3669.genblk1.genblk1.genblk1.genblk1.genblk1.genblk1.genblk1.genblk1.lut0.genblk1.genblk1.genblk1.genblk1.genblk1.genblk1.genblk1.lut0.genblk1.genblk1.genblk1.genblk1.genblk1.genblk1.lut0.genblk1.genblk1.genblk1.genblk1.genblk1.lut0 (4 -> 0)
  Optimizing lut $abc$46313$lut$aiger46312$3669.genblk1.genblk1.genblk1.genblk1.genblk1.genblk1.genblk1.genblk1.lut0.genblk1.genblk1.genblk1.genblk1.genblk1.genblk1.genblk1.lut1.genblk1.genblk1.genblk1.genblk1.genblk1.genblk1.lut1.genblk1.genblk1.genblk1.genblk1.genblk1.lut0 (4 -> 0)
  Optimizing lut $abc$46313$lut$aiger46312$3669.genblk1.genblk1.genblk1.genblk1.genblk1.genblk1.genblk1.genblk1.lut0.genblk1.genblk1.genblk1.genblk1.genblk1.genblk1.genblk1.lut1.genblk1.genblk1.genblk1.genblk1.genblk1.genblk1.lut0.genblk1.genblk1.genblk1.genblk1.genblk1.lut0 (4 -> 0)
  Optimizing lut $abc$46313$lut$aiger46312$3682.genblk1.genblk1.genblk1.genblk1.genblk1.genblk1.genblk1.genblk1.lut1.genblk1.genblk1.genblk1.genblk1.genblk1.genblk1.genblk1.lut0.genblk1.genblk1.genblk1.genblk1.genblk1.genblk1.lut1.genblk1.genblk1.genblk1.genblk1.genblk1.lut0 (4 -> 0)
  Optimizing lut $abc$46313$lut$aiger46312$3682.genblk1.genblk1.genblk1.genblk1.genblk1.genblk1.genblk1.genblk1.lut1.genblk1.genblk1.genblk1.genblk1.genblk1.genblk1.genblk1.lut0.genblk1.genblk1.genblk1.genblk1.genblk1.genblk1.lut0.genblk1.genblk1.genblk1.genblk1.genblk1.lut0 (4 -> 0)
  Optimizing lut $abc$46313$lut$aiger46312$3682.genblk1.genblk1.genblk1.genblk1.genblk1.genblk1.genblk1.genblk1.lut1.genblk1.genblk1.genblk1.genblk1.genblk1.genblk1.genblk1.lut1.genblk1.genblk1.genblk1.genblk1.genblk1.genblk1.lut1.genblk1.genblk1.genblk1.genblk1.genblk1.lut0 (4 -> 0)
  Optimizing lut $abc$46313$lut$aiger46312$3682.genblk1.genblk1.genblk1.genblk1.genblk1.genblk1.genblk1.genblk1.lut1.genblk1.genblk1.genblk1.genblk1.genblk1.genblk1.genblk1.lut1.genblk1.genblk1.genblk1.genblk1.genblk1.genblk1.lut0.genblk1.genblk1.genblk1.genblk1.genblk1.lut0 (4 -> 0)
  Optimizing lut $abc$46313$lut$aiger46312$3682.genblk1.genblk1.genblk1.genblk1.genblk1.genblk1.genblk1.genblk1.lut0.genblk1.genblk1.genblk1.genblk1.genblk1.genblk1.genblk1.lut0.genblk1.genblk1.genblk1.genblk1.genblk1.genblk1.lut1.genblk1.genblk1.genblk1.genblk1.genblk1.lut0 (4 -> 0)
  Optimizing lut $abc$46313$lut$aiger46312$3682.genblk1.genblk1.genblk1.genblk1.genblk1.genblk1.genblk1.genblk1.lut0.genblk1.genblk1.genblk1.genblk1.genblk1.genblk1.genblk1.lut0.genblk1.genblk1.genblk1.genblk1.genblk1.genblk1.lut0.genblk1.genblk1.genblk1.genblk1.genblk1.lut0 (4 -> 0)
  Optimizing lut $abc$46313$lut$aiger46312$3682.genblk1.genblk1.genblk1.genblk1.genblk1.genblk1.genblk1.genblk1.lut0.genblk1.genblk1.genblk1.genblk1.genblk1.genblk1.genblk1.lut1.genblk1.genblk1.genblk1.genblk1.genblk1.genblk1.lut1.genblk1.genblk1.genblk1.genblk1.genblk1.lut0 (4 -> 0)
  Optimizing lut $abc$46313$lut$aiger46312$3682.genblk1.genblk1.genblk1.genblk1.genblk1.genblk1.genblk1.genblk1.lut0.genblk1.genblk1.genblk1.genblk1.genblk1.genblk1.genblk1.lut1.genblk1.genblk1.genblk1.genblk1.genblk1.genblk1.lut0.genblk1.genblk1.genblk1.genblk1.genblk1.lut0 (4 -> 1)
  Optimizing lut $abc$46313$lut$aiger46312$3695.genblk1.genblk1.genblk1.genblk1.genblk1.genblk1.genblk1.genblk1.lut1.genblk1.genblk1.genblk1.genblk1.genblk1.genblk1.genblk1.lut0.genblk1.genblk1.genblk1.genblk1.genblk1.genblk1.lut1.genblk1.genblk1.genblk1.genblk1.genblk1.lut0 (4 -> 0)
  Optimizing lut $abc$46313$lut$aiger46312$3695.genblk1.genblk1.genblk1.genblk1.genblk1.genblk1.genblk1.genblk1.lut1.genblk1.genblk1.genblk1.genblk1.genblk1.genblk1.genblk1.lut0.genblk1.genblk1.genblk1.genblk1.genblk1.genblk1.lut0.genblk1.genblk1.genblk1.genblk1.genblk1.lut0 (4 -> 0)
  Optimizing lut $abc$46313$lut$aiger46312$3695.genblk1.genblk1.genblk1.genblk1.genblk1.genblk1.genblk1.genblk1.lut1.genblk1.genblk1.genblk1.genblk1.genblk1.genblk1.genblk1.lut1.genblk1.genblk1.genblk1.genblk1.genblk1.genblk1.lut1.genblk1.genblk1.genblk1.genblk1.genblk1.lut0 (4 -> 1)
  Optimizing lut $abc$46313$lut$aiger46312$3695.genblk1.genblk1.genblk1.genblk1.genblk1.genblk1.genblk1.genblk1.lut1.genblk1.genblk1.genblk1.genblk1.genblk1.genblk1.genblk1.lut1.genblk1.genblk1.genblk1.genblk1.genblk1.genblk1.lut0.genblk1.genblk1.genblk1.genblk1.genblk1.lut0 (4 -> 0)
  Optimizing lut $abc$46313$lut$aiger46312$3695.genblk1.genblk1.genblk1.genblk1.genblk1.genblk1.genblk1.genblk1.lut0.genblk1.genblk1.genblk1.genblk1.genblk1.genblk1.genblk1.lut0.genblk1.genblk1.genblk1.genblk1.genblk1.genblk1.lut1.genblk1.genblk1.genblk1.genblk1.genblk1.lut0 (4 -> 0)
  Optimizing lut $abc$46313$lut$aiger46312$3695.genblk1.genblk1.genblk1.genblk1.genblk1.genblk1.genblk1.genblk1.lut0.genblk1.genblk1.genblk1.genblk1.genblk1.genblk1.genblk1.lut0.genblk1.genblk1.genblk1.genblk1.genblk1.genblk1.lut0.genblk1.genblk1.genblk1.genblk1.genblk1.lut0 (4 -> 0)
  Optimizing lut $abc$46313$lut$aiger46312$3695.genblk1.genblk1.genblk1.genblk1.genblk1.genblk1.genblk1.genblk1.lut0.genblk1.genblk1.genblk1.genblk1.genblk1.genblk1.genblk1.lut1.genblk1.genblk1.genblk1.genblk1.genblk1.genblk1.lut1.genblk1.genblk1.genblk1.genblk1.genblk1.lut0 (4 -> 1)
  Optimizing lut $abc$46313$lut$aiger46312$3695.genblk1.genblk1.genblk1.genblk1.genblk1.genblk1.genblk1.genblk1.lut0.genblk1.genblk1.genblk1.genblk1.genblk1.genblk1.genblk1.lut1.genblk1.genblk1.genblk1.genblk1.genblk1.genblk1.lut0.genblk1.genblk1.genblk1.genblk1.genblk1.lut0 (4 -> 0)
  Optimizing lut $abc$46313$lut$aiger46312$3711.genblk1.genblk1.genblk1.genblk1.genblk1.genblk1.genblk1.genblk1.lut1.genblk1.genblk1.genblk1.genblk1.genblk1.genblk1.genblk1.lut0.genblk1.genblk1.genblk1.genblk1.genblk1.genblk1.lut1.genblk1.genblk1.genblk1.genblk1.genblk1.lut0 (4 -> 1)
  Optimizing lut $abc$46313$lut$aiger46312$3711.genblk1.genblk1.genblk1.genblk1.genblk1.genblk1.genblk1.genblk1.lut1.genblk1.genblk1.genblk1.genblk1.genblk1.genblk1.genblk1.lut0.genblk1.genblk1.genblk1.genblk1.genblk1.genblk1.lut0.genblk1.genblk1.genblk1.genblk1.genblk1.lut0 (4 -> 0)
  Optimizing lut $abc$46313$lut$aiger46312$3711.genblk1.genblk1.genblk1.genblk1.genblk1.genblk1.genblk1.genblk1.lut1.genblk1.genblk1.genblk1.genblk1.genblk1.genblk1.genblk1.lut1.genblk1.genblk1.genblk1.genblk1.genblk1.genblk1.lut1.genblk1.genblk1.genblk1.genblk1.genblk1.lut0 (4 -> 0)
  Optimizing lut $abc$46313$lut$aiger46312$3711.genblk1.genblk1.genblk1.genblk1.genblk1.genblk1.genblk1.genblk1.lut1.genblk1.genblk1.genblk1.genblk1.genblk1.genblk1.genblk1.lut1.genblk1.genblk1.genblk1.genblk1.genblk1.genblk1.lut0.genblk1.genblk1.genblk1.genblk1.genblk1.lut0 (4 -> 0)
  Optimizing lut $abc$46313$lut$aiger46312$3711.genblk1.genblk1.genblk1.genblk1.genblk1.genblk1.genblk1.genblk1.lut0.genblk1.genblk1.genblk1.genblk1.genblk1.genblk1.genblk1.lut0.genblk1.genblk1.genblk1.genblk1.genblk1.genblk1.lut1.genblk1.genblk1.genblk1.genblk1.genblk1.lut0 (4 -> 1)
  Optimizing lut $abc$46313$lut$aiger46312$3711.genblk1.genblk1.genblk1.genblk1.genblk1.genblk1.genblk1.genblk1.lut0.genblk1.genblk1.genblk1.genblk1.genblk1.genblk1.genblk1.lut0.genblk1.genblk1.genblk1.genblk1.genblk1.genblk1.lut0.genblk1.genblk1.genblk1.genblk1.genblk1.lut0 (4 -> 1)
  Optimizing lut $abc$46313$lut$aiger46312$3711.genblk1.genblk1.genblk1.genblk1.genblk1.genblk1.genblk1.genblk1.lut0.genblk1.genblk1.genblk1.genblk1.genblk1.genblk1.genblk1.lut1.genblk1.genblk1.genblk1.genblk1.genblk1.genblk1.lut1.genblk1.genblk1.genblk1.genblk1.genblk1.lut0 (4 -> 0)
  Optimizing lut $abc$46313$lut$aiger46312$3711.genblk1.genblk1.genblk1.genblk1.genblk1.genblk1.genblk1.genblk1.lut0.genblk1.genblk1.genblk1.genblk1.genblk1.genblk1.genblk1.lut1.genblk1.genblk1.genblk1.genblk1.genblk1.genblk1.lut0.genblk1.genblk1.genblk1.genblk1.genblk1.lut0 (4 -> 0)
  Optimizing lut $abc$46313$lut$aiger46312$3303.genblk1.genblk1.genblk1.genblk1.genblk1.genblk1.genblk1.genblk1.lut1.genblk1.genblk1.genblk1.genblk1.genblk1.genblk1.genblk1.lut0.genblk1.genblk1.genblk1.genblk1.genblk1.genblk1.lut1.genblk1.genblk1.genblk1.genblk1.genblk1.lut0 (4 -> 0)
  Optimizing lut $abc$46313$lut$aiger46312$3303.genblk1.genblk1.genblk1.genblk1.genblk1.genblk1.genblk1.genblk1.lut1.genblk1.genblk1.genblk1.genblk1.genblk1.genblk1.genblk1.lut0.genblk1.genblk1.genblk1.genblk1.genblk1.genblk1.lut0.genblk1.genblk1.genblk1.genblk1.genblk1.lut0 (4 -> 1)
  Optimizing lut $abc$46313$lut$aiger46312$3303.genblk1.genblk1.genblk1.genblk1.genblk1.genblk1.genblk1.genblk1.lut1.genblk1.genblk1.genblk1.genblk1.genblk1.genblk1.genblk1.lut1.genblk1.genblk1.genblk1.genblk1.genblk1.genblk1.lut1.genblk1.genblk1.genblk1.genblk1.genblk1.lut0 (4 -> 0)
  Optimizing lut $abc$46313$lut$aiger46312$3303.genblk1.genblk1.genblk1.genblk1.genblk1.genblk1.genblk1.genblk1.lut1.genblk1.genblk1.genblk1.genblk1.genblk1.genblk1.genblk1.lut1.genblk1.genblk1.genblk1.genblk1.genblk1.genblk1.lut0.genblk1.genblk1.genblk1.genblk1.genblk1.lut0 (4 -> 1)
  Optimizing lut $abc$46313$lut$aiger46312$3303.genblk1.genblk1.genblk1.genblk1.genblk1.genblk1.genblk1.genblk1.lut0.genblk1.genblk1.genblk1.genblk1.genblk1.genblk1.genblk1.lut0.genblk1.genblk1.genblk1.genblk1.genblk1.genblk1.lut1.genblk1.genblk1.genblk1.genblk1.genblk1.lut0 (4 -> 0)
  Optimizing lut $abc$46313$lut$aiger46312$3303.genblk1.genblk1.genblk1.genblk1.genblk1.genblk1.genblk1.genblk1.lut0.genblk1.genblk1.genblk1.genblk1.genblk1.genblk1.genblk1.lut0.genblk1.genblk1.genblk1.genblk1.genblk1.genblk1.lut0.genblk1.genblk1.genblk1.genblk1.genblk1.lut0 (4 -> 0)
  Optimizing lut $abc$46313$lut$aiger46312$3303.genblk1.genblk1.genblk1.genblk1.genblk1.genblk1.genblk1.genblk1.lut0.genblk1.genblk1.genblk1.genblk1.genblk1.genblk1.genblk1.lut1.genblk1.genblk1.genblk1.genblk1.genblk1.genblk1.lut1.genblk1.genblk1.genblk1.genblk1.genblk1.lut0 (4 -> 0)
  Optimizing lut $abc$46313$lut$aiger46312$3303.genblk1.genblk1.genblk1.genblk1.genblk1.genblk1.genblk1.genblk1.lut0.genblk1.genblk1.genblk1.genblk1.genblk1.genblk1.genblk1.lut1.genblk1.genblk1.genblk1.genblk1.genblk1.genblk1.lut0.genblk1.genblk1.genblk1.genblk1.genblk1.lut0 (4 -> 0)
  Optimizing lut $abc$46313$lut$aiger46312$3316.genblk1.genblk1.genblk1.genblk1.genblk1.genblk1.genblk1.genblk1.lut1.genblk1.genblk1.genblk1.genblk1.genblk1.genblk1.genblk1.lut0.genblk1.genblk1.genblk1.genblk1.genblk1.genblk1.lut1.genblk1.genblk1.genblk1.genblk1.genblk1.lut0 (4 -> 0)
  Optimizing lut $abc$46313$lut$aiger46312$3316.genblk1.genblk1.genblk1.genblk1.genblk1.genblk1.genblk1.genblk1.lut1.genblk1.genblk1.genblk1.genblk1.genblk1.genblk1.genblk1.lut0.genblk1.genblk1.genblk1.genblk1.genblk1.genblk1.lut0.genblk1.genblk1.genblk1.genblk1.genblk1.lut0 (4 -> 0)
  Optimizing lut $abc$46313$lut$aiger46312$3316.genblk1.genblk1.genblk1.genblk1.genblk1.genblk1.genblk1.genblk1.lut1.genblk1.genblk1.genblk1.genblk1.genblk1.genblk1.genblk1.lut1.genblk1.genblk1.genblk1.genblk1.genblk1.genblk1.lut1.genblk1.genblk1.genblk1.genblk1.genblk1.lut0 (4 -> 0)
  Optimizing lut $abc$46313$lut$aiger46312$3316.genblk1.genblk1.genblk1.genblk1.genblk1.genblk1.genblk1.genblk1.lut1.genblk1.genblk1.genblk1.genblk1.genblk1.genblk1.genblk1.lut1.genblk1.genblk1.genblk1.genblk1.genblk1.genblk1.lut0.genblk1.genblk1.genblk1.genblk1.genblk1.lut0 (4 -> 0)
  Optimizing lut $abc$46313$lut$aiger46312$3316.genblk1.genblk1.genblk1.genblk1.genblk1.genblk1.genblk1.genblk1.lut0.genblk1.genblk1.genblk1.genblk1.genblk1.genblk1.genblk1.lut0.genblk1.genblk1.genblk1.genblk1.genblk1.genblk1.lut1.genblk1.genblk1.genblk1.genblk1.genblk1.lut0 (4 -> 0)
  Optimizing lut $abc$46313$lut$aiger46312$3316.genblk1.genblk1.genblk1.genblk1.genblk1.genblk1.genblk1.genblk1.lut0.genblk1.genblk1.genblk1.genblk1.genblk1.genblk1.genblk1.lut0.genblk1.genblk1.genblk1.genblk1.genblk1.genblk1.lut0.genblk1.genblk1.genblk1.genblk1.genblk1.lut0 (4 -> 0)
  Optimizing lut $abc$46313$lut$aiger46312$3316.genblk1.genblk1.genblk1.genblk1.genblk1.genblk1.genblk1.genblk1.lut0.genblk1.genblk1.genblk1.genblk1.genblk1.genblk1.genblk1.lut1.genblk1.genblk1.genblk1.genblk1.genblk1.genblk1.lut1.genblk1.genblk1.genblk1.genblk1.genblk1.lut0 (4 -> 0)
  Optimizing lut $abc$46313$lut$aiger46312$3316.genblk1.genblk1.genblk1.genblk1.genblk1.genblk1.genblk1.genblk1.lut0.genblk1.genblk1.genblk1.genblk1.genblk1.genblk1.genblk1.lut1.genblk1.genblk1.genblk1.genblk1.genblk1.genblk1.lut0.genblk1.genblk1.genblk1.genblk1.genblk1.lut0 (4 -> 1)
  Optimizing lut $abc$46313$lut$aiger46312$3329.genblk1.genblk1.genblk1.genblk1.genblk1.genblk1.genblk1.genblk1.lut1.genblk1.genblk1.genblk1.genblk1.genblk1.genblk1.genblk1.lut0.genblk1.genblk1.genblk1.genblk1.genblk1.genblk1.lut1.genblk1.genblk1.genblk1.genblk1.genblk1.lut0 (4 -> 0)
  Optimizing lut $abc$46313$lut$aiger46312$3329.genblk1.genblk1.genblk1.genblk1.genblk1.genblk1.genblk1.genblk1.lut1.genblk1.genblk1.genblk1.genblk1.genblk1.genblk1.genblk1.lut0.genblk1.genblk1.genblk1.genblk1.genblk1.genblk1.lut0.genblk1.genblk1.genblk1.genblk1.genblk1.lut0 (4 -> 0)
  Optimizing lut $abc$46313$lut$aiger46312$3329.genblk1.genblk1.genblk1.genblk1.genblk1.genblk1.genblk1.genblk1.lut1.genblk1.genblk1.genblk1.genblk1.genblk1.genblk1.genblk1.lut1.genblk1.genblk1.genblk1.genblk1.genblk1.genblk1.lut1.genblk1.genblk1.genblk1.genblk1.genblk1.lut0 (4 -> 0)
  Optimizing lut $abc$46313$lut$aiger46312$3329.genblk1.genblk1.genblk1.genblk1.genblk1.genblk1.genblk1.genblk1.lut1.genblk1.genblk1.genblk1.genblk1.genblk1.genblk1.genblk1.lut1.genblk1.genblk1.genblk1.genblk1.genblk1.genblk1.lut0.genblk1.genblk1.genblk1.genblk1.genblk1.lut0 (4 -> 0)
  Optimizing lut $abc$46313$lut$aiger46312$3329.genblk1.genblk1.genblk1.genblk1.genblk1.genblk1.genblk1.genblk1.lut0.genblk1.genblk1.genblk1.genblk1.genblk1.genblk1.genblk1.lut0.genblk1.genblk1.genblk1.genblk1.genblk1.genblk1.lut1.genblk1.genblk1.genblk1.genblk1.genblk1.lut0 (4 -> 0)
  Optimizing lut $abc$46313$lut$aiger46312$3329.genblk1.genblk1.genblk1.genblk1.genblk1.genblk1.genblk1.genblk1.lut0.genblk1.genblk1.genblk1.genblk1.genblk1.genblk1.genblk1.lut0.genblk1.genblk1.genblk1.genblk1.genblk1.genblk1.lut0.genblk1.genblk1.genblk1.genblk1.genblk1.lut0 (4 -> 0)
  Optimizing lut $abc$46313$lut$aiger46312$3329.genblk1.genblk1.genblk1.genblk1.genblk1.genblk1.genblk1.genblk1.lut0.genblk1.genblk1.genblk1.genblk1.genblk1.genblk1.genblk1.lut1.genblk1.genblk1.genblk1.genblk1.genblk1.genblk1.lut1.genblk1.genblk1.genblk1.genblk1.genblk1.lut0 (4 -> 1)
  Optimizing lut $abc$46313$lut$aiger46312$3329.genblk1.genblk1.genblk1.genblk1.genblk1.genblk1.genblk1.genblk1.lut0.genblk1.genblk1.genblk1.genblk1.genblk1.genblk1.genblk1.lut1.genblk1.genblk1.genblk1.genblk1.genblk1.genblk1.lut0.genblk1.genblk1.genblk1.genblk1.genblk1.lut0 (4 -> 0)
  Optimizing lut $abc$46313$lut$aiger46312$3342.genblk1.genblk1.genblk1.genblk1.genblk1.genblk1.genblk1.genblk1.lut1.genblk1.genblk1.genblk1.genblk1.genblk1.genblk1.genblk1.lut0.genblk1.genblk1.genblk1.genblk1.genblk1.genblk1.lut1.genblk1.genblk1.genblk1.genblk1.genblk1.lut0 (4 -> 1)
  Optimizing lut $abc$46313$lut$aiger46312$3342.genblk1.genblk1.genblk1.genblk1.genblk1.genblk1.genblk1.genblk1.lut1.genblk1.genblk1.genblk1.genblk1.genblk1.genblk1.genblk1.lut0.genblk1.genblk1.genblk1.genblk1.genblk1.genblk1.lut0.genblk1.genblk1.genblk1.genblk1.genblk1.lut0 (4 -> 0)
  Optimizing lut $abc$46313$lut$aiger46312$3342.genblk1.genblk1.genblk1.genblk1.genblk1.genblk1.genblk1.genblk1.lut1.genblk1.genblk1.genblk1.genblk1.genblk1.genblk1.genblk1.lut1.genblk1.genblk1.genblk1.genblk1.genblk1.genblk1.lut1.genblk1.genblk1.genblk1.genblk1.genblk1.lut0 (4 -> 1)
  Optimizing lut $abc$46313$lut$aiger46312$3342.genblk1.genblk1.genblk1.genblk1.genblk1.genblk1.genblk1.genblk1.lut1.genblk1.genblk1.genblk1.genblk1.genblk1.genblk1.genblk1.lut1.genblk1.genblk1.genblk1.genblk1.genblk1.genblk1.lut0.genblk1.genblk1.genblk1.genblk1.genblk1.lut0 (4 -> 0)
  Optimizing lut $abc$46313$lut$aiger46312$3342.genblk1.genblk1.genblk1.genblk1.genblk1.genblk1.genblk1.genblk1.lut0.genblk1.genblk1.genblk1.genblk1.genblk1.genblk1.genblk1.lut0.genblk1.genblk1.genblk1.genblk1.genblk1.genblk1.lut1.genblk1.genblk1.genblk1.genblk1.genblk1.lut0 (4 -> 1)
  Optimizing lut $abc$46313$lut$aiger46312$3342.genblk1.genblk1.genblk1.genblk1.genblk1.genblk1.genblk1.genblk1.lut0.genblk1.genblk1.genblk1.genblk1.genblk1.genblk1.genblk1.lut0.genblk1.genblk1.genblk1.genblk1.genblk1.genblk1.lut0.genblk1.genblk1.genblk1.genblk1.genblk1.lut0 (4 -> 1)
  Optimizing lut $abc$46313$lut$aiger46312$3342.genblk1.genblk1.genblk1.genblk1.genblk1.genblk1.genblk1.genblk1.lut0.genblk1.genblk1.genblk1.genblk1.genblk1.genblk1.genblk1.lut1.genblk1.genblk1.genblk1.genblk1.genblk1.genblk1.lut1.genblk1.genblk1.genblk1.genblk1.genblk1.lut0 (4 -> 0)
  Optimizing lut $abc$46313$lut$aiger46312$3342.genblk1.genblk1.genblk1.genblk1.genblk1.genblk1.genblk1.genblk1.lut0.genblk1.genblk1.genblk1.genblk1.genblk1.genblk1.genblk1.lut1.genblk1.genblk1.genblk1.genblk1.genblk1.genblk1.lut0.genblk1.genblk1.genblk1.genblk1.genblk1.lut0 (4 -> 0)
  Optimizing lut $abc$46313$lut$aiger46312$10438.genblk1.genblk1.genblk1.genblk1.genblk1.genblk1.genblk1.genblk1.lut0.genblk1.genblk1.genblk1.genblk1.genblk1.genblk1.genblk1.lut1.genblk1.genblk1.genblk1.genblk1.genblk1.genblk1.lut1.genblk1.genblk1.genblk1.genblk1.genblk1.lut0 (4 -> 3)
  Optimizing lut $abc$46313$lut$aiger46312$10438.genblk1.genblk1.genblk1.genblk1.genblk1.genblk1.genblk1.genblk1.lut0.genblk1.genblk1.genblk1.genblk1.genblk1.genblk1.genblk1.lut1.genblk1.genblk1.genblk1.genblk1.genblk1.genblk1.lut0.genblk1.genblk1.genblk1.genblk1.genblk1.lut0 (4 -> 3)
  Optimizing lut $abc$46313$lut$aiger46312$3360.genblk1.genblk1.genblk1.genblk1.genblk1.genblk1.genblk1.genblk1.lut1.genblk1.genblk1.genblk1.genblk1.genblk1.genblk1.genblk1.lut0.genblk1.genblk1.genblk1.genblk1.genblk1.genblk1.lut1.genblk1.genblk1.genblk1.genblk1.genblk1.lut0 (4 -> 0)
  Optimizing lut $abc$46313$lut$aiger46312$3360.genblk1.genblk1.genblk1.genblk1.genblk1.genblk1.genblk1.genblk1.lut1.genblk1.genblk1.genblk1.genblk1.genblk1.genblk1.genblk1.lut0.genblk1.genblk1.genblk1.genblk1.genblk1.genblk1.lut0.genblk1.genblk1.genblk1.genblk1.genblk1.lut0 (4 -> 0)
  Optimizing lut $abc$46313$lut$aiger46312$3360.genblk1.genblk1.genblk1.genblk1.genblk1.genblk1.genblk1.genblk1.lut1.genblk1.genblk1.genblk1.genblk1.genblk1.genblk1.genblk1.lut1.genblk1.genblk1.genblk1.genblk1.genblk1.genblk1.lut1.genblk1.genblk1.genblk1.genblk1.genblk1.lut0 (4 -> 0)
  Optimizing lut $abc$46313$lut$aiger46312$3360.genblk1.genblk1.genblk1.genblk1.genblk1.genblk1.genblk1.genblk1.lut1.genblk1.genblk1.genblk1.genblk1.genblk1.genblk1.genblk1.lut1.genblk1.genblk1.genblk1.genblk1.genblk1.genblk1.lut0.genblk1.genblk1.genblk1.genblk1.genblk1.lut0 (4 -> 0)
  Optimizing lut $abc$46313$lut$aiger46312$3360.genblk1.genblk1.genblk1.genblk1.genblk1.genblk1.genblk1.genblk1.lut0.genblk1.genblk1.genblk1.genblk1.genblk1.genblk1.genblk1.lut0.genblk1.genblk1.genblk1.genblk1.genblk1.genblk1.lut1.genblk1.genblk1.genblk1.genblk1.genblk1.lut0 (4 -> 0)
  Optimizing lut $abc$46313$lut$aiger46312$3360.genblk1.genblk1.genblk1.genblk1.genblk1.genblk1.genblk1.genblk1.lut0.genblk1.genblk1.genblk1.genblk1.genblk1.genblk1.genblk1.lut0.genblk1.genblk1.genblk1.genblk1.genblk1.genblk1.lut0.genblk1.genblk1.genblk1.genblk1.genblk1.lut0 (4 -> 0)
  Optimizing lut $abc$46313$lut$aiger46312$3360.genblk1.genblk1.genblk1.genblk1.genblk1.genblk1.genblk1.genblk1.lut0.genblk1.genblk1.genblk1.genblk1.genblk1.genblk1.genblk1.lut1.genblk1.genblk1.genblk1.genblk1.genblk1.genblk1.lut1.genblk1.genblk1.genblk1.genblk1.genblk1.lut0 (4 -> 1)
  Optimizing lut $abc$46313$lut$aiger46312$3360.genblk1.genblk1.genblk1.genblk1.genblk1.genblk1.genblk1.genblk1.lut0.genblk1.genblk1.genblk1.genblk1.genblk1.genblk1.genblk1.lut1.genblk1.genblk1.genblk1.genblk1.genblk1.genblk1.lut0.genblk1.genblk1.genblk1.genblk1.genblk1.lut0 (4 -> 0)
  Optimizing lut $abc$46313$lut$aiger46312$3375.genblk1.genblk1.genblk1.genblk1.genblk1.genblk1.genblk1.genblk1.lut1.genblk1.genblk1.genblk1.genblk1.genblk1.genblk1.genblk1.lut0.genblk1.genblk1.genblk1.genblk1.genblk1.genblk1.lut1.genblk1.genblk1.genblk1.genblk1.genblk1.lut0 (4 -> 1)
  Optimizing lut $abc$46313$lut$aiger46312$3375.genblk1.genblk1.genblk1.genblk1.genblk1.genblk1.genblk1.genblk1.lut1.genblk1.genblk1.genblk1.genblk1.genblk1.genblk1.genblk1.lut0.genblk1.genblk1.genblk1.genblk1.genblk1.genblk1.lut0.genblk1.genblk1.genblk1.genblk1.genblk1.lut0 (4 -> 0)
  Optimizing lut $abc$46313$lut$aiger46312$3375.genblk1.genblk1.genblk1.genblk1.genblk1.genblk1.genblk1.genblk1.lut1.genblk1.genblk1.genblk1.genblk1.genblk1.genblk1.genblk1.lut1.genblk1.genblk1.genblk1.genblk1.genblk1.genblk1.lut1.genblk1.genblk1.genblk1.genblk1.genblk1.lut0 (4 -> 0)
  Optimizing lut $abc$46313$lut$aiger46312$3375.genblk1.genblk1.genblk1.genblk1.genblk1.genblk1.genblk1.genblk1.lut1.genblk1.genblk1.genblk1.genblk1.genblk1.genblk1.genblk1.lut1.genblk1.genblk1.genblk1.genblk1.genblk1.genblk1.lut0.genblk1.genblk1.genblk1.genblk1.genblk1.lut0 (4 -> 0)
  Optimizing lut $abc$46313$lut$aiger46312$3375.genblk1.genblk1.genblk1.genblk1.genblk1.genblk1.genblk1.genblk1.lut0.genblk1.genblk1.genblk1.genblk1.genblk1.genblk1.genblk1.lut0.genblk1.genblk1.genblk1.genblk1.genblk1.genblk1.lut1.genblk1.genblk1.genblk1.genblk1.genblk1.lut0 (4 -> 0)
  Optimizing lut $abc$46313$lut$aiger46312$3375.genblk1.genblk1.genblk1.genblk1.genblk1.genblk1.genblk1.genblk1.lut0.genblk1.genblk1.genblk1.genblk1.genblk1.genblk1.genblk1.lut0.genblk1.genblk1.genblk1.genblk1.genblk1.genblk1.lut0.genblk1.genblk1.genblk1.genblk1.genblk1.lut0 (4 -> 1)
  Optimizing lut $abc$46313$lut$aiger46312$3375.genblk1.genblk1.genblk1.genblk1.genblk1.genblk1.genblk1.genblk1.lut0.genblk1.genblk1.genblk1.genblk1.genblk1.genblk1.genblk1.lut1.genblk1.genblk1.genblk1.genblk1.genblk1.genblk1.lut1.genblk1.genblk1.genblk1.genblk1.genblk1.lut0 (4 -> 0)
  Optimizing lut $abc$46313$lut$aiger46312$3375.genblk1.genblk1.genblk1.genblk1.genblk1.genblk1.genblk1.genblk1.lut0.genblk1.genblk1.genblk1.genblk1.genblk1.genblk1.genblk1.lut1.genblk1.genblk1.genblk1.genblk1.genblk1.genblk1.lut0.genblk1.genblk1.genblk1.genblk1.genblk1.lut0 (4 -> 0)
  Optimizing lut $abc$46313$lut$aiger46312$3392.genblk1.genblk1.genblk1.genblk1.genblk1.genblk1.genblk1.genblk1.lut1.genblk1.genblk1.genblk1.genblk1.genblk1.genblk1.genblk1.lut0.genblk1.genblk1.genblk1.genblk1.genblk1.genblk1.lut1.genblk1.genblk1.genblk1.genblk1.genblk1.lut0 (4 -> 0)
  Optimizing lut $abc$46313$lut$aiger46312$3392.genblk1.genblk1.genblk1.genblk1.genblk1.genblk1.genblk1.genblk1.lut1.genblk1.genblk1.genblk1.genblk1.genblk1.genblk1.genblk1.lut0.genblk1.genblk1.genblk1.genblk1.genblk1.genblk1.lut0.genblk1.genblk1.genblk1.genblk1.genblk1.lut0 (4 -> 0)
  Optimizing lut $abc$46313$lut$aiger46312$3392.genblk1.genblk1.genblk1.genblk1.genblk1.genblk1.genblk1.genblk1.lut1.genblk1.genblk1.genblk1.genblk1.genblk1.genblk1.genblk1.lut1.genblk1.genblk1.genblk1.genblk1.genblk1.genblk1.lut1.genblk1.genblk1.genblk1.genblk1.genblk1.lut0 (4 -> 0)
  Optimizing lut $abc$46313$lut$aiger46312$3392.genblk1.genblk1.genblk1.genblk1.genblk1.genblk1.genblk1.genblk1.lut1.genblk1.genblk1.genblk1.genblk1.genblk1.genblk1.genblk1.lut1.genblk1.genblk1.genblk1.genblk1.genblk1.genblk1.lut0.genblk1.genblk1.genblk1.genblk1.genblk1.lut0 (4 -> 1)
  Optimizing lut $abc$46313$lut$aiger46312$3392.genblk1.genblk1.genblk1.genblk1.genblk1.genblk1.genblk1.genblk1.lut0.genblk1.genblk1.genblk1.genblk1.genblk1.genblk1.genblk1.lut0.genblk1.genblk1.genblk1.genblk1.genblk1.genblk1.lut1.genblk1.genblk1.genblk1.genblk1.genblk1.lut0 (4 -> 1)
  Optimizing lut $abc$46313$lut$aiger46312$3392.genblk1.genblk1.genblk1.genblk1.genblk1.genblk1.genblk1.genblk1.lut0.genblk1.genblk1.genblk1.genblk1.genblk1.genblk1.genblk1.lut0.genblk1.genblk1.genblk1.genblk1.genblk1.genblk1.lut0.genblk1.genblk1.genblk1.genblk1.genblk1.lut0 (4 -> 0)
  Optimizing lut $abc$46313$lut$aiger46312$3392.genblk1.genblk1.genblk1.genblk1.genblk1.genblk1.genblk1.genblk1.lut0.genblk1.genblk1.genblk1.genblk1.genblk1.genblk1.genblk1.lut1.genblk1.genblk1.genblk1.genblk1.genblk1.genblk1.lut1.genblk1.genblk1.genblk1.genblk1.genblk1.lut0 (4 -> 0)
  Optimizing lut $abc$46313$lut$aiger46312$3392.genblk1.genblk1.genblk1.genblk1.genblk1.genblk1.genblk1.genblk1.lut0.genblk1.genblk1.genblk1.genblk1.genblk1.genblk1.genblk1.lut1.genblk1.genblk1.genblk1.genblk1.genblk1.genblk1.lut0.genblk1.genblk1.genblk1.genblk1.genblk1.lut0 (4 -> 1)
  Optimizing lut $abc$46313$lut$aiger46312$3406.genblk1.genblk1.genblk1.genblk1.genblk1.genblk1.genblk1.genblk1.lut1.genblk1.genblk1.genblk1.genblk1.genblk1.genblk1.genblk1.lut0.genblk1.genblk1.genblk1.genblk1.genblk1.genblk1.lut1.genblk1.genblk1.genblk1.genblk1.genblk1.lut0 (4 -> 0)
  Optimizing lut $abc$46313$lut$aiger46312$3406.genblk1.genblk1.genblk1.genblk1.genblk1.genblk1.genblk1.genblk1.lut1.genblk1.genblk1.genblk1.genblk1.genblk1.genblk1.genblk1.lut0.genblk1.genblk1.genblk1.genblk1.genblk1.genblk1.lut0.genblk1.genblk1.genblk1.genblk1.genblk1.lut0 (4 -> 1)
  Optimizing lut $abc$46313$lut$aiger46312$3406.genblk1.genblk1.genblk1.genblk1.genblk1.genblk1.genblk1.genblk1.lut1.genblk1.genblk1.genblk1.genblk1.genblk1.genblk1.genblk1.lut1.genblk1.genblk1.genblk1.genblk1.genblk1.genblk1.lut1.genblk1.genblk1.genblk1.genblk1.genblk1.lut0 (4 -> 1)
  Optimizing lut $abc$46313$lut$aiger46312$3406.genblk1.genblk1.genblk1.genblk1.genblk1.genblk1.genblk1.genblk1.lut1.genblk1.genblk1.genblk1.genblk1.genblk1.genblk1.genblk1.lut1.genblk1.genblk1.genblk1.genblk1.genblk1.genblk1.lut0.genblk1.genblk1.genblk1.genblk1.genblk1.lut0 (4 -> 0)
  Optimizing lut $abc$46313$lut$aiger46312$3406.genblk1.genblk1.genblk1.genblk1.genblk1.genblk1.genblk1.genblk1.lut0.genblk1.genblk1.genblk1.genblk1.genblk1.genblk1.genblk1.lut0.genblk1.genblk1.genblk1.genblk1.genblk1.genblk1.lut1.genblk1.genblk1.genblk1.genblk1.genblk1.lut0 (4 -> 0)
  Optimizing lut $abc$46313$lut$aiger46312$3406.genblk1.genblk1.genblk1.genblk1.genblk1.genblk1.genblk1.genblk1.lut0.genblk1.genblk1.genblk1.genblk1.genblk1.genblk1.genblk1.lut0.genblk1.genblk1.genblk1.genblk1.genblk1.genblk1.lut0.genblk1.genblk1.genblk1.genblk1.genblk1.lut0 (4 -> 0)
  Optimizing lut $abc$46313$lut$aiger46312$3406.genblk1.genblk1.genblk1.genblk1.genblk1.genblk1.genblk1.genblk1.lut0.genblk1.genblk1.genblk1.genblk1.genblk1.genblk1.genblk1.lut1.genblk1.genblk1.genblk1.genblk1.genblk1.genblk1.lut1.genblk1.genblk1.genblk1.genblk1.genblk1.lut0 (4 -> 0)
  Optimizing lut $abc$46313$lut$aiger46312$3406.genblk1.genblk1.genblk1.genblk1.genblk1.genblk1.genblk1.genblk1.lut0.genblk1.genblk1.genblk1.genblk1.genblk1.genblk1.genblk1.lut1.genblk1.genblk1.genblk1.genblk1.genblk1.genblk1.lut0.genblk1.genblk1.genblk1.genblk1.genblk1.lut0 (4 -> 0)
  Optimizing lut $abc$46313$lut$aiger46312$3242.genblk1.genblk1.genblk1.genblk1.genblk1.genblk1.genblk1.genblk1.lut1.genblk1.genblk1.genblk1.genblk1.genblk1.genblk1.genblk1.lut0.genblk1.genblk1.genblk1.genblk1.genblk1.genblk1.lut1.genblk1.genblk1.genblk1.genblk1.genblk1.lut0 (4 -> 0)
  Optimizing lut $abc$46313$lut$aiger46312$3242.genblk1.genblk1.genblk1.genblk1.genblk1.genblk1.genblk1.genblk1.lut1.genblk1.genblk1.genblk1.genblk1.genblk1.genblk1.genblk1.lut0.genblk1.genblk1.genblk1.genblk1.genblk1.genblk1.lut0.genblk1.genblk1.genblk1.genblk1.genblk1.lut0 (4 -> 0)
  Optimizing lut $abc$46313$lut$aiger46312$3242.genblk1.genblk1.genblk1.genblk1.genblk1.genblk1.genblk1.genblk1.lut1.genblk1.genblk1.genblk1.genblk1.genblk1.genblk1.genblk1.lut1.genblk1.genblk1.genblk1.genblk1.genblk1.genblk1.lut1.genblk1.genblk1.genblk1.genblk1.genblk1.lut0 (4 -> 0)
  Optimizing lut $abc$46313$lut$aiger46312$3242.genblk1.genblk1.genblk1.genblk1.genblk1.genblk1.genblk1.genblk1.lut1.genblk1.genblk1.genblk1.genblk1.genblk1.genblk1.genblk1.lut1.genblk1.genblk1.genblk1.genblk1.genblk1.genblk1.lut0.genblk1.genblk1.genblk1.genblk1.genblk1.lut0 (4 -> 0)
  Optimizing lut $abc$46313$lut$aiger46312$3242.genblk1.genblk1.genblk1.genblk1.genblk1.genblk1.genblk1.genblk1.lut0.genblk1.genblk1.genblk1.genblk1.genblk1.genblk1.genblk1.lut0.genblk1.genblk1.genblk1.genblk1.genblk1.genblk1.lut1.genblk1.genblk1.genblk1.genblk1.genblk1.lut0 (4 -> 0)
  Optimizing lut $abc$46313$lut$aiger46312$3242.genblk1.genblk1.genblk1.genblk1.genblk1.genblk1.genblk1.genblk1.lut0.genblk1.genblk1.genblk1.genblk1.genblk1.genblk1.genblk1.lut0.genblk1.genblk1.genblk1.genblk1.genblk1.genblk1.lut0.genblk1.genblk1.genblk1.genblk1.genblk1.lut0 (4 -> 0)
  Optimizing lut $abc$46313$lut$aiger46312$3242.genblk1.genblk1.genblk1.genblk1.genblk1.genblk1.genblk1.genblk1.lut0.genblk1.genblk1.genblk1.genblk1.genblk1.genblk1.genblk1.lut1.genblk1.genblk1.genblk1.genblk1.genblk1.genblk1.lut1.genblk1.genblk1.genblk1.genblk1.genblk1.lut0 (4 -> 0)
  Optimizing lut $abc$46313$lut$aiger46312$3242.genblk1.genblk1.genblk1.genblk1.genblk1.genblk1.genblk1.genblk1.lut0.genblk1.genblk1.genblk1.genblk1.genblk1.genblk1.genblk1.lut1.genblk1.genblk1.genblk1.genblk1.genblk1.genblk1.lut0.genblk1.genblk1.genblk1.genblk1.genblk1.lut0 (4 -> 0)
  Optimizing lut $abc$46313$lut$aiger46312$3257.genblk1.genblk1.genblk1.genblk1.genblk1.genblk1.genblk1.genblk1.lut1.genblk1.genblk1.genblk1.genblk1.genblk1.genblk1.genblk1.lut0.genblk1.genblk1.genblk1.genblk1.genblk1.genblk1.lut1.genblk1.genblk1.genblk1.genblk1.genblk1.lut0 (4 -> 0)
  Optimizing lut $abc$46313$lut$aiger46312$3257.genblk1.genblk1.genblk1.genblk1.genblk1.genblk1.genblk1.genblk1.lut1.genblk1.genblk1.genblk1.genblk1.genblk1.genblk1.genblk1.lut0.genblk1.genblk1.genblk1.genblk1.genblk1.genblk1.lut0.genblk1.genblk1.genblk1.genblk1.genblk1.lut0 (4 -> 0)
  Optimizing lut $abc$46313$lut$aiger46312$3257.genblk1.genblk1.genblk1.genblk1.genblk1.genblk1.genblk1.genblk1.lut1.genblk1.genblk1.genblk1.genblk1.genblk1.genblk1.genblk1.lut1.genblk1.genblk1.genblk1.genblk1.genblk1.genblk1.lut1.genblk1.genblk1.genblk1.genblk1.genblk1.lut0 (4 -> 1)
  Optimizing lut $abc$46313$lut$aiger46312$3257.genblk1.genblk1.genblk1.genblk1.genblk1.genblk1.genblk1.genblk1.lut1.genblk1.genblk1.genblk1.genblk1.genblk1.genblk1.genblk1.lut1.genblk1.genblk1.genblk1.genblk1.genblk1.genblk1.lut0.genblk1.genblk1.genblk1.genblk1.genblk1.lut0 (4 -> 1)
  Optimizing lut $abc$46313$lut$aiger46312$3257.genblk1.genblk1.genblk1.genblk1.genblk1.genblk1.genblk1.genblk1.lut0.genblk1.genblk1.genblk1.genblk1.genblk1.genblk1.genblk1.lut0.genblk1.genblk1.genblk1.genblk1.genblk1.genblk1.lut1.genblk1.genblk1.genblk1.genblk1.genblk1.lut0 (4 -> 0)
  Optimizing lut $abc$46313$lut$aiger46312$3257.genblk1.genblk1.genblk1.genblk1.genblk1.genblk1.genblk1.genblk1.lut0.genblk1.genblk1.genblk1.genblk1.genblk1.genblk1.genblk1.lut0.genblk1.genblk1.genblk1.genblk1.genblk1.genblk1.lut0.genblk1.genblk1.genblk1.genblk1.genblk1.lut0 (4 -> 0)
  Optimizing lut $abc$46313$lut$aiger46312$3257.genblk1.genblk1.genblk1.genblk1.genblk1.genblk1.genblk1.genblk1.lut0.genblk1.genblk1.genblk1.genblk1.genblk1.genblk1.genblk1.lut1.genblk1.genblk1.genblk1.genblk1.genblk1.genblk1.lut1.genblk1.genblk1.genblk1.genblk1.genblk1.lut0 (4 -> 0)
  Optimizing lut $abc$46313$lut$aiger46312$3257.genblk1.genblk1.genblk1.genblk1.genblk1.genblk1.genblk1.genblk1.lut0.genblk1.genblk1.genblk1.genblk1.genblk1.genblk1.genblk1.lut1.genblk1.genblk1.genblk1.genblk1.genblk1.genblk1.lut0.genblk1.genblk1.genblk1.genblk1.genblk1.lut0 (4 -> 0)
  Optimizing lut $abc$46313$lut$aiger46312$3274.genblk1.genblk1.genblk1.genblk1.genblk1.genblk1.genblk1.genblk1.lut1.genblk1.genblk1.genblk1.genblk1.genblk1.genblk1.genblk1.lut0.genblk1.genblk1.genblk1.genblk1.genblk1.genblk1.lut1.genblk1.genblk1.genblk1.genblk1.genblk1.lut0 (4 -> 1)
  Optimizing lut $abc$46313$lut$aiger46312$3274.genblk1.genblk1.genblk1.genblk1.genblk1.genblk1.genblk1.genblk1.lut1.genblk1.genblk1.genblk1.genblk1.genblk1.genblk1.genblk1.lut0.genblk1.genblk1.genblk1.genblk1.genblk1.genblk1.lut0.genblk1.genblk1.genblk1.genblk1.genblk1.lut0 (4 -> 0)
  Optimizing lut $abc$46313$lut$aiger46312$3274.genblk1.genblk1.genblk1.genblk1.genblk1.genblk1.genblk1.genblk1.lut1.genblk1.genblk1.genblk1.genblk1.genblk1.genblk1.genblk1.lut1.genblk1.genblk1.genblk1.genblk1.genblk1.genblk1.lut1.genblk1.genblk1.genblk1.genblk1.genblk1.lut0 (4 -> 0)
  Optimizing lut $abc$46313$lut$aiger46312$3274.genblk1.genblk1.genblk1.genblk1.genblk1.genblk1.genblk1.genblk1.lut1.genblk1.genblk1.genblk1.genblk1.genblk1.genblk1.genblk1.lut1.genblk1.genblk1.genblk1.genblk1.genblk1.genblk1.lut0.genblk1.genblk1.genblk1.genblk1.genblk1.lut0 (4 -> 0)
  Optimizing lut $abc$46313$lut$aiger46312$3274.genblk1.genblk1.genblk1.genblk1.genblk1.genblk1.genblk1.genblk1.lut0.genblk1.genblk1.genblk1.genblk1.genblk1.genblk1.genblk1.lut0.genblk1.genblk1.genblk1.genblk1.genblk1.genblk1.lut1.genblk1.genblk1.genblk1.genblk1.genblk1.lut0 (4 -> 1)
  Optimizing lut $abc$46313$lut$aiger46312$3274.genblk1.genblk1.genblk1.genblk1.genblk1.genblk1.genblk1.genblk1.lut0.genblk1.genblk1.genblk1.genblk1.genblk1.genblk1.genblk1.lut0.genblk1.genblk1.genblk1.genblk1.genblk1.genblk1.lut0.genblk1.genblk1.genblk1.genblk1.genblk1.lut0 (4 -> 0)
  Optimizing lut $abc$46313$lut$aiger46312$3274.genblk1.genblk1.genblk1.genblk1.genblk1.genblk1.genblk1.genblk1.lut0.genblk1.genblk1.genblk1.genblk1.genblk1.genblk1.genblk1.lut1.genblk1.genblk1.genblk1.genblk1.genblk1.genblk1.lut1.genblk1.genblk1.genblk1.genblk1.genblk1.lut0 (4 -> 0)
  Optimizing lut $abc$46313$lut$aiger46312$3274.genblk1.genblk1.genblk1.genblk1.genblk1.genblk1.genblk1.genblk1.lut0.genblk1.genblk1.genblk1.genblk1.genblk1.genblk1.genblk1.lut1.genblk1.genblk1.genblk1.genblk1.genblk1.genblk1.lut0.genblk1.genblk1.genblk1.genblk1.genblk1.lut0 (4 -> 0)
  Optimizing lut $abc$46313$lut$aiger46312$3287.genblk1.genblk1.genblk1.genblk1.genblk1.genblk1.genblk1.genblk1.lut1.genblk1.genblk1.genblk1.genblk1.genblk1.genblk1.genblk1.lut0.genblk1.genblk1.genblk1.genblk1.genblk1.genblk1.lut1.genblk1.genblk1.genblk1.genblk1.genblk1.lut0 (4 -> 0)
  Optimizing lut $abc$46313$lut$aiger46312$3287.genblk1.genblk1.genblk1.genblk1.genblk1.genblk1.genblk1.genblk1.lut1.genblk1.genblk1.genblk1.genblk1.genblk1.genblk1.genblk1.lut0.genblk1.genblk1.genblk1.genblk1.genblk1.genblk1.lut0.genblk1.genblk1.genblk1.genblk1.genblk1.lut0 (4 -> 1)
  Optimizing lut $abc$46313$lut$aiger46312$3287.genblk1.genblk1.genblk1.genblk1.genblk1.genblk1.genblk1.genblk1.lut1.genblk1.genblk1.genblk1.genblk1.genblk1.genblk1.genblk1.lut1.genblk1.genblk1.genblk1.genblk1.genblk1.genblk1.lut1.genblk1.genblk1.genblk1.genblk1.genblk1.lut0 (4 -> 0)
  Optimizing lut $abc$46313$lut$aiger46312$3287.genblk1.genblk1.genblk1.genblk1.genblk1.genblk1.genblk1.genblk1.lut1.genblk1.genblk1.genblk1.genblk1.genblk1.genblk1.genblk1.lut1.genblk1.genblk1.genblk1.genblk1.genblk1.genblk1.lut0.genblk1.genblk1.genblk1.genblk1.genblk1.lut0 (4 -> 0)
  Optimizing lut $abc$46313$lut$aiger46312$3287.genblk1.genblk1.genblk1.genblk1.genblk1.genblk1.genblk1.genblk1.lut0.genblk1.genblk1.genblk1.genblk1.genblk1.genblk1.genblk1.lut0.genblk1.genblk1.genblk1.genblk1.genblk1.genblk1.lut1.genblk1.genblk1.genblk1.genblk1.genblk1.lut0 (4 -> 0)
  Optimizing lut $abc$46313$lut$aiger46312$3287.genblk1.genblk1.genblk1.genblk1.genblk1.genblk1.genblk1.genblk1.lut0.genblk1.genblk1.genblk1.genblk1.genblk1.genblk1.genblk1.lut0.genblk1.genblk1.genblk1.genblk1.genblk1.genblk1.lut0.genblk1.genblk1.genblk1.genblk1.genblk1.lut0 (4 -> 1)
  Optimizing lut $abc$46313$lut$aiger46312$3287.genblk1.genblk1.genblk1.genblk1.genblk1.genblk1.genblk1.genblk1.lut0.genblk1.genblk1.genblk1.genblk1.genblk1.genblk1.genblk1.lut1.genblk1.genblk1.genblk1.genblk1.genblk1.genblk1.lut1.genblk1.genblk1.genblk1.genblk1.genblk1.lut0 (4 -> 1)
  Optimizing lut $abc$46313$lut$aiger46312$3287.genblk1.genblk1.genblk1.genblk1.genblk1.genblk1.genblk1.genblk1.lut0.genblk1.genblk1.genblk1.genblk1.genblk1.genblk1.genblk1.lut1.genblk1.genblk1.genblk1.genblk1.genblk1.genblk1.lut0.genblk1.genblk1.genblk1.genblk1.genblk1.lut0 (4 -> 1)
  Optimizing lut $abc$46313$lut$aiger46312$3451.genblk1.genblk1.genblk1.genblk1.genblk1.genblk1.genblk1.genblk1.lut1.genblk1.genblk1.genblk1.genblk1.genblk1.genblk1.genblk1.lut0.genblk1.genblk1.genblk1.genblk1.genblk1.genblk1.lut1.genblk1.genblk1.genblk1.genblk1.genblk1.lut0 (4 -> 1)
  Optimizing lut $abc$46313$lut$aiger46312$3451.genblk1.genblk1.genblk1.genblk1.genblk1.genblk1.genblk1.genblk1.lut1.genblk1.genblk1.genblk1.genblk1.genblk1.genblk1.genblk1.lut0.genblk1.genblk1.genblk1.genblk1.genblk1.genblk1.lut0.genblk1.genblk1.genblk1.genblk1.genblk1.lut0 (4 -> 0)
  Optimizing lut $abc$46313$lut$aiger46312$3451.genblk1.genblk1.genblk1.genblk1.genblk1.genblk1.genblk1.genblk1.lut1.genblk1.genblk1.genblk1.genblk1.genblk1.genblk1.genblk1.lut1.genblk1.genblk1.genblk1.genblk1.genblk1.genblk1.lut1.genblk1.genblk1.genblk1.genblk1.genblk1.lut0 (4 -> 0)
  Optimizing lut $abc$46313$lut$aiger46312$3451.genblk1.genblk1.genblk1.genblk1.genblk1.genblk1.genblk1.genblk1.lut1.genblk1.genblk1.genblk1.genblk1.genblk1.genblk1.genblk1.lut1.genblk1.genblk1.genblk1.genblk1.genblk1.genblk1.lut0.genblk1.genblk1.genblk1.genblk1.genblk1.lut0 (4 -> 0)
  Optimizing lut $abc$46313$lut$aiger46312$3451.genblk1.genblk1.genblk1.genblk1.genblk1.genblk1.genblk1.genblk1.lut0.genblk1.genblk1.genblk1.genblk1.genblk1.genblk1.genblk1.lut0.genblk1.genblk1.genblk1.genblk1.genblk1.genblk1.lut1.genblk1.genblk1.genblk1.genblk1.genblk1.lut0 (4 -> 0)
  Optimizing lut $abc$46313$lut$aiger46312$3451.genblk1.genblk1.genblk1.genblk1.genblk1.genblk1.genblk1.genblk1.lut0.genblk1.genblk1.genblk1.genblk1.genblk1.genblk1.genblk1.lut0.genblk1.genblk1.genblk1.genblk1.genblk1.genblk1.lut0.genblk1.genblk1.genblk1.genblk1.genblk1.lut0 (4 -> 0)
  Optimizing lut $abc$46313$lut$aiger46312$3451.genblk1.genblk1.genblk1.genblk1.genblk1.genblk1.genblk1.genblk1.lut0.genblk1.genblk1.genblk1.genblk1.genblk1.genblk1.genblk1.lut1.genblk1.genblk1.genblk1.genblk1.genblk1.genblk1.lut1.genblk1.genblk1.genblk1.genblk1.genblk1.lut0 (4 -> 0)
  Optimizing lut $abc$46313$lut$aiger46312$3451.genblk1.genblk1.genblk1.genblk1.genblk1.genblk1.genblk1.genblk1.lut0.genblk1.genblk1.genblk1.genblk1.genblk1.genblk1.genblk1.lut1.genblk1.genblk1.genblk1.genblk1.genblk1.genblk1.lut0.genblk1.genblk1.genblk1.genblk1.genblk1.lut0 (4 -> 1)
  Optimizing lut $abc$46313$lut$aiger46312$3464.genblk1.genblk1.genblk1.genblk1.genblk1.genblk1.genblk1.genblk1.lut1.genblk1.genblk1.genblk1.genblk1.genblk1.genblk1.genblk1.lut0.genblk1.genblk1.genblk1.genblk1.genblk1.genblk1.lut1.genblk1.genblk1.genblk1.genblk1.genblk1.lut0 (4 -> 0)
  Optimizing lut $abc$46313$lut$aiger46312$3464.genblk1.genblk1.genblk1.genblk1.genblk1.genblk1.genblk1.genblk1.lut1.genblk1.genblk1.genblk1.genblk1.genblk1.genblk1.genblk1.lut0.genblk1.genblk1.genblk1.genblk1.genblk1.genblk1.lut0.genblk1.genblk1.genblk1.genblk1.genblk1.lut0 (4 -> 0)
  Optimizing lut $abc$46313$lut$aiger46312$3464.genblk1.genblk1.genblk1.genblk1.genblk1.genblk1.genblk1.genblk1.lut1.genblk1.genblk1.genblk1.genblk1.genblk1.genblk1.genblk1.lut1.genblk1.genblk1.genblk1.genblk1.genblk1.genblk1.lut1.genblk1.genblk1.genblk1.genblk1.genblk1.lut0 (4 -> 0)
  Optimizing lut $abc$46313$lut$aiger46312$3464.genblk1.genblk1.genblk1.genblk1.genblk1.genblk1.genblk1.genblk1.lut1.genblk1.genblk1.genblk1.genblk1.genblk1.genblk1.genblk1.lut1.genblk1.genblk1.genblk1.genblk1.genblk1.genblk1.lut0.genblk1.genblk1.genblk1.genblk1.genblk1.lut0 (4 -> 0)
  Optimizing lut $abc$46313$lut$aiger46312$3464.genblk1.genblk1.genblk1.genblk1.genblk1.genblk1.genblk1.genblk1.lut0.genblk1.genblk1.genblk1.genblk1.genblk1.genblk1.genblk1.lut0.genblk1.genblk1.genblk1.genblk1.genblk1.genblk1.lut1.genblk1.genblk1.genblk1.genblk1.genblk1.lut0 (4 -> 1)
  Optimizing lut $abc$46313$lut$aiger46312$3464.genblk1.genblk1.genblk1.genblk1.genblk1.genblk1.genblk1.genblk1.lut0.genblk1.genblk1.genblk1.genblk1.genblk1.genblk1.genblk1.lut0.genblk1.genblk1.genblk1.genblk1.genblk1.genblk1.lut0.genblk1.genblk1.genblk1.genblk1.genblk1.lut0 (4 -> 1)
  Optimizing lut $abc$46313$lut$aiger46312$3464.genblk1.genblk1.genblk1.genblk1.genblk1.genblk1.genblk1.genblk1.lut0.genblk1.genblk1.genblk1.genblk1.genblk1.genblk1.genblk1.lut1.genblk1.genblk1.genblk1.genblk1.genblk1.genblk1.lut1.genblk1.genblk1.genblk1.genblk1.genblk1.lut0 (4 -> 0)
  Optimizing lut $abc$46313$lut$aiger46312$3464.genblk1.genblk1.genblk1.genblk1.genblk1.genblk1.genblk1.genblk1.lut0.genblk1.genblk1.genblk1.genblk1.genblk1.genblk1.genblk1.lut1.genblk1.genblk1.genblk1.genblk1.genblk1.genblk1.lut0.genblk1.genblk1.genblk1.genblk1.genblk1.lut0 (4 -> 0)
  Optimizing lut $abc$46313$lut$aiger46312$3480.genblk1.genblk1.genblk1.genblk1.genblk1.genblk1.genblk1.genblk1.lut1.genblk1.genblk1.genblk1.genblk1.genblk1.genblk1.genblk1.lut0.genblk1.genblk1.genblk1.genblk1.genblk1.genblk1.lut1.genblk1.genblk1.genblk1.genblk1.genblk1.lut0 (4 -> 0)
  Optimizing lut $abc$46313$lut$aiger46312$3480.genblk1.genblk1.genblk1.genblk1.genblk1.genblk1.genblk1.genblk1.lut1.genblk1.genblk1.genblk1.genblk1.genblk1.genblk1.genblk1.lut0.genblk1.genblk1.genblk1.genblk1.genblk1.genblk1.lut0.genblk1.genblk1.genblk1.genblk1.genblk1.lut0 (4 -> 1)
  Optimizing lut $abc$46313$lut$aiger46312$3480.genblk1.genblk1.genblk1.genblk1.genblk1.genblk1.genblk1.genblk1.lut1.genblk1.genblk1.genblk1.genblk1.genblk1.genblk1.genblk1.lut1.genblk1.genblk1.genblk1.genblk1.genblk1.genblk1.lut1.genblk1.genblk1.genblk1.genblk1.genblk1.lut0 (4 -> 0)
  Optimizing lut $abc$46313$lut$aiger46312$3480.genblk1.genblk1.genblk1.genblk1.genblk1.genblk1.genblk1.genblk1.lut1.genblk1.genblk1.genblk1.genblk1.genblk1.genblk1.genblk1.lut1.genblk1.genblk1.genblk1.genblk1.genblk1.genblk1.lut0.genblk1.genblk1.genblk1.genblk1.genblk1.lut0 (4 -> 0)
  Optimizing lut $abc$46313$lut$aiger46312$3480.genblk1.genblk1.genblk1.genblk1.genblk1.genblk1.genblk1.genblk1.lut0.genblk1.genblk1.genblk1.genblk1.genblk1.genblk1.genblk1.lut0.genblk1.genblk1.genblk1.genblk1.genblk1.genblk1.lut1.genblk1.genblk1.genblk1.genblk1.genblk1.lut0 (4 -> 0)
  Optimizing lut $abc$46313$lut$aiger46312$3480.genblk1.genblk1.genblk1.genblk1.genblk1.genblk1.genblk1.genblk1.lut0.genblk1.genblk1.genblk1.genblk1.genblk1.genblk1.genblk1.lut0.genblk1.genblk1.genblk1.genblk1.genblk1.genblk1.lut0.genblk1.genblk1.genblk1.genblk1.genblk1.lut0 (4 -> 0)
  Optimizing lut $abc$46313$lut$aiger46312$3480.genblk1.genblk1.genblk1.genblk1.genblk1.genblk1.genblk1.genblk1.lut0.genblk1.genblk1.genblk1.genblk1.genblk1.genblk1.genblk1.lut1.genblk1.genblk1.genblk1.genblk1.genblk1.genblk1.lut1.genblk1.genblk1.genblk1.genblk1.genblk1.lut0 (4 -> 0)
  Optimizing lut $abc$46313$lut$aiger46312$3480.genblk1.genblk1.genblk1.genblk1.genblk1.genblk1.genblk1.genblk1.lut0.genblk1.genblk1.genblk1.genblk1.genblk1.genblk1.genblk1.lut1.genblk1.genblk1.genblk1.genblk1.genblk1.genblk1.lut0.genblk1.genblk1.genblk1.genblk1.genblk1.lut0 (4 -> 0)
  Optimizing lut $abc$46313$lut$aiger46312$3493.genblk1.genblk1.genblk1.genblk1.genblk1.genblk1.genblk1.genblk1.lut1.genblk1.genblk1.genblk1.genblk1.genblk1.genblk1.genblk1.lut0.genblk1.genblk1.genblk1.genblk1.genblk1.genblk1.lut1.genblk1.genblk1.genblk1.genblk1.genblk1.lut0 (4 -> 0)
  Optimizing lut $abc$46313$lut$aiger46312$3493.genblk1.genblk1.genblk1.genblk1.genblk1.genblk1.genblk1.genblk1.lut1.genblk1.genblk1.genblk1.genblk1.genblk1.genblk1.genblk1.lut0.genblk1.genblk1.genblk1.genblk1.genblk1.genblk1.lut0.genblk1.genblk1.genblk1.genblk1.genblk1.lut0 (4 -> 0)
  Optimizing lut $abc$46313$lut$aiger46312$3493.genblk1.genblk1.genblk1.genblk1.genblk1.genblk1.genblk1.genblk1.lut1.genblk1.genblk1.genblk1.genblk1.genblk1.genblk1.genblk1.lut1.genblk1.genblk1.genblk1.genblk1.genblk1.genblk1.lut1.genblk1.genblk1.genblk1.genblk1.genblk1.lut0 (4 -> 1)
  Optimizing lut $abc$46313$lut$aiger46312$3493.genblk1.genblk1.genblk1.genblk1.genblk1.genblk1.genblk1.genblk1.lut1.genblk1.genblk1.genblk1.genblk1.genblk1.genblk1.genblk1.lut1.genblk1.genblk1.genblk1.genblk1.genblk1.genblk1.lut0.genblk1.genblk1.genblk1.genblk1.genblk1.lut0 (4 -> 1)
  Optimizing lut $abc$46313$lut$aiger46312$3493.genblk1.genblk1.genblk1.genblk1.genblk1.genblk1.genblk1.genblk1.lut0.genblk1.genblk1.genblk1.genblk1.genblk1.genblk1.genblk1.lut0.genblk1.genblk1.genblk1.genblk1.genblk1.genblk1.lut1.genblk1.genblk1.genblk1.genblk1.genblk1.lut0 (4 -> 0)
  Optimizing lut $abc$46313$lut$aiger46312$3493.genblk1.genblk1.genblk1.genblk1.genblk1.genblk1.genblk1.genblk1.lut0.genblk1.genblk1.genblk1.genblk1.genblk1.genblk1.genblk1.lut0.genblk1.genblk1.genblk1.genblk1.genblk1.genblk1.lut0.genblk1.genblk1.genblk1.genblk1.genblk1.lut0 (4 -> 0)
  Optimizing lut $abc$46313$lut$aiger46312$3493.genblk1.genblk1.genblk1.genblk1.genblk1.genblk1.genblk1.genblk1.lut0.genblk1.genblk1.genblk1.genblk1.genblk1.genblk1.genblk1.lut1.genblk1.genblk1.genblk1.genblk1.genblk1.genblk1.lut1.genblk1.genblk1.genblk1.genblk1.genblk1.lut0 (4 -> 1)
  Optimizing lut $abc$46313$lut$aiger46312$3493.genblk1.genblk1.genblk1.genblk1.genblk1.genblk1.genblk1.genblk1.lut0.genblk1.genblk1.genblk1.genblk1.genblk1.genblk1.genblk1.lut1.genblk1.genblk1.genblk1.genblk1.genblk1.genblk1.lut0.genblk1.genblk1.genblk1.genblk1.genblk1.lut0 (4 -> 0)
  Optimizing lut $abc$46313$lut$aiger46312$7428.genblk1.genblk1.genblk1.genblk1.genblk1.genblk1.genblk1.genblk1.lut1.genblk1.genblk1.genblk1.genblk1.genblk1.genblk1.genblk1.lut0.genblk1.genblk1.genblk1.genblk1.genblk1.genblk1.lut0.genblk1.genblk1.genblk1.genblk1.genblk1.lut0 (4 -> 2)
  Optimizing lut $abc$46313$lut$aiger46312$7428.genblk1.genblk1.genblk1.genblk1.genblk1.genblk1.genblk1.genblk1.lut1.genblk1.genblk1.genblk1.genblk1.genblk1.genblk1.genblk1.lut1.genblk1.genblk1.genblk1.genblk1.genblk1.genblk1.lut1.genblk1.genblk1.genblk1.genblk1.genblk1.lut0 (4 -> 0)
  Optimizing lut $abc$46313$lut$aiger46312$7428.genblk1.genblk1.genblk1.genblk1.genblk1.genblk1.genblk1.genblk1.lut1.genblk1.genblk1.genblk1.genblk1.genblk1.genblk1.genblk1.lut1.genblk1.genblk1.genblk1.genblk1.genblk1.genblk1.lut0.genblk1.genblk1.genblk1.genblk1.genblk1.lut0 (4 -> 0)
  Optimizing lut $abc$46313$lut$aiger46312$7428.genblk1.genblk1.genblk1.genblk1.genblk1.genblk1.genblk1.genblk1.lut0.genblk1.genblk1.genblk1.genblk1.genblk1.genblk1.genblk1.lut0.genblk1.genblk1.genblk1.genblk1.genblk1.genblk1.lut1.genblk1.genblk1.genblk1.genblk1.genblk1.lut0 (4 -> 3)
  Optimizing lut $abc$46313$lut$aiger46312$7428.genblk1.genblk1.genblk1.genblk1.genblk1.genblk1.genblk1.genblk1.lut0.genblk1.genblk1.genblk1.genblk1.genblk1.genblk1.genblk1.lut0.genblk1.genblk1.genblk1.genblk1.genblk1.genblk1.lut0.genblk1.genblk1.genblk1.genblk1.genblk1.lut0 (4 -> 3)
  Optimizing lut $abc$46313$lut$aiger46312$7428.genblk1.genblk1.genblk1.genblk1.genblk1.genblk1.genblk1.genblk1.lut0.genblk1.genblk1.genblk1.genblk1.genblk1.genblk1.genblk1.lut1.genblk1.genblk1.genblk1.genblk1.genblk1.genblk1.lut1.genblk1.genblk1.genblk1.genblk1.genblk1.lut0 (4 -> 2)
  Optimizing lut $abc$46313$lut$aiger46312$7428.genblk1.genblk1.genblk1.genblk1.genblk1.genblk1.genblk1.genblk1.lut0.genblk1.genblk1.genblk1.genblk1.genblk1.genblk1.genblk1.lut1.genblk1.genblk1.genblk1.genblk1.genblk1.genblk1.lut0.genblk1.genblk1.genblk1.genblk1.genblk1.lut0 (4 -> 2)
  Optimizing lut $abc$46313$lut$aiger46312$7463.genblk1.genblk1.genblk1.genblk1.genblk1.genblk1.genblk1.genblk1.lut1.genblk1.genblk1.genblk1.genblk1.genblk1.genblk1.genblk1.lut0.genblk1.genblk1.genblk1.genblk1.genblk1.genblk1.lut1.genblk1.genblk1.genblk1.genblk1.genblk1.lut0 (4 -> 2)
  Optimizing lut $abc$46313$lut$aiger46312$7463.genblk1.genblk1.genblk1.genblk1.genblk1.genblk1.genblk1.genblk1.lut1.genblk1.genblk1.genblk1.genblk1.genblk1.genblk1.genblk1.lut0.genblk1.genblk1.genblk1.genblk1.genblk1.genblk1.lut0.genblk1.genblk1.genblk1.genblk1.genblk1.lut0 (4 -> 2)
  Optimizing lut $abc$46313$lut$aiger46312$7463.genblk1.genblk1.genblk1.genblk1.genblk1.genblk1.genblk1.genblk1.lut1.genblk1.genblk1.genblk1.genblk1.genblk1.genblk1.genblk1.lut1.genblk1.genblk1.genblk1.genblk1.genblk1.genblk1.lut1.genblk1.genblk1.genblk1.genblk1.genblk1.lut0 (4 -> 1)
  Optimizing lut $abc$46313$lut$aiger46312$7463.genblk1.genblk1.genblk1.genblk1.genblk1.genblk1.genblk1.genblk1.lut1.genblk1.genblk1.genblk1.genblk1.genblk1.genblk1.genblk1.lut1.genblk1.genblk1.genblk1.genblk1.genblk1.genblk1.lut0.genblk1.genblk1.genblk1.genblk1.genblk1.lut0 (4 -> 1)
  Optimizing lut $abc$46313$lut$aiger46312$7463.genblk1.genblk1.genblk1.genblk1.genblk1.genblk1.genblk1.genblk1.lut0.genblk1.genblk1.genblk1.genblk1.genblk1.genblk1.genblk1.lut0.genblk1.genblk1.genblk1.genblk1.genblk1.genblk1.lut1.genblk1.genblk1.genblk1.genblk1.genblk1.lut0 (4 -> 2)
  Optimizing lut $abc$46313$lut$aiger46312$7463.genblk1.genblk1.genblk1.genblk1.genblk1.genblk1.genblk1.genblk1.lut0.genblk1.genblk1.genblk1.genblk1.genblk1.genblk1.genblk1.lut0.genblk1.genblk1.genblk1.genblk1.genblk1.genblk1.lut0.genblk1.genblk1.genblk1.genblk1.genblk1.lut0 (4 -> 2)
  Optimizing lut $abc$46313$lut$aiger46312$7463.genblk1.genblk1.genblk1.genblk1.genblk1.genblk1.genblk1.genblk1.lut0.genblk1.genblk1.genblk1.genblk1.genblk1.genblk1.genblk1.lut1.genblk1.genblk1.genblk1.genblk1.genblk1.genblk1.lut1.genblk1.genblk1.genblk1.genblk1.genblk1.lut0 (4 -> 1)
  Optimizing lut $abc$46313$lut$aiger46312$7463.genblk1.genblk1.genblk1.genblk1.genblk1.genblk1.genblk1.genblk1.lut0.genblk1.genblk1.genblk1.genblk1.genblk1.genblk1.genblk1.lut1.genblk1.genblk1.genblk1.genblk1.genblk1.genblk1.lut0.genblk1.genblk1.genblk1.genblk1.genblk1.lut0 (4 -> 1)
  Optimizing lut $abc$46313$lut$aiger46312$6553.genblk1.genblk1.genblk1.genblk1.genblk1.genblk1.genblk1.genblk1.lut1.genblk1.genblk1.genblk1.genblk1.genblk1.genblk1.genblk1.lut0.genblk1.genblk1.genblk1.genblk1.genblk1.genblk1.lut1.genblk1.genblk1.genblk1.genblk1.genblk1.lut0 (4 -> 0)
  Optimizing lut $abc$46313$lut$aiger46312$6553.genblk1.genblk1.genblk1.genblk1.genblk1.genblk1.genblk1.genblk1.lut1.genblk1.genblk1.genblk1.genblk1.genblk1.genblk1.genblk1.lut0.genblk1.genblk1.genblk1.genblk1.genblk1.genblk1.lut0.genblk1.genblk1.genblk1.genblk1.genblk1.lut0 (4 -> 0)
  Optimizing lut $abc$46313$lut$aiger46312$6553.genblk1.genblk1.genblk1.genblk1.genblk1.genblk1.genblk1.genblk1.lut1.genblk1.genblk1.genblk1.genblk1.genblk1.genblk1.genblk1.lut1.genblk1.genblk1.genblk1.genblk1.genblk1.genblk1.lut1.genblk1.genblk1.genblk1.genblk1.genblk1.lut0 (4 -> 0)
  Optimizing lut $abc$46313$lut$aiger46312$6553.genblk1.genblk1.genblk1.genblk1.genblk1.genblk1.genblk1.genblk1.lut1.genblk1.genblk1.genblk1.genblk1.genblk1.genblk1.genblk1.lut1.genblk1.genblk1.genblk1.genblk1.genblk1.genblk1.lut0.genblk1.genblk1.genblk1.genblk1.genblk1.lut0 (4 -> 0)
  Optimizing lut $abc$46313$lut$aiger46312$6553.genblk1.genblk1.genblk1.genblk1.genblk1.genblk1.genblk1.genblk1.lut0.genblk1.genblk1.genblk1.genblk1.genblk1.genblk1.genblk1.lut0.genblk1.genblk1.genblk1.genblk1.genblk1.genblk1.lut1.genblk1.genblk1.genblk1.genblk1.genblk1.lut0 (4 -> 0)
  Optimizing lut $abc$46313$lut$aiger46312$6553.genblk1.genblk1.genblk1.genblk1.genblk1.genblk1.genblk1.genblk1.lut0.genblk1.genblk1.genblk1.genblk1.genblk1.genblk1.genblk1.lut0.genblk1.genblk1.genblk1.genblk1.genblk1.genblk1.lut0.genblk1.genblk1.genblk1.genblk1.genblk1.lut0 (4 -> 1)
  Optimizing lut $abc$46313$lut$aiger46312$6553.genblk1.genblk1.genblk1.genblk1.genblk1.genblk1.genblk1.genblk1.lut0.genblk1.genblk1.genblk1.genblk1.genblk1.genblk1.genblk1.lut1.genblk1.genblk1.genblk1.genblk1.genblk1.genblk1.lut1.genblk1.genblk1.genblk1.genblk1.genblk1.lut0 (4 -> 0)
  Optimizing lut $abc$46313$lut$aiger46312$6553.genblk1.genblk1.genblk1.genblk1.genblk1.genblk1.genblk1.genblk1.lut0.genblk1.genblk1.genblk1.genblk1.genblk1.genblk1.genblk1.lut1.genblk1.genblk1.genblk1.genblk1.genblk1.genblk1.lut0.genblk1.genblk1.genblk1.genblk1.genblk1.lut0 (4 -> 0)
  Optimizing lut $abc$46313$lut$aiger46312$6564.genblk1.genblk1.genblk1.genblk1.genblk1.genblk1.genblk1.genblk1.lut1.genblk1.genblk1.genblk1.genblk1.genblk1.genblk1.genblk1.lut0.genblk1.genblk1.genblk1.genblk1.genblk1.genblk1.lut1.genblk1.genblk1.genblk1.genblk1.genblk1.lut0 (4 -> 0)
  Optimizing lut $abc$46313$lut$aiger46312$6564.genblk1.genblk1.genblk1.genblk1.genblk1.genblk1.genblk1.genblk1.lut1.genblk1.genblk1.genblk1.genblk1.genblk1.genblk1.genblk1.lut0.genblk1.genblk1.genblk1.genblk1.genblk1.genblk1.lut0.genblk1.genblk1.genblk1.genblk1.genblk1.lut0 (4 -> 0)
  Optimizing lut $abc$46313$lut$aiger46312$6564.genblk1.genblk1.genblk1.genblk1.genblk1.genblk1.genblk1.genblk1.lut1.genblk1.genblk1.genblk1.genblk1.genblk1.genblk1.genblk1.lut1.genblk1.genblk1.genblk1.genblk1.genblk1.genblk1.lut1.genblk1.genblk1.genblk1.genblk1.genblk1.lut0 (4 -> 0)
  Optimizing lut $abc$46313$lut$aiger46312$6564.genblk1.genblk1.genblk1.genblk1.genblk1.genblk1.genblk1.genblk1.lut1.genblk1.genblk1.genblk1.genblk1.genblk1.genblk1.genblk1.lut1.genblk1.genblk1.genblk1.genblk1.genblk1.genblk1.lut0.genblk1.genblk1.genblk1.genblk1.genblk1.lut0 (4 -> 0)
  Optimizing lut $abc$46313$lut$aiger46312$6564.genblk1.genblk1.genblk1.genblk1.genblk1.genblk1.genblk1.genblk1.lut0.genblk1.genblk1.genblk1.genblk1.genblk1.genblk1.genblk1.lut0.genblk1.genblk1.genblk1.genblk1.genblk1.genblk1.lut1.genblk1.genblk1.genblk1.genblk1.genblk1.lut0 (4 -> 0)
  Optimizing lut $abc$46313$lut$aiger46312$6564.genblk1.genblk1.genblk1.genblk1.genblk1.genblk1.genblk1.genblk1.lut0.genblk1.genblk1.genblk1.genblk1.genblk1.genblk1.genblk1.lut0.genblk1.genblk1.genblk1.genblk1.genblk1.genblk1.lut0.genblk1.genblk1.genblk1.genblk1.genblk1.lut0 (4 -> 0)
  Optimizing lut $abc$46313$lut$aiger46312$6564.genblk1.genblk1.genblk1.genblk1.genblk1.genblk1.genblk1.genblk1.lut0.genblk1.genblk1.genblk1.genblk1.genblk1.genblk1.genblk1.lut1.genblk1.genblk1.genblk1.genblk1.genblk1.genblk1.lut1.genblk1.genblk1.genblk1.genblk1.genblk1.lut0 (4 -> 1)
  Optimizing lut $abc$46313$lut$aiger46312$6564.genblk1.genblk1.genblk1.genblk1.genblk1.genblk1.genblk1.genblk1.lut0.genblk1.genblk1.genblk1.genblk1.genblk1.genblk1.genblk1.lut1.genblk1.genblk1.genblk1.genblk1.genblk1.genblk1.lut0.genblk1.genblk1.genblk1.genblk1.genblk1.lut0 (4 -> 1)
  Optimizing lut $abc$46313$lut$aiger46312$6576.genblk1.genblk1.genblk1.genblk1.genblk1.genblk1.genblk1.genblk1.lut1.genblk1.genblk1.genblk1.genblk1.genblk1.genblk1.genblk1.lut0.genblk1.genblk1.genblk1.genblk1.genblk1.genblk1.lut1.genblk1.genblk1.genblk1.genblk1.genblk1.lut0 (4 -> 1)
  Optimizing lut $abc$46313$lut$aiger46312$6576.genblk1.genblk1.genblk1.genblk1.genblk1.genblk1.genblk1.genblk1.lut1.genblk1.genblk1.genblk1.genblk1.genblk1.genblk1.genblk1.lut0.genblk1.genblk1.genblk1.genblk1.genblk1.genblk1.lut0.genblk1.genblk1.genblk1.genblk1.genblk1.lut0 (4 -> 1)
  Optimizing lut $abc$46313$lut$aiger46312$6576.genblk1.genblk1.genblk1.genblk1.genblk1.genblk1.genblk1.genblk1.lut1.genblk1.genblk1.genblk1.genblk1.genblk1.genblk1.genblk1.lut1.genblk1.genblk1.genblk1.genblk1.genblk1.genblk1.lut1.genblk1.genblk1.genblk1.genblk1.genblk1.lut0 (4 -> 0)
  Optimizing lut $abc$46313$lut$aiger46312$6576.genblk1.genblk1.genblk1.genblk1.genblk1.genblk1.genblk1.genblk1.lut1.genblk1.genblk1.genblk1.genblk1.genblk1.genblk1.genblk1.lut1.genblk1.genblk1.genblk1.genblk1.genblk1.genblk1.lut0.genblk1.genblk1.genblk1.genblk1.genblk1.lut0 (4 -> 0)
  Optimizing lut $abc$46313$lut$aiger46312$6576.genblk1.genblk1.genblk1.genblk1.genblk1.genblk1.genblk1.genblk1.lut0.genblk1.genblk1.genblk1.genblk1.genblk1.genblk1.genblk1.lut0.genblk1.genblk1.genblk1.genblk1.genblk1.genblk1.lut1.genblk1.genblk1.genblk1.genblk1.genblk1.lut0 (4 -> 0)
  Optimizing lut $abc$46313$lut$aiger46312$6576.genblk1.genblk1.genblk1.genblk1.genblk1.genblk1.genblk1.genblk1.lut0.genblk1.genblk1.genblk1.genblk1.genblk1.genblk1.genblk1.lut0.genblk1.genblk1.genblk1.genblk1.genblk1.genblk1.lut0.genblk1.genblk1.genblk1.genblk1.genblk1.lut0 (4 -> 0)
  Optimizing lut $abc$46313$lut$aiger46312$6576.genblk1.genblk1.genblk1.genblk1.genblk1.genblk1.genblk1.genblk1.lut0.genblk1.genblk1.genblk1.genblk1.genblk1.genblk1.genblk1.lut1.genblk1.genblk1.genblk1.genblk1.genblk1.genblk1.lut1.genblk1.genblk1.genblk1.genblk1.genblk1.lut0 (4 -> 1)
  Optimizing lut $abc$46313$lut$aiger46312$6576.genblk1.genblk1.genblk1.genblk1.genblk1.genblk1.genblk1.genblk1.lut0.genblk1.genblk1.genblk1.genblk1.genblk1.genblk1.genblk1.lut1.genblk1.genblk1.genblk1.genblk1.genblk1.genblk1.lut0.genblk1.genblk1.genblk1.genblk1.genblk1.lut0 (4 -> 1)
  Optimizing lut $abc$46313$lut$aiger46312$6591.genblk1.genblk1.genblk1.genblk1.genblk1.genblk1.genblk1.genblk1.lut1.genblk1.genblk1.genblk1.genblk1.genblk1.genblk1.genblk1.lut0.genblk1.genblk1.genblk1.genblk1.genblk1.genblk1.lut1.genblk1.genblk1.genblk1.genblk1.genblk1.lut0 (4 -> 0)
  Optimizing lut $abc$46313$lut$aiger46312$6591.genblk1.genblk1.genblk1.genblk1.genblk1.genblk1.genblk1.genblk1.lut1.genblk1.genblk1.genblk1.genblk1.genblk1.genblk1.genblk1.lut0.genblk1.genblk1.genblk1.genblk1.genblk1.genblk1.lut0.genblk1.genblk1.genblk1.genblk1.genblk1.lut0 (4 -> 0)
  Optimizing lut $abc$46313$lut$aiger46312$6591.genblk1.genblk1.genblk1.genblk1.genblk1.genblk1.genblk1.genblk1.lut1.genblk1.genblk1.genblk1.genblk1.genblk1.genblk1.genblk1.lut1.genblk1.genblk1.genblk1.genblk1.genblk1.genblk1.lut1.genblk1.genblk1.genblk1.genblk1.genblk1.lut0 (4 -> 1)
  Optimizing lut $abc$46313$lut$aiger46312$6591.genblk1.genblk1.genblk1.genblk1.genblk1.genblk1.genblk1.genblk1.lut1.genblk1.genblk1.genblk1.genblk1.genblk1.genblk1.genblk1.lut1.genblk1.genblk1.genblk1.genblk1.genblk1.genblk1.lut0.genblk1.genblk1.genblk1.genblk1.genblk1.lut0 (4 -> 1)
  Optimizing lut $abc$46313$lut$aiger46312$6591.genblk1.genblk1.genblk1.genblk1.genblk1.genblk1.genblk1.genblk1.lut0.genblk1.genblk1.genblk1.genblk1.genblk1.genblk1.genblk1.lut0.genblk1.genblk1.genblk1.genblk1.genblk1.genblk1.lut1.genblk1.genblk1.genblk1.genblk1.genblk1.lut0 (4 -> 1)
  Optimizing lut $abc$46313$lut$aiger46312$6591.genblk1.genblk1.genblk1.genblk1.genblk1.genblk1.genblk1.genblk1.lut0.genblk1.genblk1.genblk1.genblk1.genblk1.genblk1.genblk1.lut0.genblk1.genblk1.genblk1.genblk1.genblk1.genblk1.lut0.genblk1.genblk1.genblk1.genblk1.genblk1.lut0 (4 -> 0)
  Optimizing lut $abc$46313$lut$aiger46312$6591.genblk1.genblk1.genblk1.genblk1.genblk1.genblk1.genblk1.genblk1.lut0.genblk1.genblk1.genblk1.genblk1.genblk1.genblk1.genblk1.lut1.genblk1.genblk1.genblk1.genblk1.genblk1.genblk1.lut1.genblk1.genblk1.genblk1.genblk1.genblk1.lut0 (4 -> 0)
  Optimizing lut $abc$46313$lut$aiger46312$6591.genblk1.genblk1.genblk1.genblk1.genblk1.genblk1.genblk1.genblk1.lut0.genblk1.genblk1.genblk1.genblk1.genblk1.genblk1.genblk1.lut1.genblk1.genblk1.genblk1.genblk1.genblk1.genblk1.lut0.genblk1.genblk1.genblk1.genblk1.genblk1.lut0 (4 -> 0)
  Optimizing lut $abc$46313$lut$aiger46312$7565.genblk1.genblk1.genblk1.genblk1.genblk1.genblk1.genblk1.genblk1.lut1.genblk1.genblk1.genblk1.genblk1.genblk1.genblk1.genblk1.lut0.genblk1.genblk1.genblk1.genblk1.genblk1.genblk1.lut1.genblk1.genblk1.genblk1.genblk1.genblk1.lut0 (4 -> 3)
  Optimizing lut $abc$46313$lut$aiger46312$7565.genblk1.genblk1.genblk1.genblk1.genblk1.genblk1.genblk1.genblk1.lut1.genblk1.genblk1.genblk1.genblk1.genblk1.genblk1.genblk1.lut1.genblk1.genblk1.genblk1.genblk1.genblk1.genblk1.lut1.genblk1.genblk1.genblk1.genblk1.genblk1.lut0 (4 -> 3)
  Optimizing lut $abc$46313$lut$aiger46312$7565.genblk1.genblk1.genblk1.genblk1.genblk1.genblk1.genblk1.genblk1.lut0.genblk1.genblk1.genblk1.genblk1.genblk1.genblk1.genblk1.lut0.genblk1.genblk1.genblk1.genblk1.genblk1.genblk1.lut1.genblk1.genblk1.genblk1.genblk1.genblk1.lut0 (4 -> 3)
  Optimizing lut $abc$46313$lut$aiger46312$7565.genblk1.genblk1.genblk1.genblk1.genblk1.genblk1.genblk1.genblk1.lut0.genblk1.genblk1.genblk1.genblk1.genblk1.genblk1.genblk1.lut1.genblk1.genblk1.genblk1.genblk1.genblk1.genblk1.lut1.genblk1.genblk1.genblk1.genblk1.genblk1.lut0 (4 -> 3)
  Optimizing lut $abc$46313$lut$aiger46312$3520.genblk1.genblk1.genblk1.genblk1.genblk1.genblk1.genblk1.genblk1.lut1.genblk1.genblk1.genblk1.genblk1.genblk1.genblk1.genblk1.lut0.genblk1.genblk1.genblk1.genblk1.genblk1.genblk1.lut1.genblk1.genblk1.genblk1.genblk1.genblk1.lut0 (4 -> 0)
  Optimizing lut $abc$46313$lut$aiger46312$3520.genblk1.genblk1.genblk1.genblk1.genblk1.genblk1.genblk1.genblk1.lut1.genblk1.genblk1.genblk1.genblk1.genblk1.genblk1.genblk1.lut0.genblk1.genblk1.genblk1.genblk1.genblk1.genblk1.lut0.genblk1.genblk1.genblk1.genblk1.genblk1.lut0 (4 -> 0)
  Optimizing lut $abc$46313$lut$aiger46312$3520.genblk1.genblk1.genblk1.genblk1.genblk1.genblk1.genblk1.genblk1.lut1.genblk1.genblk1.genblk1.genblk1.genblk1.genblk1.genblk1.lut1.genblk1.genblk1.genblk1.genblk1.genblk1.genblk1.lut1.genblk1.genblk1.genblk1.genblk1.genblk1.lut0 (4 -> 1)
  Optimizing lut $abc$46313$lut$aiger46312$3520.genblk1.genblk1.genblk1.genblk1.genblk1.genblk1.genblk1.genblk1.lut1.genblk1.genblk1.genblk1.genblk1.genblk1.genblk1.genblk1.lut1.genblk1.genblk1.genblk1.genblk1.genblk1.genblk1.lut0.genblk1.genblk1.genblk1.genblk1.genblk1.lut0 (4 -> 0)
  Optimizing lut $abc$46313$lut$aiger46312$3520.genblk1.genblk1.genblk1.genblk1.genblk1.genblk1.genblk1.genblk1.lut0.genblk1.genblk1.genblk1.genblk1.genblk1.genblk1.genblk1.lut0.genblk1.genblk1.genblk1.genblk1.genblk1.genblk1.lut1.genblk1.genblk1.genblk1.genblk1.genblk1.lut0 (4 -> 0)
  Optimizing lut $abc$46313$lut$aiger46312$3520.genblk1.genblk1.genblk1.genblk1.genblk1.genblk1.genblk1.genblk1.lut0.genblk1.genblk1.genblk1.genblk1.genblk1.genblk1.genblk1.lut0.genblk1.genblk1.genblk1.genblk1.genblk1.genblk1.lut0.genblk1.genblk1.genblk1.genblk1.genblk1.lut0 (4 -> 0)
  Optimizing lut $abc$46313$lut$aiger46312$3520.genblk1.genblk1.genblk1.genblk1.genblk1.genblk1.genblk1.genblk1.lut0.genblk1.genblk1.genblk1.genblk1.genblk1.genblk1.genblk1.lut1.genblk1.genblk1.genblk1.genblk1.genblk1.genblk1.lut1.genblk1.genblk1.genblk1.genblk1.genblk1.lut0 (4 -> 0)
  Optimizing lut $abc$46313$lut$aiger46312$3520.genblk1.genblk1.genblk1.genblk1.genblk1.genblk1.genblk1.genblk1.lut0.genblk1.genblk1.genblk1.genblk1.genblk1.genblk1.genblk1.lut1.genblk1.genblk1.genblk1.genblk1.genblk1.genblk1.lut0.genblk1.genblk1.genblk1.genblk1.genblk1.lut0 (4 -> 0)
  Optimizing lut $abc$46313$lut$aiger46312$3532.genblk1.genblk1.genblk1.genblk1.genblk1.genblk1.genblk1.genblk1.lut1.genblk1.genblk1.genblk1.genblk1.genblk1.genblk1.genblk1.lut0.genblk1.genblk1.genblk1.genblk1.genblk1.genblk1.lut1.genblk1.genblk1.genblk1.genblk1.genblk1.lut0 (4 -> 0)
  Optimizing lut $abc$46313$lut$aiger46312$3532.genblk1.genblk1.genblk1.genblk1.genblk1.genblk1.genblk1.genblk1.lut1.genblk1.genblk1.genblk1.genblk1.genblk1.genblk1.genblk1.lut0.genblk1.genblk1.genblk1.genblk1.genblk1.genblk1.lut0.genblk1.genblk1.genblk1.genblk1.genblk1.lut0 (4 -> 0)
  Optimizing lut $abc$46313$lut$aiger46312$3532.genblk1.genblk1.genblk1.genblk1.genblk1.genblk1.genblk1.genblk1.lut1.genblk1.genblk1.genblk1.genblk1.genblk1.genblk1.genblk1.lut1.genblk1.genblk1.genblk1.genblk1.genblk1.genblk1.lut1.genblk1.genblk1.genblk1.genblk1.genblk1.lut0 (4 -> 0)
  Optimizing lut $abc$46313$lut$aiger46312$3532.genblk1.genblk1.genblk1.genblk1.genblk1.genblk1.genblk1.genblk1.lut1.genblk1.genblk1.genblk1.genblk1.genblk1.genblk1.genblk1.lut1.genblk1.genblk1.genblk1.genblk1.genblk1.genblk1.lut0.genblk1.genblk1.genblk1.genblk1.genblk1.lut0 (4 -> 0)
  Optimizing lut $abc$46313$lut$aiger46312$3532.genblk1.genblk1.genblk1.genblk1.genblk1.genblk1.genblk1.genblk1.lut0.genblk1.genblk1.genblk1.genblk1.genblk1.genblk1.genblk1.lut0.genblk1.genblk1.genblk1.genblk1.genblk1.genblk1.lut1.genblk1.genblk1.genblk1.genblk1.genblk1.lut0 (4 -> 0)
  Optimizing lut $abc$46313$lut$aiger46312$3532.genblk1.genblk1.genblk1.genblk1.genblk1.genblk1.genblk1.genblk1.lut0.genblk1.genblk1.genblk1.genblk1.genblk1.genblk1.genblk1.lut0.genblk1.genblk1.genblk1.genblk1.genblk1.genblk1.lut0.genblk1.genblk1.genblk1.genblk1.genblk1.lut0 (4 -> 0)
  Optimizing lut $abc$46313$lut$aiger46312$3532.genblk1.genblk1.genblk1.genblk1.genblk1.genblk1.genblk1.genblk1.lut0.genblk1.genblk1.genblk1.genblk1.genblk1.genblk1.genblk1.lut1.genblk1.genblk1.genblk1.genblk1.genblk1.genblk1.lut1.genblk1.genblk1.genblk1.genblk1.genblk1.lut0 (4 -> 1)
  Optimizing lut $abc$46313$lut$aiger46312$3532.genblk1.genblk1.genblk1.genblk1.genblk1.genblk1.genblk1.genblk1.lut0.genblk1.genblk1.genblk1.genblk1.genblk1.genblk1.genblk1.lut1.genblk1.genblk1.genblk1.genblk1.genblk1.genblk1.lut0.genblk1.genblk1.genblk1.genblk1.genblk1.lut0 (4 -> 1)
  Optimizing lut $abc$46313$lut$aiger46312$3547.genblk1.genblk1.genblk1.genblk1.genblk1.genblk1.genblk1.genblk1.lut1.genblk1.genblk1.genblk1.genblk1.genblk1.genblk1.genblk1.lut0.genblk1.genblk1.genblk1.genblk1.genblk1.genblk1.lut1.genblk1.genblk1.genblk1.genblk1.genblk1.lut0 (4 -> 0)
  Optimizing lut $abc$46313$lut$aiger46312$3547.genblk1.genblk1.genblk1.genblk1.genblk1.genblk1.genblk1.genblk1.lut1.genblk1.genblk1.genblk1.genblk1.genblk1.genblk1.genblk1.lut0.genblk1.genblk1.genblk1.genblk1.genblk1.genblk1.lut0.genblk1.genblk1.genblk1.genblk1.genblk1.lut0 (4 -> 1)
  Optimizing lut $abc$46313$lut$aiger46312$3547.genblk1.genblk1.genblk1.genblk1.genblk1.genblk1.genblk1.genblk1.lut1.genblk1.genblk1.genblk1.genblk1.genblk1.genblk1.genblk1.lut1.genblk1.genblk1.genblk1.genblk1.genblk1.genblk1.lut1.genblk1.genblk1.genblk1.genblk1.genblk1.lut0 (4 -> 0)
  Optimizing lut $abc$46313$lut$aiger46312$3547.genblk1.genblk1.genblk1.genblk1.genblk1.genblk1.genblk1.genblk1.lut1.genblk1.genblk1.genblk1.genblk1.genblk1.genblk1.genblk1.lut1.genblk1.genblk1.genblk1.genblk1.genblk1.genblk1.lut0.genblk1.genblk1.genblk1.genblk1.genblk1.lut0 (4 -> 0)
  Optimizing lut $abc$46313$lut$aiger46312$3547.genblk1.genblk1.genblk1.genblk1.genblk1.genblk1.genblk1.genblk1.lut0.genblk1.genblk1.genblk1.genblk1.genblk1.genblk1.genblk1.lut0.genblk1.genblk1.genblk1.genblk1.genblk1.genblk1.lut1.genblk1.genblk1.genblk1.genblk1.genblk1.lut0 (4 -> 1)
  Optimizing lut $abc$46313$lut$aiger46312$3547.genblk1.genblk1.genblk1.genblk1.genblk1.genblk1.genblk1.genblk1.lut0.genblk1.genblk1.genblk1.genblk1.genblk1.genblk1.genblk1.lut0.genblk1.genblk1.genblk1.genblk1.genblk1.genblk1.lut0.genblk1.genblk1.genblk1.genblk1.genblk1.lut0 (4 -> 0)
  Optimizing lut $abc$46313$lut$aiger46312$3547.genblk1.genblk1.genblk1.genblk1.genblk1.genblk1.genblk1.genblk1.lut0.genblk1.genblk1.genblk1.genblk1.genblk1.genblk1.genblk1.lut1.genblk1.genblk1.genblk1.genblk1.genblk1.genblk1.lut1.genblk1.genblk1.genblk1.genblk1.genblk1.lut0 (4 -> 0)
  Optimizing lut $abc$46313$lut$aiger46312$3547.genblk1.genblk1.genblk1.genblk1.genblk1.genblk1.genblk1.genblk1.lut0.genblk1.genblk1.genblk1.genblk1.genblk1.genblk1.genblk1.lut1.genblk1.genblk1.genblk1.genblk1.genblk1.genblk1.lut0.genblk1.genblk1.genblk1.genblk1.genblk1.lut0 (4 -> 0)
  Optimizing lut $abc$46313$lut$aiger46312$3563.genblk1.genblk1.genblk1.genblk1.genblk1.genblk1.genblk1.genblk1.lut1.genblk1.genblk1.genblk1.genblk1.genblk1.genblk1.genblk1.lut0.genblk1.genblk1.genblk1.genblk1.genblk1.genblk1.lut1.genblk1.genblk1.genblk1.genblk1.genblk1.lut0 (4 -> 1)
  Optimizing lut $abc$46313$lut$aiger46312$3563.genblk1.genblk1.genblk1.genblk1.genblk1.genblk1.genblk1.genblk1.lut1.genblk1.genblk1.genblk1.genblk1.genblk1.genblk1.genblk1.lut0.genblk1.genblk1.genblk1.genblk1.genblk1.genblk1.lut0.genblk1.genblk1.genblk1.genblk1.genblk1.lut0 (4 -> 0)
  Optimizing lut $abc$46313$lut$aiger46312$3563.genblk1.genblk1.genblk1.genblk1.genblk1.genblk1.genblk1.genblk1.lut1.genblk1.genblk1.genblk1.genblk1.genblk1.genblk1.genblk1.lut1.genblk1.genblk1.genblk1.genblk1.genblk1.genblk1.lut1.genblk1.genblk1.genblk1.genblk1.genblk1.lut0 (4 -> 0)
  Optimizing lut $abc$46313$lut$aiger46312$3563.genblk1.genblk1.genblk1.genblk1.genblk1.genblk1.genblk1.genblk1.lut1.genblk1.genblk1.genblk1.genblk1.genblk1.genblk1.genblk1.lut1.genblk1.genblk1.genblk1.genblk1.genblk1.genblk1.lut0.genblk1.genblk1.genblk1.genblk1.genblk1.lut0 (4 -> 1)
  Optimizing lut $abc$46313$lut$aiger46312$3563.genblk1.genblk1.genblk1.genblk1.genblk1.genblk1.genblk1.genblk1.lut0.genblk1.genblk1.genblk1.genblk1.genblk1.genblk1.genblk1.lut0.genblk1.genblk1.genblk1.genblk1.genblk1.genblk1.lut1.genblk1.genblk1.genblk1.genblk1.genblk1.lut0 (4 -> 0)
  Optimizing lut $abc$46313$lut$aiger46312$3563.genblk1.genblk1.genblk1.genblk1.genblk1.genblk1.genblk1.genblk1.lut0.genblk1.genblk1.genblk1.genblk1.genblk1.genblk1.genblk1.lut0.genblk1.genblk1.genblk1.genblk1.genblk1.genblk1.lut0.genblk1.genblk1.genblk1.genblk1.genblk1.lut0 (4 -> 1)
  Optimizing lut $abc$46313$lut$aiger46312$3563.genblk1.genblk1.genblk1.genblk1.genblk1.genblk1.genblk1.genblk1.lut0.genblk1.genblk1.genblk1.genblk1.genblk1.genblk1.genblk1.lut1.genblk1.genblk1.genblk1.genblk1.genblk1.genblk1.lut1.genblk1.genblk1.genblk1.genblk1.genblk1.lut0 (4 -> 0)
  Optimizing lut $abc$46313$lut$aiger46312$3563.genblk1.genblk1.genblk1.genblk1.genblk1.genblk1.genblk1.genblk1.lut0.genblk1.genblk1.genblk1.genblk1.genblk1.genblk1.genblk1.lut1.genblk1.genblk1.genblk1.genblk1.genblk1.genblk1.lut0.genblk1.genblk1.genblk1.genblk1.genblk1.lut0 (4 -> 0)
  Optimizing lut $abc$46313$lut$aiger46312$6829.genblk1.genblk1.genblk1.genblk1.genblk1.genblk1.genblk1.genblk1.lut1.genblk1.genblk1.genblk1.genblk1.genblk1.genblk1.genblk1.lut0.genblk1.genblk1.genblk1.genblk1.genblk1.genblk1.lut1.genblk1.genblk1.genblk1.genblk1.genblk1.lut0 (4 -> 2)
  Optimizing lut $abc$46313$lut$aiger46312$6829.genblk1.genblk1.genblk1.genblk1.genblk1.genblk1.genblk1.genblk1.lut1.genblk1.genblk1.genblk1.genblk1.genblk1.genblk1.genblk1.lut0.genblk1.genblk1.genblk1.genblk1.genblk1.genblk1.lut0.genblk1.genblk1.genblk1.genblk1.genblk1.lut0 (4 -> 2)
  Optimizing lut $abc$46313$lut$aiger46312$6829.genblk1.genblk1.genblk1.genblk1.genblk1.genblk1.genblk1.genblk1.lut1.genblk1.genblk1.genblk1.genblk1.genblk1.genblk1.genblk1.lut1.genblk1.genblk1.genblk1.genblk1.genblk1.genblk1.lut1.genblk1.genblk1.genblk1.genblk1.genblk1.lut0 (4 -> 1)
  Optimizing lut $abc$46313$lut$aiger46312$6829.genblk1.genblk1.genblk1.genblk1.genblk1.genblk1.genblk1.genblk1.lut1.genblk1.genblk1.genblk1.genblk1.genblk1.genblk1.genblk1.lut1.genblk1.genblk1.genblk1.genblk1.genblk1.genblk1.lut0.genblk1.genblk1.genblk1.genblk1.genblk1.lut0 (4 -> 1)
  Optimizing lut $abc$46313$lut$aiger46312$6829.genblk1.genblk1.genblk1.genblk1.genblk1.genblk1.genblk1.genblk1.lut0.genblk1.genblk1.genblk1.genblk1.genblk1.genblk1.genblk1.lut0.genblk1.genblk1.genblk1.genblk1.genblk1.genblk1.lut1.genblk1.genblk1.genblk1.genblk1.genblk1.lut0 (4 -> 3)
  Optimizing lut $abc$46313$lut$aiger46312$6829.genblk1.genblk1.genblk1.genblk1.genblk1.genblk1.genblk1.genblk1.lut0.genblk1.genblk1.genblk1.genblk1.genblk1.genblk1.genblk1.lut0.genblk1.genblk1.genblk1.genblk1.genblk1.genblk1.lut0.genblk1.genblk1.genblk1.genblk1.genblk1.lut0 (4 -> 3)
  Optimizing lut $abc$46313$lut$aiger46312$6829.genblk1.genblk1.genblk1.genblk1.genblk1.genblk1.genblk1.genblk1.lut0.genblk1.genblk1.genblk1.genblk1.genblk1.genblk1.genblk1.lut1.genblk1.genblk1.genblk1.genblk1.genblk1.genblk1.lut1.genblk1.genblk1.genblk1.genblk1.genblk1.lut0 (4 -> 2)
  Optimizing lut $abc$46313$lut$aiger46312$6829.genblk1.genblk1.genblk1.genblk1.genblk1.genblk1.genblk1.genblk1.lut0.genblk1.genblk1.genblk1.genblk1.genblk1.genblk1.genblk1.lut1.genblk1.genblk1.genblk1.genblk1.genblk1.genblk1.lut0.genblk1.genblk1.genblk1.genblk1.genblk1.lut0 (4 -> 2)
  Optimizing lut $abc$46313$lut$aiger46312$9607.genblk1.genblk1.genblk1.genblk1.genblk1.genblk1.genblk1.genblk1.lut1.genblk1.genblk1.genblk1.genblk1.genblk1.genblk1.genblk1.lut0.genblk1.genblk1.genblk1.genblk1.genblk1.genblk1.lut0.genblk1.genblk1.genblk1.genblk1.genblk1.lut0 (4 -> 3)
  Optimizing lut $abc$46313$lut$aiger46312$9607.genblk1.genblk1.genblk1.genblk1.genblk1.genblk1.genblk1.genblk1.lut1.genblk1.genblk1.genblk1.genblk1.genblk1.genblk1.genblk1.lut1.genblk1.genblk1.genblk1.genblk1.genblk1.genblk1.lut0.genblk1.genblk1.genblk1.genblk1.genblk1.lut0 (4 -> 3)
  Optimizing lut $abc$46313$lut$aiger46312$9607.genblk1.genblk1.genblk1.genblk1.genblk1.genblk1.genblk1.genblk1.lut0.genblk1.genblk1.genblk1.genblk1.genblk1.genblk1.genblk1.lut0.genblk1.genblk1.genblk1.genblk1.genblk1.genblk1.lut1.genblk1.genblk1.genblk1.genblk1.genblk1.lut0 (4 -> 3)
  Optimizing lut $abc$46313$lut$aiger46312$9607.genblk1.genblk1.genblk1.genblk1.genblk1.genblk1.genblk1.genblk1.lut0.genblk1.genblk1.genblk1.genblk1.genblk1.genblk1.genblk1.lut1.genblk1.genblk1.genblk1.genblk1.genblk1.genblk1.lut1.genblk1.genblk1.genblk1.genblk1.genblk1.lut0 (4 -> 3)
  Optimizing lut $abc$46313$lut$aiger46312$6728.genblk1.genblk1.genblk1.genblk1.genblk1.genblk1.genblk1.genblk1.lut1.genblk1.genblk1.genblk1.genblk1.genblk1.genblk1.genblk1.lut0.genblk1.genblk1.genblk1.genblk1.genblk1.genblk1.lut1.genblk1.genblk1.genblk1.genblk1.genblk1.lut0 (4 -> 2)
  Optimizing lut $abc$46313$lut$aiger46312$6728.genblk1.genblk1.genblk1.genblk1.genblk1.genblk1.genblk1.genblk1.lut1.genblk1.genblk1.genblk1.genblk1.genblk1.genblk1.genblk1.lut0.genblk1.genblk1.genblk1.genblk1.genblk1.genblk1.lut0.genblk1.genblk1.genblk1.genblk1.genblk1.lut0 (4 -> 2)
  Optimizing lut $abc$46313$lut$aiger46312$6728.genblk1.genblk1.genblk1.genblk1.genblk1.genblk1.genblk1.genblk1.lut1.genblk1.genblk1.genblk1.genblk1.genblk1.genblk1.genblk1.lut1.genblk1.genblk1.genblk1.genblk1.genblk1.genblk1.lut1.genblk1.genblk1.genblk1.genblk1.genblk1.lut0 (4 -> 0)
  Optimizing lut $abc$46313$lut$aiger46312$6728.genblk1.genblk1.genblk1.genblk1.genblk1.genblk1.genblk1.genblk1.lut1.genblk1.genblk1.genblk1.genblk1.genblk1.genblk1.genblk1.lut1.genblk1.genblk1.genblk1.genblk1.genblk1.genblk1.lut0.genblk1.genblk1.genblk1.genblk1.genblk1.lut0 (4 -> 0)
  Optimizing lut $abc$46313$lut$aiger46312$6728.genblk1.genblk1.genblk1.genblk1.genblk1.genblk1.genblk1.genblk1.lut0.genblk1.genblk1.genblk1.genblk1.genblk1.genblk1.genblk1.lut0.genblk1.genblk1.genblk1.genblk1.genblk1.genblk1.lut1.genblk1.genblk1.genblk1.genblk1.genblk1.lut0 (4 -> 3)
  Optimizing lut $abc$46313$lut$aiger46312$6728.genblk1.genblk1.genblk1.genblk1.genblk1.genblk1.genblk1.genblk1.lut0.genblk1.genblk1.genblk1.genblk1.genblk1.genblk1.genblk1.lut0.genblk1.genblk1.genblk1.genblk1.genblk1.genblk1.lut0.genblk1.genblk1.genblk1.genblk1.genblk1.lut0 (4 -> 3)
  Optimizing lut $abc$46313$lut$aiger46312$6728.genblk1.genblk1.genblk1.genblk1.genblk1.genblk1.genblk1.genblk1.lut0.genblk1.genblk1.genblk1.genblk1.genblk1.genblk1.genblk1.lut1.genblk1.genblk1.genblk1.genblk1.genblk1.genblk1.lut1.genblk1.genblk1.genblk1.genblk1.genblk1.lut0 (4 -> 2)
  Optimizing lut $abc$46313$lut$aiger46312$6728.genblk1.genblk1.genblk1.genblk1.genblk1.genblk1.genblk1.genblk1.lut0.genblk1.genblk1.genblk1.genblk1.genblk1.genblk1.genblk1.lut1.genblk1.genblk1.genblk1.genblk1.genblk1.genblk1.lut0.genblk1.genblk1.genblk1.genblk1.genblk1.lut0 (4 -> 2)
  Optimizing lut $abc$46313$lut$aiger46312$7884.genblk1.genblk1.genblk1.genblk1.genblk1.genblk1.genblk1.genblk1.lut0.genblk1.genblk1.genblk1.genblk1.genblk1.genblk1.genblk1.lut0.genblk1.genblk1.genblk1.genblk1.genblk1.genblk1.lut0.genblk1.genblk1.genblk1.genblk1.genblk1.lut0 (4 -> 3)
  Optimizing lut $abc$46313$lut$aiger46312$6340.genblk1.genblk1.genblk1.genblk1.genblk1.genblk1.genblk1.lut1.genblk1.genblk1.genblk1.genblk1.genblk1.genblk1.lut0.genblk1.genblk1.genblk1.genblk1.genblk1.lut1 (4 -> 1)
  Optimizing lut $abc$46313$lut$aiger46312$6380.genblk1.genblk1.genblk1.genblk1.genblk1.genblk1.genblk1.genblk1.lut1.genblk1.genblk1.genblk1.genblk1.genblk1.genblk1.genblk1.lut0.genblk1.genblk1.genblk1.genblk1.genblk1.genblk1.lut0.genblk1.genblk1.genblk1.genblk1.genblk1.lut0 (4 -> 2)
  Optimizing lut $abc$46313$lut$aiger46312$6380.genblk1.genblk1.genblk1.genblk1.genblk1.genblk1.genblk1.genblk1.lut1.genblk1.genblk1.genblk1.genblk1.genblk1.genblk1.genblk1.lut1.genblk1.genblk1.genblk1.genblk1.genblk1.genblk1.lut1.genblk1.genblk1.genblk1.genblk1.genblk1.lut0 (4 -> 3)
  Optimizing lut $abc$46313$lut$aiger46312$6380.genblk1.genblk1.genblk1.genblk1.genblk1.genblk1.genblk1.genblk1.lut1.genblk1.genblk1.genblk1.genblk1.genblk1.genblk1.genblk1.lut1.genblk1.genblk1.genblk1.genblk1.genblk1.genblk1.lut0.genblk1.genblk1.genblk1.genblk1.genblk1.lut0 (4 -> 1)
  Optimizing lut $abc$46313$lut$aiger46312$6380.genblk1.genblk1.genblk1.genblk1.genblk1.genblk1.genblk1.genblk1.lut0.genblk1.genblk1.genblk1.genblk1.genblk1.genblk1.genblk1.lut0.genblk1.genblk1.genblk1.genblk1.genblk1.genblk1.lut0.genblk1.genblk1.genblk1.genblk1.genblk1.lut0 (4 -> 2)
  Optimizing lut $abc$46313$lut$aiger46312$6380.genblk1.genblk1.genblk1.genblk1.genblk1.genblk1.genblk1.genblk1.lut0.genblk1.genblk1.genblk1.genblk1.genblk1.genblk1.genblk1.lut1.genblk1.genblk1.genblk1.genblk1.genblk1.genblk1.lut1.genblk1.genblk1.genblk1.genblk1.genblk1.lut0 (4 -> 0)
  Optimizing lut $abc$46313$lut$aiger46312$6380.genblk1.genblk1.genblk1.genblk1.genblk1.genblk1.genblk1.genblk1.lut0.genblk1.genblk1.genblk1.genblk1.genblk1.genblk1.genblk1.lut1.genblk1.genblk1.genblk1.genblk1.genblk1.genblk1.lut0.genblk1.genblk1.genblk1.genblk1.genblk1.lut0 (4 -> 0)
  Optimizing lut $abc$46313$lut$aiger46312$6411.genblk1.genblk1.genblk1.genblk1.genblk1.genblk1.genblk1.genblk1.lut1.genblk1.genblk1.genblk1.genblk1.genblk1.genblk1.genblk1.lut0.genblk1.genblk1.genblk1.genblk1.genblk1.genblk1.lut1.genblk1.genblk1.genblk1.genblk1.genblk1.lut0 (4 -> 2)
  Optimizing lut $abc$46313$lut$aiger46312$6411.genblk1.genblk1.genblk1.genblk1.genblk1.genblk1.genblk1.genblk1.lut1.genblk1.genblk1.genblk1.genblk1.genblk1.genblk1.genblk1.lut1.genblk1.genblk1.genblk1.genblk1.genblk1.genblk1.lut1.genblk1.genblk1.genblk1.genblk1.genblk1.lut0 (4 -> 1)
  Optimizing lut $abc$46313$lut$aiger46312$6411.genblk1.genblk1.genblk1.genblk1.genblk1.genblk1.genblk1.genblk1.lut1.genblk1.genblk1.genblk1.genblk1.genblk1.genblk1.genblk1.lut1.genblk1.genblk1.genblk1.genblk1.genblk1.genblk1.lut0.genblk1.genblk1.genblk1.genblk1.genblk1.lut0 (4 -> 3)
  Optimizing lut $abc$46313$lut$aiger46312$6411.genblk1.genblk1.genblk1.genblk1.genblk1.genblk1.genblk1.genblk1.lut0.genblk1.genblk1.genblk1.genblk1.genblk1.genblk1.genblk1.lut0.genblk1.genblk1.genblk1.genblk1.genblk1.genblk1.lut1.genblk1.genblk1.genblk1.genblk1.genblk1.lut0 (4 -> 2)
  Optimizing lut $abc$46313$lut$aiger46312$6411.genblk1.genblk1.genblk1.genblk1.genblk1.genblk1.genblk1.genblk1.lut0.genblk1.genblk1.genblk1.genblk1.genblk1.genblk1.genblk1.lut1.genblk1.genblk1.genblk1.genblk1.genblk1.genblk1.lut1.genblk1.genblk1.genblk1.genblk1.genblk1.lut0 (4 -> 1)
  Optimizing lut $abc$46313$lut$aiger46312$6411.genblk1.genblk1.genblk1.genblk1.genblk1.genblk1.genblk1.genblk1.lut0.genblk1.genblk1.genblk1.genblk1.genblk1.genblk1.genblk1.lut1.genblk1.genblk1.genblk1.genblk1.genblk1.genblk1.lut0.genblk1.genblk1.genblk1.genblk1.genblk1.lut0 (4 -> 3)
  Optimizing lut $abc$46313$lut$aiger46312$6424.genblk1.genblk1.genblk1.genblk1.genblk1.genblk1.genblk1.genblk1.lut1.genblk1.genblk1.genblk1.genblk1.genblk1.genblk1.genblk1.lut0.genblk1.genblk1.genblk1.genblk1.genblk1.genblk1.lut1.genblk1.genblk1.genblk1.genblk1.genblk1.lut0 (4 -> 2)
  Optimizing lut $abc$46313$lut$aiger46312$6424.genblk1.genblk1.genblk1.genblk1.genblk1.genblk1.genblk1.genblk1.lut1.genblk1.genblk1.genblk1.genblk1.genblk1.genblk1.genblk1.lut1.genblk1.genblk1.genblk1.genblk1.genblk1.genblk1.lut1.genblk1.genblk1.genblk1.genblk1.genblk1.lut0 (4 -> 1)
  Optimizing lut $abc$46313$lut$aiger46312$6424.genblk1.genblk1.genblk1.genblk1.genblk1.genblk1.genblk1.genblk1.lut1.genblk1.genblk1.genblk1.genblk1.genblk1.genblk1.genblk1.lut1.genblk1.genblk1.genblk1.genblk1.genblk1.genblk1.lut0.genblk1.genblk1.genblk1.genblk1.genblk1.lut0 (4 -> 3)
  Optimizing lut $abc$46313$lut$aiger46312$6424.genblk1.genblk1.genblk1.genblk1.genblk1.genblk1.genblk1.genblk1.lut0.genblk1.genblk1.genblk1.genblk1.genblk1.genblk1.genblk1.lut0.genblk1.genblk1.genblk1.genblk1.genblk1.genblk1.lut1.genblk1.genblk1.genblk1.genblk1.genblk1.lut0 (4 -> 2)
  Optimizing lut $abc$46313$lut$aiger46312$6424.genblk1.genblk1.genblk1.genblk1.genblk1.genblk1.genblk1.genblk1.lut0.genblk1.genblk1.genblk1.genblk1.genblk1.genblk1.genblk1.lut1.genblk1.genblk1.genblk1.genblk1.genblk1.genblk1.lut1.genblk1.genblk1.genblk1.genblk1.genblk1.lut0 (4 -> 0)
  Optimizing lut $abc$46313$lut$aiger46312$6424.genblk1.genblk1.genblk1.genblk1.genblk1.genblk1.genblk1.genblk1.lut0.genblk1.genblk1.genblk1.genblk1.genblk1.genblk1.genblk1.lut1.genblk1.genblk1.genblk1.genblk1.genblk1.genblk1.lut0.genblk1.genblk1.genblk1.genblk1.genblk1.lut0 (4 -> 0)
  Optimizing lut $abc$46313$lut$aiger46312$4651.genblk1.genblk1.genblk1.genblk1.genblk1.genblk1.genblk1.genblk1.lut1.genblk1.genblk1.genblk1.genblk1.genblk1.genblk1.genblk1.lut0.genblk1.genblk1.genblk1.genblk1.genblk1.genblk1.lut0.genblk1.genblk1.genblk1.genblk1.genblk1.lut0 (4 -> 2)
  Optimizing lut $abc$46313$lut$aiger46312$4651.genblk1.genblk1.genblk1.genblk1.genblk1.genblk1.genblk1.genblk1.lut1.genblk1.genblk1.genblk1.genblk1.genblk1.genblk1.genblk1.lut1.genblk1.genblk1.genblk1.genblk1.genblk1.genblk1.lut1.genblk1.genblk1.genblk1.genblk1.genblk1.lut0 (4 -> 3)
  Optimizing lut $abc$46313$lut$aiger46312$4651.genblk1.genblk1.genblk1.genblk1.genblk1.genblk1.genblk1.genblk1.lut1.genblk1.genblk1.genblk1.genblk1.genblk1.genblk1.genblk1.lut1.genblk1.genblk1.genblk1.genblk1.genblk1.genblk1.lut0.genblk1.genblk1.genblk1.genblk1.genblk1.lut0 (4 -> 1)
  Optimizing lut $abc$46313$lut$aiger46312$4651.genblk1.genblk1.genblk1.genblk1.genblk1.genblk1.genblk1.genblk1.lut0.genblk1.genblk1.genblk1.genblk1.genblk1.genblk1.genblk1.lut0.genblk1.genblk1.genblk1.genblk1.genblk1.genblk1.lut0.genblk1.genblk1.genblk1.genblk1.genblk1.lut0 (4 -> 2)
  Optimizing lut $abc$46313$lut$aiger46312$4651.genblk1.genblk1.genblk1.genblk1.genblk1.genblk1.genblk1.genblk1.lut0.genblk1.genblk1.genblk1.genblk1.genblk1.genblk1.genblk1.lut1.genblk1.genblk1.genblk1.genblk1.genblk1.genblk1.lut1.genblk1.genblk1.genblk1.genblk1.genblk1.lut0 (4 -> 3)
  Optimizing lut $abc$46313$lut$aiger46312$4651.genblk1.genblk1.genblk1.genblk1.genblk1.genblk1.genblk1.genblk1.lut0.genblk1.genblk1.genblk1.genblk1.genblk1.genblk1.genblk1.lut1.genblk1.genblk1.genblk1.genblk1.genblk1.genblk1.lut0.genblk1.genblk1.genblk1.genblk1.genblk1.lut0 (4 -> 1)
  Optimizing lut $abc$46313$lut$aiger46312$4303.genblk1.genblk1.genblk1.genblk1.genblk1.genblk1.genblk1.lut1.genblk1.genblk1.genblk1.genblk1.genblk1.genblk1.lut0.genblk1.genblk1.genblk1.genblk1.genblk1.lut1 (4 -> 0)
  Optimizing lut $abc$46313$lut$aiger46312$4362.genblk1.genblk1.genblk1.genblk1.genblk1.genblk1.genblk1.genblk1.lut1.genblk1.genblk1.genblk1.genblk1.genblk1.genblk1.genblk1.lut0.genblk1.genblk1.genblk1.genblk1.genblk1.genblk1.lut0.genblk1.genblk1.genblk1.genblk1.genblk1.lut0 (4 -> 2)
  Optimizing lut $abc$46313$lut$aiger46312$4362.genblk1.genblk1.genblk1.genblk1.genblk1.genblk1.genblk1.genblk1.lut1.genblk1.genblk1.genblk1.genblk1.genblk1.genblk1.genblk1.lut1.genblk1.genblk1.genblk1.genblk1.genblk1.genblk1.lut1.genblk1.genblk1.genblk1.genblk1.genblk1.lut0 (4 -> 0)
  Optimizing lut $abc$46313$lut$aiger46312$4362.genblk1.genblk1.genblk1.genblk1.genblk1.genblk1.genblk1.genblk1.lut1.genblk1.genblk1.genblk1.genblk1.genblk1.genblk1.genblk1.lut1.genblk1.genblk1.genblk1.genblk1.genblk1.genblk1.lut0.genblk1.genblk1.genblk1.genblk1.genblk1.lut0 (4 -> 0)
  Optimizing lut $abc$46313$lut$aiger46312$4362.genblk1.genblk1.genblk1.genblk1.genblk1.genblk1.genblk1.genblk1.lut0.genblk1.genblk1.genblk1.genblk1.genblk1.genblk1.genblk1.lut0.genblk1.genblk1.genblk1.genblk1.genblk1.genblk1.lut1.genblk1.genblk1.genblk1.genblk1.genblk1.lut0 (4 -> 3)
  Optimizing lut $abc$46313$lut$aiger46312$4362.genblk1.genblk1.genblk1.genblk1.genblk1.genblk1.genblk1.genblk1.lut0.genblk1.genblk1.genblk1.genblk1.genblk1.genblk1.genblk1.lut0.genblk1.genblk1.genblk1.genblk1.genblk1.genblk1.lut0.genblk1.genblk1.genblk1.genblk1.genblk1.lut0 (4 -> 3)
  Optimizing lut $abc$46313$lut$aiger46312$4362.genblk1.genblk1.genblk1.genblk1.genblk1.genblk1.genblk1.genblk1.lut0.genblk1.genblk1.genblk1.genblk1.genblk1.genblk1.genblk1.lut1.genblk1.genblk1.genblk1.genblk1.genblk1.genblk1.lut1.genblk1.genblk1.genblk1.genblk1.genblk1.lut0 (4 -> 2)
  Optimizing lut $abc$46313$lut$aiger46312$4362.genblk1.genblk1.genblk1.genblk1.genblk1.genblk1.genblk1.genblk1.lut0.genblk1.genblk1.genblk1.genblk1.genblk1.genblk1.genblk1.lut1.genblk1.genblk1.genblk1.genblk1.genblk1.genblk1.lut0.genblk1.genblk1.genblk1.genblk1.genblk1.lut0 (4 -> 2)
  Optimizing lut $abc$46313$lut$aiger46312$4169.genblk1.genblk1.genblk1.genblk1.genblk1.genblk1.genblk1.genblk1.lut1.genblk1.genblk1.genblk1.genblk1.genblk1.genblk1.genblk1.lut0.genblk1.genblk1.genblk1.genblk1.genblk1.genblk1.lut1.genblk1.genblk1.genblk1.genblk1.genblk1.lut0 (4 -> 2)
  Optimizing lut $abc$46313$lut$aiger46312$4169.genblk1.genblk1.genblk1.genblk1.genblk1.genblk1.genblk1.genblk1.lut1.genblk1.genblk1.genblk1.genblk1.genblk1.genblk1.genblk1.lut1.genblk1.genblk1.genblk1.genblk1.genblk1.genblk1.lut1.genblk1.genblk1.genblk1.genblk1.genblk1.lut0 (4 -> 1)
  Optimizing lut $abc$46313$lut$aiger46312$4169.genblk1.genblk1.genblk1.genblk1.genblk1.genblk1.genblk1.genblk1.lut1.genblk1.genblk1.genblk1.genblk1.genblk1.genblk1.genblk1.lut1.genblk1.genblk1.genblk1.genblk1.genblk1.genblk1.lut0.genblk1.genblk1.genblk1.genblk1.genblk1.lut0 (4 -> 3)
  Optimizing lut $abc$46313$lut$aiger46312$4169.genblk1.genblk1.genblk1.genblk1.genblk1.genblk1.genblk1.genblk1.lut0.genblk1.genblk1.genblk1.genblk1.genblk1.genblk1.genblk1.lut0.genblk1.genblk1.genblk1.genblk1.genblk1.genblk1.lut1.genblk1.genblk1.genblk1.genblk1.genblk1.lut0 (4 -> 2)
  Optimizing lut $abc$46313$lut$aiger46312$4169.genblk1.genblk1.genblk1.genblk1.genblk1.genblk1.genblk1.genblk1.lut0.genblk1.genblk1.genblk1.genblk1.genblk1.genblk1.genblk1.lut1.genblk1.genblk1.genblk1.genblk1.genblk1.genblk1.lut1.genblk1.genblk1.genblk1.genblk1.genblk1.lut0 (4 -> 1)
  Optimizing lut $abc$46313$lut$aiger46312$4169.genblk1.genblk1.genblk1.genblk1.genblk1.genblk1.genblk1.genblk1.lut0.genblk1.genblk1.genblk1.genblk1.genblk1.genblk1.genblk1.lut1.genblk1.genblk1.genblk1.genblk1.genblk1.genblk1.lut0.genblk1.genblk1.genblk1.genblk1.genblk1.lut0 (4 -> 3)
  Optimizing lut $abc$46313$lut$aiger46312$4182.genblk1.genblk1.genblk1.genblk1.genblk1.genblk1.genblk1.genblk1.lut1.genblk1.genblk1.genblk1.genblk1.genblk1.genblk1.genblk1.lut0.genblk1.genblk1.genblk1.genblk1.genblk1.genblk1.lut1.genblk1.genblk1.genblk1.genblk1.genblk1.lut0 (4 -> 2)
  Optimizing lut $abc$46313$lut$aiger46312$4182.genblk1.genblk1.genblk1.genblk1.genblk1.genblk1.genblk1.genblk1.lut1.genblk1.genblk1.genblk1.genblk1.genblk1.genblk1.genblk1.lut0.genblk1.genblk1.genblk1.genblk1.genblk1.genblk1.lut0.genblk1.genblk1.genblk1.genblk1.genblk1.lut0 (4 -> 2)
  Optimizing lut $abc$46313$lut$aiger46312$4182.genblk1.genblk1.genblk1.genblk1.genblk1.genblk1.genblk1.genblk1.lut1.genblk1.genblk1.genblk1.genblk1.genblk1.genblk1.genblk1.lut1.genblk1.genblk1.genblk1.genblk1.genblk1.genblk1.lut1.genblk1.genblk1.genblk1.genblk1.genblk1.lut0 (4 -> 1)
  Optimizing lut $abc$46313$lut$aiger46312$4182.genblk1.genblk1.genblk1.genblk1.genblk1.genblk1.genblk1.genblk1.lut1.genblk1.genblk1.genblk1.genblk1.genblk1.genblk1.genblk1.lut1.genblk1.genblk1.genblk1.genblk1.genblk1.genblk1.lut0.genblk1.genblk1.genblk1.genblk1.genblk1.lut0 (4 -> 1)
  Optimizing lut $abc$46313$lut$aiger46312$4182.genblk1.genblk1.genblk1.genblk1.genblk1.genblk1.genblk1.genblk1.lut0.genblk1.genblk1.genblk1.genblk1.genblk1.genblk1.genblk1.lut0.genblk1.genblk1.genblk1.genblk1.genblk1.genblk1.lut1.genblk1.genblk1.genblk1.genblk1.genblk1.lut0 (4 -> 2)
  Optimizing lut $abc$46313$lut$aiger46312$4182.genblk1.genblk1.genblk1.genblk1.genblk1.genblk1.genblk1.genblk1.lut0.genblk1.genblk1.genblk1.genblk1.genblk1.genblk1.genblk1.lut0.genblk1.genblk1.genblk1.genblk1.genblk1.genblk1.lut0.genblk1.genblk1.genblk1.genblk1.genblk1.lut0 (4 -> 2)
  Optimizing lut $abc$46313$lut$aiger46312$4182.genblk1.genblk1.genblk1.genblk1.genblk1.genblk1.genblk1.genblk1.lut0.genblk1.genblk1.genblk1.genblk1.genblk1.genblk1.genblk1.lut1.genblk1.genblk1.genblk1.genblk1.genblk1.genblk1.lut1.genblk1.genblk1.genblk1.genblk1.genblk1.lut0 (4 -> 0)
  Optimizing lut $abc$46313$lut$aiger46312$4182.genblk1.genblk1.genblk1.genblk1.genblk1.genblk1.genblk1.genblk1.lut0.genblk1.genblk1.genblk1.genblk1.genblk1.genblk1.genblk1.lut1.genblk1.genblk1.genblk1.genblk1.genblk1.genblk1.lut0.genblk1.genblk1.genblk1.genblk1.genblk1.lut0 (4 -> 0)
  Optimizing lut $abc$46313$lut$aiger46312$4609.genblk1.genblk1.genblk1.genblk1.genblk1.genblk1.genblk1.genblk1.lut1.genblk1.genblk1.genblk1.genblk1.genblk1.genblk1.genblk1.lut0.genblk1.genblk1.genblk1.genblk1.genblk1.genblk1.lut1.genblk1.genblk1.genblk1.genblk1.genblk1.lut0 (4 -> 2)
  Optimizing lut $abc$46313$lut$aiger46312$4609.genblk1.genblk1.genblk1.genblk1.genblk1.genblk1.genblk1.genblk1.lut1.genblk1.genblk1.genblk1.genblk1.genblk1.genblk1.genblk1.lut1.genblk1.genblk1.genblk1.genblk1.genblk1.genblk1.lut1.genblk1.genblk1.genblk1.genblk1.genblk1.lut0 (4 -> 1)
  Optimizing lut $abc$46313$lut$aiger46312$4609.genblk1.genblk1.genblk1.genblk1.genblk1.genblk1.genblk1.genblk1.lut1.genblk1.genblk1.genblk1.genblk1.genblk1.genblk1.genblk1.lut1.genblk1.genblk1.genblk1.genblk1.genblk1.genblk1.lut0.genblk1.genblk1.genblk1.genblk1.genblk1.lut0 (4 -> 3)
  Optimizing lut $abc$46313$lut$aiger46312$4609.genblk1.genblk1.genblk1.genblk1.genblk1.genblk1.genblk1.genblk1.lut0.genblk1.genblk1.genblk1.genblk1.genblk1.genblk1.genblk1.lut0.genblk1.genblk1.genblk1.genblk1.genblk1.genblk1.lut1.genblk1.genblk1.genblk1.genblk1.genblk1.lut0 (4 -> 2)
  Optimizing lut $abc$46313$lut$aiger46312$4609.genblk1.genblk1.genblk1.genblk1.genblk1.genblk1.genblk1.genblk1.lut0.genblk1.genblk1.genblk1.genblk1.genblk1.genblk1.genblk1.lut1.genblk1.genblk1.genblk1.genblk1.genblk1.genblk1.lut1.genblk1.genblk1.genblk1.genblk1.genblk1.lut0 (4 -> 1)
  Optimizing lut $abc$46313$lut$aiger46312$4609.genblk1.genblk1.genblk1.genblk1.genblk1.genblk1.genblk1.genblk1.lut0.genblk1.genblk1.genblk1.genblk1.genblk1.genblk1.genblk1.lut1.genblk1.genblk1.genblk1.genblk1.genblk1.genblk1.lut0.genblk1.genblk1.genblk1.genblk1.genblk1.lut0 (4 -> 3)
  Optimizing lut $abc$46313$lut$aiger46312$4620.genblk1.genblk1.genblk1.genblk1.genblk1.genblk1.genblk1.genblk1.lut1.genblk1.genblk1.genblk1.genblk1.genblk1.genblk1.genblk1.lut0.genblk1.genblk1.genblk1.genblk1.genblk1.genblk1.lut1.genblk1.genblk1.genblk1.genblk1.genblk1.lut0 (4 -> 2)
  Optimizing lut $abc$46313$lut$aiger46312$4620.genblk1.genblk1.genblk1.genblk1.genblk1.genblk1.genblk1.genblk1.lut1.genblk1.genblk1.genblk1.genblk1.genblk1.genblk1.genblk1.lut0.genblk1.genblk1.genblk1.genblk1.genblk1.genblk1.lut0.genblk1.genblk1.genblk1.genblk1.genblk1.lut0 (4 -> 2)
  Optimizing lut $abc$46313$lut$aiger46312$4620.genblk1.genblk1.genblk1.genblk1.genblk1.genblk1.genblk1.genblk1.lut1.genblk1.genblk1.genblk1.genblk1.genblk1.genblk1.genblk1.lut1.genblk1.genblk1.genblk1.genblk1.genblk1.genblk1.lut1.genblk1.genblk1.genblk1.genblk1.genblk1.lut0 (4 -> 0)
  Optimizing lut $abc$46313$lut$aiger46312$4620.genblk1.genblk1.genblk1.genblk1.genblk1.genblk1.genblk1.genblk1.lut1.genblk1.genblk1.genblk1.genblk1.genblk1.genblk1.genblk1.lut1.genblk1.genblk1.genblk1.genblk1.genblk1.genblk1.lut0.genblk1.genblk1.genblk1.genblk1.genblk1.lut0 (4 -> 0)
  Optimizing lut $abc$46313$lut$aiger46312$4620.genblk1.genblk1.genblk1.genblk1.genblk1.genblk1.genblk1.genblk1.lut0.genblk1.genblk1.genblk1.genblk1.genblk1.genblk1.genblk1.lut0.genblk1.genblk1.genblk1.genblk1.genblk1.genblk1.lut1.genblk1.genblk1.genblk1.genblk1.genblk1.lut0 (4 -> 3)
  Optimizing lut $abc$46313$lut$aiger46312$4620.genblk1.genblk1.genblk1.genblk1.genblk1.genblk1.genblk1.genblk1.lut0.genblk1.genblk1.genblk1.genblk1.genblk1.genblk1.genblk1.lut0.genblk1.genblk1.genblk1.genblk1.genblk1.genblk1.lut0.genblk1.genblk1.genblk1.genblk1.genblk1.lut0 (4 -> 3)
  Optimizing lut $abc$46313$lut$aiger46312$4620.genblk1.genblk1.genblk1.genblk1.genblk1.genblk1.genblk1.genblk1.lut0.genblk1.genblk1.genblk1.genblk1.genblk1.genblk1.genblk1.lut1.genblk1.genblk1.genblk1.genblk1.genblk1.genblk1.lut1.genblk1.genblk1.genblk1.genblk1.genblk1.lut0 (4 -> 2)
  Optimizing lut $abc$46313$lut$aiger46312$4620.genblk1.genblk1.genblk1.genblk1.genblk1.genblk1.genblk1.genblk1.lut0.genblk1.genblk1.genblk1.genblk1.genblk1.genblk1.genblk1.lut1.genblk1.genblk1.genblk1.genblk1.genblk1.genblk1.lut0.genblk1.genblk1.genblk1.genblk1.genblk1.lut0 (4 -> 2)
  Optimizing lut $abc$46313$lut$aiger46312$4453.genblk1.genblk1.genblk1.genblk1.genblk1.genblk1.genblk1.genblk1.lut1.genblk1.genblk1.genblk1.genblk1.genblk1.genblk1.genblk1.lut0.genblk1.genblk1.genblk1.genblk1.genblk1.genblk1.lut1.genblk1.genblk1.genblk1.genblk1.genblk1.lut0 (4 -> 1)
  Optimizing lut $abc$46313$lut$aiger46312$4453.genblk1.genblk1.genblk1.genblk1.genblk1.genblk1.genblk1.genblk1.lut1.genblk1.genblk1.genblk1.genblk1.genblk1.genblk1.genblk1.lut0.genblk1.genblk1.genblk1.genblk1.genblk1.genblk1.lut0.genblk1.genblk1.genblk1.genblk1.genblk1.lut0 (4 -> 1)
  Optimizing lut $abc$46313$lut$aiger46312$4453.genblk1.genblk1.genblk1.genblk1.genblk1.genblk1.genblk1.genblk1.lut1.genblk1.genblk1.genblk1.genblk1.genblk1.genblk1.genblk1.lut1.genblk1.genblk1.genblk1.genblk1.genblk1.genblk1.lut1.genblk1.genblk1.genblk1.genblk1.genblk1.lut0 (4 -> 1)
  Optimizing lut $abc$46313$lut$aiger46312$4453.genblk1.genblk1.genblk1.genblk1.genblk1.genblk1.genblk1.genblk1.lut1.genblk1.genblk1.genblk1.genblk1.genblk1.genblk1.genblk1.lut1.genblk1.genblk1.genblk1.genblk1.genblk1.genblk1.lut0.genblk1.genblk1.genblk1.genblk1.genblk1.lut0 (4 -> 1)
  Optimizing lut $abc$46313$lut$aiger46312$4453.genblk1.genblk1.genblk1.genblk1.genblk1.genblk1.genblk1.genblk1.lut0.genblk1.genblk1.genblk1.genblk1.genblk1.genblk1.genblk1.lut0.genblk1.genblk1.genblk1.genblk1.genblk1.genblk1.lut1.genblk1.genblk1.genblk1.genblk1.genblk1.lut0 (4 -> 2)
  Optimizing lut $abc$46313$lut$aiger46312$4453.genblk1.genblk1.genblk1.genblk1.genblk1.genblk1.genblk1.genblk1.lut0.genblk1.genblk1.genblk1.genblk1.genblk1.genblk1.genblk1.lut0.genblk1.genblk1.genblk1.genblk1.genblk1.genblk1.lut0.genblk1.genblk1.genblk1.genblk1.genblk1.lut0 (4 -> 2)
  Optimizing lut $abc$46313$lut$aiger46312$4453.genblk1.genblk1.genblk1.genblk1.genblk1.genblk1.genblk1.genblk1.lut0.genblk1.genblk1.genblk1.genblk1.genblk1.genblk1.genblk1.lut1.genblk1.genblk1.genblk1.genblk1.genblk1.genblk1.lut1.genblk1.genblk1.genblk1.genblk1.genblk1.lut0 (4 -> 2)
  Optimizing lut $abc$46313$lut$aiger46312$4453.genblk1.genblk1.genblk1.genblk1.genblk1.genblk1.genblk1.genblk1.lut0.genblk1.genblk1.genblk1.genblk1.genblk1.genblk1.genblk1.lut1.genblk1.genblk1.genblk1.genblk1.genblk1.genblk1.lut0.genblk1.genblk1.genblk1.genblk1.genblk1.lut0 (4 -> 2)
  Optimizing lut $abc$46313$lut$aiger46312$4466.genblk1.genblk1.genblk1.genblk1.genblk1.genblk1.genblk1.genblk1.lut1.genblk1.genblk1.genblk1.genblk1.genblk1.genblk1.genblk1.lut0.genblk1.genblk1.genblk1.genblk1.genblk1.genblk1.lut1.genblk1.genblk1.genblk1.genblk1.genblk1.lut0 (4 -> 2)
  Optimizing lut $abc$46313$lut$aiger46312$4466.genblk1.genblk1.genblk1.genblk1.genblk1.genblk1.genblk1.genblk1.lut1.genblk1.genblk1.genblk1.genblk1.genblk1.genblk1.genblk1.lut1.genblk1.genblk1.genblk1.genblk1.genblk1.genblk1.lut1.genblk1.genblk1.genblk1.genblk1.genblk1.lut0 (4 -> 1)
  Optimizing lut $abc$46313$lut$aiger46312$4466.genblk1.genblk1.genblk1.genblk1.genblk1.genblk1.genblk1.genblk1.lut1.genblk1.genblk1.genblk1.genblk1.genblk1.genblk1.genblk1.lut1.genblk1.genblk1.genblk1.genblk1.genblk1.genblk1.lut0.genblk1.genblk1.genblk1.genblk1.genblk1.lut0 (4 -> 3)
  Optimizing lut $abc$46313$lut$aiger46312$4466.genblk1.genblk1.genblk1.genblk1.genblk1.genblk1.genblk1.genblk1.lut0.genblk1.genblk1.genblk1.genblk1.genblk1.genblk1.genblk1.lut0.genblk1.genblk1.genblk1.genblk1.genblk1.genblk1.lut1.genblk1.genblk1.genblk1.genblk1.genblk1.lut0 (4 -> 2)
  Optimizing lut $abc$46313$lut$aiger46312$4466.genblk1.genblk1.genblk1.genblk1.genblk1.genblk1.genblk1.genblk1.lut0.genblk1.genblk1.genblk1.genblk1.genblk1.genblk1.genblk1.lut1.genblk1.genblk1.genblk1.genblk1.genblk1.genblk1.lut1.genblk1.genblk1.genblk1.genblk1.genblk1.lut0 (4 -> 0)
  Optimizing lut $abc$46313$lut$aiger46312$4466.genblk1.genblk1.genblk1.genblk1.genblk1.genblk1.genblk1.genblk1.lut0.genblk1.genblk1.genblk1.genblk1.genblk1.genblk1.genblk1.lut1.genblk1.genblk1.genblk1.genblk1.genblk1.genblk1.lut0.genblk1.genblk1.genblk1.genblk1.genblk1.lut0 (4 -> 0)
  Optimizing lut $abc$46313$lut$aiger46312$4535.genblk1.genblk1.genblk1.genblk1.genblk1.genblk1.genblk1.lut1.genblk1.genblk1.genblk1.genblk1.genblk1.genblk1.lut0.genblk1.genblk1.genblk1.genblk1.genblk1.lut1 (4 -> 1)
  Optimizing lut $abc$46313$lut$aiger46312$7010.genblk1.genblk1.genblk1.genblk1.genblk1.genblk1.genblk1.genblk1.lut1.genblk1.genblk1.genblk1.genblk1.genblk1.genblk1.genblk1.lut1.genblk1.genblk1.genblk1.genblk1.genblk1.genblk1.lut1.genblk1.genblk1.genblk1.genblk1.genblk1.lut0 (4 -> 3)
  Optimizing lut $abc$46313$lut$aiger46312$7010.genblk1.genblk1.genblk1.genblk1.genblk1.genblk1.genblk1.genblk1.lut1.genblk1.genblk1.genblk1.genblk1.genblk1.genblk1.genblk1.lut1.genblk1.genblk1.genblk1.genblk1.genblk1.genblk1.lut0.genblk1.genblk1.genblk1.genblk1.genblk1.lut0 (4 -> 3)
  Optimizing lut $abc$46313$lut$aiger46312$7010.genblk1.genblk1.genblk1.genblk1.genblk1.genblk1.genblk1.genblk1.lut0.genblk1.genblk1.genblk1.genblk1.genblk1.genblk1.genblk1.lut0.genblk1.genblk1.genblk1.genblk1.genblk1.genblk1.lut1.genblk1.genblk1.genblk1.genblk1.genblk1.lut0 (4 -> 3)
  Optimizing lut $abc$46313$lut$aiger46312$7010.genblk1.genblk1.genblk1.genblk1.genblk1.genblk1.genblk1.genblk1.lut0.genblk1.genblk1.genblk1.genblk1.genblk1.genblk1.genblk1.lut1.genblk1.genblk1.genblk1.genblk1.genblk1.genblk1.lut1.genblk1.genblk1.genblk1.genblk1.genblk1.lut0 (4 -> 1)
  Optimizing lut $abc$46313$lut$aiger46312$7010.genblk1.genblk1.genblk1.genblk1.genblk1.genblk1.genblk1.genblk1.lut0.genblk1.genblk1.genblk1.genblk1.genblk1.genblk1.genblk1.lut1.genblk1.genblk1.genblk1.genblk1.genblk1.genblk1.lut0.genblk1.genblk1.genblk1.genblk1.genblk1.lut0 (4 -> 1)
  Optimizing lut $abc$46313$lut$aiger46312$6307.genblk1.genblk1.genblk1.genblk1.genblk1.genblk1.genblk1.lut1.genblk1.genblk1.genblk1.genblk1.genblk1.genblk1.lut0.genblk1.genblk1.genblk1.genblk1.genblk1.lut1 (4 -> 3)
  Optimizing lut $abc$46313$lut$aiger46312$3433.genblk1.genblk1.genblk1.genblk1.genblk1.genblk1.genblk1.genblk1.lut1.genblk1.genblk1.genblk1.genblk1.genblk1.genblk1.genblk1.lut0.genblk1.genblk1.genblk1.genblk1.genblk1.genblk1.lut0.genblk1.genblk1.genblk1.genblk1.genblk1.lut0 (4 -> 2)
  Optimizing lut $abc$46313$lut$aiger46312$3433.genblk1.genblk1.genblk1.genblk1.genblk1.genblk1.genblk1.genblk1.lut1.genblk1.genblk1.genblk1.genblk1.genblk1.genblk1.genblk1.lut1.genblk1.genblk1.genblk1.genblk1.genblk1.genblk1.lut1.genblk1.genblk1.genblk1.genblk1.genblk1.lut0 (4 -> 1)
  Optimizing lut $abc$46313$lut$aiger46312$3433.genblk1.genblk1.genblk1.genblk1.genblk1.genblk1.genblk1.genblk1.lut1.genblk1.genblk1.genblk1.genblk1.genblk1.genblk1.genblk1.lut1.genblk1.genblk1.genblk1.genblk1.genblk1.genblk1.lut0.genblk1.genblk1.genblk1.genblk1.genblk1.lut0 (4 -> 1)
  Optimizing lut $abc$46313$lut$aiger46312$3433.genblk1.genblk1.genblk1.genblk1.genblk1.genblk1.genblk1.genblk1.lut0.genblk1.genblk1.genblk1.genblk1.genblk1.genblk1.genblk1.lut0.genblk1.genblk1.genblk1.genblk1.genblk1.genblk1.lut1.genblk1.genblk1.genblk1.genblk1.genblk1.lut0 (4 -> 3)
  Optimizing lut $abc$46313$lut$aiger46312$3433.genblk1.genblk1.genblk1.genblk1.genblk1.genblk1.genblk1.genblk1.lut0.genblk1.genblk1.genblk1.genblk1.genblk1.genblk1.genblk1.lut0.genblk1.genblk1.genblk1.genblk1.genblk1.genblk1.lut0.genblk1.genblk1.genblk1.genblk1.genblk1.lut0 (4 -> 3)
  Optimizing lut $abc$46313$lut$aiger46312$3433.genblk1.genblk1.genblk1.genblk1.genblk1.genblk1.genblk1.genblk1.lut0.genblk1.genblk1.genblk1.genblk1.genblk1.genblk1.genblk1.lut1.genblk1.genblk1.genblk1.genblk1.genblk1.genblk1.lut1.genblk1.genblk1.genblk1.genblk1.genblk1.lut0 (4 -> 2)
  Optimizing lut $abc$46313$lut$aiger46312$3433.genblk1.genblk1.genblk1.genblk1.genblk1.genblk1.genblk1.genblk1.lut0.genblk1.genblk1.genblk1.genblk1.genblk1.genblk1.genblk1.lut1.genblk1.genblk1.genblk1.genblk1.genblk1.genblk1.lut0.genblk1.genblk1.genblk1.genblk1.genblk1.lut0 (4 -> 2)
  Optimizing lut $abc$46313$lut$aiger46312$3506.genblk1.genblk1.genblk1.genblk1.genblk1.genblk1.genblk1.genblk1.lut1.genblk1.genblk1.genblk1.genblk1.genblk1.genblk1.genblk1.lut0.genblk1.genblk1.genblk1.genblk1.genblk1.genblk1.lut0.genblk1.genblk1.genblk1.genblk1.genblk1.lut0 (4 -> 2)
  Optimizing lut $abc$46313$lut$aiger46312$3506.genblk1.genblk1.genblk1.genblk1.genblk1.genblk1.genblk1.genblk1.lut1.genblk1.genblk1.genblk1.genblk1.genblk1.genblk1.genblk1.lut1.genblk1.genblk1.genblk1.genblk1.genblk1.genblk1.lut1.genblk1.genblk1.genblk1.genblk1.genblk1.lut0 (4 -> 3)
  Optimizing lut $abc$46313$lut$aiger46312$3506.genblk1.genblk1.genblk1.genblk1.genblk1.genblk1.genblk1.genblk1.lut1.genblk1.genblk1.genblk1.genblk1.genblk1.genblk1.genblk1.lut1.genblk1.genblk1.genblk1.genblk1.genblk1.genblk1.lut0.genblk1.genblk1.genblk1.genblk1.genblk1.lut0 (4 -> 1)
  Optimizing lut $abc$46313$lut$aiger46312$3506.genblk1.genblk1.genblk1.genblk1.genblk1.genblk1.genblk1.genblk1.lut0.genblk1.genblk1.genblk1.genblk1.genblk1.genblk1.genblk1.lut0.genblk1.genblk1.genblk1.genblk1.genblk1.genblk1.lut0.genblk1.genblk1.genblk1.genblk1.genblk1.lut0 (4 -> 2)
  Optimizing lut $abc$46313$lut$aiger46312$3506.genblk1.genblk1.genblk1.genblk1.genblk1.genblk1.genblk1.genblk1.lut0.genblk1.genblk1.genblk1.genblk1.genblk1.genblk1.genblk1.lut1.genblk1.genblk1.genblk1.genblk1.genblk1.genblk1.lut1.genblk1.genblk1.genblk1.genblk1.genblk1.lut0 (4 -> 0)
  Optimizing lut $abc$46313$lut$aiger46312$3506.genblk1.genblk1.genblk1.genblk1.genblk1.genblk1.genblk1.genblk1.lut0.genblk1.genblk1.genblk1.genblk1.genblk1.genblk1.genblk1.lut1.genblk1.genblk1.genblk1.genblk1.genblk1.genblk1.lut0.genblk1.genblk1.genblk1.genblk1.genblk1.lut0 (4 -> 0)
  Optimizing lut $abc$46313$lut$aiger46312$4035.genblk1.genblk1.genblk1.genblk1.genblk1.genblk1.genblk1.genblk1.lut1.genblk1.genblk1.genblk1.genblk1.genblk1.genblk1.genblk1.lut0.genblk1.genblk1.genblk1.genblk1.genblk1.genblk1.lut1.genblk1.genblk1.genblk1.genblk1.genblk1.lut0 (4 -> 2)
  Optimizing lut $abc$46313$lut$aiger46312$4035.genblk1.genblk1.genblk1.genblk1.genblk1.genblk1.genblk1.genblk1.lut1.genblk1.genblk1.genblk1.genblk1.genblk1.genblk1.genblk1.lut0.genblk1.genblk1.genblk1.genblk1.genblk1.genblk1.lut0.genblk1.genblk1.genblk1.genblk1.genblk1.lut0 (4 -> 2)
  Optimizing lut $abc$46313$lut$aiger46312$4035.genblk1.genblk1.genblk1.genblk1.genblk1.genblk1.genblk1.genblk1.lut1.genblk1.genblk1.genblk1.genblk1.genblk1.genblk1.genblk1.lut1.genblk1.genblk1.genblk1.genblk1.genblk1.genblk1.lut1.genblk1.genblk1.genblk1.genblk1.genblk1.lut0 (4 -> 1)
  Optimizing lut $abc$46313$lut$aiger46312$4035.genblk1.genblk1.genblk1.genblk1.genblk1.genblk1.genblk1.genblk1.lut1.genblk1.genblk1.genblk1.genblk1.genblk1.genblk1.genblk1.lut1.genblk1.genblk1.genblk1.genblk1.genblk1.genblk1.lut0.genblk1.genblk1.genblk1.genblk1.genblk1.lut0 (4 -> 1)
  Optimizing lut $abc$46313$lut$aiger46312$4035.genblk1.genblk1.genblk1.genblk1.genblk1.genblk1.genblk1.genblk1.lut0.genblk1.genblk1.genblk1.genblk1.genblk1.genblk1.genblk1.lut0.genblk1.genblk1.genblk1.genblk1.genblk1.genblk1.lut1.genblk1.genblk1.genblk1.genblk1.genblk1.lut0 (4 -> 2)
  Optimizing lut $abc$46313$lut$aiger46312$4035.genblk1.genblk1.genblk1.genblk1.genblk1.genblk1.genblk1.genblk1.lut0.genblk1.genblk1.genblk1.genblk1.genblk1.genblk1.genblk1.lut0.genblk1.genblk1.genblk1.genblk1.genblk1.genblk1.lut0.genblk1.genblk1.genblk1.genblk1.genblk1.lut0 (4 -> 2)
  Optimizing lut $abc$46313$lut$aiger46312$4035.genblk1.genblk1.genblk1.genblk1.genblk1.genblk1.genblk1.genblk1.lut0.genblk1.genblk1.genblk1.genblk1.genblk1.genblk1.genblk1.lut1.genblk1.genblk1.genblk1.genblk1.genblk1.genblk1.lut1.genblk1.genblk1.genblk1.genblk1.genblk1.lut0 (4 -> 1)
  Optimizing lut $abc$46313$lut$aiger46312$4035.genblk1.genblk1.genblk1.genblk1.genblk1.genblk1.genblk1.genblk1.lut0.genblk1.genblk1.genblk1.genblk1.genblk1.genblk1.genblk1.lut1.genblk1.genblk1.genblk1.genblk1.genblk1.genblk1.lut0.genblk1.genblk1.genblk1.genblk1.genblk1.lut0 (4 -> 1)
  Optimizing lut $abc$46313$lut$aiger46312$4048.genblk1.genblk1.genblk1.genblk1.genblk1.genblk1.genblk1.genblk1.lut1.genblk1.genblk1.genblk1.genblk1.genblk1.genblk1.genblk1.lut0.genblk1.genblk1.genblk1.genblk1.genblk1.genblk1.lut1.genblk1.genblk1.genblk1.genblk1.genblk1.lut0 (4 -> 2)
  Optimizing lut $abc$46313$lut$aiger46312$4048.genblk1.genblk1.genblk1.genblk1.genblk1.genblk1.genblk1.genblk1.lut1.genblk1.genblk1.genblk1.genblk1.genblk1.genblk1.genblk1.lut1.genblk1.genblk1.genblk1.genblk1.genblk1.genblk1.lut1.genblk1.genblk1.genblk1.genblk1.genblk1.lut0 (4 -> 1)
  Optimizing lut $abc$46313$lut$aiger46312$4048.genblk1.genblk1.genblk1.genblk1.genblk1.genblk1.genblk1.genblk1.lut1.genblk1.genblk1.genblk1.genblk1.genblk1.genblk1.genblk1.lut1.genblk1.genblk1.genblk1.genblk1.genblk1.genblk1.lut0.genblk1.genblk1.genblk1.genblk1.genblk1.lut0 (4 -> 3)
  Optimizing lut $abc$46313$lut$aiger46312$4048.genblk1.genblk1.genblk1.genblk1.genblk1.genblk1.genblk1.genblk1.lut0.genblk1.genblk1.genblk1.genblk1.genblk1.genblk1.genblk1.lut0.genblk1.genblk1.genblk1.genblk1.genblk1.genblk1.lut1.genblk1.genblk1.genblk1.genblk1.genblk1.lut0 (4 -> 2)
  Optimizing lut $abc$46313$lut$aiger46312$4048.genblk1.genblk1.genblk1.genblk1.genblk1.genblk1.genblk1.genblk1.lut0.genblk1.genblk1.genblk1.genblk1.genblk1.genblk1.genblk1.lut1.genblk1.genblk1.genblk1.genblk1.genblk1.genblk1.lut1.genblk1.genblk1.genblk1.genblk1.genblk1.lut0 (4 -> 0)
  Optimizing lut $abc$46313$lut$aiger46312$4048.genblk1.genblk1.genblk1.genblk1.genblk1.genblk1.genblk1.genblk1.lut0.genblk1.genblk1.genblk1.genblk1.genblk1.genblk1.genblk1.lut1.genblk1.genblk1.genblk1.genblk1.genblk1.genblk1.lut0.genblk1.genblk1.genblk1.genblk1.genblk1.lut0 (4 -> 0)
  Optimizing lut $abc$46313$lut$aiger46312$7131.genblk1.genblk1.genblk1.genblk1.genblk1.genblk1.genblk1.genblk1.lut1.genblk1.genblk1.genblk1.genblk1.genblk1.genblk1.genblk1.lut1.genblk1.genblk1.genblk1.genblk1.genblk1.genblk1.lut0.genblk1.genblk1.genblk1.genblk1.genblk1.lut0 (4 -> 3)
  Optimizing lut $abc$46313$lut$aiger46312$7131.genblk1.genblk1.genblk1.genblk1.genblk1.genblk1.genblk1.genblk1.lut0.genblk1.genblk1.genblk1.genblk1.genblk1.genblk1.genblk1.lut1.genblk1.genblk1.genblk1.genblk1.genblk1.genblk1.lut1.genblk1.genblk1.genblk1.genblk1.genblk1.lut0 (4 -> 0)
  Optimizing lut $abc$46313$lut$aiger46312$3738.genblk1.genblk1.genblk1.genblk1.genblk1.genblk1.genblk1.genblk1.lut1.genblk1.genblk1.genblk1.genblk1.genblk1.genblk1.genblk1.lut1.genblk1.genblk1.genblk1.genblk1.genblk1.genblk1.lut1.genblk1.genblk1.genblk1.genblk1.genblk1.lut0 (4 -> 1)
  Optimizing lut $abc$46313$lut$aiger46312$3738.genblk1.genblk1.genblk1.genblk1.genblk1.genblk1.genblk1.genblk1.lut1.genblk1.genblk1.genblk1.genblk1.genblk1.genblk1.genblk1.lut1.genblk1.genblk1.genblk1.genblk1.genblk1.genblk1.lut0.genblk1.genblk1.genblk1.genblk1.genblk1.lut0 (4 -> 3)
  Optimizing lut $abc$46313$lut$aiger46312$3738.genblk1.genblk1.genblk1.genblk1.genblk1.genblk1.genblk1.genblk1.lut0.genblk1.genblk1.genblk1.genblk1.genblk1.genblk1.genblk1.lut0.genblk1.genblk1.genblk1.genblk1.genblk1.genblk1.lut1.genblk1.genblk1.genblk1.genblk1.genblk1.lut0 (4 -> 2)
  Optimizing lut $abc$46313$lut$aiger46312$3738.genblk1.genblk1.genblk1.genblk1.genblk1.genblk1.genblk1.genblk1.lut0.genblk1.genblk1.genblk1.genblk1.genblk1.genblk1.genblk1.lut1.genblk1.genblk1.genblk1.genblk1.genblk1.genblk1.lut1.genblk1.genblk1.genblk1.genblk1.genblk1.lut0 (4 -> 1)
  Optimizing lut $abc$46313$lut$aiger46312$3738.genblk1.genblk1.genblk1.genblk1.genblk1.genblk1.genblk1.genblk1.lut0.genblk1.genblk1.genblk1.genblk1.genblk1.genblk1.genblk1.lut1.genblk1.genblk1.genblk1.genblk1.genblk1.genblk1.lut0.genblk1.genblk1.genblk1.genblk1.genblk1.lut0 (4 -> 3)
  Optimizing lut $abc$46313$lut$aiger46312$3752.genblk1.genblk1.genblk1.genblk1.genblk1.genblk1.genblk1.genblk1.lut1.genblk1.genblk1.genblk1.genblk1.genblk1.genblk1.genblk1.lut0.genblk1.genblk1.genblk1.genblk1.genblk1.genblk1.lut1.genblk1.genblk1.genblk1.genblk1.genblk1.lut0 (4 -> 2)
  Optimizing lut $abc$46313$lut$aiger46312$3752.genblk1.genblk1.genblk1.genblk1.genblk1.genblk1.genblk1.genblk1.lut1.genblk1.genblk1.genblk1.genblk1.genblk1.genblk1.genblk1.lut0.genblk1.genblk1.genblk1.genblk1.genblk1.genblk1.lut0.genblk1.genblk1.genblk1.genblk1.genblk1.lut0 (4 -> 2)
  Optimizing lut $abc$46313$lut$aiger46312$3752.genblk1.genblk1.genblk1.genblk1.genblk1.genblk1.genblk1.genblk1.lut1.genblk1.genblk1.genblk1.genblk1.genblk1.genblk1.genblk1.lut1.genblk1.genblk1.genblk1.genblk1.genblk1.genblk1.lut1.genblk1.genblk1.genblk1.genblk1.genblk1.lut0 (4 -> 0)
  Optimizing lut $abc$46313$lut$aiger46312$3752.genblk1.genblk1.genblk1.genblk1.genblk1.genblk1.genblk1.genblk1.lut1.genblk1.genblk1.genblk1.genblk1.genblk1.genblk1.genblk1.lut1.genblk1.genblk1.genblk1.genblk1.genblk1.genblk1.lut0.genblk1.genblk1.genblk1.genblk1.genblk1.lut0 (4 -> 0)
  Optimizing lut $abc$46313$lut$aiger46312$3752.genblk1.genblk1.genblk1.genblk1.genblk1.genblk1.genblk1.genblk1.lut0.genblk1.genblk1.genblk1.genblk1.genblk1.genblk1.genblk1.lut0.genblk1.genblk1.genblk1.genblk1.genblk1.genblk1.lut1.genblk1.genblk1.genblk1.genblk1.genblk1.lut0 (4 -> 3)
  Optimizing lut $abc$46313$lut$aiger46312$3752.genblk1.genblk1.genblk1.genblk1.genblk1.genblk1.genblk1.genblk1.lut0.genblk1.genblk1.genblk1.genblk1.genblk1.genblk1.genblk1.lut0.genblk1.genblk1.genblk1.genblk1.genblk1.genblk1.lut0.genblk1.genblk1.genblk1.genblk1.genblk1.lut0 (4 -> 3)
  Optimizing lut $abc$46313$lut$aiger46312$3752.genblk1.genblk1.genblk1.genblk1.genblk1.genblk1.genblk1.genblk1.lut0.genblk1.genblk1.genblk1.genblk1.genblk1.genblk1.genblk1.lut1.genblk1.genblk1.genblk1.genblk1.genblk1.genblk1.lut1.genblk1.genblk1.genblk1.genblk1.genblk1.lut0 (4 -> 2)
  Optimizing lut $abc$46313$lut$aiger46312$3752.genblk1.genblk1.genblk1.genblk1.genblk1.genblk1.genblk1.genblk1.lut0.genblk1.genblk1.genblk1.genblk1.genblk1.genblk1.genblk1.lut1.genblk1.genblk1.genblk1.genblk1.genblk1.genblk1.lut0.genblk1.genblk1.genblk1.genblk1.genblk1.lut0 (4 -> 2)
  Optimizing lut $abc$46313$lut$aiger46312$3887.genblk1.genblk1.genblk1.genblk1.genblk1.genblk1.genblk1.genblk1.lut1.genblk1.genblk1.genblk1.genblk1.genblk1.genblk1.genblk1.lut1.genblk1.genblk1.genblk1.genblk1.genblk1.genblk1.lut1.genblk1.genblk1.genblk1.genblk1.genblk1.lut0 (4 -> 0)
  Optimizing lut $abc$46313$lut$aiger46312$3887.genblk1.genblk1.genblk1.genblk1.genblk1.genblk1.genblk1.genblk1.lut1.genblk1.genblk1.genblk1.genblk1.genblk1.genblk1.genblk1.lut1.genblk1.genblk1.genblk1.genblk1.genblk1.genblk1.lut0.genblk1.genblk1.genblk1.genblk1.genblk1.lut0 (4 -> 0)
  Optimizing lut $abc$46313$lut$aiger46312$3887.genblk1.genblk1.genblk1.genblk1.genblk1.genblk1.genblk1.genblk1.lut0.genblk1.genblk1.genblk1.genblk1.genblk1.genblk1.genblk1.lut0.genblk1.genblk1.genblk1.genblk1.genblk1.genblk1.lut1.genblk1.genblk1.genblk1.genblk1.genblk1.lut0 (4 -> 0)
  Optimizing lut $abc$46313$lut$aiger46312$3887.genblk1.genblk1.genblk1.genblk1.genblk1.genblk1.genblk1.genblk1.lut0.genblk1.genblk1.genblk1.genblk1.genblk1.genblk1.genblk1.lut0.genblk1.genblk1.genblk1.genblk1.genblk1.genblk1.lut0.genblk1.genblk1.genblk1.genblk1.genblk1.lut0 (4 -> 0)
  Optimizing lut $abc$46313$lut$aiger46312$3904.genblk1.genblk1.genblk1.genblk1.genblk1.genblk1.genblk1.genblk1.lut1.genblk1.genblk1.genblk1.genblk1.genblk1.genblk1.genblk1.lut0.genblk1.genblk1.genblk1.genblk1.genblk1.genblk1.lut0.genblk1.genblk1.genblk1.genblk1.genblk1.lut0 (4 -> 2)
  Optimizing lut $abc$46313$lut$aiger46312$3904.genblk1.genblk1.genblk1.genblk1.genblk1.genblk1.genblk1.genblk1.lut1.genblk1.genblk1.genblk1.genblk1.genblk1.genblk1.genblk1.lut1.genblk1.genblk1.genblk1.genblk1.genblk1.genblk1.lut1.genblk1.genblk1.genblk1.genblk1.genblk1.lut0 (4 -> 3)
  Optimizing lut $abc$46313$lut$aiger46312$3904.genblk1.genblk1.genblk1.genblk1.genblk1.genblk1.genblk1.genblk1.lut1.genblk1.genblk1.genblk1.genblk1.genblk1.genblk1.genblk1.lut1.genblk1.genblk1.genblk1.genblk1.genblk1.genblk1.lut0.genblk1.genblk1.genblk1.genblk1.genblk1.lut0 (4 -> 1)
  Optimizing lut $abc$46313$lut$aiger46312$3904.genblk1.genblk1.genblk1.genblk1.genblk1.genblk1.genblk1.genblk1.lut0.genblk1.genblk1.genblk1.genblk1.genblk1.genblk1.genblk1.lut0.genblk1.genblk1.genblk1.genblk1.genblk1.genblk1.lut0.genblk1.genblk1.genblk1.genblk1.genblk1.lut0 (4 -> 2)
  Optimizing lut $abc$46313$lut$aiger46312$3904.genblk1.genblk1.genblk1.genblk1.genblk1.genblk1.genblk1.genblk1.lut0.genblk1.genblk1.genblk1.genblk1.genblk1.genblk1.genblk1.lut1.genblk1.genblk1.genblk1.genblk1.genblk1.genblk1.lut1.genblk1.genblk1.genblk1.genblk1.genblk1.lut0 (4 -> 0)
  Optimizing lut $abc$46313$lut$aiger46312$3904.genblk1.genblk1.genblk1.genblk1.genblk1.genblk1.genblk1.genblk1.lut0.genblk1.genblk1.genblk1.genblk1.genblk1.genblk1.genblk1.lut1.genblk1.genblk1.genblk1.genblk1.genblk1.genblk1.lut0.genblk1.genblk1.genblk1.genblk1.genblk1.lut0 (4 -> 0)
  Optimizing lut $abc$46313$lut$aiger46312$3917.genblk1.genblk1.genblk1.genblk1.genblk1.genblk1.genblk1.lut1.genblk1.genblk1.genblk1.genblk1.genblk1.genblk1.lut0.genblk1.genblk1.genblk1.genblk1.genblk1.lut1 (4 -> 1)
  Optimizing lut $abc$46313$lut$aiger46312$3934.genblk1.genblk1.genblk1.genblk1.genblk1.genblk1.genblk1.genblk1.lut1.genblk1.genblk1.genblk1.genblk1.genblk1.genblk1.genblk1.lut0.genblk1.genblk1.genblk1.genblk1.genblk1.genblk1.lut0.genblk1.genblk1.genblk1.genblk1.genblk1.lut0 (4 -> 2)
  Optimizing lut $abc$46313$lut$aiger46312$3934.genblk1.genblk1.genblk1.genblk1.genblk1.genblk1.genblk1.genblk1.lut1.genblk1.genblk1.genblk1.genblk1.genblk1.genblk1.genblk1.lut1.genblk1.genblk1.genblk1.genblk1.genblk1.genblk1.lut1.genblk1.genblk1.genblk1.genblk1.genblk1.lut0 (4 -> 0)
  Optimizing lut $abc$46313$lut$aiger46312$3934.genblk1.genblk1.genblk1.genblk1.genblk1.genblk1.genblk1.genblk1.lut1.genblk1.genblk1.genblk1.genblk1.genblk1.genblk1.genblk1.lut1.genblk1.genblk1.genblk1.genblk1.genblk1.genblk1.lut0.genblk1.genblk1.genblk1.genblk1.genblk1.lut0 (4 -> 2)
  Optimizing lut $abc$46313$lut$aiger46312$3934.genblk1.genblk1.genblk1.genblk1.genblk1.genblk1.genblk1.genblk1.lut0.genblk1.genblk1.genblk1.genblk1.genblk1.genblk1.genblk1.lut0.genblk1.genblk1.genblk1.genblk1.genblk1.genblk1.lut1.genblk1.genblk1.genblk1.genblk1.genblk1.lut0 (4 -> 0)
  Optimizing lut $abc$46313$lut$aiger46312$3934.genblk1.genblk1.genblk1.genblk1.genblk1.genblk1.genblk1.genblk1.lut0.genblk1.genblk1.genblk1.genblk1.genblk1.genblk1.genblk1.lut0.genblk1.genblk1.genblk1.genblk1.genblk1.genblk1.lut0.genblk1.genblk1.genblk1.genblk1.genblk1.lut0 (4 -> 2)
  Optimizing lut $abc$46313$lut$aiger46312$3934.genblk1.genblk1.genblk1.genblk1.genblk1.genblk1.genblk1.genblk1.lut0.genblk1.genblk1.genblk1.genblk1.genblk1.genblk1.genblk1.lut1.genblk1.genblk1.genblk1.genblk1.genblk1.genblk1.lut1.genblk1.genblk1.genblk1.genblk1.genblk1.lut0 (4 -> 0)
  Optimizing lut $abc$46313$lut$aiger46312$3934.genblk1.genblk1.genblk1.genblk1.genblk1.genblk1.genblk1.genblk1.lut0.genblk1.genblk1.genblk1.genblk1.genblk1.genblk1.genblk1.lut1.genblk1.genblk1.genblk1.genblk1.genblk1.genblk1.lut0.genblk1.genblk1.genblk1.genblk1.genblk1.lut0 (4 -> 2)
  Optimizing lut $abc$46313$lut$aiger46312$4093.genblk1.genblk1.genblk1.genblk1.genblk1.genblk1.genblk1.lut1.genblk1.genblk1.genblk1.genblk1.genblk1.genblk1.lut0.genblk1.genblk1.genblk1.genblk1.genblk1.lut1 (4 -> 3)
  Optimizing lut $abc$46313$lut$aiger46312$4395.genblk1.genblk1.genblk1.genblk1.genblk1.genblk1.genblk1.lut1.genblk1.genblk1.genblk1.genblk1.genblk1.genblk1.lut0.genblk1.genblk1.genblk1.genblk1.genblk1.lut1 (4 -> 0)
  Optimizing lut $abc$46313$lut$aiger46312$4853.genblk1.genblk1.genblk1.genblk1.genblk1.genblk1.genblk1.genblk1.lut1.genblk1.genblk1.genblk1.genblk1.genblk1.genblk1.genblk1.lut0.genblk1.genblk1.genblk1.genblk1.genblk1.genblk1.lut1.genblk1.genblk1.genblk1.genblk1.genblk1.lut0 (4 -> 2)
  Optimizing lut $abc$46313$lut$aiger46312$4853.genblk1.genblk1.genblk1.genblk1.genblk1.genblk1.genblk1.genblk1.lut1.genblk1.genblk1.genblk1.genblk1.genblk1.genblk1.genblk1.lut0.genblk1.genblk1.genblk1.genblk1.genblk1.genblk1.lut0.genblk1.genblk1.genblk1.genblk1.genblk1.lut0 (4 -> 2)
  Optimizing lut $abc$46313$lut$aiger46312$4853.genblk1.genblk1.genblk1.genblk1.genblk1.genblk1.genblk1.genblk1.lut1.genblk1.genblk1.genblk1.genblk1.genblk1.genblk1.genblk1.lut1.genblk1.genblk1.genblk1.genblk1.genblk1.genblk1.lut1.genblk1.genblk1.genblk1.genblk1.genblk1.lut0 (4 -> 1)
  Optimizing lut $abc$46313$lut$aiger46312$4853.genblk1.genblk1.genblk1.genblk1.genblk1.genblk1.genblk1.genblk1.lut1.genblk1.genblk1.genblk1.genblk1.genblk1.genblk1.genblk1.lut1.genblk1.genblk1.genblk1.genblk1.genblk1.genblk1.lut0.genblk1.genblk1.genblk1.genblk1.genblk1.lut0 (4 -> 1)
  Optimizing lut $abc$46313$lut$aiger46312$4853.genblk1.genblk1.genblk1.genblk1.genblk1.genblk1.genblk1.genblk1.lut0.genblk1.genblk1.genblk1.genblk1.genblk1.genblk1.genblk1.lut0.genblk1.genblk1.genblk1.genblk1.genblk1.genblk1.lut1.genblk1.genblk1.genblk1.genblk1.genblk1.lut0 (4 -> 3)
  Optimizing lut $abc$46313$lut$aiger46312$4853.genblk1.genblk1.genblk1.genblk1.genblk1.genblk1.genblk1.genblk1.lut0.genblk1.genblk1.genblk1.genblk1.genblk1.genblk1.genblk1.lut0.genblk1.genblk1.genblk1.genblk1.genblk1.genblk1.lut0.genblk1.genblk1.genblk1.genblk1.genblk1.lut0 (4 -> 3)
  Optimizing lut $abc$46313$lut$aiger46312$4853.genblk1.genblk1.genblk1.genblk1.genblk1.genblk1.genblk1.genblk1.lut0.genblk1.genblk1.genblk1.genblk1.genblk1.genblk1.genblk1.lut1.genblk1.genblk1.genblk1.genblk1.genblk1.genblk1.lut1.genblk1.genblk1.genblk1.genblk1.genblk1.lut0 (4 -> 2)
  Optimizing lut $abc$46313$lut$aiger46312$4853.genblk1.genblk1.genblk1.genblk1.genblk1.genblk1.genblk1.genblk1.lut0.genblk1.genblk1.genblk1.genblk1.genblk1.genblk1.genblk1.lut1.genblk1.genblk1.genblk1.genblk1.genblk1.genblk1.lut0.genblk1.genblk1.genblk1.genblk1.genblk1.lut0 (4 -> 2)
  Optimizing lut $abc$46313$lut$aiger46312$4967.genblk1.genblk1.genblk1.genblk1.genblk1.genblk1.genblk1.genblk1.lut1.genblk1.genblk1.genblk1.genblk1.genblk1.genblk1.genblk1.lut0.genblk1.genblk1.genblk1.genblk1.genblk1.genblk1.lut1.genblk1.genblk1.genblk1.genblk1.genblk1.lut0 (4 -> 2)
  Optimizing lut $abc$46313$lut$aiger46312$4967.genblk1.genblk1.genblk1.genblk1.genblk1.genblk1.genblk1.genblk1.lut1.genblk1.genblk1.genblk1.genblk1.genblk1.genblk1.genblk1.lut0.genblk1.genblk1.genblk1.genblk1.genblk1.genblk1.lut0.genblk1.genblk1.genblk1.genblk1.genblk1.lut0 (4 -> 2)
  Optimizing lut $abc$46313$lut$aiger46312$4967.genblk1.genblk1.genblk1.genblk1.genblk1.genblk1.genblk1.genblk1.lut1.genblk1.genblk1.genblk1.genblk1.genblk1.genblk1.genblk1.lut1.genblk1.genblk1.genblk1.genblk1.genblk1.genblk1.lut1.genblk1.genblk1.genblk1.genblk1.genblk1.lut0 (4 -> 1)
  Optimizing lut $abc$46313$lut$aiger46312$4967.genblk1.genblk1.genblk1.genblk1.genblk1.genblk1.genblk1.genblk1.lut1.genblk1.genblk1.genblk1.genblk1.genblk1.genblk1.genblk1.lut1.genblk1.genblk1.genblk1.genblk1.genblk1.genblk1.lut0.genblk1.genblk1.genblk1.genblk1.genblk1.lut0 (4 -> 1)
  Optimizing lut $abc$46313$lut$aiger46312$4967.genblk1.genblk1.genblk1.genblk1.genblk1.genblk1.genblk1.genblk1.lut0.genblk1.genblk1.genblk1.genblk1.genblk1.genblk1.genblk1.lut0.genblk1.genblk1.genblk1.genblk1.genblk1.genblk1.lut1.genblk1.genblk1.genblk1.genblk1.genblk1.lut0 (4 -> 3)
  Optimizing lut $abc$46313$lut$aiger46312$4967.genblk1.genblk1.genblk1.genblk1.genblk1.genblk1.genblk1.genblk1.lut0.genblk1.genblk1.genblk1.genblk1.genblk1.genblk1.genblk1.lut0.genblk1.genblk1.genblk1.genblk1.genblk1.genblk1.lut0.genblk1.genblk1.genblk1.genblk1.genblk1.lut0 (4 -> 3)
  Optimizing lut $abc$46313$lut$aiger46312$4967.genblk1.genblk1.genblk1.genblk1.genblk1.genblk1.genblk1.genblk1.lut0.genblk1.genblk1.genblk1.genblk1.genblk1.genblk1.genblk1.lut1.genblk1.genblk1.genblk1.genblk1.genblk1.genblk1.lut1.genblk1.genblk1.genblk1.genblk1.genblk1.lut0 (4 -> 2)
  Optimizing lut $abc$46313$lut$aiger46312$4967.genblk1.genblk1.genblk1.genblk1.genblk1.genblk1.genblk1.genblk1.lut0.genblk1.genblk1.genblk1.genblk1.genblk1.genblk1.genblk1.lut1.genblk1.genblk1.genblk1.genblk1.genblk1.genblk1.lut0.genblk1.genblk1.genblk1.genblk1.genblk1.lut0 (4 -> 2)
  Optimizing lut $abc$46313$lut$aiger46312$4978.genblk1.genblk1.genblk1.genblk1.genblk1.genblk1.genblk1.genblk1.lut1.genblk1.genblk1.genblk1.genblk1.genblk1.genblk1.genblk1.lut0.genblk1.genblk1.genblk1.genblk1.genblk1.genblk1.lut1.genblk1.genblk1.genblk1.genblk1.genblk1.lut0 (4 -> 2)
  Optimizing lut $abc$46313$lut$aiger46312$4978.genblk1.genblk1.genblk1.genblk1.genblk1.genblk1.genblk1.genblk1.lut1.genblk1.genblk1.genblk1.genblk1.genblk1.genblk1.genblk1.lut0.genblk1.genblk1.genblk1.genblk1.genblk1.genblk1.lut0.genblk1.genblk1.genblk1.genblk1.genblk1.lut0 (4 -> 2)
  Optimizing lut $abc$46313$lut$aiger46312$4978.genblk1.genblk1.genblk1.genblk1.genblk1.genblk1.genblk1.genblk1.lut1.genblk1.genblk1.genblk1.genblk1.genblk1.genblk1.genblk1.lut1.genblk1.genblk1.genblk1.genblk1.genblk1.genblk1.lut1.genblk1.genblk1.genblk1.genblk1.genblk1.lut0 (4 -> 0)
  Optimizing lut $abc$46313$lut$aiger46312$4978.genblk1.genblk1.genblk1.genblk1.genblk1.genblk1.genblk1.genblk1.lut1.genblk1.genblk1.genblk1.genblk1.genblk1.genblk1.genblk1.lut1.genblk1.genblk1.genblk1.genblk1.genblk1.genblk1.lut0.genblk1.genblk1.genblk1.genblk1.genblk1.lut0 (4 -> 0)
  Optimizing lut $abc$46313$lut$aiger46312$4978.genblk1.genblk1.genblk1.genblk1.genblk1.genblk1.genblk1.genblk1.lut0.genblk1.genblk1.genblk1.genblk1.genblk1.genblk1.genblk1.lut0.genblk1.genblk1.genblk1.genblk1.genblk1.genblk1.lut1.genblk1.genblk1.genblk1.genblk1.genblk1.lut0 (4 -> 3)
  Optimizing lut $abc$46313$lut$aiger46312$4978.genblk1.genblk1.genblk1.genblk1.genblk1.genblk1.genblk1.genblk1.lut0.genblk1.genblk1.genblk1.genblk1.genblk1.genblk1.genblk1.lut0.genblk1.genblk1.genblk1.genblk1.genblk1.genblk1.lut0.genblk1.genblk1.genblk1.genblk1.genblk1.lut0 (4 -> 3)
  Optimizing lut $abc$46313$lut$aiger46312$4978.genblk1.genblk1.genblk1.genblk1.genblk1.genblk1.genblk1.genblk1.lut0.genblk1.genblk1.genblk1.genblk1.genblk1.genblk1.genblk1.lut1.genblk1.genblk1.genblk1.genblk1.genblk1.genblk1.lut1.genblk1.genblk1.genblk1.genblk1.genblk1.lut0 (4 -> 2)
  Optimizing lut $abc$46313$lut$aiger46312$4978.genblk1.genblk1.genblk1.genblk1.genblk1.genblk1.genblk1.genblk1.lut0.genblk1.genblk1.genblk1.genblk1.genblk1.genblk1.genblk1.lut1.genblk1.genblk1.genblk1.genblk1.genblk1.genblk1.lut0.genblk1.genblk1.genblk1.genblk1.genblk1.lut0 (4 -> 2)
  Optimizing lut $abc$46313$lut$aiger46312$4991.genblk1.genblk1.genblk1.genblk1.genblk1.genblk1.genblk1.lut1.genblk1.genblk1.genblk1.genblk1.genblk1.genblk1.lut0.genblk1.genblk1.genblk1.genblk1.genblk1.lut1 (4 -> 1)
  Optimizing lut $abc$46313$lut$aiger46312$4920.genblk1.genblk1.genblk1.genblk1.genblk1.genblk1.genblk1.genblk1.lut1.genblk1.genblk1.genblk1.genblk1.genblk1.genblk1.genblk1.lut0.genblk1.genblk1.genblk1.genblk1.genblk1.genblk1.lut0.genblk1.genblk1.genblk1.genblk1.genblk1.lut0 (4 -> 2)
  Optimizing lut $abc$46313$lut$aiger46312$4920.genblk1.genblk1.genblk1.genblk1.genblk1.genblk1.genblk1.genblk1.lut1.genblk1.genblk1.genblk1.genblk1.genblk1.genblk1.genblk1.lut1.genblk1.genblk1.genblk1.genblk1.genblk1.genblk1.lut1.genblk1.genblk1.genblk1.genblk1.genblk1.lut0 (4 -> 1)
  Optimizing lut $abc$46313$lut$aiger46312$4920.genblk1.genblk1.genblk1.genblk1.genblk1.genblk1.genblk1.genblk1.lut1.genblk1.genblk1.genblk1.genblk1.genblk1.genblk1.genblk1.lut1.genblk1.genblk1.genblk1.genblk1.genblk1.genblk1.lut0.genblk1.genblk1.genblk1.genblk1.genblk1.lut0 (4 -> 2)
  Optimizing lut $abc$46313$lut$aiger46312$4920.genblk1.genblk1.genblk1.genblk1.genblk1.genblk1.genblk1.genblk1.lut0.genblk1.genblk1.genblk1.genblk1.genblk1.genblk1.genblk1.lut0.genblk1.genblk1.genblk1.genblk1.genblk1.genblk1.lut1.genblk1.genblk1.genblk1.genblk1.genblk1.lut0 (4 -> 1)
  Optimizing lut $abc$46313$lut$aiger46312$4920.genblk1.genblk1.genblk1.genblk1.genblk1.genblk1.genblk1.genblk1.lut0.genblk1.genblk1.genblk1.genblk1.genblk1.genblk1.genblk1.lut0.genblk1.genblk1.genblk1.genblk1.genblk1.genblk1.lut0.genblk1.genblk1.genblk1.genblk1.genblk1.lut0 (4 -> 2)
  Optimizing lut $abc$46313$lut$aiger46312$4920.genblk1.genblk1.genblk1.genblk1.genblk1.genblk1.genblk1.genblk1.lut0.genblk1.genblk1.genblk1.genblk1.genblk1.genblk1.genblk1.lut1.genblk1.genblk1.genblk1.genblk1.genblk1.genblk1.lut1.genblk1.genblk1.genblk1.genblk1.genblk1.lut0 (4 -> 1)
  Optimizing lut $abc$46313$lut$aiger46312$4920.genblk1.genblk1.genblk1.genblk1.genblk1.genblk1.genblk1.genblk1.lut0.genblk1.genblk1.genblk1.genblk1.genblk1.genblk1.genblk1.lut1.genblk1.genblk1.genblk1.genblk1.genblk1.genblk1.lut0.genblk1.genblk1.genblk1.genblk1.genblk1.lut0 (4 -> 2)
  Optimizing lut $abc$46313$lut$aiger46312$5234.genblk1.genblk1.genblk1.genblk1.genblk1.genblk1.genblk1.genblk1.lut0.genblk1.genblk1.genblk1.genblk1.genblk1.genblk1.genblk1.lut0.genblk1.genblk1.genblk1.genblk1.genblk1.genblk1.lut1.genblk1.genblk1.genblk1.genblk1.genblk1.lut0 (4 -> 0)
  Optimizing lut $abc$46313$lut$aiger46312$5234.genblk1.genblk1.genblk1.genblk1.genblk1.genblk1.genblk1.genblk1.lut0.genblk1.genblk1.genblk1.genblk1.genblk1.genblk1.genblk1.lut0.genblk1.genblk1.genblk1.genblk1.genblk1.genblk1.lut0.genblk1.genblk1.genblk1.genblk1.genblk1.lut0 (4 -> 0)
  Optimizing lut $abc$46313$lut$aiger46312$5234.genblk1.genblk1.genblk1.genblk1.genblk1.genblk1.genblk1.genblk1.lut0.genblk1.genblk1.genblk1.genblk1.genblk1.genblk1.genblk1.lut1.genblk1.genblk1.genblk1.genblk1.genblk1.genblk1.lut1.genblk1.genblk1.genblk1.genblk1.genblk1.lut0 (4 -> 0)
  Optimizing lut $abc$46313$lut$aiger46312$5234.genblk1.genblk1.genblk1.genblk1.genblk1.genblk1.genblk1.genblk1.lut0.genblk1.genblk1.genblk1.genblk1.genblk1.genblk1.genblk1.lut1.genblk1.genblk1.genblk1.genblk1.genblk1.genblk1.lut0.genblk1.genblk1.genblk1.genblk1.genblk1.lut0 (4 -> 0)
  Optimizing lut $abc$46313$lut$aiger46312$5706.genblk1.genblk1.genblk1.genblk1.genblk1.genblk1.genblk1.genblk1.lut1.genblk1.genblk1.genblk1.genblk1.genblk1.genblk1.genblk1.lut0.genblk1.genblk1.genblk1.genblk1.genblk1.genblk1.lut0.genblk1.genblk1.genblk1.genblk1.genblk1.lut0 (4 -> 0)
  Optimizing lut $abc$46313$lut$aiger46312$5706.genblk1.genblk1.genblk1.genblk1.genblk1.genblk1.genblk1.genblk1.lut1.genblk1.genblk1.genblk1.genblk1.genblk1.genblk1.genblk1.lut1.genblk1.genblk1.genblk1.genblk1.genblk1.genblk1.lut1.genblk1.genblk1.genblk1.genblk1.genblk1.lut0 (4 -> 0)
  Optimizing lut $abc$46313$lut$aiger46312$5706.genblk1.genblk1.genblk1.genblk1.genblk1.genblk1.genblk1.genblk1.lut1.genblk1.genblk1.genblk1.genblk1.genblk1.genblk1.genblk1.lut1.genblk1.genblk1.genblk1.genblk1.genblk1.genblk1.lut0.genblk1.genblk1.genblk1.genblk1.genblk1.lut0 (4 -> 0)
  Optimizing lut $abc$46313$lut$aiger46312$5706.genblk1.genblk1.genblk1.genblk1.genblk1.genblk1.genblk1.genblk1.lut0.genblk1.genblk1.genblk1.genblk1.genblk1.genblk1.genblk1.lut0.genblk1.genblk1.genblk1.genblk1.genblk1.genblk1.lut0.genblk1.genblk1.genblk1.genblk1.genblk1.lut0 (4 -> 0)
  Optimizing lut $abc$46313$lut$aiger46312$5706.genblk1.genblk1.genblk1.genblk1.genblk1.genblk1.genblk1.genblk1.lut0.genblk1.genblk1.genblk1.genblk1.genblk1.genblk1.genblk1.lut1.genblk1.genblk1.genblk1.genblk1.genblk1.genblk1.lut1.genblk1.genblk1.genblk1.genblk1.genblk1.lut0 (4 -> 0)
  Optimizing lut $abc$46313$lut$aiger46312$5706.genblk1.genblk1.genblk1.genblk1.genblk1.genblk1.genblk1.genblk1.lut0.genblk1.genblk1.genblk1.genblk1.genblk1.genblk1.genblk1.lut1.genblk1.genblk1.genblk1.genblk1.genblk1.genblk1.lut0.genblk1.genblk1.genblk1.genblk1.genblk1.lut0 (4 -> 0)
  Optimizing lut $abc$46313$lut$aiger46312$6041.genblk1.genblk1.genblk1.genblk1.genblk1.genblk1.genblk1.lut1.genblk1.genblk1.genblk1.genblk1.genblk1.genblk1.lut0.genblk1.genblk1.genblk1.genblk1.genblk1.lut1 (4 -> 0)
  Optimizing lut $abc$46313$lut$aiger46312$6126.genblk1.genblk1.genblk1.genblk1.genblk1.genblk1.genblk1.genblk1.lut1.genblk1.genblk1.genblk1.genblk1.genblk1.genblk1.genblk1.lut1.genblk1.genblk1.genblk1.genblk1.genblk1.genblk1.lut1.genblk1.genblk1.genblk1.genblk1.genblk1.lut0 (4 -> 0)
  Optimizing lut $abc$46313$lut$aiger46312$6126.genblk1.genblk1.genblk1.genblk1.genblk1.genblk1.genblk1.genblk1.lut0.genblk1.genblk1.genblk1.genblk1.genblk1.genblk1.genblk1.lut0.genblk1.genblk1.genblk1.genblk1.genblk1.genblk1.lut1.genblk1.genblk1.genblk1.genblk1.genblk1.lut0 (4 -> 0)
  Optimizing lut $abc$46313$lut$aiger46312$6126.genblk1.genblk1.genblk1.genblk1.genblk1.genblk1.genblk1.genblk1.lut0.genblk1.genblk1.genblk1.genblk1.genblk1.genblk1.genblk1.lut0.genblk1.genblk1.genblk1.genblk1.genblk1.genblk1.lut0.genblk1.genblk1.genblk1.genblk1.genblk1.lut0 (4 -> 0)
  Optimizing lut $abc$46313$lut$aiger46312$6126.genblk1.genblk1.genblk1.genblk1.genblk1.genblk1.genblk1.genblk1.lut0.genblk1.genblk1.genblk1.genblk1.genblk1.genblk1.genblk1.lut1.genblk1.genblk1.genblk1.genblk1.genblk1.genblk1.lut1.genblk1.genblk1.genblk1.genblk1.genblk1.lut0 (4 -> 0)
  Optimizing lut $abc$46313$lut$aiger46312$6126.genblk1.genblk1.genblk1.genblk1.genblk1.genblk1.genblk1.genblk1.lut0.genblk1.genblk1.genblk1.genblk1.genblk1.genblk1.genblk1.lut1.genblk1.genblk1.genblk1.genblk1.genblk1.genblk1.lut0.genblk1.genblk1.genblk1.genblk1.genblk1.lut0 (4 -> 0)
  Optimizing lut $abc$46313$lut$aiger46312$8121.genblk1.genblk1.genblk1.genblk1.genblk1.genblk1.genblk1.lut1.genblk1.genblk1.genblk1.genblk1.genblk1.genblk1.lut0.genblk1.genblk1.genblk1.genblk1.genblk1.lut1 (4 -> 0)
  Optimizing lut $abc$46313$lut$aiger46312$8464.genblk1.genblk1.genblk1.genblk1.genblk1.genblk1.genblk1.genblk1.lut1.genblk1.genblk1.genblk1.genblk1.genblk1.genblk1.genblk1.lut0.genblk1.genblk1.genblk1.genblk1.genblk1.genblk1.lut0.genblk1.genblk1.genblk1.genblk1.genblk1.lut0 (4 -> 1)
  Optimizing lut $abc$46313$lut$aiger46312$8464.genblk1.genblk1.genblk1.genblk1.genblk1.genblk1.genblk1.genblk1.lut1.genblk1.genblk1.genblk1.genblk1.genblk1.genblk1.genblk1.lut1.genblk1.genblk1.genblk1.genblk1.genblk1.genblk1.lut1.genblk1.genblk1.genblk1.genblk1.genblk1.lut0 (4 -> 0)
  Optimizing lut $abc$46313$lut$aiger46312$8464.genblk1.genblk1.genblk1.genblk1.genblk1.genblk1.genblk1.genblk1.lut1.genblk1.genblk1.genblk1.genblk1.genblk1.genblk1.genblk1.lut1.genblk1.genblk1.genblk1.genblk1.genblk1.genblk1.lut0.genblk1.genblk1.genblk1.genblk1.genblk1.lut0 (4 -> 3)
  Optimizing lut $abc$46313$lut$aiger46312$8464.genblk1.genblk1.genblk1.genblk1.genblk1.genblk1.genblk1.genblk1.lut0.genblk1.genblk1.genblk1.genblk1.genblk1.genblk1.genblk1.lut0.genblk1.genblk1.genblk1.genblk1.genblk1.genblk1.lut1.genblk1.genblk1.genblk1.genblk1.genblk1.lut0 (4 -> 0)
  Optimizing lut $abc$46313$lut$aiger46312$8464.genblk1.genblk1.genblk1.genblk1.genblk1.genblk1.genblk1.genblk1.lut0.genblk1.genblk1.genblk1.genblk1.genblk1.genblk1.genblk1.lut0.genblk1.genblk1.genblk1.genblk1.genblk1.genblk1.lut0.genblk1.genblk1.genblk1.genblk1.genblk1.lut0 (4 -> 1)
  Optimizing lut $abc$46313$lut$aiger46312$8464.genblk1.genblk1.genblk1.genblk1.genblk1.genblk1.genblk1.genblk1.lut0.genblk1.genblk1.genblk1.genblk1.genblk1.genblk1.genblk1.lut1.genblk1.genblk1.genblk1.genblk1.genblk1.genblk1.lut1.genblk1.genblk1.genblk1.genblk1.genblk1.lut0 (4 -> 0)
  Optimizing lut $abc$46313$lut$aiger46312$8753.genblk1.genblk1.genblk1.genblk1.genblk1.genblk1.genblk1.genblk1.lut1.genblk1.genblk1.genblk1.genblk1.genblk1.genblk1.genblk1.lut0.genblk1.genblk1.genblk1.genblk1.genblk1.genblk1.lut1.genblk1.genblk1.genblk1.genblk1.genblk1.lut0 (4 -> 0)
  Optimizing lut $abc$46313$lut$aiger46312$8753.genblk1.genblk1.genblk1.genblk1.genblk1.genblk1.genblk1.genblk1.lut1.genblk1.genblk1.genblk1.genblk1.genblk1.genblk1.genblk1.lut0.genblk1.genblk1.genblk1.genblk1.genblk1.genblk1.lut0.genblk1.genblk1.genblk1.genblk1.genblk1.lut0 (4 -> 0)
  Optimizing lut $abc$46313$lut$aiger46312$8753.genblk1.genblk1.genblk1.genblk1.genblk1.genblk1.genblk1.genblk1.lut0.genblk1.genblk1.genblk1.genblk1.genblk1.genblk1.genblk1.lut1.genblk1.genblk1.genblk1.genblk1.genblk1.genblk1.lut1.genblk1.genblk1.genblk1.genblk1.genblk1.lut0 (4 -> 0)
  Optimizing lut $abc$46313$lut$aiger46312$8753.genblk1.genblk1.genblk1.genblk1.genblk1.genblk1.genblk1.genblk1.lut0.genblk1.genblk1.genblk1.genblk1.genblk1.genblk1.genblk1.lut1.genblk1.genblk1.genblk1.genblk1.genblk1.genblk1.lut0.genblk1.genblk1.genblk1.genblk1.genblk1.lut0 (4 -> 0)
  Optimizing lut $abc$46313$lut$aiger46312$9885.genblk1.genblk1.genblk1.genblk1.genblk1.genblk1.genblk1.genblk1.lut1.genblk1.genblk1.genblk1.genblk1.genblk1.genblk1.genblk1.lut0.genblk1.genblk1.genblk1.genblk1.genblk1.genblk1.lut1.genblk1.genblk1.genblk1.genblk1.genblk1.lut0 (4 -> 0)
  Optimizing lut $abc$46313$lut$aiger46312$9885.genblk1.genblk1.genblk1.genblk1.genblk1.genblk1.genblk1.genblk1.lut1.genblk1.genblk1.genblk1.genblk1.genblk1.genblk1.genblk1.lut0.genblk1.genblk1.genblk1.genblk1.genblk1.genblk1.lut0.genblk1.genblk1.genblk1.genblk1.genblk1.lut0 (4 -> 0)
  Optimizing lut $abc$46313$lut$aiger46312$9885.genblk1.genblk1.genblk1.genblk1.genblk1.genblk1.genblk1.genblk1.lut1.genblk1.genblk1.genblk1.genblk1.genblk1.genblk1.genblk1.lut1.genblk1.genblk1.genblk1.genblk1.genblk1.genblk1.lut1.genblk1.genblk1.genblk1.genblk1.genblk1.lut0 (4 -> 0)
  Optimizing lut $abc$46313$lut$aiger46312$9885.genblk1.genblk1.genblk1.genblk1.genblk1.genblk1.genblk1.genblk1.lut1.genblk1.genblk1.genblk1.genblk1.genblk1.genblk1.genblk1.lut1.genblk1.genblk1.genblk1.genblk1.genblk1.genblk1.lut0.genblk1.genblk1.genblk1.genblk1.genblk1.lut0 (4 -> 0)
  Optimizing lut $abc$46313$lut$aiger46312$10447.genblk1.genblk1.genblk1.genblk1.genblk1.genblk1.genblk1.genblk1.lut1.genblk1.genblk1.genblk1.genblk1.genblk1.genblk1.genblk1.lut0.genblk1.genblk1.genblk1.genblk1.genblk1.genblk1.lut1.genblk1.genblk1.genblk1.genblk1.genblk1.lut0 (4 -> 2)
  Optimizing lut $abc$46313$lut$aiger46312$10447.genblk1.genblk1.genblk1.genblk1.genblk1.genblk1.genblk1.genblk1.lut1.genblk1.genblk1.genblk1.genblk1.genblk1.genblk1.genblk1.lut1.genblk1.genblk1.genblk1.genblk1.genblk1.genblk1.lut1.genblk1.genblk1.genblk1.genblk1.genblk1.lut0 (4 -> 2)
  Optimizing lut $abc$46313$lut$aiger46312$10447.genblk1.genblk1.genblk1.genblk1.genblk1.genblk1.genblk1.genblk1.lut0.genblk1.genblk1.genblk1.genblk1.genblk1.genblk1.genblk1.lut0.genblk1.genblk1.genblk1.genblk1.genblk1.genblk1.lut1.genblk1.genblk1.genblk1.genblk1.genblk1.lut0 (4 -> 2)
  Optimizing lut $abc$46313$lut$aiger46312$10447.genblk1.genblk1.genblk1.genblk1.genblk1.genblk1.genblk1.genblk1.lut0.genblk1.genblk1.genblk1.genblk1.genblk1.genblk1.genblk1.lut1.genblk1.genblk1.genblk1.genblk1.genblk1.genblk1.lut1.genblk1.genblk1.genblk1.genblk1.genblk1.lut0 (4 -> 2)
  Optimizing lut $abc$46313$lut$aiger46312$10447.genblk1.genblk1.genblk1.genblk1.genblk1.genblk1.genblk1.genblk1.lut0.genblk1.genblk1.genblk1.genblk1.genblk1.genblk1.genblk1.lut1.genblk1.genblk1.genblk1.genblk1.genblk1.genblk1.lut0.genblk1.genblk1.genblk1.genblk1.genblk1.lut0 (4 -> 2)
  Optimizing lut $abc$46313$lut$aiger46312$14238.genblk1.genblk1.genblk1.genblk1.genblk1.genblk1.genblk1.genblk1.lut1.genblk1.genblk1.genblk1.genblk1.genblk1.genblk1.genblk1.lut0.genblk1.genblk1.genblk1.genblk1.genblk1.genblk1.lut1.genblk1.genblk1.genblk1.genblk1.genblk1.lut0 (4 -> 3)
  Optimizing lut $abc$46313$lut$aiger46312$14238.genblk1.genblk1.genblk1.genblk1.genblk1.genblk1.genblk1.genblk1.lut1.genblk1.genblk1.genblk1.genblk1.genblk1.genblk1.genblk1.lut1.genblk1.genblk1.genblk1.genblk1.genblk1.genblk1.lut1.genblk1.genblk1.genblk1.genblk1.genblk1.lut0 (4 -> 0)
  Optimizing lut $abc$46313$lut$aiger46312$14238.genblk1.genblk1.genblk1.genblk1.genblk1.genblk1.genblk1.genblk1.lut1.genblk1.genblk1.genblk1.genblk1.genblk1.genblk1.genblk1.lut1.genblk1.genblk1.genblk1.genblk1.genblk1.genblk1.lut0.genblk1.genblk1.genblk1.genblk1.genblk1.lut0 (4 -> 0)
  Optimizing lut $abc$46313$lut$aiger46312$14238.genblk1.genblk1.genblk1.genblk1.genblk1.genblk1.genblk1.genblk1.lut0.genblk1.genblk1.genblk1.genblk1.genblk1.genblk1.genblk1.lut0.genblk1.genblk1.genblk1.genblk1.genblk1.genblk1.lut0.genblk1.genblk1.genblk1.genblk1.genblk1.lut0 (4 -> 2)
  Optimizing lut $abc$46313$lut$aiger46312$14238.genblk1.genblk1.genblk1.genblk1.genblk1.genblk1.genblk1.genblk1.lut0.genblk1.genblk1.genblk1.genblk1.genblk1.genblk1.genblk1.lut1.genblk1.genblk1.genblk1.genblk1.genblk1.genblk1.lut1.genblk1.genblk1.genblk1.genblk1.genblk1.lut0 (4 -> 0)
  Optimizing lut $abc$46313$lut$aiger46312$14238.genblk1.genblk1.genblk1.genblk1.genblk1.genblk1.genblk1.genblk1.lut0.genblk1.genblk1.genblk1.genblk1.genblk1.genblk1.genblk1.lut1.genblk1.genblk1.genblk1.genblk1.genblk1.genblk1.lut0.genblk1.genblk1.genblk1.genblk1.genblk1.lut0 (4 -> 0)
  Optimizing lut $abc$46313$lut$aiger46312$14334.genblk1.genblk1.genblk1.genblk1.genblk1.genblk1.genblk1.genblk1.lut0.genblk1.genblk1.genblk1.genblk1.genblk1.genblk1.genblk1.lut0.genblk1.genblk1.genblk1.genblk1.genblk1.genblk1.lut1.genblk1.genblk1.genblk1.genblk1.genblk1.lut0 (4 -> 3)
  Optimizing lut $abc$46313$lut$aiger46312$14334.genblk1.genblk1.genblk1.genblk1.genblk1.genblk1.genblk1.genblk1.lut0.genblk1.genblk1.genblk1.genblk1.genblk1.genblk1.genblk1.lut0.genblk1.genblk1.genblk1.genblk1.genblk1.genblk1.lut0.genblk1.genblk1.genblk1.genblk1.genblk1.lut0 (4 -> 2)
  Optimizing lut $abc$46313$lut$aiger46312$11347.genblk1.genblk1.genblk1.genblk1.genblk1.genblk1.genblk1.genblk1.lut1.genblk1.genblk1.genblk1.genblk1.genblk1.genblk1.genblk1.lut0.genblk1.genblk1.genblk1.genblk1.genblk1.genblk1.lut1.genblk1.genblk1.genblk1.genblk1.genblk1.lut0 (4 -> 0)
  Optimizing lut $abc$46313$lut$aiger46312$11347.genblk1.genblk1.genblk1.genblk1.genblk1.genblk1.genblk1.genblk1.lut1.genblk1.genblk1.genblk1.genblk1.genblk1.genblk1.genblk1.lut1.genblk1.genblk1.genblk1.genblk1.genblk1.genblk1.lut1.genblk1.genblk1.genblk1.genblk1.genblk1.lut0 (4 -> 0)
  Optimizing lut $abc$46313$lut$aiger46312$11347.genblk1.genblk1.genblk1.genblk1.genblk1.genblk1.genblk1.genblk1.lut1.genblk1.genblk1.genblk1.genblk1.genblk1.genblk1.genblk1.lut1.genblk1.genblk1.genblk1.genblk1.genblk1.genblk1.lut0.genblk1.genblk1.genblk1.genblk1.genblk1.lut0 (4 -> 0)
  Optimizing lut $abc$46313$lut$aiger46312$11347.genblk1.genblk1.genblk1.genblk1.genblk1.genblk1.genblk1.genblk1.lut0.genblk1.genblk1.genblk1.genblk1.genblk1.genblk1.genblk1.lut0.genblk1.genblk1.genblk1.genblk1.genblk1.genblk1.lut1.genblk1.genblk1.genblk1.genblk1.genblk1.lut0 (4 -> 0)
  Optimizing lut $abc$46313$lut$aiger46312$11347.genblk1.genblk1.genblk1.genblk1.genblk1.genblk1.genblk1.genblk1.lut0.genblk1.genblk1.genblk1.genblk1.genblk1.genblk1.genblk1.lut1.genblk1.genblk1.genblk1.genblk1.genblk1.genblk1.lut1.genblk1.genblk1.genblk1.genblk1.genblk1.lut0 (4 -> 0)
  Optimizing lut $abc$46313$lut$aiger46312$11347.genblk1.genblk1.genblk1.genblk1.genblk1.genblk1.genblk1.genblk1.lut0.genblk1.genblk1.genblk1.genblk1.genblk1.genblk1.genblk1.lut1.genblk1.genblk1.genblk1.genblk1.genblk1.genblk1.lut0.genblk1.genblk1.genblk1.genblk1.genblk1.lut0 (4 -> 0)
  Optimizing lut $abc$46313$lut$aiger46312$11347.genblk1.genblk1.genblk1.genblk1.genblk1.genblk1.genblk1.genblk1.lut0.genblk1.genblk1.genblk1.genblk1.genblk1.genblk1.genblk1.lut0.genblk1.genblk1.genblk1.genblk1.genblk1.genblk1.lut0.genblk1.genblk1.genblk1.genblk1.genblk1.lut1 (4 -> 0)
  Optimizing lut $abc$46313$lut$aiger46312$11347.genblk1.genblk1.genblk1.genblk1.genblk1.genblk1.genblk1.genblk1.lut1.genblk1.genblk1.genblk1.genblk1.genblk1.genblk1.genblk1.lut1.genblk1.genblk1.genblk1.genblk1.genblk1.genblk1.lut0.genblk1.genblk1.genblk1.genblk1.genblk1.lut1 (4 -> 0)
  Optimizing lut $abc$46313$lut$aiger46312$11347.genblk1.genblk1.genblk1.genblk1.genblk1.genblk1.genblk1.genblk1.lut1.genblk1.genblk1.genblk1.genblk1.genblk1.genblk1.genblk1.lut0.genblk1.genblk1.genblk1.genblk1.genblk1.genblk1.lut0.genblk1.genblk1.genblk1.genblk1.genblk1.lut1 (4 -> 0)
  Optimizing lut $abc$46313$lut$aiger46312$14334.genblk1.genblk1.genblk1.genblk1.genblk1.genblk1.genblk1.genblk1.lut0.genblk1.genblk1.genblk1.genblk1.genblk1.genblk1.genblk1.lut1.genblk1.genblk1.genblk1.genblk1.genblk1.genblk1.lut0.genblk1.genblk1.genblk1.genblk1.genblk1.lut1 (4 -> 3)
  Optimizing lut $abc$46313$lut$aiger46312$14334.genblk1.genblk1.genblk1.genblk1.genblk1.genblk1.genblk1.genblk1.lut1.genblk1.genblk1.genblk1.genblk1.genblk1.genblk1.genblk1.lut1.genblk1.genblk1.genblk1.genblk1.genblk1.genblk1.lut0.genblk1.genblk1.genblk1.genblk1.genblk1.lut1 (4 -> 3)
  Optimizing lut $abc$46313$lut$aiger46312$14334.genblk1.genblk1.genblk1.genblk1.genblk1.genblk1.genblk1.genblk1.lut1.genblk1.genblk1.genblk1.genblk1.genblk1.genblk1.genblk1.lut0.genblk1.genblk1.genblk1.genblk1.genblk1.genblk1.lut0.genblk1.genblk1.genblk1.genblk1.genblk1.lut1 (4 -> 3)
  Optimizing lut $abc$46313$lut$aiger46312$14238.genblk1.genblk1.genblk1.genblk1.genblk1.genblk1.genblk1.genblk1.lut0.genblk1.genblk1.genblk1.genblk1.genblk1.genblk1.genblk1.lut1.genblk1.genblk1.genblk1.genblk1.genblk1.genblk1.lut0.genblk1.genblk1.genblk1.genblk1.genblk1.lut1 (4 -> 0)
  Optimizing lut $abc$46313$lut$aiger46312$14238.genblk1.genblk1.genblk1.genblk1.genblk1.genblk1.genblk1.genblk1.lut1.genblk1.genblk1.genblk1.genblk1.genblk1.genblk1.genblk1.lut1.genblk1.genblk1.genblk1.genblk1.genblk1.genblk1.lut0.genblk1.genblk1.genblk1.genblk1.genblk1.lut1 (4 -> 0)
  Optimizing lut $abc$46313$lut$aiger46312$10447.genblk1.genblk1.genblk1.genblk1.genblk1.genblk1.genblk1.genblk1.lut0.genblk1.genblk1.genblk1.genblk1.genblk1.genblk1.genblk1.lut1.genblk1.genblk1.genblk1.genblk1.genblk1.genblk1.lut0.genblk1.genblk1.genblk1.genblk1.genblk1.lut1 (4 -> 2)
  Optimizing lut $abc$46313$lut$aiger46312$10447.genblk1.genblk1.genblk1.genblk1.genblk1.genblk1.genblk1.genblk1.lut1.genblk1.genblk1.genblk1.genblk1.genblk1.genblk1.genblk1.lut1.genblk1.genblk1.genblk1.genblk1.genblk1.genblk1.lut0.genblk1.genblk1.genblk1.genblk1.genblk1.lut1 (4 -> 2)
  Optimizing lut $abc$46313$lut$aiger46312$9885.genblk1.genblk1.genblk1.genblk1.genblk1.genblk1.genblk1.genblk1.lut1.genblk1.genblk1.genblk1.genblk1.genblk1.genblk1.genblk1.lut1.genblk1.genblk1.genblk1.genblk1.genblk1.genblk1.lut0.genblk1.genblk1.genblk1.genblk1.genblk1.lut1 (4 -> 0)
  Optimizing lut $abc$46313$lut$aiger46312$9885.genblk1.genblk1.genblk1.genblk1.genblk1.genblk1.genblk1.genblk1.lut1.genblk1.genblk1.genblk1.genblk1.genblk1.genblk1.genblk1.lut0.genblk1.genblk1.genblk1.genblk1.genblk1.genblk1.lut0.genblk1.genblk1.genblk1.genblk1.genblk1.lut1 (4 -> 0)
  Optimizing lut $abc$46313$lut$aiger46312$9345.genblk1.genblk1.genblk1.genblk1.genblk1.genblk1.lut0.genblk1.genblk1.genblk1.genblk1.genblk1.lut1 (4 -> 0)
  Optimizing lut $abc$46313$lut$aiger46312$8753.genblk1.genblk1.genblk1.genblk1.genblk1.genblk1.genblk1.genblk1.lut1.genblk1.genblk1.genblk1.genblk1.genblk1.genblk1.genblk1.lut0.genblk1.genblk1.genblk1.genblk1.genblk1.genblk1.lut0.genblk1.genblk1.genblk1.genblk1.genblk1.lut1 (4 -> 0)
  Optimizing lut $abc$46313$lut$aiger46312$8464.genblk1.genblk1.genblk1.genblk1.genblk1.genblk1.genblk1.genblk1.lut0.genblk1.genblk1.genblk1.genblk1.genblk1.genblk1.genblk1.lut1.genblk1.genblk1.genblk1.genblk1.genblk1.genblk1.lut0.genblk1.genblk1.genblk1.genblk1.genblk1.lut1 (4 -> 2)
  Optimizing lut $abc$46313$lut$aiger46312$8464.genblk1.genblk1.genblk1.genblk1.genblk1.genblk1.genblk1.genblk1.lut0.genblk1.genblk1.genblk1.genblk1.genblk1.genblk1.genblk1.lut0.genblk1.genblk1.genblk1.genblk1.genblk1.genblk1.lut0.genblk1.genblk1.genblk1.genblk1.genblk1.lut1 (4 -> 2)
  Optimizing lut $abc$46313$lut$aiger46312$8464.genblk1.genblk1.genblk1.genblk1.genblk1.genblk1.genblk1.genblk1.lut1.genblk1.genblk1.genblk1.genblk1.genblk1.genblk1.genblk1.lut1.genblk1.genblk1.genblk1.genblk1.genblk1.genblk1.lut0.genblk1.genblk1.genblk1.genblk1.genblk1.lut1 (4 -> 2)
  Optimizing lut $abc$46313$lut$aiger46312$8464.genblk1.genblk1.genblk1.genblk1.genblk1.genblk1.genblk1.genblk1.lut1.genblk1.genblk1.genblk1.genblk1.genblk1.genblk1.genblk1.lut0.genblk1.genblk1.genblk1.genblk1.genblk1.genblk1.lut0.genblk1.genblk1.genblk1.genblk1.genblk1.lut1 (4 -> 2)
  Optimizing lut $abc$46313$lut$aiger46312$6126.genblk1.genblk1.genblk1.genblk1.genblk1.genblk1.genblk1.genblk1.lut0.genblk1.genblk1.genblk1.genblk1.genblk1.genblk1.genblk1.lut1.genblk1.genblk1.genblk1.genblk1.genblk1.genblk1.lut0.genblk1.genblk1.genblk1.genblk1.genblk1.lut1 (4 -> 0)
  Optimizing lut $abc$46313$lut$aiger46312$8121.genblk1.genblk1.genblk1.genblk1.genblk1.genblk1.genblk1.lut0.genblk1.genblk1.genblk1.genblk1.genblk1.genblk1.lut1.genblk1.genblk1.genblk1.genblk1.genblk1.lut0 (4 -> 0)
  Optimizing lut $abc$46313$lut$aiger46312$8121.genblk1.genblk1.genblk1.genblk1.genblk1.genblk1.genblk1.lut1.genblk1.genblk1.genblk1.genblk1.genblk1.genblk1.lut0.genblk1.genblk1.genblk1.genblk1.genblk1.lut0 (4 -> 0)
  Optimizing lut $abc$46313$lut$aiger46312$6126.genblk1.genblk1.genblk1.genblk1.genblk1.genblk1.genblk1.genblk1.lut0.genblk1.genblk1.genblk1.genblk1.genblk1.genblk1.genblk1.lut0.genblk1.genblk1.genblk1.genblk1.genblk1.genblk1.lut0.genblk1.genblk1.genblk1.genblk1.genblk1.lut1 (4 -> 0)
  Optimizing lut $abc$46313$lut$aiger46312$6041.genblk1.genblk1.genblk1.genblk1.genblk1.genblk1.genblk1.lut0.genblk1.genblk1.genblk1.genblk1.genblk1.genblk1.lut0.genblk1.genblk1.genblk1.genblk1.genblk1.lut0 (4 -> 0)
  Optimizing lut $abc$46313$lut$aiger46312$6041.genblk1.genblk1.genblk1.genblk1.genblk1.genblk1.genblk1.lut1.genblk1.genblk1.genblk1.genblk1.genblk1.genblk1.lut0.genblk1.genblk1.genblk1.genblk1.genblk1.lut0 (4 -> 0)
  Optimizing lut $abc$46313$lut$aiger46312$5662.genblk1.genblk1.genblk1.genblk1.genblk1.genblk1.genblk1.lut0.genblk1.genblk1.genblk1.genblk1.genblk1.genblk1.lut0.genblk1.genblk1.genblk1.genblk1.genblk1.lut0 (4 -> 2)
  Optimizing lut $abc$46313$lut$aiger46312$5417.genblk1.genblk1.genblk1.genblk1.genblk1.genblk1.lut0.genblk1.genblk1.genblk1.genblk1.genblk1.lut1 (4 -> 3)
  Optimizing lut $abc$46313$lut$aiger46312$5291.genblk1.genblk1.genblk1.genblk1.genblk1.genblk1.lut0.genblk1.genblk1.genblk1.genblk1.genblk1.lut1 (4 -> 0)
  Optimizing lut $abc$46313$lut$aiger46312$5234.genblk1.genblk1.genblk1.genblk1.genblk1.genblk1.genblk1.genblk1.lut1.genblk1.genblk1.genblk1.genblk1.genblk1.genblk1.genblk1.lut1.genblk1.genblk1.genblk1.genblk1.genblk1.genblk1.lut0.genblk1.genblk1.genblk1.genblk1.genblk1.lut1 (4 -> 0)
  Optimizing lut $abc$46313$lut$aiger46312$5234.genblk1.genblk1.genblk1.genblk1.genblk1.genblk1.genblk1.genblk1.lut1.genblk1.genblk1.genblk1.genblk1.genblk1.genblk1.genblk1.lut0.genblk1.genblk1.genblk1.genblk1.genblk1.genblk1.lut0.genblk1.genblk1.genblk1.genblk1.genblk1.lut1 (4 -> 0)
  Optimizing lut $abc$46313$lut$aiger46312$4978.genblk1.genblk1.genblk1.genblk1.genblk1.genblk1.genblk1.genblk1.lut0.genblk1.genblk1.genblk1.genblk1.genblk1.genblk1.genblk1.lut1.genblk1.genblk1.genblk1.genblk1.genblk1.genblk1.lut0.genblk1.genblk1.genblk1.genblk1.genblk1.lut1 (4 -> 2)
  Optimizing lut $abc$46313$lut$aiger46312$4874.genblk1.genblk1.genblk1.genblk1.genblk1.genblk1.lut0.genblk1.genblk1.genblk1.genblk1.genblk1.lut1 (4 -> 1)
  Optimizing lut $abc$46313$lut$aiger46312$4991.genblk1.genblk1.genblk1.genblk1.genblk1.genblk1.genblk1.lut0.genblk1.genblk1.genblk1.genblk1.genblk1.genblk1.lut0.genblk1.genblk1.genblk1.genblk1.genblk1.lut0 (4 -> 2)
  Optimizing lut $abc$46313$lut$aiger46312$4991.genblk1.genblk1.genblk1.genblk1.genblk1.genblk1.genblk1.lut1.genblk1.genblk1.genblk1.genblk1.genblk1.genblk1.lut1.genblk1.genblk1.genblk1.genblk1.genblk1.lut0 (4 -> 1)
  Optimizing lut $abc$46313$lut$aiger46312$4991.genblk1.genblk1.genblk1.genblk1.genblk1.genblk1.genblk1.lut1.genblk1.genblk1.genblk1.genblk1.genblk1.genblk1.lut0.genblk1.genblk1.genblk1.genblk1.genblk1.lut0 (4 -> 1)
  Optimizing lut $abc$46313$lut$aiger46312$4978.genblk1.genblk1.genblk1.genblk1.genblk1.genblk1.genblk1.genblk1.lut0.genblk1.genblk1.genblk1.genblk1.genblk1.genblk1.genblk1.lut0.genblk1.genblk1.genblk1.genblk1.genblk1.genblk1.lut0.genblk1.genblk1.genblk1.genblk1.genblk1.lut1 (4 -> 3)
  Optimizing lut $abc$46313$lut$aiger46312$4978.genblk1.genblk1.genblk1.genblk1.genblk1.genblk1.genblk1.genblk1.lut1.genblk1.genblk1.genblk1.genblk1.genblk1.genblk1.genblk1.lut1.genblk1.genblk1.genblk1.genblk1.genblk1.genblk1.lut0.genblk1.genblk1.genblk1.genblk1.genblk1.lut1 (4 -> 0)
  Optimizing lut $abc$46313$lut$aiger46312$4978.genblk1.genblk1.genblk1.genblk1.genblk1.genblk1.genblk1.genblk1.lut1.genblk1.genblk1.genblk1.genblk1.genblk1.genblk1.genblk1.lut0.genblk1.genblk1.genblk1.genblk1.genblk1.genblk1.lut0.genblk1.genblk1.genblk1.genblk1.genblk1.lut1 (4 -> 2)
  Optimizing lut $abc$46313$lut$aiger46312$4967.genblk1.genblk1.genblk1.genblk1.genblk1.genblk1.genblk1.genblk1.lut0.genblk1.genblk1.genblk1.genblk1.genblk1.genblk1.genblk1.lut1.genblk1.genblk1.genblk1.genblk1.genblk1.genblk1.lut0.genblk1.genblk1.genblk1.genblk1.genblk1.lut1 (4 -> 2)
  Optimizing lut $abc$46313$lut$aiger46312$4967.genblk1.genblk1.genblk1.genblk1.genblk1.genblk1.genblk1.genblk1.lut0.genblk1.genblk1.genblk1.genblk1.genblk1.genblk1.genblk1.lut0.genblk1.genblk1.genblk1.genblk1.genblk1.genblk1.lut0.genblk1.genblk1.genblk1.genblk1.genblk1.lut1 (4 -> 3)
  Optimizing lut $abc$46313$lut$aiger46312$4967.genblk1.genblk1.genblk1.genblk1.genblk1.genblk1.genblk1.genblk1.lut1.genblk1.genblk1.genblk1.genblk1.genblk1.genblk1.genblk1.lut1.genblk1.genblk1.genblk1.genblk1.genblk1.genblk1.lut0.genblk1.genblk1.genblk1.genblk1.genblk1.lut1 (4 -> 1)
  Optimizing lut $abc$46313$lut$aiger46312$4967.genblk1.genblk1.genblk1.genblk1.genblk1.genblk1.genblk1.genblk1.lut1.genblk1.genblk1.genblk1.genblk1.genblk1.genblk1.genblk1.lut0.genblk1.genblk1.genblk1.genblk1.genblk1.genblk1.lut0.genblk1.genblk1.genblk1.genblk1.genblk1.lut1 (4 -> 2)
  Optimizing lut $abc$46313$lut$aiger46312$4853.genblk1.genblk1.genblk1.genblk1.genblk1.genblk1.genblk1.genblk1.lut0.genblk1.genblk1.genblk1.genblk1.genblk1.genblk1.genblk1.lut1.genblk1.genblk1.genblk1.genblk1.genblk1.genblk1.lut0.genblk1.genblk1.genblk1.genblk1.genblk1.lut1 (4 -> 2)
  Optimizing lut $abc$46313$lut$aiger46312$4853.genblk1.genblk1.genblk1.genblk1.genblk1.genblk1.genblk1.genblk1.lut0.genblk1.genblk1.genblk1.genblk1.genblk1.genblk1.genblk1.lut0.genblk1.genblk1.genblk1.genblk1.genblk1.genblk1.lut0.genblk1.genblk1.genblk1.genblk1.genblk1.lut1 (4 -> 3)
  Optimizing lut $abc$46313$lut$aiger46312$4853.genblk1.genblk1.genblk1.genblk1.genblk1.genblk1.genblk1.genblk1.lut1.genblk1.genblk1.genblk1.genblk1.genblk1.genblk1.genblk1.lut1.genblk1.genblk1.genblk1.genblk1.genblk1.genblk1.lut0.genblk1.genblk1.genblk1.genblk1.genblk1.lut1 (4 -> 1)
  Optimizing lut $abc$46313$lut$aiger46312$4853.genblk1.genblk1.genblk1.genblk1.genblk1.genblk1.genblk1.genblk1.lut1.genblk1.genblk1.genblk1.genblk1.genblk1.genblk1.genblk1.lut0.genblk1.genblk1.genblk1.genblk1.genblk1.genblk1.lut0.genblk1.genblk1.genblk1.genblk1.genblk1.lut1 (4 -> 2)
  Optimizing lut $abc$46313$lut$aiger46312$4395.genblk1.genblk1.genblk1.genblk1.genblk1.genblk1.genblk1.lut0.genblk1.genblk1.genblk1.genblk1.genblk1.genblk1.lut1.genblk1.genblk1.genblk1.genblk1.genblk1.lut0 (4 -> 0)
  Optimizing lut $abc$46313$lut$aiger46312$4395.genblk1.genblk1.genblk1.genblk1.genblk1.genblk1.genblk1.lut1.genblk1.genblk1.genblk1.genblk1.genblk1.genblk1.lut0.genblk1.genblk1.genblk1.genblk1.genblk1.lut0 (4 -> 0)
  Optimizing lut $abc$46313$lut$aiger46312$4093.genblk1.genblk1.genblk1.genblk1.genblk1.genblk1.genblk1.lut1.genblk1.genblk1.genblk1.genblk1.genblk1.genblk1.lut1.genblk1.genblk1.genblk1.genblk1.genblk1.lut0 (4 -> 0)
  Optimizing lut $abc$46313$lut$aiger46312$4093.genblk1.genblk1.genblk1.genblk1.genblk1.genblk1.genblk1.lut1.genblk1.genblk1.genblk1.genblk1.genblk1.genblk1.lut0.genblk1.genblk1.genblk1.genblk1.genblk1.lut0 (4 -> 0)
  Optimizing lut $abc$46313$lut$aiger46312$4058.genblk1.genblk1.genblk1.genblk1.genblk1.genblk1.lut0.genblk1.genblk1.genblk1.genblk1.genblk1.lut1 (4 -> 0)
  Optimizing lut $abc$46313$lut$aiger46312$3904.genblk1.genblk1.genblk1.genblk1.genblk1.genblk1.genblk1.genblk1.lut0.genblk1.genblk1.genblk1.genblk1.genblk1.genblk1.genblk1.lut1.genblk1.genblk1.genblk1.genblk1.genblk1.genblk1.lut0.genblk1.genblk1.genblk1.genblk1.genblk1.lut1 (4 -> 0)
  Optimizing lut $abc$46313$lut$aiger46312$3917.genblk1.genblk1.genblk1.genblk1.genblk1.genblk1.genblk1.lut0.genblk1.genblk1.genblk1.genblk1.genblk1.genblk1.lut0.genblk1.genblk1.genblk1.genblk1.genblk1.lut0 (4 -> 2)
  Optimizing lut $abc$46313$lut$aiger46312$3917.genblk1.genblk1.genblk1.genblk1.genblk1.genblk1.genblk1.lut1.genblk1.genblk1.genblk1.genblk1.genblk1.genblk1.lut1.genblk1.genblk1.genblk1.genblk1.genblk1.lut0 (4 -> 3)
  Optimizing lut $abc$46313$lut$aiger46312$3917.genblk1.genblk1.genblk1.genblk1.genblk1.genblk1.genblk1.lut1.genblk1.genblk1.genblk1.genblk1.genblk1.genblk1.lut0.genblk1.genblk1.genblk1.genblk1.genblk1.lut0 (4 -> 1)
  Optimizing lut $abc$46313$lut$aiger46312$3904.genblk1.genblk1.genblk1.genblk1.genblk1.genblk1.genblk1.genblk1.lut0.genblk1.genblk1.genblk1.genblk1.genblk1.genblk1.genblk1.lut0.genblk1.genblk1.genblk1.genblk1.genblk1.genblk1.lut0.genblk1.genblk1.genblk1.genblk1.genblk1.lut1 (4 -> 2)
  Optimizing lut $abc$46313$lut$aiger46312$3904.genblk1.genblk1.genblk1.genblk1.genblk1.genblk1.genblk1.genblk1.lut1.genblk1.genblk1.genblk1.genblk1.genblk1.genblk1.genblk1.lut1.genblk1.genblk1.genblk1.genblk1.genblk1.genblk1.lut0.genblk1.genblk1.genblk1.genblk1.genblk1.lut1 (4 -> 1)
  Optimizing lut $abc$46313$lut$aiger46312$3904.genblk1.genblk1.genblk1.genblk1.genblk1.genblk1.genblk1.genblk1.lut1.genblk1.genblk1.genblk1.genblk1.genblk1.genblk1.genblk1.lut0.genblk1.genblk1.genblk1.genblk1.genblk1.genblk1.lut0.genblk1.genblk1.genblk1.genblk1.genblk1.lut1 (4 -> 2)
  Optimizing lut $abc$46313$lut$aiger46312$3887.genblk1.genblk1.genblk1.genblk1.genblk1.genblk1.genblk1.genblk1.lut0.genblk1.genblk1.genblk1.genblk1.genblk1.genblk1.genblk1.lut1.genblk1.genblk1.genblk1.genblk1.genblk1.genblk1.lut0.genblk1.genblk1.genblk1.genblk1.genblk1.lut1 (4 -> 1)
  Optimizing lut $abc$46313$lut$aiger46312$3887.genblk1.genblk1.genblk1.genblk1.genblk1.genblk1.genblk1.genblk1.lut0.genblk1.genblk1.genblk1.genblk1.genblk1.genblk1.genblk1.lut0.genblk1.genblk1.genblk1.genblk1.genblk1.genblk1.lut0.genblk1.genblk1.genblk1.genblk1.genblk1.lut1 (4 -> 0)
  Optimizing lut $abc$46313$lut$aiger46312$3887.genblk1.genblk1.genblk1.genblk1.genblk1.genblk1.genblk1.genblk1.lut1.genblk1.genblk1.genblk1.genblk1.genblk1.genblk1.genblk1.lut1.genblk1.genblk1.genblk1.genblk1.genblk1.genblk1.lut0.genblk1.genblk1.genblk1.genblk1.genblk1.lut1 (4 -> 0)
  Optimizing lut $abc$46313$lut$aiger46312$3887.genblk1.genblk1.genblk1.genblk1.genblk1.genblk1.genblk1.genblk1.lut1.genblk1.genblk1.genblk1.genblk1.genblk1.genblk1.genblk1.lut0.genblk1.genblk1.genblk1.genblk1.genblk1.genblk1.lut0.genblk1.genblk1.genblk1.genblk1.genblk1.lut1 (4 -> 1)
  Optimizing lut $abc$46313$lut$aiger46312$3752.genblk1.genblk1.genblk1.genblk1.genblk1.genblk1.genblk1.genblk1.lut0.genblk1.genblk1.genblk1.genblk1.genblk1.genblk1.genblk1.lut1.genblk1.genblk1.genblk1.genblk1.genblk1.genblk1.lut0.genblk1.genblk1.genblk1.genblk1.genblk1.lut1 (4 -> 2)
  Optimizing lut $abc$46313$lut$aiger46312$3752.genblk1.genblk1.genblk1.genblk1.genblk1.genblk1.genblk1.genblk1.lut0.genblk1.genblk1.genblk1.genblk1.genblk1.genblk1.genblk1.lut0.genblk1.genblk1.genblk1.genblk1.genblk1.genblk1.lut0.genblk1.genblk1.genblk1.genblk1.genblk1.lut1 (4 -> 3)
  Optimizing lut $abc$46313$lut$aiger46312$3752.genblk1.genblk1.genblk1.genblk1.genblk1.genblk1.genblk1.genblk1.lut1.genblk1.genblk1.genblk1.genblk1.genblk1.genblk1.genblk1.lut1.genblk1.genblk1.genblk1.genblk1.genblk1.genblk1.lut0.genblk1.genblk1.genblk1.genblk1.genblk1.lut1 (4 -> 0)
  Optimizing lut $abc$46313$lut$aiger46312$3752.genblk1.genblk1.genblk1.genblk1.genblk1.genblk1.genblk1.genblk1.lut1.genblk1.genblk1.genblk1.genblk1.genblk1.genblk1.genblk1.lut0.genblk1.genblk1.genblk1.genblk1.genblk1.genblk1.lut0.genblk1.genblk1.genblk1.genblk1.genblk1.lut1 (4 -> 2)
  Optimizing lut $abc$46313$lut$aiger46312$3738.genblk1.genblk1.genblk1.genblk1.genblk1.genblk1.genblk1.genblk1.lut0.genblk1.genblk1.genblk1.genblk1.genblk1.genblk1.genblk1.lut1.genblk1.genblk1.genblk1.genblk1.genblk1.genblk1.lut0.genblk1.genblk1.genblk1.genblk1.genblk1.lut1 (4 -> 1)
  Optimizing lut $abc$46313$lut$aiger46312$3738.genblk1.genblk1.genblk1.genblk1.genblk1.genblk1.genblk1.genblk1.lut0.genblk1.genblk1.genblk1.genblk1.genblk1.genblk1.genblk1.lut0.genblk1.genblk1.genblk1.genblk1.genblk1.genblk1.lut0.genblk1.genblk1.genblk1.genblk1.genblk1.lut1 (4 -> 2)
  Optimizing lut $abc$46313$lut$aiger46312$3738.genblk1.genblk1.genblk1.genblk1.genblk1.genblk1.genblk1.genblk1.lut1.genblk1.genblk1.genblk1.genblk1.genblk1.genblk1.genblk1.lut1.genblk1.genblk1.genblk1.genblk1.genblk1.genblk1.lut0.genblk1.genblk1.genblk1.genblk1.genblk1.lut1 (4 -> 1)
  Optimizing lut $abc$46313$lut$aiger46312$3738.genblk1.genblk1.genblk1.genblk1.genblk1.genblk1.genblk1.genblk1.lut1.genblk1.genblk1.genblk1.genblk1.genblk1.genblk1.genblk1.lut0.genblk1.genblk1.genblk1.genblk1.genblk1.genblk1.lut0.genblk1.genblk1.genblk1.genblk1.genblk1.lut1 (4 -> 2)
  Optimizing lut $abc$46313$lut$aiger46312$7131.genblk1.genblk1.genblk1.genblk1.genblk1.genblk1.genblk1.genblk1.lut0.genblk1.genblk1.genblk1.genblk1.genblk1.genblk1.genblk1.lut1.genblk1.genblk1.genblk1.genblk1.genblk1.genblk1.lut0.genblk1.genblk1.genblk1.genblk1.genblk1.lut1 (4 -> 3)
  Optimizing lut $abc$46313$lut$aiger46312$4048.genblk1.genblk1.genblk1.genblk1.genblk1.genblk1.genblk1.genblk1.lut0.genblk1.genblk1.genblk1.genblk1.genblk1.genblk1.genblk1.lut1.genblk1.genblk1.genblk1.genblk1.genblk1.genblk1.lut0.genblk1.genblk1.genblk1.genblk1.genblk1.lut1 (4 -> 0)
  Optimizing lut $abc$46313$lut$aiger46312$4570.genblk1.genblk1.genblk1.genblk1.genblk1.genblk1.genblk1.lut0.genblk1.genblk1.genblk1.genblk1.genblk1.genblk1.lut1.genblk1.genblk1.genblk1.genblk1.genblk1.lut0 (4 -> 3)
  Optimizing lut $abc$46313$lut$aiger46312$4570.genblk1.genblk1.genblk1.genblk1.genblk1.genblk1.genblk1.lut1.genblk1.genblk1.genblk1.genblk1.genblk1.genblk1.lut1.genblk1.genblk1.genblk1.genblk1.genblk1.lut0 (4 -> 3)
  Optimizing lut $abc$46313$lut$aiger46312$3579.genblk1.genblk1.genblk1.genblk1.genblk1.genblk1.genblk1.lut0.genblk1.genblk1.genblk1.genblk1.genblk1.genblk1.lut0.genblk1.genblk1.genblk1.genblk1.genblk1.lut0 (4 -> 2)
  Optimizing lut $abc$46313$lut$aiger46312$3579.genblk1.genblk1.genblk1.genblk1.genblk1.genblk1.genblk1.lut1.genblk1.genblk1.genblk1.genblk1.genblk1.genblk1.lut1.genblk1.genblk1.genblk1.genblk1.genblk1.lut0 (4 -> 3)
  Optimizing lut $abc$46313$lut$aiger46312$3579.genblk1.genblk1.genblk1.genblk1.genblk1.genblk1.genblk1.lut1.genblk1.genblk1.genblk1.genblk1.genblk1.genblk1.lut0.genblk1.genblk1.genblk1.genblk1.genblk1.lut0 (4 -> 1)
  Optimizing lut $abc$46313$lut$aiger46312$4137.genblk1.genblk1.genblk1.genblk1.genblk1.genblk1.lut0.genblk1.genblk1.genblk1.genblk1.genblk1.lut1 (4 -> 0)
  Optimizing lut $abc$46313$lut$aiger46312$4048.genblk1.genblk1.genblk1.genblk1.genblk1.genblk1.genblk1.genblk1.lut1.genblk1.genblk1.genblk1.genblk1.genblk1.genblk1.genblk1.lut1.genblk1.genblk1.genblk1.genblk1.genblk1.genblk1.lut0.genblk1.genblk1.genblk1.genblk1.genblk1.lut1 (4 -> 1)
  Optimizing lut $abc$46313$lut$aiger46312$4048.genblk1.genblk1.genblk1.genblk1.genblk1.genblk1.genblk1.genblk1.lut1.genblk1.genblk1.genblk1.genblk1.genblk1.genblk1.genblk1.lut0.genblk1.genblk1.genblk1.genblk1.genblk1.genblk1.lut0.genblk1.genblk1.genblk1.genblk1.genblk1.lut1 (4 -> 2)
  Optimizing lut $abc$46313$lut$aiger46312$4035.genblk1.genblk1.genblk1.genblk1.genblk1.genblk1.genblk1.genblk1.lut0.genblk1.genblk1.genblk1.genblk1.genblk1.genblk1.genblk1.lut1.genblk1.genblk1.genblk1.genblk1.genblk1.genblk1.lut0.genblk1.genblk1.genblk1.genblk1.genblk1.lut1 (4 -> 1)
  Optimizing lut $abc$46313$lut$aiger46312$4035.genblk1.genblk1.genblk1.genblk1.genblk1.genblk1.genblk1.genblk1.lut0.genblk1.genblk1.genblk1.genblk1.genblk1.genblk1.genblk1.lut0.genblk1.genblk1.genblk1.genblk1.genblk1.genblk1.lut0.genblk1.genblk1.genblk1.genblk1.genblk1.lut1 (4 -> 2)
  Optimizing lut $abc$46313$lut$aiger46312$4035.genblk1.genblk1.genblk1.genblk1.genblk1.genblk1.genblk1.genblk1.lut1.genblk1.genblk1.genblk1.genblk1.genblk1.genblk1.genblk1.lut1.genblk1.genblk1.genblk1.genblk1.genblk1.genblk1.lut0.genblk1.genblk1.genblk1.genblk1.genblk1.lut1 (4 -> 1)
  Optimizing lut $abc$46313$lut$aiger46312$4035.genblk1.genblk1.genblk1.genblk1.genblk1.genblk1.genblk1.genblk1.lut1.genblk1.genblk1.genblk1.genblk1.genblk1.genblk1.genblk1.lut0.genblk1.genblk1.genblk1.genblk1.genblk1.genblk1.lut0.genblk1.genblk1.genblk1.genblk1.genblk1.lut1 (4 -> 2)
  Optimizing lut $abc$46313$lut$aiger46312$3506.genblk1.genblk1.genblk1.genblk1.genblk1.genblk1.genblk1.genblk1.lut0.genblk1.genblk1.genblk1.genblk1.genblk1.genblk1.genblk1.lut1.genblk1.genblk1.genblk1.genblk1.genblk1.genblk1.lut0.genblk1.genblk1.genblk1.genblk1.genblk1.lut1 (4 -> 0)
  Optimizing lut $abc$46313$lut$aiger46312$3506.genblk1.genblk1.genblk1.genblk1.genblk1.genblk1.genblk1.genblk1.lut0.genblk1.genblk1.genblk1.genblk1.genblk1.genblk1.genblk1.lut0.genblk1.genblk1.genblk1.genblk1.genblk1.genblk1.lut0.genblk1.genblk1.genblk1.genblk1.genblk1.lut1 (4 -> 2)
  Optimizing lut $abc$46313$lut$aiger46312$3506.genblk1.genblk1.genblk1.genblk1.genblk1.genblk1.genblk1.genblk1.lut1.genblk1.genblk1.genblk1.genblk1.genblk1.genblk1.genblk1.lut1.genblk1.genblk1.genblk1.genblk1.genblk1.genblk1.lut0.genblk1.genblk1.genblk1.genblk1.genblk1.lut1 (4 -> 1)
  Optimizing lut $abc$46313$lut$aiger46312$3506.genblk1.genblk1.genblk1.genblk1.genblk1.genblk1.genblk1.genblk1.lut1.genblk1.genblk1.genblk1.genblk1.genblk1.genblk1.genblk1.lut0.genblk1.genblk1.genblk1.genblk1.genblk1.genblk1.lut0.genblk1.genblk1.genblk1.genblk1.genblk1.lut1 (4 -> 2)
  Optimizing lut $abc$46313$lut$aiger46312$3433.genblk1.genblk1.genblk1.genblk1.genblk1.genblk1.genblk1.genblk1.lut0.genblk1.genblk1.genblk1.genblk1.genblk1.genblk1.genblk1.lut1.genblk1.genblk1.genblk1.genblk1.genblk1.genblk1.lut0.genblk1.genblk1.genblk1.genblk1.genblk1.lut1 (4 -> 2)
  Optimizing lut $abc$46313$lut$aiger46312$3433.genblk1.genblk1.genblk1.genblk1.genblk1.genblk1.genblk1.genblk1.lut0.genblk1.genblk1.genblk1.genblk1.genblk1.genblk1.genblk1.lut0.genblk1.genblk1.genblk1.genblk1.genblk1.genblk1.lut0.genblk1.genblk1.genblk1.genblk1.genblk1.lut1 (4 -> 3)
  Optimizing lut $abc$46313$lut$aiger46312$3433.genblk1.genblk1.genblk1.genblk1.genblk1.genblk1.genblk1.genblk1.lut1.genblk1.genblk1.genblk1.genblk1.genblk1.genblk1.genblk1.lut1.genblk1.genblk1.genblk1.genblk1.genblk1.genblk1.lut0.genblk1.genblk1.genblk1.genblk1.genblk1.lut1 (4 -> 1)
  Optimizing lut $abc$46313$lut$aiger46312$3433.genblk1.genblk1.genblk1.genblk1.genblk1.genblk1.genblk1.genblk1.lut1.genblk1.genblk1.genblk1.genblk1.genblk1.genblk1.genblk1.lut0.genblk1.genblk1.genblk1.genblk1.genblk1.genblk1.lut0.genblk1.genblk1.genblk1.genblk1.genblk1.lut1 (4 -> 2)
  Optimizing lut $abc$46313$lut$aiger46312$7010.genblk1.genblk1.genblk1.genblk1.genblk1.genblk1.genblk1.genblk1.lut0.genblk1.genblk1.genblk1.genblk1.genblk1.genblk1.genblk1.lut1.genblk1.genblk1.genblk1.genblk1.genblk1.genblk1.lut0.genblk1.genblk1.genblk1.genblk1.genblk1.lut1 (4 -> 1)
  Optimizing lut $abc$46313$lut$aiger46312$7010.genblk1.genblk1.genblk1.genblk1.genblk1.genblk1.genblk1.genblk1.lut1.genblk1.genblk1.genblk1.genblk1.genblk1.genblk1.genblk1.lut1.genblk1.genblk1.genblk1.genblk1.genblk1.genblk1.lut0.genblk1.genblk1.genblk1.genblk1.genblk1.lut1 (4 -> 3)
  Optimizing lut $abc$46313$lut$aiger46312$4466.genblk1.genblk1.genblk1.genblk1.genblk1.genblk1.genblk1.genblk1.lut0.genblk1.genblk1.genblk1.genblk1.genblk1.genblk1.genblk1.lut1.genblk1.genblk1.genblk1.genblk1.genblk1.genblk1.lut0.genblk1.genblk1.genblk1.genblk1.genblk1.lut1 (4 -> 0)
  Optimizing lut $abc$46313$lut$aiger46312$6969.genblk1.genblk1.genblk1.genblk1.genblk1.genblk1.genblk1.lut0.genblk1.genblk1.genblk1.genblk1.genblk1.genblk1.lut0.genblk1.genblk1.genblk1.genblk1.genblk1.lut0 (4 -> 2)
  Optimizing lut $abc$46313$lut$aiger46312$6969.genblk1.genblk1.genblk1.genblk1.genblk1.genblk1.genblk1.lut1.genblk1.genblk1.genblk1.genblk1.genblk1.genblk1.lut1.genblk1.genblk1.genblk1.genblk1.genblk1.lut0 (4 -> 0)
  Optimizing lut $abc$46313$lut$aiger46312$6969.genblk1.genblk1.genblk1.genblk1.genblk1.genblk1.genblk1.lut1.genblk1.genblk1.genblk1.genblk1.genblk1.genblk1.lut0.genblk1.genblk1.genblk1.genblk1.genblk1.lut0 (4 -> 0)
  Optimizing lut $abc$46313$lut$aiger46312$6459.genblk1.genblk1.genblk1.genblk1.genblk1.genblk1.genblk1.lut0.genblk1.genblk1.genblk1.genblk1.genblk1.genblk1.lut1.genblk1.genblk1.genblk1.genblk1.genblk1.lut0 (4 -> 2)
  Optimizing lut $abc$46313$lut$aiger46312$6459.genblk1.genblk1.genblk1.genblk1.genblk1.genblk1.genblk1.lut1.genblk1.genblk1.genblk1.genblk1.genblk1.genblk1.lut1.genblk1.genblk1.genblk1.genblk1.genblk1.lut0 (4 -> 2)
  Optimizing lut $abc$46313$lut$aiger46312$4535.genblk1.genblk1.genblk1.genblk1.genblk1.genblk1.genblk1.lut0.genblk1.genblk1.genblk1.genblk1.genblk1.genblk1.lut0.genblk1.genblk1.genblk1.genblk1.genblk1.lut0 (4 -> 2)
  Optimizing lut $abc$46313$lut$aiger46312$4535.genblk1.genblk1.genblk1.genblk1.genblk1.genblk1.genblk1.lut1.genblk1.genblk1.genblk1.genblk1.genblk1.genblk1.lut1.genblk1.genblk1.genblk1.genblk1.genblk1.lut0 (4 -> 3)
  Optimizing lut $abc$46313$lut$aiger46312$4535.genblk1.genblk1.genblk1.genblk1.genblk1.genblk1.genblk1.lut1.genblk1.genblk1.genblk1.genblk1.genblk1.genblk1.lut0.genblk1.genblk1.genblk1.genblk1.genblk1.lut0 (4 -> 1)
  Optimizing lut $abc$46313$lut$aiger46312$4466.genblk1.genblk1.genblk1.genblk1.genblk1.genblk1.genblk1.genblk1.lut0.genblk1.genblk1.genblk1.genblk1.genblk1.genblk1.genblk1.lut0.genblk1.genblk1.genblk1.genblk1.genblk1.genblk1.lut0.genblk1.genblk1.genblk1.genblk1.genblk1.lut1 (4 -> 2)
  Optimizing lut $abc$46313$lut$aiger46312$4466.genblk1.genblk1.genblk1.genblk1.genblk1.genblk1.genblk1.genblk1.lut1.genblk1.genblk1.genblk1.genblk1.genblk1.genblk1.genblk1.lut1.genblk1.genblk1.genblk1.genblk1.genblk1.genblk1.lut0.genblk1.genblk1.genblk1.genblk1.genblk1.lut1 (4 -> 1)
  Optimizing lut $abc$46313$lut$aiger46312$4466.genblk1.genblk1.genblk1.genblk1.genblk1.genblk1.genblk1.genblk1.lut1.genblk1.genblk1.genblk1.genblk1.genblk1.genblk1.genblk1.lut0.genblk1.genblk1.genblk1.genblk1.genblk1.genblk1.lut0.genblk1.genblk1.genblk1.genblk1.genblk1.lut1 (4 -> 2)
  Optimizing lut $abc$46313$lut$aiger46312$4453.genblk1.genblk1.genblk1.genblk1.genblk1.genblk1.genblk1.genblk1.lut1.genblk1.genblk1.genblk1.genblk1.genblk1.genblk1.genblk1.lut1.genblk1.genblk1.genblk1.genblk1.genblk1.genblk1.lut0.genblk1.genblk1.genblk1.genblk1.genblk1.lut1 (4 -> 3)
  Optimizing lut $abc$46313$lut$aiger46312$4453.genblk1.genblk1.genblk1.genblk1.genblk1.genblk1.genblk1.genblk1.lut1.genblk1.genblk1.genblk1.genblk1.genblk1.genblk1.genblk1.lut0.genblk1.genblk1.genblk1.genblk1.genblk1.genblk1.lut0.genblk1.genblk1.genblk1.genblk1.genblk1.lut1 (4 -> 3)
  Optimizing lut $abc$46313$lut$aiger46312$4620.genblk1.genblk1.genblk1.genblk1.genblk1.genblk1.genblk1.genblk1.lut0.genblk1.genblk1.genblk1.genblk1.genblk1.genblk1.genblk1.lut1.genblk1.genblk1.genblk1.genblk1.genblk1.genblk1.lut0.genblk1.genblk1.genblk1.genblk1.genblk1.lut1 (4 -> 2)
  Optimizing lut $abc$46313$lut$aiger46312$4620.genblk1.genblk1.genblk1.genblk1.genblk1.genblk1.genblk1.genblk1.lut1.genblk1.genblk1.genblk1.genblk1.genblk1.genblk1.genblk1.lut1.genblk1.genblk1.genblk1.genblk1.genblk1.genblk1.lut0.genblk1.genblk1.genblk1.genblk1.genblk1.lut1 (4 -> 0)
  Optimizing lut $abc$46313$lut$aiger46312$4620.genblk1.genblk1.genblk1.genblk1.genblk1.genblk1.genblk1.genblk1.lut1.genblk1.genblk1.genblk1.genblk1.genblk1.genblk1.genblk1.lut0.genblk1.genblk1.genblk1.genblk1.genblk1.genblk1.lut0.genblk1.genblk1.genblk1.genblk1.genblk1.lut1 (4 -> 2)
  Optimizing lut $abc$46313$lut$aiger46312$4609.genblk1.genblk1.genblk1.genblk1.genblk1.genblk1.genblk1.genblk1.lut0.genblk1.genblk1.genblk1.genblk1.genblk1.genblk1.genblk1.lut1.genblk1.genblk1.genblk1.genblk1.genblk1.genblk1.lut0.genblk1.genblk1.genblk1.genblk1.genblk1.lut1 (4 -> 1)
  Optimizing lut $abc$46313$lut$aiger46312$4609.genblk1.genblk1.genblk1.genblk1.genblk1.genblk1.genblk1.genblk1.lut0.genblk1.genblk1.genblk1.genblk1.genblk1.genblk1.genblk1.lut0.genblk1.genblk1.genblk1.genblk1.genblk1.genblk1.lut0.genblk1.genblk1.genblk1.genblk1.genblk1.lut1 (4 -> 2)
  Optimizing lut $abc$46313$lut$aiger46312$4609.genblk1.genblk1.genblk1.genblk1.genblk1.genblk1.genblk1.genblk1.lut1.genblk1.genblk1.genblk1.genblk1.genblk1.genblk1.genblk1.lut1.genblk1.genblk1.genblk1.genblk1.genblk1.genblk1.lut0.genblk1.genblk1.genblk1.genblk1.genblk1.lut1 (4 -> 1)
  Optimizing lut $abc$46313$lut$aiger46312$4609.genblk1.genblk1.genblk1.genblk1.genblk1.genblk1.genblk1.genblk1.lut1.genblk1.genblk1.genblk1.genblk1.genblk1.genblk1.genblk1.lut0.genblk1.genblk1.genblk1.genblk1.genblk1.genblk1.lut0.genblk1.genblk1.genblk1.genblk1.genblk1.lut1 (4 -> 2)
  Optimizing lut $abc$46313$lut$aiger46312$4182.genblk1.genblk1.genblk1.genblk1.genblk1.genblk1.genblk1.genblk1.lut0.genblk1.genblk1.genblk1.genblk1.genblk1.genblk1.genblk1.lut1.genblk1.genblk1.genblk1.genblk1.genblk1.genblk1.lut0.genblk1.genblk1.genblk1.genblk1.genblk1.lut1 (4 -> 0)
  Optimizing lut $abc$46313$lut$aiger46312$4422.genblk1.genblk1.genblk1.genblk1.genblk1.genblk1.lut0.genblk1.genblk1.genblk1.genblk1.genblk1.lut1 (4 -> 0)
  Optimizing lut $abc$46313$lut$aiger46312$4182.genblk1.genblk1.genblk1.genblk1.genblk1.genblk1.genblk1.genblk1.lut1.genblk1.genblk1.genblk1.genblk1.genblk1.genblk1.genblk1.lut1.genblk1.genblk1.genblk1.genblk1.genblk1.genblk1.lut0.genblk1.genblk1.genblk1.genblk1.genblk1.lut1 (4 -> 1)
  Optimizing lut $abc$46313$lut$aiger46312$4182.genblk1.genblk1.genblk1.genblk1.genblk1.genblk1.genblk1.genblk1.lut1.genblk1.genblk1.genblk1.genblk1.genblk1.genblk1.genblk1.lut0.genblk1.genblk1.genblk1.genblk1.genblk1.genblk1.lut0.genblk1.genblk1.genblk1.genblk1.genblk1.lut1 (4 -> 2)
  Optimizing lut $abc$46313$lut$aiger46312$4169.genblk1.genblk1.genblk1.genblk1.genblk1.genblk1.genblk1.genblk1.lut0.genblk1.genblk1.genblk1.genblk1.genblk1.genblk1.genblk1.lut1.genblk1.genblk1.genblk1.genblk1.genblk1.genblk1.lut0.genblk1.genblk1.genblk1.genblk1.genblk1.lut1 (4 -> 1)
  Optimizing lut $abc$46313$lut$aiger46312$4169.genblk1.genblk1.genblk1.genblk1.genblk1.genblk1.genblk1.genblk1.lut0.genblk1.genblk1.genblk1.genblk1.genblk1.genblk1.genblk1.lut0.genblk1.genblk1.genblk1.genblk1.genblk1.genblk1.lut0.genblk1.genblk1.genblk1.genblk1.genblk1.lut1 (4 -> 2)
  Optimizing lut $abc$46313$lut$aiger46312$4169.genblk1.genblk1.genblk1.genblk1.genblk1.genblk1.genblk1.genblk1.lut1.genblk1.genblk1.genblk1.genblk1.genblk1.genblk1.genblk1.lut1.genblk1.genblk1.genblk1.genblk1.genblk1.genblk1.lut0.genblk1.genblk1.genblk1.genblk1.genblk1.lut1 (4 -> 1)
  Optimizing lut $abc$46313$lut$aiger46312$4169.genblk1.genblk1.genblk1.genblk1.genblk1.genblk1.genblk1.genblk1.lut1.genblk1.genblk1.genblk1.genblk1.genblk1.genblk1.genblk1.lut0.genblk1.genblk1.genblk1.genblk1.genblk1.genblk1.lut0.genblk1.genblk1.genblk1.genblk1.genblk1.lut1 (4 -> 2)
  Optimizing lut $abc$46313$lut$aiger46312$4362.genblk1.genblk1.genblk1.genblk1.genblk1.genblk1.genblk1.genblk1.lut0.genblk1.genblk1.genblk1.genblk1.genblk1.genblk1.genblk1.lut1.genblk1.genblk1.genblk1.genblk1.genblk1.genblk1.lut0.genblk1.genblk1.genblk1.genblk1.genblk1.lut1 (4 -> 2)
  Optimizing lut $abc$46313$lut$aiger46312$4362.genblk1.genblk1.genblk1.genblk1.genblk1.genblk1.genblk1.genblk1.lut0.genblk1.genblk1.genblk1.genblk1.genblk1.genblk1.genblk1.lut0.genblk1.genblk1.genblk1.genblk1.genblk1.genblk1.lut0.genblk1.genblk1.genblk1.genblk1.genblk1.lut1 (4 -> 3)
  Optimizing lut $abc$46313$lut$aiger46312$4362.genblk1.genblk1.genblk1.genblk1.genblk1.genblk1.genblk1.genblk1.lut1.genblk1.genblk1.genblk1.genblk1.genblk1.genblk1.genblk1.lut1.genblk1.genblk1.genblk1.genblk1.genblk1.genblk1.lut0.genblk1.genblk1.genblk1.genblk1.genblk1.lut1 (4 -> 0)
  Optimizing lut $abc$46313$lut$aiger46312$4362.genblk1.genblk1.genblk1.genblk1.genblk1.genblk1.genblk1.genblk1.lut1.genblk1.genblk1.genblk1.genblk1.genblk1.genblk1.genblk1.lut0.genblk1.genblk1.genblk1.genblk1.genblk1.genblk1.lut0.genblk1.genblk1.genblk1.genblk1.genblk1.lut1 (4 -> 2)
  Optimizing lut $abc$46313$lut$aiger46312$4332.genblk1.genblk1.genblk1.genblk1.genblk1.genblk1.lut0.genblk1.genblk1.genblk1.genblk1.genblk1.lut1 (4 -> 3)
  Optimizing lut $abc$46313$lut$aiger46312$4303.genblk1.genblk1.genblk1.genblk1.genblk1.genblk1.genblk1.lut0.genblk1.genblk1.genblk1.genblk1.genblk1.genblk1.lut0.genblk1.genblk1.genblk1.genblk1.genblk1.lut0 (4 -> 2)
  Optimizing lut $abc$46313$lut$aiger46312$4303.genblk1.genblk1.genblk1.genblk1.genblk1.genblk1.genblk1.lut1.genblk1.genblk1.genblk1.genblk1.genblk1.genblk1.lut1.genblk1.genblk1.genblk1.genblk1.genblk1.lut0 (4 -> 0)
  Optimizing lut $abc$46313$lut$aiger46312$4303.genblk1.genblk1.genblk1.genblk1.genblk1.genblk1.genblk1.lut1.genblk1.genblk1.genblk1.genblk1.genblk1.genblk1.lut0.genblk1.genblk1.genblk1.genblk1.genblk1.lut0 (4 -> 0)
  Optimizing lut $abc$46313$lut$aiger46312$6700.genblk1.genblk1.genblk1.genblk1.genblk1.genblk1.genblk1.genblk1.lut0.genblk1.genblk1.genblk1.genblk1.genblk1.genblk1.genblk1.lut1.genblk1.genblk1.genblk1.genblk1.genblk1.genblk1.lut0.genblk1.genblk1.genblk1.genblk1.genblk1.lut1 (4 -> 1)
  Optimizing lut $abc$46313$lut$aiger46312$6700.genblk1.genblk1.genblk1.genblk1.genblk1.genblk1.genblk1.genblk1.lut1.genblk1.genblk1.genblk1.genblk1.genblk1.genblk1.genblk1.lut1.genblk1.genblk1.genblk1.genblk1.genblk1.genblk1.lut0.genblk1.genblk1.genblk1.genblk1.genblk1.lut1 (4 -> 1)
  Optimizing lut $abc$46313$lut$aiger46312$4651.genblk1.genblk1.genblk1.genblk1.genblk1.genblk1.genblk1.genblk1.lut0.genblk1.genblk1.genblk1.genblk1.genblk1.genblk1.genblk1.lut1.genblk1.genblk1.genblk1.genblk1.genblk1.genblk1.lut0.genblk1.genblk1.genblk1.genblk1.genblk1.lut1 (4 -> 1)
  Optimizing lut $abc$46313$lut$aiger46312$6540.genblk1.genblk1.genblk1.genblk1.genblk1.genblk1.genblk1.lut0.genblk1.genblk1.genblk1.genblk1.genblk1.genblk1.lut0.genblk1.genblk1.genblk1.genblk1.genblk1.lut0 (4 -> 3)
  Optimizing lut $abc$46313$lut$aiger46312$6215.genblk1.genblk1.genblk1.genblk1.genblk1.genblk1.lut0.genblk1.genblk1.genblk1.genblk1.genblk1.lut1 (4 -> 1)
  Optimizing lut $abc$46313$lut$aiger46312$6783.genblk1.genblk1.genblk1.genblk1.genblk1.genblk1.genblk1.lut1.genblk1.genblk1.genblk1.genblk1.genblk1.genblk1.lut1.genblk1.genblk1.genblk1.genblk1.genblk1.lut0 (4 -> 0)
  Optimizing lut $abc$46313$lut$aiger46312$4651.genblk1.genblk1.genblk1.genblk1.genblk1.genblk1.genblk1.genblk1.lut0.genblk1.genblk1.genblk1.genblk1.genblk1.genblk1.genblk1.lut0.genblk1.genblk1.genblk1.genblk1.genblk1.genblk1.lut0.genblk1.genblk1.genblk1.genblk1.genblk1.lut1 (4 -> 2)
  Optimizing lut $abc$46313$lut$aiger46312$4651.genblk1.genblk1.genblk1.genblk1.genblk1.genblk1.genblk1.genblk1.lut1.genblk1.genblk1.genblk1.genblk1.genblk1.genblk1.genblk1.lut1.genblk1.genblk1.genblk1.genblk1.genblk1.genblk1.lut0.genblk1.genblk1.genblk1.genblk1.genblk1.lut1 (4 -> 1)
  Optimizing lut $abc$46313$lut$aiger46312$4651.genblk1.genblk1.genblk1.genblk1.genblk1.genblk1.genblk1.genblk1.lut1.genblk1.genblk1.genblk1.genblk1.genblk1.genblk1.genblk1.lut0.genblk1.genblk1.genblk1.genblk1.genblk1.genblk1.lut0.genblk1.genblk1.genblk1.genblk1.genblk1.lut1 (4 -> 2)
  Optimizing lut $abc$46313$lut$aiger46312$6424.genblk1.genblk1.genblk1.genblk1.genblk1.genblk1.genblk1.genblk1.lut0.genblk1.genblk1.genblk1.genblk1.genblk1.genblk1.genblk1.lut1.genblk1.genblk1.genblk1.genblk1.genblk1.genblk1.lut0.genblk1.genblk1.genblk1.genblk1.genblk1.lut1 (4 -> 0)
  Optimizing lut $abc$46313$lut$aiger46312$6424.genblk1.genblk1.genblk1.genblk1.genblk1.genblk1.genblk1.genblk1.lut0.genblk1.genblk1.genblk1.genblk1.genblk1.genblk1.genblk1.lut0.genblk1.genblk1.genblk1.genblk1.genblk1.genblk1.lut0.genblk1.genblk1.genblk1.genblk1.genblk1.lut1 (4 -> 2)
  Optimizing lut $abc$46313$lut$aiger46312$6424.genblk1.genblk1.genblk1.genblk1.genblk1.genblk1.genblk1.genblk1.lut1.genblk1.genblk1.genblk1.genblk1.genblk1.genblk1.genblk1.lut1.genblk1.genblk1.genblk1.genblk1.genblk1.genblk1.lut0.genblk1.genblk1.genblk1.genblk1.genblk1.lut1 (4 -> 1)
  Optimizing lut $abc$46313$lut$aiger46312$6424.genblk1.genblk1.genblk1.genblk1.genblk1.genblk1.genblk1.genblk1.lut1.genblk1.genblk1.genblk1.genblk1.genblk1.genblk1.genblk1.lut0.genblk1.genblk1.genblk1.genblk1.genblk1.genblk1.lut0.genblk1.genblk1.genblk1.genblk1.genblk1.lut1 (4 -> 2)
  Optimizing lut $abc$46313$lut$aiger46312$6411.genblk1.genblk1.genblk1.genblk1.genblk1.genblk1.genblk1.genblk1.lut0.genblk1.genblk1.genblk1.genblk1.genblk1.genblk1.genblk1.lut1.genblk1.genblk1.genblk1.genblk1.genblk1.genblk1.lut0.genblk1.genblk1.genblk1.genblk1.genblk1.lut1 (4 -> 1)
  Optimizing lut $abc$46313$lut$aiger46312$6411.genblk1.genblk1.genblk1.genblk1.genblk1.genblk1.genblk1.genblk1.lut0.genblk1.genblk1.genblk1.genblk1.genblk1.genblk1.genblk1.lut0.genblk1.genblk1.genblk1.genblk1.genblk1.genblk1.lut0.genblk1.genblk1.genblk1.genblk1.genblk1.lut1 (4 -> 2)
  Optimizing lut $abc$46313$lut$aiger46312$6411.genblk1.genblk1.genblk1.genblk1.genblk1.genblk1.genblk1.genblk1.lut1.genblk1.genblk1.genblk1.genblk1.genblk1.genblk1.genblk1.lut1.genblk1.genblk1.genblk1.genblk1.genblk1.genblk1.lut0.genblk1.genblk1.genblk1.genblk1.genblk1.lut1 (4 -> 1)
  Optimizing lut $abc$46313$lut$aiger46312$6411.genblk1.genblk1.genblk1.genblk1.genblk1.genblk1.genblk1.genblk1.lut1.genblk1.genblk1.genblk1.genblk1.genblk1.genblk1.genblk1.lut0.genblk1.genblk1.genblk1.genblk1.genblk1.genblk1.lut0.genblk1.genblk1.genblk1.genblk1.genblk1.lut1 (4 -> 2)
  Optimizing lut $abc$46313$lut$aiger46312$6380.genblk1.genblk1.genblk1.genblk1.genblk1.genblk1.genblk1.genblk1.lut0.genblk1.genblk1.genblk1.genblk1.genblk1.genblk1.genblk1.lut1.genblk1.genblk1.genblk1.genblk1.genblk1.genblk1.lut0.genblk1.genblk1.genblk1.genblk1.genblk1.lut1 (4 -> 0)
  Optimizing lut $abc$46313$lut$aiger46312$6380.genblk1.genblk1.genblk1.genblk1.genblk1.genblk1.genblk1.genblk1.lut0.genblk1.genblk1.genblk1.genblk1.genblk1.genblk1.genblk1.lut0.genblk1.genblk1.genblk1.genblk1.genblk1.genblk1.lut0.genblk1.genblk1.genblk1.genblk1.genblk1.lut1 (4 -> 2)
  Optimizing lut $abc$46313$lut$aiger46312$6380.genblk1.genblk1.genblk1.genblk1.genblk1.genblk1.genblk1.genblk1.lut1.genblk1.genblk1.genblk1.genblk1.genblk1.genblk1.genblk1.lut1.genblk1.genblk1.genblk1.genblk1.genblk1.genblk1.lut0.genblk1.genblk1.genblk1.genblk1.genblk1.lut1 (4 -> 1)
  Optimizing lut $abc$46313$lut$aiger46312$6380.genblk1.genblk1.genblk1.genblk1.genblk1.genblk1.genblk1.genblk1.lut1.genblk1.genblk1.genblk1.genblk1.genblk1.genblk1.genblk1.lut0.genblk1.genblk1.genblk1.genblk1.genblk1.genblk1.lut0.genblk1.genblk1.genblk1.genblk1.genblk1.lut1 (4 -> 2)
  Optimizing lut $abc$46313$lut$aiger46312$6367.genblk1.genblk1.genblk1.genblk1.genblk1.genblk1.lut0.genblk1.genblk1.genblk1.genblk1.genblk1.lut1 (4 -> 3)
  Optimizing lut $abc$46313$lut$aiger46312$6340.genblk1.genblk1.genblk1.genblk1.genblk1.genblk1.genblk1.lut0.genblk1.genblk1.genblk1.genblk1.genblk1.genblk1.lut0.genblk1.genblk1.genblk1.genblk1.genblk1.lut0 (4 -> 2)
  Optimizing lut $abc$46313$lut$aiger46312$6340.genblk1.genblk1.genblk1.genblk1.genblk1.genblk1.genblk1.lut1.genblk1.genblk1.genblk1.genblk1.genblk1.genblk1.lut1.genblk1.genblk1.genblk1.genblk1.genblk1.lut0 (4 -> 3)
  Optimizing lut $abc$46313$lut$aiger46312$6340.genblk1.genblk1.genblk1.genblk1.genblk1.genblk1.genblk1.lut1.genblk1.genblk1.genblk1.genblk1.genblk1.genblk1.lut0.genblk1.genblk1.genblk1.genblk1.genblk1.lut0 (4 -> 1)
  Optimizing lut $abc$46313$lut$aiger46312$7884.genblk1.genblk1.genblk1.genblk1.genblk1.genblk1.genblk1.genblk1.lut0.genblk1.genblk1.genblk1.genblk1.genblk1.genblk1.genblk1.lut1.genblk1.genblk1.genblk1.genblk1.genblk1.genblk1.lut0.genblk1.genblk1.genblk1.genblk1.genblk1.lut1 (4 -> 0)
  Optimizing lut $abc$46313$lut$aiger46312$7884.genblk1.genblk1.genblk1.genblk1.genblk1.genblk1.genblk1.genblk1.lut1.genblk1.genblk1.genblk1.genblk1.genblk1.genblk1.genblk1.lut1.genblk1.genblk1.genblk1.genblk1.genblk1.genblk1.lut0.genblk1.genblk1.genblk1.genblk1.genblk1.lut1 (4 -> 1)
  Optimizing lut $abc$46313$lut$aiger46312$6728.genblk1.genblk1.genblk1.genblk1.genblk1.genblk1.genblk1.genblk1.lut0.genblk1.genblk1.genblk1.genblk1.genblk1.genblk1.genblk1.lut1.genblk1.genblk1.genblk1.genblk1.genblk1.genblk1.lut0.genblk1.genblk1.genblk1.genblk1.genblk1.lut1 (4 -> 2)
  Optimizing lut $abc$46313$lut$aiger46312$6728.genblk1.genblk1.genblk1.genblk1.genblk1.genblk1.genblk1.genblk1.lut1.genblk1.genblk1.genblk1.genblk1.genblk1.genblk1.genblk1.lut1.genblk1.genblk1.genblk1.genblk1.genblk1.genblk1.lut0.genblk1.genblk1.genblk1.genblk1.genblk1.lut1 (4 -> 0)
  Optimizing lut $abc$46313$lut$aiger46312$6728.genblk1.genblk1.genblk1.genblk1.genblk1.genblk1.genblk1.genblk1.lut1.genblk1.genblk1.genblk1.genblk1.genblk1.genblk1.genblk1.lut0.genblk1.genblk1.genblk1.genblk1.genblk1.genblk1.lut0.genblk1.genblk1.genblk1.genblk1.genblk1.lut1 (4 -> 2)
  Optimizing lut $abc$46313$lut$aiger46312$9607.genblk1.genblk1.genblk1.genblk1.genblk1.genblk1.genblk1.genblk1.lut1.genblk1.genblk1.genblk1.genblk1.genblk1.genblk1.genblk1.lut1.genblk1.genblk1.genblk1.genblk1.genblk1.genblk1.lut0.genblk1.genblk1.genblk1.genblk1.genblk1.lut1 (4 -> 3)
  Optimizing lut $abc$46313$lut$aiger46312$9607.genblk1.genblk1.genblk1.genblk1.genblk1.genblk1.genblk1.genblk1.lut1.genblk1.genblk1.genblk1.genblk1.genblk1.genblk1.genblk1.lut0.genblk1.genblk1.genblk1.genblk1.genblk1.genblk1.lut0.genblk1.genblk1.genblk1.genblk1.genblk1.lut1 (4 -> 3)
  Optimizing lut $abc$46313$lut$aiger46312$6829.genblk1.genblk1.genblk1.genblk1.genblk1.genblk1.genblk1.genblk1.lut0.genblk1.genblk1.genblk1.genblk1.genblk1.genblk1.genblk1.lut1.genblk1.genblk1.genblk1.genblk1.genblk1.genblk1.lut0.genblk1.genblk1.genblk1.genblk1.genblk1.lut1 (4 -> 2)
  Optimizing lut $abc$46313$lut$aiger46312$6829.genblk1.genblk1.genblk1.genblk1.genblk1.genblk1.genblk1.genblk1.lut0.genblk1.genblk1.genblk1.genblk1.genblk1.genblk1.genblk1.lut0.genblk1.genblk1.genblk1.genblk1.genblk1.genblk1.lut0.genblk1.genblk1.genblk1.genblk1.genblk1.lut1 (4 -> 3)
  Optimizing lut $abc$46313$lut$aiger46312$6829.genblk1.genblk1.genblk1.genblk1.genblk1.genblk1.genblk1.genblk1.lut1.genblk1.genblk1.genblk1.genblk1.genblk1.genblk1.genblk1.lut1.genblk1.genblk1.genblk1.genblk1.genblk1.genblk1.lut0.genblk1.genblk1.genblk1.genblk1.genblk1.lut1 (4 -> 1)
  Optimizing lut $abc$46313$lut$aiger46312$6829.genblk1.genblk1.genblk1.genblk1.genblk1.genblk1.genblk1.genblk1.lut1.genblk1.genblk1.genblk1.genblk1.genblk1.genblk1.genblk1.lut0.genblk1.genblk1.genblk1.genblk1.genblk1.genblk1.lut0.genblk1.genblk1.genblk1.genblk1.genblk1.lut1 (4 -> 2)
  Optimizing lut $abc$46313$lut$aiger46312$3563.genblk1.genblk1.genblk1.genblk1.genblk1.genblk1.genblk1.genblk1.lut0.genblk1.genblk1.genblk1.genblk1.genblk1.genblk1.genblk1.lut1.genblk1.genblk1.genblk1.genblk1.genblk1.genblk1.lut0.genblk1.genblk1.genblk1.genblk1.genblk1.lut1 (4 -> 0)
  Optimizing lut $abc$46313$lut$aiger46312$3563.genblk1.genblk1.genblk1.genblk1.genblk1.genblk1.genblk1.genblk1.lut0.genblk1.genblk1.genblk1.genblk1.genblk1.genblk1.genblk1.lut0.genblk1.genblk1.genblk1.genblk1.genblk1.genblk1.lut0.genblk1.genblk1.genblk1.genblk1.genblk1.lut1 (4 -> 0)
  Optimizing lut $abc$46313$lut$aiger46312$3563.genblk1.genblk1.genblk1.genblk1.genblk1.genblk1.genblk1.genblk1.lut1.genblk1.genblk1.genblk1.genblk1.genblk1.genblk1.genblk1.lut1.genblk1.genblk1.genblk1.genblk1.genblk1.genblk1.lut0.genblk1.genblk1.genblk1.genblk1.genblk1.lut1 (4 -> 0)
  Optimizing lut $abc$46313$lut$aiger46312$3563.genblk1.genblk1.genblk1.genblk1.genblk1.genblk1.genblk1.genblk1.lut1.genblk1.genblk1.genblk1.genblk1.genblk1.genblk1.genblk1.lut0.genblk1.genblk1.genblk1.genblk1.genblk1.genblk1.lut0.genblk1.genblk1.genblk1.genblk1.genblk1.lut1 (4 -> 1)
  Optimizing lut $abc$46313$lut$aiger46312$3547.genblk1.genblk1.genblk1.genblk1.genblk1.genblk1.genblk1.genblk1.lut0.genblk1.genblk1.genblk1.genblk1.genblk1.genblk1.genblk1.lut1.genblk1.genblk1.genblk1.genblk1.genblk1.genblk1.lut0.genblk1.genblk1.genblk1.genblk1.genblk1.lut1 (4 -> 0)
  Optimizing lut $abc$46313$lut$aiger46312$3547.genblk1.genblk1.genblk1.genblk1.genblk1.genblk1.genblk1.genblk1.lut0.genblk1.genblk1.genblk1.genblk1.genblk1.genblk1.genblk1.lut0.genblk1.genblk1.genblk1.genblk1.genblk1.genblk1.lut0.genblk1.genblk1.genblk1.genblk1.genblk1.lut1 (4 -> 0)
  Optimizing lut $abc$46313$lut$aiger46312$3547.genblk1.genblk1.genblk1.genblk1.genblk1.genblk1.genblk1.genblk1.lut1.genblk1.genblk1.genblk1.genblk1.genblk1.genblk1.genblk1.lut1.genblk1.genblk1.genblk1.genblk1.genblk1.genblk1.lut0.genblk1.genblk1.genblk1.genblk1.genblk1.lut1 (4 -> 1)
  Optimizing lut $abc$46313$lut$aiger46312$3547.genblk1.genblk1.genblk1.genblk1.genblk1.genblk1.genblk1.genblk1.lut1.genblk1.genblk1.genblk1.genblk1.genblk1.genblk1.genblk1.lut0.genblk1.genblk1.genblk1.genblk1.genblk1.genblk1.lut0.genblk1.genblk1.genblk1.genblk1.genblk1.lut1 (4 -> 0)
  Optimizing lut $abc$46313$lut$aiger46312$3532.genblk1.genblk1.genblk1.genblk1.genblk1.genblk1.genblk1.genblk1.lut0.genblk1.genblk1.genblk1.genblk1.genblk1.genblk1.genblk1.lut1.genblk1.genblk1.genblk1.genblk1.genblk1.genblk1.lut0.genblk1.genblk1.genblk1.genblk1.genblk1.lut1 (4 -> 0)
  Optimizing lut $abc$46313$lut$aiger46312$3532.genblk1.genblk1.genblk1.genblk1.genblk1.genblk1.genblk1.genblk1.lut0.genblk1.genblk1.genblk1.genblk1.genblk1.genblk1.genblk1.lut0.genblk1.genblk1.genblk1.genblk1.genblk1.genblk1.lut0.genblk1.genblk1.genblk1.genblk1.genblk1.lut1 (4 -> 1)
  Optimizing lut $abc$46313$lut$aiger46312$3532.genblk1.genblk1.genblk1.genblk1.genblk1.genblk1.genblk1.genblk1.lut1.genblk1.genblk1.genblk1.genblk1.genblk1.genblk1.genblk1.lut1.genblk1.genblk1.genblk1.genblk1.genblk1.genblk1.lut0.genblk1.genblk1.genblk1.genblk1.genblk1.lut1 (4 -> 0)
  Optimizing lut $abc$46313$lut$aiger46312$3532.genblk1.genblk1.genblk1.genblk1.genblk1.genblk1.genblk1.genblk1.lut1.genblk1.genblk1.genblk1.genblk1.genblk1.genblk1.genblk1.lut0.genblk1.genblk1.genblk1.genblk1.genblk1.genblk1.lut0.genblk1.genblk1.genblk1.genblk1.genblk1.lut1 (4 -> 0)
  Optimizing lut $abc$46313$lut$aiger46312$3520.genblk1.genblk1.genblk1.genblk1.genblk1.genblk1.genblk1.genblk1.lut0.genblk1.genblk1.genblk1.genblk1.genblk1.genblk1.genblk1.lut1.genblk1.genblk1.genblk1.genblk1.genblk1.genblk1.lut0.genblk1.genblk1.genblk1.genblk1.genblk1.lut1 (4 -> 1)
  Optimizing lut $abc$46313$lut$aiger46312$3520.genblk1.genblk1.genblk1.genblk1.genblk1.genblk1.genblk1.genblk1.lut0.genblk1.genblk1.genblk1.genblk1.genblk1.genblk1.genblk1.lut0.genblk1.genblk1.genblk1.genblk1.genblk1.genblk1.lut0.genblk1.genblk1.genblk1.genblk1.genblk1.lut1 (4 -> 0)
  Optimizing lut $abc$46313$lut$aiger46312$3520.genblk1.genblk1.genblk1.genblk1.genblk1.genblk1.genblk1.genblk1.lut1.genblk1.genblk1.genblk1.genblk1.genblk1.genblk1.genblk1.lut1.genblk1.genblk1.genblk1.genblk1.genblk1.genblk1.lut0.genblk1.genblk1.genblk1.genblk1.genblk1.lut1 (4 -> 0)
  Optimizing lut $abc$46313$lut$aiger46312$3520.genblk1.genblk1.genblk1.genblk1.genblk1.genblk1.genblk1.genblk1.lut1.genblk1.genblk1.genblk1.genblk1.genblk1.genblk1.genblk1.lut0.genblk1.genblk1.genblk1.genblk1.genblk1.genblk1.lut0.genblk1.genblk1.genblk1.genblk1.genblk1.lut1 (4 -> 0)
  Optimizing lut $abc$46313$lut$aiger46312$7565.genblk1.genblk1.genblk1.genblk1.genblk1.genblk1.genblk1.genblk1.lut0.genblk1.genblk1.genblk1.genblk1.genblk1.genblk1.genblk1.lut1.genblk1.genblk1.genblk1.genblk1.genblk1.genblk1.lut0.genblk1.genblk1.genblk1.genblk1.genblk1.lut1 (4 -> 3)
  Optimizing lut $abc$46313$lut$aiger46312$7565.genblk1.genblk1.genblk1.genblk1.genblk1.genblk1.genblk1.genblk1.lut0.genblk1.genblk1.genblk1.genblk1.genblk1.genblk1.genblk1.lut0.genblk1.genblk1.genblk1.genblk1.genblk1.genblk1.lut0.genblk1.genblk1.genblk1.genblk1.genblk1.lut1 (4 -> 3)
  Optimizing lut $abc$46313$lut$aiger46312$7565.genblk1.genblk1.genblk1.genblk1.genblk1.genblk1.genblk1.genblk1.lut1.genblk1.genblk1.genblk1.genblk1.genblk1.genblk1.genblk1.lut1.genblk1.genblk1.genblk1.genblk1.genblk1.genblk1.lut0.genblk1.genblk1.genblk1.genblk1.genblk1.lut1 (4 -> 3)
  Optimizing lut $abc$46313$lut$aiger46312$7565.genblk1.genblk1.genblk1.genblk1.genblk1.genblk1.genblk1.genblk1.lut1.genblk1.genblk1.genblk1.genblk1.genblk1.genblk1.genblk1.lut0.genblk1.genblk1.genblk1.genblk1.genblk1.genblk1.lut0.genblk1.genblk1.genblk1.genblk1.genblk1.lut1 (4 -> 3)
  Optimizing lut $abc$46313$lut$aiger46312$6591.genblk1.genblk1.genblk1.genblk1.genblk1.genblk1.genblk1.genblk1.lut0.genblk1.genblk1.genblk1.genblk1.genblk1.genblk1.genblk1.lut1.genblk1.genblk1.genblk1.genblk1.genblk1.genblk1.lut0.genblk1.genblk1.genblk1.genblk1.genblk1.lut1 (4 -> 0)
  Optimizing lut $abc$46313$lut$aiger46312$6591.genblk1.genblk1.genblk1.genblk1.genblk1.genblk1.genblk1.genblk1.lut1.genblk1.genblk1.genblk1.genblk1.genblk1.genblk1.genblk1.lut1.genblk1.genblk1.genblk1.genblk1.genblk1.genblk1.lut0.genblk1.genblk1.genblk1.genblk1.genblk1.lut1 (4 -> 0)
  Optimizing lut $abc$46313$lut$aiger46312$6591.genblk1.genblk1.genblk1.genblk1.genblk1.genblk1.genblk1.genblk1.lut1.genblk1.genblk1.genblk1.genblk1.genblk1.genblk1.genblk1.lut0.genblk1.genblk1.genblk1.genblk1.genblk1.genblk1.lut0.genblk1.genblk1.genblk1.genblk1.genblk1.lut1 (4 -> 0)
  Optimizing lut $abc$46313$lut$aiger46312$6576.genblk1.genblk1.genblk1.genblk1.genblk1.genblk1.genblk1.genblk1.lut0.genblk1.genblk1.genblk1.genblk1.genblk1.genblk1.genblk1.lut1.genblk1.genblk1.genblk1.genblk1.genblk1.genblk1.lut0.genblk1.genblk1.genblk1.genblk1.genblk1.lut1 (4 -> 0)
  Optimizing lut $abc$46313$lut$aiger46312$6576.genblk1.genblk1.genblk1.genblk1.genblk1.genblk1.genblk1.genblk1.lut0.genblk1.genblk1.genblk1.genblk1.genblk1.genblk1.genblk1.lut0.genblk1.genblk1.genblk1.genblk1.genblk1.genblk1.lut0.genblk1.genblk1.genblk1.genblk1.genblk1.lut1 (4 -> 0)
  Optimizing lut $abc$46313$lut$aiger46312$6576.genblk1.genblk1.genblk1.genblk1.genblk1.genblk1.genblk1.genblk1.lut1.genblk1.genblk1.genblk1.genblk1.genblk1.genblk1.genblk1.lut1.genblk1.genblk1.genblk1.genblk1.genblk1.genblk1.lut0.genblk1.genblk1.genblk1.genblk1.genblk1.lut1 (4 -> 0)
  Optimizing lut $abc$46313$lut$aiger46312$6576.genblk1.genblk1.genblk1.genblk1.genblk1.genblk1.genblk1.genblk1.lut1.genblk1.genblk1.genblk1.genblk1.genblk1.genblk1.genblk1.lut0.genblk1.genblk1.genblk1.genblk1.genblk1.genblk1.lut0.genblk1.genblk1.genblk1.genblk1.genblk1.lut1 (4 -> 0)
  Optimizing lut $abc$46313$lut$aiger46312$6564.genblk1.genblk1.genblk1.genblk1.genblk1.genblk1.genblk1.genblk1.lut0.genblk1.genblk1.genblk1.genblk1.genblk1.genblk1.genblk1.lut1.genblk1.genblk1.genblk1.genblk1.genblk1.genblk1.lut0.genblk1.genblk1.genblk1.genblk1.genblk1.lut1 (4 -> 1)
  Optimizing lut $abc$46313$lut$aiger46312$6564.genblk1.genblk1.genblk1.genblk1.genblk1.genblk1.genblk1.genblk1.lut0.genblk1.genblk1.genblk1.genblk1.genblk1.genblk1.genblk1.lut0.genblk1.genblk1.genblk1.genblk1.genblk1.genblk1.lut0.genblk1.genblk1.genblk1.genblk1.genblk1.lut1 (4 -> 0)
  Optimizing lut $abc$46313$lut$aiger46312$6564.genblk1.genblk1.genblk1.genblk1.genblk1.genblk1.genblk1.genblk1.lut1.genblk1.genblk1.genblk1.genblk1.genblk1.genblk1.genblk1.lut1.genblk1.genblk1.genblk1.genblk1.genblk1.genblk1.lut0.genblk1.genblk1.genblk1.genblk1.genblk1.lut1 (4 -> 0)
  Optimizing lut $abc$46313$lut$aiger46312$6564.genblk1.genblk1.genblk1.genblk1.genblk1.genblk1.genblk1.genblk1.lut1.genblk1.genblk1.genblk1.genblk1.genblk1.genblk1.genblk1.lut0.genblk1.genblk1.genblk1.genblk1.genblk1.genblk1.lut0.genblk1.genblk1.genblk1.genblk1.genblk1.lut1 (4 -> 0)
  Optimizing lut $abc$46313$lut$aiger46312$6553.genblk1.genblk1.genblk1.genblk1.genblk1.genblk1.genblk1.genblk1.lut0.genblk1.genblk1.genblk1.genblk1.genblk1.genblk1.genblk1.lut1.genblk1.genblk1.genblk1.genblk1.genblk1.genblk1.lut0.genblk1.genblk1.genblk1.genblk1.genblk1.lut1 (4 -> 1)
  Optimizing lut $abc$46313$lut$aiger46312$6553.genblk1.genblk1.genblk1.genblk1.genblk1.genblk1.genblk1.genblk1.lut0.genblk1.genblk1.genblk1.genblk1.genblk1.genblk1.genblk1.lut0.genblk1.genblk1.genblk1.genblk1.genblk1.genblk1.lut0.genblk1.genblk1.genblk1.genblk1.genblk1.lut1 (4 -> 0)
  Optimizing lut $abc$46313$lut$aiger46312$6553.genblk1.genblk1.genblk1.genblk1.genblk1.genblk1.genblk1.genblk1.lut1.genblk1.genblk1.genblk1.genblk1.genblk1.genblk1.genblk1.lut1.genblk1.genblk1.genblk1.genblk1.genblk1.genblk1.lut0.genblk1.genblk1.genblk1.genblk1.genblk1.lut1 (4 -> 1)
  Optimizing lut $abc$46313$lut$aiger46312$6553.genblk1.genblk1.genblk1.genblk1.genblk1.genblk1.genblk1.genblk1.lut1.genblk1.genblk1.genblk1.genblk1.genblk1.genblk1.genblk1.lut0.genblk1.genblk1.genblk1.genblk1.genblk1.genblk1.lut0.genblk1.genblk1.genblk1.genblk1.genblk1.lut1 (4 -> 1)
  Optimizing lut $abc$46313$lut$aiger46312$7463.genblk1.genblk1.genblk1.genblk1.genblk1.genblk1.genblk1.genblk1.lut0.genblk1.genblk1.genblk1.genblk1.genblk1.genblk1.genblk1.lut1.genblk1.genblk1.genblk1.genblk1.genblk1.genblk1.lut0.genblk1.genblk1.genblk1.genblk1.genblk1.lut1 (4 -> 1)
  Optimizing lut $abc$46313$lut$aiger46312$7463.genblk1.genblk1.genblk1.genblk1.genblk1.genblk1.genblk1.genblk1.lut0.genblk1.genblk1.genblk1.genblk1.genblk1.genblk1.genblk1.lut0.genblk1.genblk1.genblk1.genblk1.genblk1.genblk1.lut0.genblk1.genblk1.genblk1.genblk1.genblk1.lut1 (4 -> 2)
  Optimizing lut $abc$46313$lut$aiger46312$7463.genblk1.genblk1.genblk1.genblk1.genblk1.genblk1.genblk1.genblk1.lut1.genblk1.genblk1.genblk1.genblk1.genblk1.genblk1.genblk1.lut1.genblk1.genblk1.genblk1.genblk1.genblk1.genblk1.lut0.genblk1.genblk1.genblk1.genblk1.genblk1.lut1 (4 -> 1)
  Optimizing lut $abc$46313$lut$aiger46312$7463.genblk1.genblk1.genblk1.genblk1.genblk1.genblk1.genblk1.genblk1.lut1.genblk1.genblk1.genblk1.genblk1.genblk1.genblk1.genblk1.lut0.genblk1.genblk1.genblk1.genblk1.genblk1.genblk1.lut0.genblk1.genblk1.genblk1.genblk1.genblk1.lut1 (4 -> 2)
  Optimizing lut $abc$46313$lut$aiger46312$7428.genblk1.genblk1.genblk1.genblk1.genblk1.genblk1.genblk1.genblk1.lut0.genblk1.genblk1.genblk1.genblk1.genblk1.genblk1.genblk1.lut1.genblk1.genblk1.genblk1.genblk1.genblk1.genblk1.lut0.genblk1.genblk1.genblk1.genblk1.genblk1.lut1 (4 -> 2)
  Optimizing lut $abc$46313$lut$aiger46312$7428.genblk1.genblk1.genblk1.genblk1.genblk1.genblk1.genblk1.genblk1.lut0.genblk1.genblk1.genblk1.genblk1.genblk1.genblk1.genblk1.lut0.genblk1.genblk1.genblk1.genblk1.genblk1.genblk1.lut0.genblk1.genblk1.genblk1.genblk1.genblk1.lut1 (4 -> 3)
  Optimizing lut $abc$46313$lut$aiger46312$7428.genblk1.genblk1.genblk1.genblk1.genblk1.genblk1.genblk1.genblk1.lut1.genblk1.genblk1.genblk1.genblk1.genblk1.genblk1.genblk1.lut1.genblk1.genblk1.genblk1.genblk1.genblk1.genblk1.lut0.genblk1.genblk1.genblk1.genblk1.genblk1.lut1 (4 -> 0)
  Optimizing lut $abc$46313$lut$aiger46312$7428.genblk1.genblk1.genblk1.genblk1.genblk1.genblk1.genblk1.genblk1.lut1.genblk1.genblk1.genblk1.genblk1.genblk1.genblk1.genblk1.lut0.genblk1.genblk1.genblk1.genblk1.genblk1.genblk1.lut0.genblk1.genblk1.genblk1.genblk1.genblk1.lut1 (4 -> 2)
  Optimizing lut $abc$46313$lut$aiger46312$7409.genblk1.genblk1.genblk1.genblk1.genblk1.genblk1.lut0.genblk1.genblk1.genblk1.genblk1.genblk1.lut1 (4 -> 3)
  Optimizing lut $abc$46313$lut$aiger46312$9911.genblk1.genblk1.genblk1.genblk1.genblk1.genblk1.genblk1.lut0.genblk1.genblk1.genblk1.genblk1.genblk1.genblk1.lut1.genblk1.genblk1.genblk1.genblk1.genblk1.lut0 (4 -> 3)
  Optimizing lut $abc$46313$lut$aiger46312$9911.genblk1.genblk1.genblk1.genblk1.genblk1.genblk1.genblk1.lut1.genblk1.genblk1.genblk1.genblk1.genblk1.genblk1.lut0.genblk1.genblk1.genblk1.genblk1.genblk1.lut0 (4 -> 3)
  Optimizing lut $abc$46313$lut$aiger46312$3493.genblk1.genblk1.genblk1.genblk1.genblk1.genblk1.genblk1.genblk1.lut0.genblk1.genblk1.genblk1.genblk1.genblk1.genblk1.genblk1.lut1.genblk1.genblk1.genblk1.genblk1.genblk1.genblk1.lut0.genblk1.genblk1.genblk1.genblk1.genblk1.lut1 (4 -> 0)
  Optimizing lut $abc$46313$lut$aiger46312$3493.genblk1.genblk1.genblk1.genblk1.genblk1.genblk1.genblk1.genblk1.lut0.genblk1.genblk1.genblk1.genblk1.genblk1.genblk1.genblk1.lut0.genblk1.genblk1.genblk1.genblk1.genblk1.genblk1.lut0.genblk1.genblk1.genblk1.genblk1.genblk1.lut1 (4 -> 0)
  Optimizing lut $abc$46313$lut$aiger46312$3493.genblk1.genblk1.genblk1.genblk1.genblk1.genblk1.genblk1.genblk1.lut1.genblk1.genblk1.genblk1.genblk1.genblk1.genblk1.genblk1.lut1.genblk1.genblk1.genblk1.genblk1.genblk1.genblk1.lut0.genblk1.genblk1.genblk1.genblk1.genblk1.lut1 (4 -> 0)
  Optimizing lut $abc$46313$lut$aiger46312$3493.genblk1.genblk1.genblk1.genblk1.genblk1.genblk1.genblk1.genblk1.lut1.genblk1.genblk1.genblk1.genblk1.genblk1.genblk1.genblk1.lut0.genblk1.genblk1.genblk1.genblk1.genblk1.genblk1.lut0.genblk1.genblk1.genblk1.genblk1.genblk1.lut1 (4 -> 0)
  Optimizing lut $abc$46313$lut$aiger46312$3480.genblk1.genblk1.genblk1.genblk1.genblk1.genblk1.genblk1.genblk1.lut0.genblk1.genblk1.genblk1.genblk1.genblk1.genblk1.genblk1.lut1.genblk1.genblk1.genblk1.genblk1.genblk1.genblk1.lut0.genblk1.genblk1.genblk1.genblk1.genblk1.lut1 (4 -> 0)
  Optimizing lut $abc$46313$lut$aiger46312$3480.genblk1.genblk1.genblk1.genblk1.genblk1.genblk1.genblk1.genblk1.lut0.genblk1.genblk1.genblk1.genblk1.genblk1.genblk1.genblk1.lut0.genblk1.genblk1.genblk1.genblk1.genblk1.genblk1.lut0.genblk1.genblk1.genblk1.genblk1.genblk1.lut1 (4 -> 1)
  Optimizing lut $abc$46313$lut$aiger46312$3480.genblk1.genblk1.genblk1.genblk1.genblk1.genblk1.genblk1.genblk1.lut1.genblk1.genblk1.genblk1.genblk1.genblk1.genblk1.genblk1.lut1.genblk1.genblk1.genblk1.genblk1.genblk1.genblk1.lut0.genblk1.genblk1.genblk1.genblk1.genblk1.lut1 (4 -> 1)
  Optimizing lut $abc$46313$lut$aiger46312$3480.genblk1.genblk1.genblk1.genblk1.genblk1.genblk1.genblk1.genblk1.lut1.genblk1.genblk1.genblk1.genblk1.genblk1.genblk1.genblk1.lut0.genblk1.genblk1.genblk1.genblk1.genblk1.genblk1.lut0.genblk1.genblk1.genblk1.genblk1.genblk1.lut1 (4 -> 0)
  Optimizing lut $abc$46313$lut$aiger46312$3464.genblk1.genblk1.genblk1.genblk1.genblk1.genblk1.genblk1.genblk1.lut0.genblk1.genblk1.genblk1.genblk1.genblk1.genblk1.genblk1.lut1.genblk1.genblk1.genblk1.genblk1.genblk1.genblk1.lut0.genblk1.genblk1.genblk1.genblk1.genblk1.lut1 (4 -> 1)
  Optimizing lut $abc$46313$lut$aiger46312$3464.genblk1.genblk1.genblk1.genblk1.genblk1.genblk1.genblk1.genblk1.lut0.genblk1.genblk1.genblk1.genblk1.genblk1.genblk1.genblk1.lut0.genblk1.genblk1.genblk1.genblk1.genblk1.genblk1.lut0.genblk1.genblk1.genblk1.genblk1.genblk1.lut1 (4 -> 0)
  Optimizing lut $abc$46313$lut$aiger46312$3464.genblk1.genblk1.genblk1.genblk1.genblk1.genblk1.genblk1.genblk1.lut1.genblk1.genblk1.genblk1.genblk1.genblk1.genblk1.genblk1.lut1.genblk1.genblk1.genblk1.genblk1.genblk1.genblk1.lut0.genblk1.genblk1.genblk1.genblk1.genblk1.lut1 (4 -> 0)
  Optimizing lut $abc$46313$lut$aiger46312$3464.genblk1.genblk1.genblk1.genblk1.genblk1.genblk1.genblk1.genblk1.lut1.genblk1.genblk1.genblk1.genblk1.genblk1.genblk1.genblk1.lut0.genblk1.genblk1.genblk1.genblk1.genblk1.genblk1.lut0.genblk1.genblk1.genblk1.genblk1.genblk1.lut1 (4 -> 0)
  Optimizing lut $abc$46313$lut$aiger46312$3451.genblk1.genblk1.genblk1.genblk1.genblk1.genblk1.genblk1.genblk1.lut0.genblk1.genblk1.genblk1.genblk1.genblk1.genblk1.genblk1.lut1.genblk1.genblk1.genblk1.genblk1.genblk1.genblk1.lut0.genblk1.genblk1.genblk1.genblk1.genblk1.lut1 (4 -> 0)
  Optimizing lut $abc$46313$lut$aiger46312$3451.genblk1.genblk1.genblk1.genblk1.genblk1.genblk1.genblk1.genblk1.lut0.genblk1.genblk1.genblk1.genblk1.genblk1.genblk1.genblk1.lut0.genblk1.genblk1.genblk1.genblk1.genblk1.genblk1.lut0.genblk1.genblk1.genblk1.genblk1.genblk1.lut1 (4 -> 0)
  Optimizing lut $abc$46313$lut$aiger46312$3451.genblk1.genblk1.genblk1.genblk1.genblk1.genblk1.genblk1.genblk1.lut1.genblk1.genblk1.genblk1.genblk1.genblk1.genblk1.genblk1.lut1.genblk1.genblk1.genblk1.genblk1.genblk1.genblk1.lut0.genblk1.genblk1.genblk1.genblk1.genblk1.lut1 (4 -> 0)
  Optimizing lut $abc$46313$lut$aiger46312$3451.genblk1.genblk1.genblk1.genblk1.genblk1.genblk1.genblk1.genblk1.lut1.genblk1.genblk1.genblk1.genblk1.genblk1.genblk1.genblk1.lut0.genblk1.genblk1.genblk1.genblk1.genblk1.genblk1.lut0.genblk1.genblk1.genblk1.genblk1.genblk1.lut1 (4 -> 1)
  Optimizing lut $abc$46313$lut$aiger46312$3287.genblk1.genblk1.genblk1.genblk1.genblk1.genblk1.genblk1.genblk1.lut0.genblk1.genblk1.genblk1.genblk1.genblk1.genblk1.genblk1.lut1.genblk1.genblk1.genblk1.genblk1.genblk1.genblk1.lut0.genblk1.genblk1.genblk1.genblk1.genblk1.lut1 (4 -> 0)
  Optimizing lut $abc$46313$lut$aiger46312$3287.genblk1.genblk1.genblk1.genblk1.genblk1.genblk1.genblk1.genblk1.lut0.genblk1.genblk1.genblk1.genblk1.genblk1.genblk1.genblk1.lut0.genblk1.genblk1.genblk1.genblk1.genblk1.genblk1.lut0.genblk1.genblk1.genblk1.genblk1.genblk1.lut1 (4 -> 0)
  Optimizing lut $abc$46313$lut$aiger46312$3287.genblk1.genblk1.genblk1.genblk1.genblk1.genblk1.genblk1.genblk1.lut1.genblk1.genblk1.genblk1.genblk1.genblk1.genblk1.genblk1.lut1.genblk1.genblk1.genblk1.genblk1.genblk1.genblk1.lut0.genblk1.genblk1.genblk1.genblk1.genblk1.lut1 (4 -> 0)
  Optimizing lut $abc$46313$lut$aiger46312$3287.genblk1.genblk1.genblk1.genblk1.genblk1.genblk1.genblk1.genblk1.lut1.genblk1.genblk1.genblk1.genblk1.genblk1.genblk1.genblk1.lut0.genblk1.genblk1.genblk1.genblk1.genblk1.genblk1.lut0.genblk1.genblk1.genblk1.genblk1.genblk1.lut1 (4 -> 0)
  Optimizing lut $abc$46313$lut$aiger46312$3274.genblk1.genblk1.genblk1.genblk1.genblk1.genblk1.genblk1.genblk1.lut0.genblk1.genblk1.genblk1.genblk1.genblk1.genblk1.genblk1.lut1.genblk1.genblk1.genblk1.genblk1.genblk1.genblk1.lut0.genblk1.genblk1.genblk1.genblk1.genblk1.lut1 (4 -> 1)
  Optimizing lut $abc$46313$lut$aiger46312$3274.genblk1.genblk1.genblk1.genblk1.genblk1.genblk1.genblk1.genblk1.lut0.genblk1.genblk1.genblk1.genblk1.genblk1.genblk1.genblk1.lut0.genblk1.genblk1.genblk1.genblk1.genblk1.genblk1.lut0.genblk1.genblk1.genblk1.genblk1.genblk1.lut1 (4 -> 0)
  Optimizing lut $abc$46313$lut$aiger46312$3274.genblk1.genblk1.genblk1.genblk1.genblk1.genblk1.genblk1.genblk1.lut1.genblk1.genblk1.genblk1.genblk1.genblk1.genblk1.genblk1.lut1.genblk1.genblk1.genblk1.genblk1.genblk1.genblk1.lut0.genblk1.genblk1.genblk1.genblk1.genblk1.lut1 (4 -> 1)
  Optimizing lut $abc$46313$lut$aiger46312$3274.genblk1.genblk1.genblk1.genblk1.genblk1.genblk1.genblk1.genblk1.lut1.genblk1.genblk1.genblk1.genblk1.genblk1.genblk1.genblk1.lut0.genblk1.genblk1.genblk1.genblk1.genblk1.genblk1.lut0.genblk1.genblk1.genblk1.genblk1.genblk1.lut1 (4 -> 0)
  Optimizing lut $abc$46313$lut$aiger46312$3257.genblk1.genblk1.genblk1.genblk1.genblk1.genblk1.genblk1.genblk1.lut0.genblk1.genblk1.genblk1.genblk1.genblk1.genblk1.genblk1.lut1.genblk1.genblk1.genblk1.genblk1.genblk1.genblk1.lut0.genblk1.genblk1.genblk1.genblk1.genblk1.lut1 (4 -> 0)
  Optimizing lut $abc$46313$lut$aiger46312$3257.genblk1.genblk1.genblk1.genblk1.genblk1.genblk1.genblk1.genblk1.lut0.genblk1.genblk1.genblk1.genblk1.genblk1.genblk1.genblk1.lut0.genblk1.genblk1.genblk1.genblk1.genblk1.genblk1.lut0.genblk1.genblk1.genblk1.genblk1.genblk1.lut1 (4 -> 0)
  Optimizing lut $abc$46313$lut$aiger46312$3257.genblk1.genblk1.genblk1.genblk1.genblk1.genblk1.genblk1.genblk1.lut1.genblk1.genblk1.genblk1.genblk1.genblk1.genblk1.genblk1.lut1.genblk1.genblk1.genblk1.genblk1.genblk1.genblk1.lut0.genblk1.genblk1.genblk1.genblk1.genblk1.lut1 (4 -> 0)
  Optimizing lut $abc$46313$lut$aiger46312$3257.genblk1.genblk1.genblk1.genblk1.genblk1.genblk1.genblk1.genblk1.lut1.genblk1.genblk1.genblk1.genblk1.genblk1.genblk1.genblk1.lut0.genblk1.genblk1.genblk1.genblk1.genblk1.genblk1.lut0.genblk1.genblk1.genblk1.genblk1.genblk1.lut1 (4 -> 0)
  Optimizing lut $abc$46313$lut$aiger46312$3242.genblk1.genblk1.genblk1.genblk1.genblk1.genblk1.genblk1.genblk1.lut0.genblk1.genblk1.genblk1.genblk1.genblk1.genblk1.genblk1.lut1.genblk1.genblk1.genblk1.genblk1.genblk1.genblk1.lut0.genblk1.genblk1.genblk1.genblk1.genblk1.lut1 (4 -> 0)
  Optimizing lut $abc$46313$lut$aiger46312$3242.genblk1.genblk1.genblk1.genblk1.genblk1.genblk1.genblk1.genblk1.lut0.genblk1.genblk1.genblk1.genblk1.genblk1.genblk1.genblk1.lut0.genblk1.genblk1.genblk1.genblk1.genblk1.genblk1.lut0.genblk1.genblk1.genblk1.genblk1.genblk1.lut1 (4 -> 1)
  Optimizing lut $abc$46313$lut$aiger46312$3242.genblk1.genblk1.genblk1.genblk1.genblk1.genblk1.genblk1.genblk1.lut1.genblk1.genblk1.genblk1.genblk1.genblk1.genblk1.genblk1.lut1.genblk1.genblk1.genblk1.genblk1.genblk1.genblk1.lut0.genblk1.genblk1.genblk1.genblk1.genblk1.lut1 (4 -> 0)
  Optimizing lut $abc$46313$lut$aiger46312$3242.genblk1.genblk1.genblk1.genblk1.genblk1.genblk1.genblk1.genblk1.lut1.genblk1.genblk1.genblk1.genblk1.genblk1.genblk1.genblk1.lut0.genblk1.genblk1.genblk1.genblk1.genblk1.genblk1.lut0.genblk1.genblk1.genblk1.genblk1.genblk1.lut1 (4 -> 1)
  Optimizing lut $abc$46313$lut$aiger46312$3406.genblk1.genblk1.genblk1.genblk1.genblk1.genblk1.genblk1.genblk1.lut0.genblk1.genblk1.genblk1.genblk1.genblk1.genblk1.genblk1.lut1.genblk1.genblk1.genblk1.genblk1.genblk1.genblk1.lut0.genblk1.genblk1.genblk1.genblk1.genblk1.lut1 (4 -> 1)
  Optimizing lut $abc$46313$lut$aiger46312$3406.genblk1.genblk1.genblk1.genblk1.genblk1.genblk1.genblk1.genblk1.lut0.genblk1.genblk1.genblk1.genblk1.genblk1.genblk1.genblk1.lut0.genblk1.genblk1.genblk1.genblk1.genblk1.genblk1.lut0.genblk1.genblk1.genblk1.genblk1.genblk1.lut1 (4 -> 1)
  Optimizing lut $abc$46313$lut$aiger46312$3406.genblk1.genblk1.genblk1.genblk1.genblk1.genblk1.genblk1.genblk1.lut1.genblk1.genblk1.genblk1.genblk1.genblk1.genblk1.genblk1.lut1.genblk1.genblk1.genblk1.genblk1.genblk1.genblk1.lut0.genblk1.genblk1.genblk1.genblk1.genblk1.lut1 (4 -> 0)
  Optimizing lut $abc$46313$lut$aiger46312$3406.genblk1.genblk1.genblk1.genblk1.genblk1.genblk1.genblk1.genblk1.lut1.genblk1.genblk1.genblk1.genblk1.genblk1.genblk1.genblk1.lut0.genblk1.genblk1.genblk1.genblk1.genblk1.genblk1.lut0.genblk1.genblk1.genblk1.genblk1.genblk1.lut1 (4 -> 0)
  Optimizing lut $abc$46313$lut$aiger46312$3392.genblk1.genblk1.genblk1.genblk1.genblk1.genblk1.genblk1.genblk1.lut0.genblk1.genblk1.genblk1.genblk1.genblk1.genblk1.genblk1.lut1.genblk1.genblk1.genblk1.genblk1.genblk1.genblk1.lut0.genblk1.genblk1.genblk1.genblk1.genblk1.lut1 (4 -> 0)
  Optimizing lut $abc$46313$lut$aiger46312$3392.genblk1.genblk1.genblk1.genblk1.genblk1.genblk1.genblk1.genblk1.lut0.genblk1.genblk1.genblk1.genblk1.genblk1.genblk1.genblk1.lut0.genblk1.genblk1.genblk1.genblk1.genblk1.genblk1.lut0.genblk1.genblk1.genblk1.genblk1.genblk1.lut1 (4 -> 0)
  Optimizing lut $abc$46313$lut$aiger46312$3392.genblk1.genblk1.genblk1.genblk1.genblk1.genblk1.genblk1.genblk1.lut1.genblk1.genblk1.genblk1.genblk1.genblk1.genblk1.genblk1.lut1.genblk1.genblk1.genblk1.genblk1.genblk1.genblk1.lut0.genblk1.genblk1.genblk1.genblk1.genblk1.lut1 (4 -> 0)
  Optimizing lut $abc$46313$lut$aiger46312$3392.genblk1.genblk1.genblk1.genblk1.genblk1.genblk1.genblk1.genblk1.lut1.genblk1.genblk1.genblk1.genblk1.genblk1.genblk1.genblk1.lut0.genblk1.genblk1.genblk1.genblk1.genblk1.genblk1.lut0.genblk1.genblk1.genblk1.genblk1.genblk1.lut1 (4 -> 1)
  Optimizing lut $abc$46313$lut$aiger46312$3375.genblk1.genblk1.genblk1.genblk1.genblk1.genblk1.genblk1.genblk1.lut0.genblk1.genblk1.genblk1.genblk1.genblk1.genblk1.genblk1.lut1.genblk1.genblk1.genblk1.genblk1.genblk1.genblk1.lut0.genblk1.genblk1.genblk1.genblk1.genblk1.lut1 (4 -> 0)
  Optimizing lut $abc$46313$lut$aiger46312$3375.genblk1.genblk1.genblk1.genblk1.genblk1.genblk1.genblk1.genblk1.lut0.genblk1.genblk1.genblk1.genblk1.genblk1.genblk1.genblk1.lut0.genblk1.genblk1.genblk1.genblk1.genblk1.genblk1.lut0.genblk1.genblk1.genblk1.genblk1.genblk1.lut1 (4 -> 0)
  Optimizing lut $abc$46313$lut$aiger46312$3375.genblk1.genblk1.genblk1.genblk1.genblk1.genblk1.genblk1.genblk1.lut1.genblk1.genblk1.genblk1.genblk1.genblk1.genblk1.genblk1.lut1.genblk1.genblk1.genblk1.genblk1.genblk1.genblk1.lut0.genblk1.genblk1.genblk1.genblk1.genblk1.lut1 (4 -> 0)
  Optimizing lut $abc$46313$lut$aiger46312$3375.genblk1.genblk1.genblk1.genblk1.genblk1.genblk1.genblk1.genblk1.lut1.genblk1.genblk1.genblk1.genblk1.genblk1.genblk1.genblk1.lut0.genblk1.genblk1.genblk1.genblk1.genblk1.genblk1.lut0.genblk1.genblk1.genblk1.genblk1.genblk1.lut1 (4 -> 0)
  Optimizing lut $abc$46313$lut$aiger46312$3360.genblk1.genblk1.genblk1.genblk1.genblk1.genblk1.genblk1.genblk1.lut0.genblk1.genblk1.genblk1.genblk1.genblk1.genblk1.genblk1.lut1.genblk1.genblk1.genblk1.genblk1.genblk1.genblk1.lut0.genblk1.genblk1.genblk1.genblk1.genblk1.lut1 (4 -> 0)
  Optimizing lut $abc$46313$lut$aiger46312$3360.genblk1.genblk1.genblk1.genblk1.genblk1.genblk1.genblk1.genblk1.lut0.genblk1.genblk1.genblk1.genblk1.genblk1.genblk1.genblk1.lut0.genblk1.genblk1.genblk1.genblk1.genblk1.genblk1.lut0.genblk1.genblk1.genblk1.genblk1.genblk1.lut1 (4 -> 0)
  Optimizing lut $abc$46313$lut$aiger46312$3360.genblk1.genblk1.genblk1.genblk1.genblk1.genblk1.genblk1.genblk1.lut1.genblk1.genblk1.genblk1.genblk1.genblk1.genblk1.genblk1.lut1.genblk1.genblk1.genblk1.genblk1.genblk1.genblk1.lut0.genblk1.genblk1.genblk1.genblk1.genblk1.lut1 (4 -> 1)
  Optimizing lut $abc$46313$lut$aiger46312$3360.genblk1.genblk1.genblk1.genblk1.genblk1.genblk1.genblk1.genblk1.lut1.genblk1.genblk1.genblk1.genblk1.genblk1.genblk1.genblk1.lut0.genblk1.genblk1.genblk1.genblk1.genblk1.genblk1.lut0.genblk1.genblk1.genblk1.genblk1.genblk1.lut1 (4 -> 0)
  Optimizing lut $abc$46313$lut$aiger46312$3342.genblk1.genblk1.genblk1.genblk1.genblk1.genblk1.genblk1.genblk1.lut0.genblk1.genblk1.genblk1.genblk1.genblk1.genblk1.genblk1.lut1.genblk1.genblk1.genblk1.genblk1.genblk1.genblk1.lut0.genblk1.genblk1.genblk1.genblk1.genblk1.lut1 (4 -> 0)
  Optimizing lut $abc$46313$lut$aiger46312$3342.genblk1.genblk1.genblk1.genblk1.genblk1.genblk1.genblk1.genblk1.lut0.genblk1.genblk1.genblk1.genblk1.genblk1.genblk1.genblk1.lut0.genblk1.genblk1.genblk1.genblk1.genblk1.genblk1.lut0.genblk1.genblk1.genblk1.genblk1.genblk1.lut1 (4 -> 0)
  Optimizing lut $abc$46313$lut$aiger46312$3342.genblk1.genblk1.genblk1.genblk1.genblk1.genblk1.genblk1.genblk1.lut1.genblk1.genblk1.genblk1.genblk1.genblk1.genblk1.genblk1.lut1.genblk1.genblk1.genblk1.genblk1.genblk1.genblk1.lut0.genblk1.genblk1.genblk1.genblk1.genblk1.lut1 (4 -> 0)
  Optimizing lut $abc$46313$lut$aiger46312$3342.genblk1.genblk1.genblk1.genblk1.genblk1.genblk1.genblk1.genblk1.lut1.genblk1.genblk1.genblk1.genblk1.genblk1.genblk1.genblk1.lut0.genblk1.genblk1.genblk1.genblk1.genblk1.genblk1.lut0.genblk1.genblk1.genblk1.genblk1.genblk1.lut1 (4 -> 0)
  Optimizing lut $abc$46313$lut$aiger46312$3329.genblk1.genblk1.genblk1.genblk1.genblk1.genblk1.genblk1.genblk1.lut0.genblk1.genblk1.genblk1.genblk1.genblk1.genblk1.genblk1.lut1.genblk1.genblk1.genblk1.genblk1.genblk1.genblk1.lut0.genblk1.genblk1.genblk1.genblk1.genblk1.lut1 (4 -> 0)
  Optimizing lut $abc$46313$lut$aiger46312$3329.genblk1.genblk1.genblk1.genblk1.genblk1.genblk1.genblk1.genblk1.lut0.genblk1.genblk1.genblk1.genblk1.genblk1.genblk1.genblk1.lut0.genblk1.genblk1.genblk1.genblk1.genblk1.genblk1.lut0.genblk1.genblk1.genblk1.genblk1.genblk1.lut1 (4 -> 0)
  Optimizing lut $abc$46313$lut$aiger46312$3329.genblk1.genblk1.genblk1.genblk1.genblk1.genblk1.genblk1.genblk1.lut1.genblk1.genblk1.genblk1.genblk1.genblk1.genblk1.genblk1.lut1.genblk1.genblk1.genblk1.genblk1.genblk1.genblk1.lut0.genblk1.genblk1.genblk1.genblk1.genblk1.lut1 (4 -> 0)
  Optimizing lut $abc$46313$lut$aiger46312$3329.genblk1.genblk1.genblk1.genblk1.genblk1.genblk1.genblk1.genblk1.lut1.genblk1.genblk1.genblk1.genblk1.genblk1.genblk1.genblk1.lut0.genblk1.genblk1.genblk1.genblk1.genblk1.genblk1.lut0.genblk1.genblk1.genblk1.genblk1.genblk1.lut1 (4 -> 0)
  Optimizing lut $abc$46313$lut$aiger46312$3316.genblk1.genblk1.genblk1.genblk1.genblk1.genblk1.genblk1.genblk1.lut0.genblk1.genblk1.genblk1.genblk1.genblk1.genblk1.genblk1.lut1.genblk1.genblk1.genblk1.genblk1.genblk1.genblk1.lut0.genblk1.genblk1.genblk1.genblk1.genblk1.lut1 (4 -> 1)
  Optimizing lut $abc$46313$lut$aiger46312$3316.genblk1.genblk1.genblk1.genblk1.genblk1.genblk1.genblk1.genblk1.lut0.genblk1.genblk1.genblk1.genblk1.genblk1.genblk1.genblk1.lut0.genblk1.genblk1.genblk1.genblk1.genblk1.genblk1.lut0.genblk1.genblk1.genblk1.genblk1.genblk1.lut1 (4 -> 1)
  Optimizing lut $abc$46313$lut$aiger46312$3316.genblk1.genblk1.genblk1.genblk1.genblk1.genblk1.genblk1.genblk1.lut1.genblk1.genblk1.genblk1.genblk1.genblk1.genblk1.genblk1.lut1.genblk1.genblk1.genblk1.genblk1.genblk1.genblk1.lut0.genblk1.genblk1.genblk1.genblk1.genblk1.lut1 (4 -> 1)
  Optimizing lut $abc$46313$lut$aiger46312$3316.genblk1.genblk1.genblk1.genblk1.genblk1.genblk1.genblk1.genblk1.lut1.genblk1.genblk1.genblk1.genblk1.genblk1.genblk1.genblk1.lut0.genblk1.genblk1.genblk1.genblk1.genblk1.genblk1.lut0.genblk1.genblk1.genblk1.genblk1.genblk1.lut1 (4 -> 0)
  Optimizing lut $abc$46313$lut$aiger46312$3303.genblk1.genblk1.genblk1.genblk1.genblk1.genblk1.genblk1.genblk1.lut0.genblk1.genblk1.genblk1.genblk1.genblk1.genblk1.genblk1.lut1.genblk1.genblk1.genblk1.genblk1.genblk1.genblk1.lut0.genblk1.genblk1.genblk1.genblk1.genblk1.lut1 (4 -> 0)
  Optimizing lut $abc$46313$lut$aiger46312$3303.genblk1.genblk1.genblk1.genblk1.genblk1.genblk1.genblk1.genblk1.lut0.genblk1.genblk1.genblk1.genblk1.genblk1.genblk1.genblk1.lut0.genblk1.genblk1.genblk1.genblk1.genblk1.genblk1.lut0.genblk1.genblk1.genblk1.genblk1.genblk1.lut1 (4 -> 0)
  Optimizing lut $abc$46313$lut$aiger46312$3303.genblk1.genblk1.genblk1.genblk1.genblk1.genblk1.genblk1.genblk1.lut1.genblk1.genblk1.genblk1.genblk1.genblk1.genblk1.genblk1.lut1.genblk1.genblk1.genblk1.genblk1.genblk1.genblk1.lut0.genblk1.genblk1.genblk1.genblk1.genblk1.lut1 (4 -> 0)
  Optimizing lut $abc$46313$lut$aiger46312$3303.genblk1.genblk1.genblk1.genblk1.genblk1.genblk1.genblk1.genblk1.lut1.genblk1.genblk1.genblk1.genblk1.genblk1.genblk1.genblk1.lut0.genblk1.genblk1.genblk1.genblk1.genblk1.genblk1.lut0.genblk1.genblk1.genblk1.genblk1.genblk1.lut1 (4 -> 1)
  Optimizing lut $abc$46313$lut$aiger46312$3711.genblk1.genblk1.genblk1.genblk1.genblk1.genblk1.genblk1.genblk1.lut0.genblk1.genblk1.genblk1.genblk1.genblk1.genblk1.genblk1.lut1.genblk1.genblk1.genblk1.genblk1.genblk1.genblk1.lut0.genblk1.genblk1.genblk1.genblk1.genblk1.lut1 (4 -> 0)
  Optimizing lut $abc$46313$lut$aiger46312$3711.genblk1.genblk1.genblk1.genblk1.genblk1.genblk1.genblk1.genblk1.lut0.genblk1.genblk1.genblk1.genblk1.genblk1.genblk1.genblk1.lut0.genblk1.genblk1.genblk1.genblk1.genblk1.genblk1.lut0.genblk1.genblk1.genblk1.genblk1.genblk1.lut1 (4 -> 0)
  Optimizing lut $abc$46313$lut$aiger46312$3711.genblk1.genblk1.genblk1.genblk1.genblk1.genblk1.genblk1.genblk1.lut1.genblk1.genblk1.genblk1.genblk1.genblk1.genblk1.genblk1.lut1.genblk1.genblk1.genblk1.genblk1.genblk1.genblk1.lut0.genblk1.genblk1.genblk1.genblk1.genblk1.lut1 (4 -> 0)
  Optimizing lut $abc$46313$lut$aiger46312$3711.genblk1.genblk1.genblk1.genblk1.genblk1.genblk1.genblk1.genblk1.lut1.genblk1.genblk1.genblk1.genblk1.genblk1.genblk1.genblk1.lut0.genblk1.genblk1.genblk1.genblk1.genblk1.genblk1.lut0.genblk1.genblk1.genblk1.genblk1.genblk1.lut1 (4 -> 0)
  Optimizing lut $abc$46313$lut$aiger46312$3695.genblk1.genblk1.genblk1.genblk1.genblk1.genblk1.genblk1.genblk1.lut0.genblk1.genblk1.genblk1.genblk1.genblk1.genblk1.genblk1.lut1.genblk1.genblk1.genblk1.genblk1.genblk1.genblk1.lut0.genblk1.genblk1.genblk1.genblk1.genblk1.lut1 (4 -> 0)
  Optimizing lut $abc$46313$lut$aiger46312$3695.genblk1.genblk1.genblk1.genblk1.genblk1.genblk1.genblk1.genblk1.lut0.genblk1.genblk1.genblk1.genblk1.genblk1.genblk1.genblk1.lut0.genblk1.genblk1.genblk1.genblk1.genblk1.genblk1.lut0.genblk1.genblk1.genblk1.genblk1.genblk1.lut1 (4 -> 0)
  Optimizing lut $abc$46313$lut$aiger46312$3695.genblk1.genblk1.genblk1.genblk1.genblk1.genblk1.genblk1.genblk1.lut1.genblk1.genblk1.genblk1.genblk1.genblk1.genblk1.genblk1.lut1.genblk1.genblk1.genblk1.genblk1.genblk1.genblk1.lut0.genblk1.genblk1.genblk1.genblk1.genblk1.lut1 (4 -> 0)
  Optimizing lut $abc$46313$lut$aiger46312$3695.genblk1.genblk1.genblk1.genblk1.genblk1.genblk1.genblk1.genblk1.lut1.genblk1.genblk1.genblk1.genblk1.genblk1.genblk1.genblk1.lut0.genblk1.genblk1.genblk1.genblk1.genblk1.genblk1.lut0.genblk1.genblk1.genblk1.genblk1.genblk1.lut1 (4 -> 0)
  Optimizing lut $abc$46313$lut$aiger46312$3682.genblk1.genblk1.genblk1.genblk1.genblk1.genblk1.genblk1.genblk1.lut0.genblk1.genblk1.genblk1.genblk1.genblk1.genblk1.genblk1.lut1.genblk1.genblk1.genblk1.genblk1.genblk1.genblk1.lut0.genblk1.genblk1.genblk1.genblk1.genblk1.lut1 (4 -> 1)
  Optimizing lut $abc$46313$lut$aiger46312$3682.genblk1.genblk1.genblk1.genblk1.genblk1.genblk1.genblk1.genblk1.lut0.genblk1.genblk1.genblk1.genblk1.genblk1.genblk1.genblk1.lut0.genblk1.genblk1.genblk1.genblk1.genblk1.genblk1.lut0.genblk1.genblk1.genblk1.genblk1.genblk1.lut1 (4 -> 1)
  Optimizing lut $abc$46313$lut$aiger46312$3682.genblk1.genblk1.genblk1.genblk1.genblk1.genblk1.genblk1.genblk1.lut1.genblk1.genblk1.genblk1.genblk1.genblk1.genblk1.genblk1.lut1.genblk1.genblk1.genblk1.genblk1.genblk1.genblk1.lut0.genblk1.genblk1.genblk1.genblk1.genblk1.lut1 (4 -> 1)
  Optimizing lut $abc$46313$lut$aiger46312$3682.genblk1.genblk1.genblk1.genblk1.genblk1.genblk1.genblk1.genblk1.lut1.genblk1.genblk1.genblk1.genblk1.genblk1.genblk1.genblk1.lut0.genblk1.genblk1.genblk1.genblk1.genblk1.genblk1.lut0.genblk1.genblk1.genblk1.genblk1.genblk1.lut1 (4 -> 0)
  Optimizing lut $abc$46313$lut$aiger46312$3669.genblk1.genblk1.genblk1.genblk1.genblk1.genblk1.genblk1.genblk1.lut0.genblk1.genblk1.genblk1.genblk1.genblk1.genblk1.genblk1.lut1.genblk1.genblk1.genblk1.genblk1.genblk1.genblk1.lut0.genblk1.genblk1.genblk1.genblk1.genblk1.lut1 (4 -> 0)
  Optimizing lut $abc$46313$lut$aiger46312$3669.genblk1.genblk1.genblk1.genblk1.genblk1.genblk1.genblk1.genblk1.lut0.genblk1.genblk1.genblk1.genblk1.genblk1.genblk1.genblk1.lut0.genblk1.genblk1.genblk1.genblk1.genblk1.genblk1.lut0.genblk1.genblk1.genblk1.genblk1.genblk1.lut1 (4 -> 0)
  Optimizing lut $abc$46313$lut$aiger46312$3669.genblk1.genblk1.genblk1.genblk1.genblk1.genblk1.genblk1.genblk1.lut1.genblk1.genblk1.genblk1.genblk1.genblk1.genblk1.genblk1.lut1.genblk1.genblk1.genblk1.genblk1.genblk1.genblk1.lut0.genblk1.genblk1.genblk1.genblk1.genblk1.lut1 (4 -> 0)
  Optimizing lut $abc$46313$lut$aiger46312$3669.genblk1.genblk1.genblk1.genblk1.genblk1.genblk1.genblk1.genblk1.lut1.genblk1.genblk1.genblk1.genblk1.genblk1.genblk1.genblk1.lut0.genblk1.genblk1.genblk1.genblk1.genblk1.genblk1.lut0.genblk1.genblk1.genblk1.genblk1.genblk1.lut1 (4 -> 1)
  Optimizing lut $abc$46313$lut$aiger46312$3653.genblk1.genblk1.genblk1.genblk1.genblk1.genblk1.genblk1.genblk1.lut0.genblk1.genblk1.genblk1.genblk1.genblk1.genblk1.genblk1.lut1.genblk1.genblk1.genblk1.genblk1.genblk1.genblk1.lut0.genblk1.genblk1.genblk1.genblk1.genblk1.lut1 (4 -> 0)
  Optimizing lut $abc$46313$lut$aiger46312$3653.genblk1.genblk1.genblk1.genblk1.genblk1.genblk1.genblk1.genblk1.lut0.genblk1.genblk1.genblk1.genblk1.genblk1.genblk1.genblk1.lut0.genblk1.genblk1.genblk1.genblk1.genblk1.genblk1.lut0.genblk1.genblk1.genblk1.genblk1.genblk1.lut1 (4 -> 0)
  Optimizing lut $abc$46313$lut$aiger46312$3653.genblk1.genblk1.genblk1.genblk1.genblk1.genblk1.genblk1.genblk1.lut1.genblk1.genblk1.genblk1.genblk1.genblk1.genblk1.genblk1.lut1.genblk1.genblk1.genblk1.genblk1.genblk1.genblk1.lut0.genblk1.genblk1.genblk1.genblk1.genblk1.lut1 (4 -> 0)
  Optimizing lut $abc$46313$lut$aiger46312$3653.genblk1.genblk1.genblk1.genblk1.genblk1.genblk1.genblk1.genblk1.lut1.genblk1.genblk1.genblk1.genblk1.genblk1.genblk1.genblk1.lut0.genblk1.genblk1.genblk1.genblk1.genblk1.genblk1.lut0.genblk1.genblk1.genblk1.genblk1.genblk1.lut1 (4 -> 0)
  Optimizing lut $abc$46313$lut$aiger46312$3638.genblk1.genblk1.genblk1.genblk1.genblk1.genblk1.genblk1.genblk1.lut0.genblk1.genblk1.genblk1.genblk1.genblk1.genblk1.genblk1.lut1.genblk1.genblk1.genblk1.genblk1.genblk1.genblk1.lut0.genblk1.genblk1.genblk1.genblk1.genblk1.lut1 (4 -> 0)
  Optimizing lut $abc$46313$lut$aiger46312$3638.genblk1.genblk1.genblk1.genblk1.genblk1.genblk1.genblk1.genblk1.lut0.genblk1.genblk1.genblk1.genblk1.genblk1.genblk1.genblk1.lut0.genblk1.genblk1.genblk1.genblk1.genblk1.genblk1.lut0.genblk1.genblk1.genblk1.genblk1.genblk1.lut1 (4 -> 1)
  Optimizing lut $abc$46313$lut$aiger46312$3638.genblk1.genblk1.genblk1.genblk1.genblk1.genblk1.genblk1.genblk1.lut1.genblk1.genblk1.genblk1.genblk1.genblk1.genblk1.genblk1.lut1.genblk1.genblk1.genblk1.genblk1.genblk1.genblk1.lut0.genblk1.genblk1.genblk1.genblk1.genblk1.lut1 (4 -> 0)
  Optimizing lut $abc$46313$lut$aiger46312$3638.genblk1.genblk1.genblk1.genblk1.genblk1.genblk1.genblk1.genblk1.lut1.genblk1.genblk1.genblk1.genblk1.genblk1.genblk1.genblk1.lut0.genblk1.genblk1.genblk1.genblk1.genblk1.genblk1.lut0.genblk1.genblk1.genblk1.genblk1.genblk1.lut1 (4 -> 1)
  Optimizing lut $abc$46313$lut$aiger46312$3623.genblk1.genblk1.genblk1.genblk1.genblk1.genblk1.genblk1.genblk1.lut0.genblk1.genblk1.genblk1.genblk1.genblk1.genblk1.genblk1.lut1.genblk1.genblk1.genblk1.genblk1.genblk1.genblk1.lut0.genblk1.genblk1.genblk1.genblk1.genblk1.lut1 (4 -> 0)
  Optimizing lut $abc$46313$lut$aiger46312$3623.genblk1.genblk1.genblk1.genblk1.genblk1.genblk1.genblk1.genblk1.lut0.genblk1.genblk1.genblk1.genblk1.genblk1.genblk1.genblk1.lut0.genblk1.genblk1.genblk1.genblk1.genblk1.genblk1.lut0.genblk1.genblk1.genblk1.genblk1.genblk1.lut1 (4 -> 0)
  Optimizing lut $abc$46313$lut$aiger46312$3623.genblk1.genblk1.genblk1.genblk1.genblk1.genblk1.genblk1.genblk1.lut1.genblk1.genblk1.genblk1.genblk1.genblk1.genblk1.genblk1.lut1.genblk1.genblk1.genblk1.genblk1.genblk1.genblk1.lut0.genblk1.genblk1.genblk1.genblk1.genblk1.lut1 (4 -> 0)
  Optimizing lut $abc$46313$lut$aiger46312$3623.genblk1.genblk1.genblk1.genblk1.genblk1.genblk1.genblk1.genblk1.lut1.genblk1.genblk1.genblk1.genblk1.genblk1.genblk1.genblk1.lut0.genblk1.genblk1.genblk1.genblk1.genblk1.genblk1.lut0.genblk1.genblk1.genblk1.genblk1.genblk1.lut1 (4 -> 0)
  Optimizing lut $abc$46313$lut$aiger46312$3608.genblk1.genblk1.genblk1.genblk1.genblk1.genblk1.genblk1.genblk1.lut0.genblk1.genblk1.genblk1.genblk1.genblk1.genblk1.genblk1.lut1.genblk1.genblk1.genblk1.genblk1.genblk1.genblk1.lut0.genblk1.genblk1.genblk1.genblk1.genblk1.lut1 (4 -> 1)
  Optimizing lut $abc$46313$lut$aiger46312$3608.genblk1.genblk1.genblk1.genblk1.genblk1.genblk1.genblk1.genblk1.lut0.genblk1.genblk1.genblk1.genblk1.genblk1.genblk1.genblk1.lut0.genblk1.genblk1.genblk1.genblk1.genblk1.genblk1.lut0.genblk1.genblk1.genblk1.genblk1.genblk1.lut1 (4 -> 0)
  Optimizing lut $abc$46313$lut$aiger46312$3608.genblk1.genblk1.genblk1.genblk1.genblk1.genblk1.genblk1.genblk1.lut1.genblk1.genblk1.genblk1.genblk1.genblk1.genblk1.genblk1.lut1.genblk1.genblk1.genblk1.genblk1.genblk1.genblk1.lut0.genblk1.genblk1.genblk1.genblk1.genblk1.lut1 (4 -> 1)
  Optimizing lut $abc$46313$lut$aiger46312$3608.genblk1.genblk1.genblk1.genblk1.genblk1.genblk1.genblk1.genblk1.lut1.genblk1.genblk1.genblk1.genblk1.genblk1.genblk1.genblk1.lut0.genblk1.genblk1.genblk1.genblk1.genblk1.genblk1.lut0.genblk1.genblk1.genblk1.genblk1.genblk1.lut1 (4 -> 0)
  Optimizing lut $abc$46313$lut$aiger46312$3810.genblk1.genblk1.genblk1.genblk1.genblk1.genblk1.genblk1.genblk1.lut0.genblk1.genblk1.genblk1.genblk1.genblk1.genblk1.genblk1.lut1.genblk1.genblk1.genblk1.genblk1.genblk1.genblk1.lut0.genblk1.genblk1.genblk1.genblk1.genblk1.lut1 (4 -> 0)
  Optimizing lut $abc$46313$lut$aiger46312$9654.genblk1.genblk1.genblk1.genblk1.genblk1.genblk1.lut0.genblk1.genblk1.genblk1.genblk1.genblk1.lut1 (4 -> 0)
  Optimizing lut $abc$46313$lut$aiger46312$3810.genblk1.genblk1.genblk1.genblk1.genblk1.genblk1.genblk1.genblk1.lut1.genblk1.genblk1.genblk1.genblk1.genblk1.genblk1.genblk1.lut1.genblk1.genblk1.genblk1.genblk1.genblk1.genblk1.lut0.genblk1.genblk1.genblk1.genblk1.genblk1.lut1 (4 -> 0)
  Optimizing lut $abc$46313$lut$aiger46312$3810.genblk1.genblk1.genblk1.genblk1.genblk1.genblk1.genblk1.genblk1.lut1.genblk1.genblk1.genblk1.genblk1.genblk1.genblk1.genblk1.lut0.genblk1.genblk1.genblk1.genblk1.genblk1.genblk1.lut0.genblk1.genblk1.genblk1.genblk1.genblk1.lut1 (4 -> 1)
  Optimizing lut $abc$46313$lut$aiger46312$3794.genblk1.genblk1.genblk1.genblk1.genblk1.genblk1.genblk1.genblk1.lut0.genblk1.genblk1.genblk1.genblk1.genblk1.genblk1.genblk1.lut1.genblk1.genblk1.genblk1.genblk1.genblk1.genblk1.lut0.genblk1.genblk1.genblk1.genblk1.genblk1.lut1 (4 -> 1)
  Optimizing lut $abc$46313$lut$aiger46312$3794.genblk1.genblk1.genblk1.genblk1.genblk1.genblk1.genblk1.genblk1.lut0.genblk1.genblk1.genblk1.genblk1.genblk1.genblk1.genblk1.lut0.genblk1.genblk1.genblk1.genblk1.genblk1.genblk1.lut0.genblk1.genblk1.genblk1.genblk1.genblk1.lut1 (4 -> 0)
  Optimizing lut $abc$46313$lut$aiger46312$3794.genblk1.genblk1.genblk1.genblk1.genblk1.genblk1.genblk1.genblk1.lut1.genblk1.genblk1.genblk1.genblk1.genblk1.genblk1.genblk1.lut1.genblk1.genblk1.genblk1.genblk1.genblk1.genblk1.lut0.genblk1.genblk1.genblk1.genblk1.genblk1.lut1 (4 -> 1)
  Optimizing lut $abc$46313$lut$aiger46312$3794.genblk1.genblk1.genblk1.genblk1.genblk1.genblk1.genblk1.genblk1.lut1.genblk1.genblk1.genblk1.genblk1.genblk1.genblk1.genblk1.lut0.genblk1.genblk1.genblk1.genblk1.genblk1.genblk1.lut0.genblk1.genblk1.genblk1.genblk1.genblk1.lut1 (4 -> 0)
  Optimizing lut $abc$46313$lut$aiger46312$3778.genblk1.genblk1.genblk1.genblk1.genblk1.genblk1.genblk1.genblk1.lut0.genblk1.genblk1.genblk1.genblk1.genblk1.genblk1.genblk1.lut1.genblk1.genblk1.genblk1.genblk1.genblk1.genblk1.lut0.genblk1.genblk1.genblk1.genblk1.genblk1.lut1 (4 -> 0)
  Optimizing lut $abc$46313$lut$aiger46312$3778.genblk1.genblk1.genblk1.genblk1.genblk1.genblk1.genblk1.genblk1.lut0.genblk1.genblk1.genblk1.genblk1.genblk1.genblk1.genblk1.lut0.genblk1.genblk1.genblk1.genblk1.genblk1.genblk1.lut0.genblk1.genblk1.genblk1.genblk1.genblk1.lut1 (4 -> 0)
  Optimizing lut $abc$46313$lut$aiger46312$3778.genblk1.genblk1.genblk1.genblk1.genblk1.genblk1.genblk1.genblk1.lut1.genblk1.genblk1.genblk1.genblk1.genblk1.genblk1.genblk1.lut1.genblk1.genblk1.genblk1.genblk1.genblk1.genblk1.lut0.genblk1.genblk1.genblk1.genblk1.genblk1.lut1 (4 -> 0)
  Optimizing lut $abc$46313$lut$aiger46312$3778.genblk1.genblk1.genblk1.genblk1.genblk1.genblk1.genblk1.genblk1.lut1.genblk1.genblk1.genblk1.genblk1.genblk1.genblk1.genblk1.lut0.genblk1.genblk1.genblk1.genblk1.genblk1.genblk1.lut0.genblk1.genblk1.genblk1.genblk1.genblk1.lut1 (4 -> 0)
  Optimizing lut $abc$46313$lut$aiger46312$3765.genblk1.genblk1.genblk1.genblk1.genblk1.genblk1.genblk1.genblk1.lut0.genblk1.genblk1.genblk1.genblk1.genblk1.genblk1.genblk1.lut1.genblk1.genblk1.genblk1.genblk1.genblk1.genblk1.lut0.genblk1.genblk1.genblk1.genblk1.genblk1.lut1 (4 -> 0)
  Optimizing lut $abc$46313$lut$aiger46312$3765.genblk1.genblk1.genblk1.genblk1.genblk1.genblk1.genblk1.genblk1.lut0.genblk1.genblk1.genblk1.genblk1.genblk1.genblk1.genblk1.lut0.genblk1.genblk1.genblk1.genblk1.genblk1.genblk1.lut0.genblk1.genblk1.genblk1.genblk1.genblk1.lut1 (4 -> 0)
  Optimizing lut $abc$46313$lut$aiger46312$3765.genblk1.genblk1.genblk1.genblk1.genblk1.genblk1.genblk1.genblk1.lut1.genblk1.genblk1.genblk1.genblk1.genblk1.genblk1.genblk1.lut1.genblk1.genblk1.genblk1.genblk1.genblk1.genblk1.lut0.genblk1.genblk1.genblk1.genblk1.genblk1.lut1 (4 -> 0)
  Optimizing lut $abc$46313$lut$aiger46312$3765.genblk1.genblk1.genblk1.genblk1.genblk1.genblk1.genblk1.genblk1.lut1.genblk1.genblk1.genblk1.genblk1.genblk1.genblk1.genblk1.lut0.genblk1.genblk1.genblk1.genblk1.genblk1.genblk1.lut0.genblk1.genblk1.genblk1.genblk1.genblk1.lut1 (4 -> 0)
  Optimizing lut $abc$46313$lut$aiger46312$3872.genblk1.genblk1.genblk1.genblk1.genblk1.genblk1.genblk1.genblk1.lut0.genblk1.genblk1.genblk1.genblk1.genblk1.genblk1.genblk1.lut1.genblk1.genblk1.genblk1.genblk1.genblk1.genblk1.lut0.genblk1.genblk1.genblk1.genblk1.genblk1.lut1 (4 -> 0)
  Optimizing lut $abc$46313$lut$aiger46312$3872.genblk1.genblk1.genblk1.genblk1.genblk1.genblk1.genblk1.genblk1.lut0.genblk1.genblk1.genblk1.genblk1.genblk1.genblk1.genblk1.lut0.genblk1.genblk1.genblk1.genblk1.genblk1.genblk1.lut0.genblk1.genblk1.genblk1.genblk1.genblk1.lut1 (4 -> 1)
  Optimizing lut $abc$46313$lut$aiger46312$3872.genblk1.genblk1.genblk1.genblk1.genblk1.genblk1.genblk1.genblk1.lut1.genblk1.genblk1.genblk1.genblk1.genblk1.genblk1.genblk1.lut1.genblk1.genblk1.genblk1.genblk1.genblk1.genblk1.lut0.genblk1.genblk1.genblk1.genblk1.genblk1.lut1 (4 -> 0)
  Optimizing lut $abc$46313$lut$aiger46312$3872.genblk1.genblk1.genblk1.genblk1.genblk1.genblk1.genblk1.genblk1.lut1.genblk1.genblk1.genblk1.genblk1.genblk1.genblk1.genblk1.lut0.genblk1.genblk1.genblk1.genblk1.genblk1.genblk1.lut0.genblk1.genblk1.genblk1.genblk1.genblk1.lut1 (4 -> 0)
  Optimizing lut $abc$46313$lut$aiger46312$3856.genblk1.genblk1.genblk1.genblk1.genblk1.genblk1.genblk1.genblk1.lut0.genblk1.genblk1.genblk1.genblk1.genblk1.genblk1.genblk1.lut1.genblk1.genblk1.genblk1.genblk1.genblk1.genblk1.lut0.genblk1.genblk1.genblk1.genblk1.genblk1.lut1 (4 -> 0)
  Optimizing lut $abc$46313$lut$aiger46312$3856.genblk1.genblk1.genblk1.genblk1.genblk1.genblk1.genblk1.genblk1.lut0.genblk1.genblk1.genblk1.genblk1.genblk1.genblk1.genblk1.lut0.genblk1.genblk1.genblk1.genblk1.genblk1.genblk1.lut0.genblk1.genblk1.genblk1.genblk1.genblk1.lut1 (4 -> 0)
  Optimizing lut $abc$46313$lut$aiger46312$3856.genblk1.genblk1.genblk1.genblk1.genblk1.genblk1.genblk1.genblk1.lut1.genblk1.genblk1.genblk1.genblk1.genblk1.genblk1.genblk1.lut1.genblk1.genblk1.genblk1.genblk1.genblk1.genblk1.lut0.genblk1.genblk1.genblk1.genblk1.genblk1.lut1 (4 -> 0)
  Optimizing lut $abc$46313$lut$aiger46312$3856.genblk1.genblk1.genblk1.genblk1.genblk1.genblk1.genblk1.genblk1.lut1.genblk1.genblk1.genblk1.genblk1.genblk1.genblk1.genblk1.lut0.genblk1.genblk1.genblk1.genblk1.genblk1.genblk1.lut0.genblk1.genblk1.genblk1.genblk1.genblk1.lut1 (4 -> 1)
  Optimizing lut $abc$46313$lut$aiger46312$3843.genblk1.genblk1.genblk1.genblk1.genblk1.genblk1.genblk1.genblk1.lut0.genblk1.genblk1.genblk1.genblk1.genblk1.genblk1.genblk1.lut1.genblk1.genblk1.genblk1.genblk1.genblk1.genblk1.lut0.genblk1.genblk1.genblk1.genblk1.genblk1.lut1 (4 -> 1)
  Optimizing lut $abc$46313$lut$aiger46312$3843.genblk1.genblk1.genblk1.genblk1.genblk1.genblk1.genblk1.genblk1.lut0.genblk1.genblk1.genblk1.genblk1.genblk1.genblk1.genblk1.lut0.genblk1.genblk1.genblk1.genblk1.genblk1.genblk1.lut0.genblk1.genblk1.genblk1.genblk1.genblk1.lut1 (4 -> 0)
  Optimizing lut $abc$46313$lut$aiger46312$3843.genblk1.genblk1.genblk1.genblk1.genblk1.genblk1.genblk1.genblk1.lut1.genblk1.genblk1.genblk1.genblk1.genblk1.genblk1.genblk1.lut1.genblk1.genblk1.genblk1.genblk1.genblk1.genblk1.lut0.genblk1.genblk1.genblk1.genblk1.genblk1.lut1 (4 -> 1)
  Optimizing lut $abc$46313$lut$aiger46312$3843.genblk1.genblk1.genblk1.genblk1.genblk1.genblk1.genblk1.genblk1.lut1.genblk1.genblk1.genblk1.genblk1.genblk1.genblk1.genblk1.lut0.genblk1.genblk1.genblk1.genblk1.genblk1.genblk1.lut0.genblk1.genblk1.genblk1.genblk1.genblk1.lut1 (4 -> 0)
  Optimizing lut $abc$46313$lut$aiger46312$3827.genblk1.genblk1.genblk1.genblk1.genblk1.genblk1.genblk1.genblk1.lut0.genblk1.genblk1.genblk1.genblk1.genblk1.genblk1.genblk1.lut1.genblk1.genblk1.genblk1.genblk1.genblk1.genblk1.lut0.genblk1.genblk1.genblk1.genblk1.genblk1.lut1 (4 -> 0)
  Optimizing lut $abc$46313$lut$aiger46312$3827.genblk1.genblk1.genblk1.genblk1.genblk1.genblk1.genblk1.genblk1.lut0.genblk1.genblk1.genblk1.genblk1.genblk1.genblk1.genblk1.lut0.genblk1.genblk1.genblk1.genblk1.genblk1.genblk1.lut0.genblk1.genblk1.genblk1.genblk1.genblk1.lut1 (4 -> 0)
  Optimizing lut $abc$46313$lut$aiger46312$3827.genblk1.genblk1.genblk1.genblk1.genblk1.genblk1.genblk1.genblk1.lut1.genblk1.genblk1.genblk1.genblk1.genblk1.genblk1.genblk1.lut1.genblk1.genblk1.genblk1.genblk1.genblk1.genblk1.lut0.genblk1.genblk1.genblk1.genblk1.genblk1.lut1 (4 -> 0)
  Optimizing lut $abc$46313$lut$aiger46312$3827.genblk1.genblk1.genblk1.genblk1.genblk1.genblk1.genblk1.genblk1.lut1.genblk1.genblk1.genblk1.genblk1.genblk1.genblk1.genblk1.lut0.genblk1.genblk1.genblk1.genblk1.genblk1.genblk1.lut0.genblk1.genblk1.genblk1.genblk1.genblk1.lut1 (4 -> 0)
  Optimizing lut $abc$46313$lut$aiger46312$3991.genblk1.genblk1.genblk1.genblk1.genblk1.genblk1.genblk1.genblk1.lut0.genblk1.genblk1.genblk1.genblk1.genblk1.genblk1.genblk1.lut1.genblk1.genblk1.genblk1.genblk1.genblk1.genblk1.lut0.genblk1.genblk1.genblk1.genblk1.genblk1.lut1 (4 -> 0)
  Optimizing lut $abc$46313$lut$aiger46312$3991.genblk1.genblk1.genblk1.genblk1.genblk1.genblk1.genblk1.genblk1.lut0.genblk1.genblk1.genblk1.genblk1.genblk1.genblk1.genblk1.lut0.genblk1.genblk1.genblk1.genblk1.genblk1.genblk1.lut0.genblk1.genblk1.genblk1.genblk1.genblk1.lut1 (4 -> 0)
  Optimizing lut $abc$46313$lut$aiger46312$3991.genblk1.genblk1.genblk1.genblk1.genblk1.genblk1.genblk1.genblk1.lut1.genblk1.genblk1.genblk1.genblk1.genblk1.genblk1.genblk1.lut1.genblk1.genblk1.genblk1.genblk1.genblk1.genblk1.lut0.genblk1.genblk1.genblk1.genblk1.genblk1.lut1 (4 -> 0)
  Optimizing lut $abc$46313$lut$aiger46312$3991.genblk1.genblk1.genblk1.genblk1.genblk1.genblk1.genblk1.genblk1.lut1.genblk1.genblk1.genblk1.genblk1.genblk1.genblk1.genblk1.lut0.genblk1.genblk1.genblk1.genblk1.genblk1.genblk1.lut0.genblk1.genblk1.genblk1.genblk1.genblk1.lut1 (4 -> 0)
  Optimizing lut $abc$46313$lut$aiger46312$3982.genblk1.genblk1.genblk1.genblk1.genblk1.genblk1.genblk1.genblk1.lut0.genblk1.genblk1.genblk1.genblk1.genblk1.genblk1.genblk1.lut1.genblk1.genblk1.genblk1.genblk1.genblk1.genblk1.lut0.genblk1.genblk1.genblk1.genblk1.genblk1.lut1 (4 -> 0)
  Optimizing lut $abc$46313$lut$aiger46312$3982.genblk1.genblk1.genblk1.genblk1.genblk1.genblk1.genblk1.genblk1.lut0.genblk1.genblk1.genblk1.genblk1.genblk1.genblk1.genblk1.lut0.genblk1.genblk1.genblk1.genblk1.genblk1.genblk1.lut0.genblk1.genblk1.genblk1.genblk1.genblk1.lut1 (4 -> 0)
  Optimizing lut $abc$46313$lut$aiger46312$3982.genblk1.genblk1.genblk1.genblk1.genblk1.genblk1.genblk1.genblk1.lut1.genblk1.genblk1.genblk1.genblk1.genblk1.genblk1.genblk1.lut1.genblk1.genblk1.genblk1.genblk1.genblk1.genblk1.lut0.genblk1.genblk1.genblk1.genblk1.genblk1.lut1 (4 -> 0)
  Optimizing lut $abc$46313$lut$aiger46312$3982.genblk1.genblk1.genblk1.genblk1.genblk1.genblk1.genblk1.genblk1.lut1.genblk1.genblk1.genblk1.genblk1.genblk1.genblk1.genblk1.lut0.genblk1.genblk1.genblk1.genblk1.genblk1.genblk1.lut0.genblk1.genblk1.genblk1.genblk1.genblk1.lut1 (4 -> 0)
  Optimizing lut $abc$46313$lut$aiger46312$3962.genblk1.genblk1.genblk1.genblk1.genblk1.genblk1.genblk1.genblk1.lut0.genblk1.genblk1.genblk1.genblk1.genblk1.genblk1.genblk1.lut1.genblk1.genblk1.genblk1.genblk1.genblk1.genblk1.lut0.genblk1.genblk1.genblk1.genblk1.genblk1.lut1 (4 -> 0)
  Optimizing lut $abc$46313$lut$aiger46312$3968.genblk1.genblk1.genblk1.genblk1.genblk1.genblk1.lut0.genblk1.genblk1.genblk1.genblk1.genblk1.lut1 (4 -> 3)
  Optimizing lut $abc$46313$lut$aiger46312$3962.genblk1.genblk1.genblk1.genblk1.genblk1.genblk1.genblk1.genblk1.lut1.genblk1.genblk1.genblk1.genblk1.genblk1.genblk1.genblk1.lut1.genblk1.genblk1.genblk1.genblk1.genblk1.genblk1.lut0.genblk1.genblk1.genblk1.genblk1.genblk1.lut1 (4 -> 0)
  Optimizing lut $abc$46313$lut$aiger46312$3962.genblk1.genblk1.genblk1.genblk1.genblk1.genblk1.genblk1.genblk1.lut1.genblk1.genblk1.genblk1.genblk1.genblk1.genblk1.genblk1.lut0.genblk1.genblk1.genblk1.genblk1.genblk1.genblk1.lut0.genblk1.genblk1.genblk1.genblk1.genblk1.lut1 (4 -> 0)
  Optimizing lut $abc$46313$lut$aiger46312$3953.genblk1.genblk1.genblk1.genblk1.genblk1.genblk1.genblk1.genblk1.lut0.genblk1.genblk1.genblk1.genblk1.genblk1.genblk1.genblk1.lut1.genblk1.genblk1.genblk1.genblk1.genblk1.genblk1.lut0.genblk1.genblk1.genblk1.genblk1.genblk1.lut1 (4 -> 0)
  Optimizing lut $abc$46313$lut$aiger46312$3953.genblk1.genblk1.genblk1.genblk1.genblk1.genblk1.genblk1.genblk1.lut0.genblk1.genblk1.genblk1.genblk1.genblk1.genblk1.genblk1.lut0.genblk1.genblk1.genblk1.genblk1.genblk1.genblk1.lut0.genblk1.genblk1.genblk1.genblk1.genblk1.lut1 (4 -> 1)
  Optimizing lut $abc$46313$lut$aiger46312$3953.genblk1.genblk1.genblk1.genblk1.genblk1.genblk1.genblk1.genblk1.lut1.genblk1.genblk1.genblk1.genblk1.genblk1.genblk1.genblk1.lut1.genblk1.genblk1.genblk1.genblk1.genblk1.genblk1.lut0.genblk1.genblk1.genblk1.genblk1.genblk1.lut1 (4 -> 0)
  Optimizing lut $abc$46313$lut$aiger46312$3953.genblk1.genblk1.genblk1.genblk1.genblk1.genblk1.genblk1.genblk1.lut1.genblk1.genblk1.genblk1.genblk1.genblk1.genblk1.genblk1.lut0.genblk1.genblk1.genblk1.genblk1.genblk1.genblk1.lut0.genblk1.genblk1.genblk1.genblk1.genblk1.lut1 (4 -> 0)
  Optimizing lut $abc$46313$lut$aiger46312$4242.genblk1.genblk1.genblk1.genblk1.genblk1.genblk1.genblk1.genblk1.lut0.genblk1.genblk1.genblk1.genblk1.genblk1.genblk1.genblk1.lut1.genblk1.genblk1.genblk1.genblk1.genblk1.genblk1.lut0.genblk1.genblk1.genblk1.genblk1.genblk1.lut1 (4 -> 0)
  Optimizing lut $abc$46313$lut$aiger46312$3941.genblk1.genblk1.genblk1.genblk1.genblk1.genblk1.lut0.genblk1.genblk1.genblk1.genblk1.genblk1.lut1 (4 -> 0)
  Optimizing lut $abc$46313$lut$aiger46312$4242.genblk1.genblk1.genblk1.genblk1.genblk1.genblk1.genblk1.genblk1.lut1.genblk1.genblk1.genblk1.genblk1.genblk1.genblk1.genblk1.lut1.genblk1.genblk1.genblk1.genblk1.genblk1.genblk1.lut0.genblk1.genblk1.genblk1.genblk1.genblk1.lut1 (4 -> 1)
  Optimizing lut $abc$46313$lut$aiger46312$4242.genblk1.genblk1.genblk1.genblk1.genblk1.genblk1.genblk1.genblk1.lut1.genblk1.genblk1.genblk1.genblk1.genblk1.genblk1.genblk1.lut0.genblk1.genblk1.genblk1.genblk1.genblk1.genblk1.lut0.genblk1.genblk1.genblk1.genblk1.genblk1.lut1 (4 -> 0)
  Optimizing lut $abc$46313$lut$aiger46312$4226.genblk1.genblk1.genblk1.genblk1.genblk1.genblk1.genblk1.genblk1.lut0.genblk1.genblk1.genblk1.genblk1.genblk1.genblk1.genblk1.lut1.genblk1.genblk1.genblk1.genblk1.genblk1.genblk1.lut0.genblk1.genblk1.genblk1.genblk1.genblk1.lut1 (4 -> 0)
  Optimizing lut $abc$46313$lut$aiger46312$4226.genblk1.genblk1.genblk1.genblk1.genblk1.genblk1.genblk1.genblk1.lut0.genblk1.genblk1.genblk1.genblk1.genblk1.genblk1.genblk1.lut0.genblk1.genblk1.genblk1.genblk1.genblk1.genblk1.lut0.genblk1.genblk1.genblk1.genblk1.genblk1.lut1 (4 -> 1)
  Optimizing lut $abc$46313$lut$aiger46312$4226.genblk1.genblk1.genblk1.genblk1.genblk1.genblk1.genblk1.genblk1.lut1.genblk1.genblk1.genblk1.genblk1.genblk1.genblk1.genblk1.lut1.genblk1.genblk1.genblk1.genblk1.genblk1.genblk1.lut0.genblk1.genblk1.genblk1.genblk1.genblk1.lut1 (4 -> 0)
  Optimizing lut $abc$46313$lut$aiger46312$4226.genblk1.genblk1.genblk1.genblk1.genblk1.genblk1.genblk1.genblk1.lut1.genblk1.genblk1.genblk1.genblk1.genblk1.genblk1.genblk1.lut0.genblk1.genblk1.genblk1.genblk1.genblk1.genblk1.lut0.genblk1.genblk1.genblk1.genblk1.genblk1.lut1 (4 -> 0)
  Optimizing lut $abc$46313$lut$aiger46312$4212.genblk1.genblk1.genblk1.genblk1.genblk1.genblk1.genblk1.genblk1.lut0.genblk1.genblk1.genblk1.genblk1.genblk1.genblk1.genblk1.lut1.genblk1.genblk1.genblk1.genblk1.genblk1.genblk1.lut0.genblk1.genblk1.genblk1.genblk1.genblk1.lut1 (4 -> 1)
  Optimizing lut $abc$46313$lut$aiger46312$4212.genblk1.genblk1.genblk1.genblk1.genblk1.genblk1.genblk1.genblk1.lut0.genblk1.genblk1.genblk1.genblk1.genblk1.genblk1.genblk1.lut0.genblk1.genblk1.genblk1.genblk1.genblk1.genblk1.lut0.genblk1.genblk1.genblk1.genblk1.genblk1.lut1 (4 -> 0)
  Optimizing lut $abc$46313$lut$aiger46312$4212.genblk1.genblk1.genblk1.genblk1.genblk1.genblk1.genblk1.genblk1.lut1.genblk1.genblk1.genblk1.genblk1.genblk1.genblk1.genblk1.lut1.genblk1.genblk1.genblk1.genblk1.genblk1.genblk1.lut0.genblk1.genblk1.genblk1.genblk1.genblk1.lut1 (4 -> 0)
  Optimizing lut $abc$46313$lut$aiger46312$4212.genblk1.genblk1.genblk1.genblk1.genblk1.genblk1.genblk1.genblk1.lut1.genblk1.genblk1.genblk1.genblk1.genblk1.genblk1.genblk1.lut0.genblk1.genblk1.genblk1.genblk1.genblk1.genblk1.lut0.genblk1.genblk1.genblk1.genblk1.genblk1.lut1 (4 -> 0)
  Optimizing lut $abc$46313$lut$aiger46312$4196.genblk1.genblk1.genblk1.genblk1.genblk1.genblk1.genblk1.genblk1.lut0.genblk1.genblk1.genblk1.genblk1.genblk1.genblk1.genblk1.lut1.genblk1.genblk1.genblk1.genblk1.genblk1.genblk1.lut0.genblk1.genblk1.genblk1.genblk1.genblk1.lut1 (4 -> 0)
  Optimizing lut $abc$46313$lut$aiger46312$4196.genblk1.genblk1.genblk1.genblk1.genblk1.genblk1.genblk1.genblk1.lut0.genblk1.genblk1.genblk1.genblk1.genblk1.genblk1.genblk1.lut0.genblk1.genblk1.genblk1.genblk1.genblk1.genblk1.lut0.genblk1.genblk1.genblk1.genblk1.genblk1.lut1 (4 -> 0)
  Optimizing lut $abc$46313$lut$aiger46312$4196.genblk1.genblk1.genblk1.genblk1.genblk1.genblk1.genblk1.genblk1.lut1.genblk1.genblk1.genblk1.genblk1.genblk1.genblk1.genblk1.lut1.genblk1.genblk1.genblk1.genblk1.genblk1.genblk1.lut0.genblk1.genblk1.genblk1.genblk1.genblk1.lut1 (4 -> 0)
  Optimizing lut $abc$46313$lut$aiger46312$4196.genblk1.genblk1.genblk1.genblk1.genblk1.genblk1.genblk1.genblk1.lut1.genblk1.genblk1.genblk1.genblk1.genblk1.genblk1.genblk1.lut0.genblk1.genblk1.genblk1.genblk1.genblk1.genblk1.lut0.genblk1.genblk1.genblk1.genblk1.genblk1.lut1 (4 -> 1)
  Optimizing lut $abc$46313$lut$aiger46312$4522.genblk1.genblk1.genblk1.genblk1.genblk1.genblk1.genblk1.genblk1.lut0.genblk1.genblk1.genblk1.genblk1.genblk1.genblk1.genblk1.lut1.genblk1.genblk1.genblk1.genblk1.genblk1.genblk1.lut0.genblk1.genblk1.genblk1.genblk1.genblk1.lut1 (4 -> 0)
  Optimizing lut $abc$46313$lut$aiger46312$4522.genblk1.genblk1.genblk1.genblk1.genblk1.genblk1.genblk1.genblk1.lut0.genblk1.genblk1.genblk1.genblk1.genblk1.genblk1.genblk1.lut0.genblk1.genblk1.genblk1.genblk1.genblk1.genblk1.lut0.genblk1.genblk1.genblk1.genblk1.genblk1.lut1 (4 -> 0)
  Optimizing lut $abc$46313$lut$aiger46312$4522.genblk1.genblk1.genblk1.genblk1.genblk1.genblk1.genblk1.genblk1.lut1.genblk1.genblk1.genblk1.genblk1.genblk1.genblk1.genblk1.lut1.genblk1.genblk1.genblk1.genblk1.genblk1.genblk1.lut0.genblk1.genblk1.genblk1.genblk1.genblk1.lut1 (4 -> 0)
  Optimizing lut $abc$46313$lut$aiger46312$4522.genblk1.genblk1.genblk1.genblk1.genblk1.genblk1.genblk1.genblk1.lut1.genblk1.genblk1.genblk1.genblk1.genblk1.genblk1.genblk1.lut0.genblk1.genblk1.genblk1.genblk1.genblk1.genblk1.lut0.genblk1.genblk1.genblk1.genblk1.genblk1.lut1 (4 -> 1)
  Optimizing lut $abc$46313$lut$aiger46312$4509.genblk1.genblk1.genblk1.genblk1.genblk1.genblk1.genblk1.genblk1.lut0.genblk1.genblk1.genblk1.genblk1.genblk1.genblk1.genblk1.lut1.genblk1.genblk1.genblk1.genblk1.genblk1.genblk1.lut0.genblk1.genblk1.genblk1.genblk1.genblk1.lut1 (4 -> 1)
  Optimizing lut $abc$46313$lut$aiger46312$4509.genblk1.genblk1.genblk1.genblk1.genblk1.genblk1.genblk1.genblk1.lut0.genblk1.genblk1.genblk1.genblk1.genblk1.genblk1.genblk1.lut0.genblk1.genblk1.genblk1.genblk1.genblk1.genblk1.lut0.genblk1.genblk1.genblk1.genblk1.genblk1.lut1 (4 -> 0)
  Optimizing lut $abc$46313$lut$aiger46312$4509.genblk1.genblk1.genblk1.genblk1.genblk1.genblk1.genblk1.genblk1.lut1.genblk1.genblk1.genblk1.genblk1.genblk1.genblk1.genblk1.lut1.genblk1.genblk1.genblk1.genblk1.genblk1.genblk1.lut0.genblk1.genblk1.genblk1.genblk1.genblk1.lut1 (4 -> 0)
  Optimizing lut $abc$46313$lut$aiger46312$4509.genblk1.genblk1.genblk1.genblk1.genblk1.genblk1.genblk1.genblk1.lut1.genblk1.genblk1.genblk1.genblk1.genblk1.genblk1.genblk1.lut0.genblk1.genblk1.genblk1.genblk1.genblk1.genblk1.lut0.genblk1.genblk1.genblk1.genblk1.genblk1.lut1 (4 -> 0)
  Optimizing lut $abc$46313$lut$aiger46312$4494.genblk1.genblk1.genblk1.genblk1.genblk1.genblk1.genblk1.genblk1.lut0.genblk1.genblk1.genblk1.genblk1.genblk1.genblk1.genblk1.lut1.genblk1.genblk1.genblk1.genblk1.genblk1.genblk1.lut0.genblk1.genblk1.genblk1.genblk1.genblk1.lut1 (4 -> 0)
  Optimizing lut $abc$46313$lut$aiger46312$4494.genblk1.genblk1.genblk1.genblk1.genblk1.genblk1.genblk1.genblk1.lut0.genblk1.genblk1.genblk1.genblk1.genblk1.genblk1.genblk1.lut0.genblk1.genblk1.genblk1.genblk1.genblk1.genblk1.lut0.genblk1.genblk1.genblk1.genblk1.genblk1.lut1 (4 -> 0)
  Optimizing lut $abc$46313$lut$aiger46312$4494.genblk1.genblk1.genblk1.genblk1.genblk1.genblk1.genblk1.genblk1.lut1.genblk1.genblk1.genblk1.genblk1.genblk1.genblk1.genblk1.lut1.genblk1.genblk1.genblk1.genblk1.genblk1.genblk1.lut0.genblk1.genblk1.genblk1.genblk1.genblk1.lut1 (4 -> 0)
  Optimizing lut $abc$46313$lut$aiger46312$4494.genblk1.genblk1.genblk1.genblk1.genblk1.genblk1.genblk1.genblk1.lut1.genblk1.genblk1.genblk1.genblk1.genblk1.genblk1.genblk1.lut0.genblk1.genblk1.genblk1.genblk1.genblk1.genblk1.lut0.genblk1.genblk1.genblk1.genblk1.genblk1.lut1 (4 -> 0)
  Optimizing lut $abc$46313$lut$aiger46312$4481.genblk1.genblk1.genblk1.genblk1.genblk1.genblk1.genblk1.genblk1.lut0.genblk1.genblk1.genblk1.genblk1.genblk1.genblk1.genblk1.lut1.genblk1.genblk1.genblk1.genblk1.genblk1.genblk1.lut0.genblk1.genblk1.genblk1.genblk1.genblk1.lut1 (4 -> 0)
  Optimizing lut $abc$46313$lut$aiger46312$4481.genblk1.genblk1.genblk1.genblk1.genblk1.genblk1.genblk1.genblk1.lut0.genblk1.genblk1.genblk1.genblk1.genblk1.genblk1.genblk1.lut0.genblk1.genblk1.genblk1.genblk1.genblk1.genblk1.lut0.genblk1.genblk1.genblk1.genblk1.genblk1.lut1 (4 -> 1)
  Optimizing lut $abc$46313$lut$aiger46312$4481.genblk1.genblk1.genblk1.genblk1.genblk1.genblk1.genblk1.genblk1.lut1.genblk1.genblk1.genblk1.genblk1.genblk1.genblk1.genblk1.lut1.genblk1.genblk1.genblk1.genblk1.genblk1.genblk1.lut0.genblk1.genblk1.genblk1.genblk1.genblk1.lut1 (4 -> 1)
  Optimizing lut $abc$46313$lut$aiger46312$4481.genblk1.genblk1.genblk1.genblk1.genblk1.genblk1.genblk1.genblk1.lut1.genblk1.genblk1.genblk1.genblk1.genblk1.genblk1.genblk1.lut0.genblk1.genblk1.genblk1.genblk1.genblk1.genblk1.lut0.genblk1.genblk1.genblk1.genblk1.genblk1.lut1 (4 -> 0)
  Optimizing lut $abc$46313$lut$aiger46312$6194.genblk1.genblk1.genblk1.genblk1.genblk1.genblk1.genblk1.genblk1.lut0.genblk1.genblk1.genblk1.genblk1.genblk1.genblk1.genblk1.lut1.genblk1.genblk1.genblk1.genblk1.genblk1.genblk1.lut0.genblk1.genblk1.genblk1.genblk1.genblk1.lut1 (4 -> 0)
  Optimizing lut $abc$46313$lut$aiger46312$6194.genblk1.genblk1.genblk1.genblk1.genblk1.genblk1.genblk1.genblk1.lut0.genblk1.genblk1.genblk1.genblk1.genblk1.genblk1.genblk1.lut0.genblk1.genblk1.genblk1.genblk1.genblk1.genblk1.lut0.genblk1.genblk1.genblk1.genblk1.genblk1.lut1 (4 -> 0)
  Optimizing lut $abc$46313$lut$aiger46312$6194.genblk1.genblk1.genblk1.genblk1.genblk1.genblk1.genblk1.genblk1.lut1.genblk1.genblk1.genblk1.genblk1.genblk1.genblk1.genblk1.lut1.genblk1.genblk1.genblk1.genblk1.genblk1.genblk1.lut0.genblk1.genblk1.genblk1.genblk1.genblk1.lut1 (4 -> 0)
  Optimizing lut $abc$46313$lut$aiger46312$6194.genblk1.genblk1.genblk1.genblk1.genblk1.genblk1.genblk1.genblk1.lut1.genblk1.genblk1.genblk1.genblk1.genblk1.genblk1.genblk1.lut0.genblk1.genblk1.genblk1.genblk1.genblk1.genblk1.lut0.genblk1.genblk1.genblk1.genblk1.genblk1.lut1 (4 -> 0)
  Optimizing lut $abc$46313$lut$aiger46312$6181.genblk1.genblk1.genblk1.genblk1.genblk1.genblk1.genblk1.genblk1.lut0.genblk1.genblk1.genblk1.genblk1.genblk1.genblk1.genblk1.lut1.genblk1.genblk1.genblk1.genblk1.genblk1.genblk1.lut0.genblk1.genblk1.genblk1.genblk1.genblk1.lut1 (4 -> 0)
  Optimizing lut $abc$46313$lut$aiger46312$6181.genblk1.genblk1.genblk1.genblk1.genblk1.genblk1.genblk1.genblk1.lut0.genblk1.genblk1.genblk1.genblk1.genblk1.genblk1.genblk1.lut0.genblk1.genblk1.genblk1.genblk1.genblk1.genblk1.lut0.genblk1.genblk1.genblk1.genblk1.genblk1.lut1 (4 -> 0)
  Optimizing lut $abc$46313$lut$aiger46312$6181.genblk1.genblk1.genblk1.genblk1.genblk1.genblk1.genblk1.genblk1.lut1.genblk1.genblk1.genblk1.genblk1.genblk1.genblk1.genblk1.lut1.genblk1.genblk1.genblk1.genblk1.genblk1.genblk1.lut0.genblk1.genblk1.genblk1.genblk1.genblk1.lut1 (4 -> 1)
  Optimizing lut $abc$46313$lut$aiger46312$6181.genblk1.genblk1.genblk1.genblk1.genblk1.genblk1.genblk1.genblk1.lut1.genblk1.genblk1.genblk1.genblk1.genblk1.genblk1.genblk1.lut0.genblk1.genblk1.genblk1.genblk1.genblk1.genblk1.lut0.genblk1.genblk1.genblk1.genblk1.genblk1.lut1 (4 -> 1)
  Optimizing lut $abc$46313$lut$aiger46312$6168.genblk1.genblk1.genblk1.genblk1.genblk1.genblk1.genblk1.genblk1.lut0.genblk1.genblk1.genblk1.genblk1.genblk1.genblk1.genblk1.lut1.genblk1.genblk1.genblk1.genblk1.genblk1.genblk1.lut0.genblk1.genblk1.genblk1.genblk1.genblk1.lut1 (4 -> 0)
  Optimizing lut $abc$46313$lut$aiger46312$6168.genblk1.genblk1.genblk1.genblk1.genblk1.genblk1.genblk1.genblk1.lut0.genblk1.genblk1.genblk1.genblk1.genblk1.genblk1.genblk1.lut0.genblk1.genblk1.genblk1.genblk1.genblk1.genblk1.lut0.genblk1.genblk1.genblk1.genblk1.genblk1.lut1 (4 -> 1)
  Optimizing lut $abc$46313$lut$aiger46312$6168.genblk1.genblk1.genblk1.genblk1.genblk1.genblk1.genblk1.genblk1.lut1.genblk1.genblk1.genblk1.genblk1.genblk1.genblk1.genblk1.lut1.genblk1.genblk1.genblk1.genblk1.genblk1.genblk1.lut0.genblk1.genblk1.genblk1.genblk1.genblk1.lut1 (4 -> 0)
  Optimizing lut $abc$46313$lut$aiger46312$6168.genblk1.genblk1.genblk1.genblk1.genblk1.genblk1.genblk1.genblk1.lut1.genblk1.genblk1.genblk1.genblk1.genblk1.genblk1.genblk1.lut0.genblk1.genblk1.genblk1.genblk1.genblk1.genblk1.lut0.genblk1.genblk1.genblk1.genblk1.genblk1.lut1 (4 -> 0)
  Optimizing lut $abc$46313$lut$aiger46312$6153.genblk1.genblk1.genblk1.genblk1.genblk1.genblk1.genblk1.genblk1.lut0.genblk1.genblk1.genblk1.genblk1.genblk1.genblk1.genblk1.lut1.genblk1.genblk1.genblk1.genblk1.genblk1.genblk1.lut0.genblk1.genblk1.genblk1.genblk1.genblk1.lut1 (4 -> 1)
  Optimizing lut $abc$46313$lut$aiger46312$6153.genblk1.genblk1.genblk1.genblk1.genblk1.genblk1.genblk1.genblk1.lut0.genblk1.genblk1.genblk1.genblk1.genblk1.genblk1.genblk1.lut0.genblk1.genblk1.genblk1.genblk1.genblk1.genblk1.lut0.genblk1.genblk1.genblk1.genblk1.genblk1.lut1 (4 -> 0)
  Optimizing lut $abc$46313$lut$aiger46312$6153.genblk1.genblk1.genblk1.genblk1.genblk1.genblk1.genblk1.genblk1.lut1.genblk1.genblk1.genblk1.genblk1.genblk1.genblk1.genblk1.lut1.genblk1.genblk1.genblk1.genblk1.genblk1.genblk1.lut0.genblk1.genblk1.genblk1.genblk1.genblk1.lut1 (4 -> 0)
  Optimizing lut $abc$46313$lut$aiger46312$6153.genblk1.genblk1.genblk1.genblk1.genblk1.genblk1.genblk1.genblk1.lut1.genblk1.genblk1.genblk1.genblk1.genblk1.genblk1.genblk1.lut0.genblk1.genblk1.genblk1.genblk1.genblk1.genblk1.lut0.genblk1.genblk1.genblk1.genblk1.genblk1.lut1 (4 -> 0)
  Optimizing lut $abc$46313$lut$aiger46312$7628.genblk1.genblk1.genblk1.genblk1.genblk1.genblk1.genblk1.genblk1.lut0.genblk1.genblk1.genblk1.genblk1.genblk1.genblk1.genblk1.lut1.genblk1.genblk1.genblk1.genblk1.genblk1.genblk1.lut0.genblk1.genblk1.genblk1.genblk1.genblk1.lut1 (4 -> 0)
  Optimizing lut $abc$46313$lut$aiger46312$7628.genblk1.genblk1.genblk1.genblk1.genblk1.genblk1.genblk1.genblk1.lut0.genblk1.genblk1.genblk1.genblk1.genblk1.genblk1.genblk1.lut0.genblk1.genblk1.genblk1.genblk1.genblk1.genblk1.lut0.genblk1.genblk1.genblk1.genblk1.genblk1.lut1 (4 -> 0)
  Optimizing lut $abc$46313$lut$aiger46312$7628.genblk1.genblk1.genblk1.genblk1.genblk1.genblk1.genblk1.genblk1.lut1.genblk1.genblk1.genblk1.genblk1.genblk1.genblk1.genblk1.lut1.genblk1.genblk1.genblk1.genblk1.genblk1.genblk1.lut0.genblk1.genblk1.genblk1.genblk1.genblk1.lut1 (4 -> 0)
  Optimizing lut $abc$46313$lut$aiger46312$7628.genblk1.genblk1.genblk1.genblk1.genblk1.genblk1.genblk1.genblk1.lut1.genblk1.genblk1.genblk1.genblk1.genblk1.genblk1.genblk1.lut0.genblk1.genblk1.genblk1.genblk1.genblk1.genblk1.lut0.genblk1.genblk1.genblk1.genblk1.genblk1.lut1 (4 -> 0)
  Optimizing lut $abc$46313$lut$aiger46312$7613.genblk1.genblk1.genblk1.genblk1.genblk1.genblk1.genblk1.genblk1.lut0.genblk1.genblk1.genblk1.genblk1.genblk1.genblk1.genblk1.lut1.genblk1.genblk1.genblk1.genblk1.genblk1.genblk1.lut0.genblk1.genblk1.genblk1.genblk1.genblk1.lut1 (4 -> 1)
  Optimizing lut $abc$46313$lut$aiger46312$7613.genblk1.genblk1.genblk1.genblk1.genblk1.genblk1.genblk1.genblk1.lut0.genblk1.genblk1.genblk1.genblk1.genblk1.genblk1.genblk1.lut0.genblk1.genblk1.genblk1.genblk1.genblk1.genblk1.lut0.genblk1.genblk1.genblk1.genblk1.genblk1.lut1 (4 -> 0)
  Optimizing lut $abc$46313$lut$aiger46312$7613.genblk1.genblk1.genblk1.genblk1.genblk1.genblk1.genblk1.genblk1.lut1.genblk1.genblk1.genblk1.genblk1.genblk1.genblk1.genblk1.lut1.genblk1.genblk1.genblk1.genblk1.genblk1.genblk1.lut0.genblk1.genblk1.genblk1.genblk1.genblk1.lut1 (4 -> 0)
  Optimizing lut $abc$46313$lut$aiger46312$7613.genblk1.genblk1.genblk1.genblk1.genblk1.genblk1.genblk1.genblk1.lut1.genblk1.genblk1.genblk1.genblk1.genblk1.genblk1.genblk1.lut0.genblk1.genblk1.genblk1.genblk1.genblk1.genblk1.lut0.genblk1.genblk1.genblk1.genblk1.genblk1.lut1 (4 -> 0)
  Optimizing lut $abc$46313$lut$aiger46312$7598.genblk1.genblk1.genblk1.genblk1.genblk1.genblk1.genblk1.genblk1.lut0.genblk1.genblk1.genblk1.genblk1.genblk1.genblk1.genblk1.lut1.genblk1.genblk1.genblk1.genblk1.genblk1.genblk1.lut0.genblk1.genblk1.genblk1.genblk1.genblk1.lut1 (4 -> 0)
  Optimizing lut $abc$46313$lut$aiger46312$7598.genblk1.genblk1.genblk1.genblk1.genblk1.genblk1.genblk1.genblk1.lut0.genblk1.genblk1.genblk1.genblk1.genblk1.genblk1.genblk1.lut0.genblk1.genblk1.genblk1.genblk1.genblk1.genblk1.lut0.genblk1.genblk1.genblk1.genblk1.genblk1.lut1 (4 -> 0)
  Optimizing lut $abc$46313$lut$aiger46312$7598.genblk1.genblk1.genblk1.genblk1.genblk1.genblk1.genblk1.genblk1.lut1.genblk1.genblk1.genblk1.genblk1.genblk1.genblk1.genblk1.lut1.genblk1.genblk1.genblk1.genblk1.genblk1.genblk1.lut0.genblk1.genblk1.genblk1.genblk1.genblk1.lut1 (4 -> 0)
  Optimizing lut $abc$46313$lut$aiger46312$7598.genblk1.genblk1.genblk1.genblk1.genblk1.genblk1.genblk1.genblk1.lut1.genblk1.genblk1.genblk1.genblk1.genblk1.genblk1.genblk1.lut0.genblk1.genblk1.genblk1.genblk1.genblk1.genblk1.lut0.genblk1.genblk1.genblk1.genblk1.genblk1.lut1 (4 -> 1)
  Optimizing lut $abc$46313$lut$aiger46312$7585.genblk1.genblk1.genblk1.genblk1.genblk1.genblk1.genblk1.genblk1.lut0.genblk1.genblk1.genblk1.genblk1.genblk1.genblk1.genblk1.lut1.genblk1.genblk1.genblk1.genblk1.genblk1.genblk1.lut0.genblk1.genblk1.genblk1.genblk1.genblk1.lut1 (4 -> 0)
  Optimizing lut $abc$46313$lut$aiger46312$7585.genblk1.genblk1.genblk1.genblk1.genblk1.genblk1.genblk1.genblk1.lut0.genblk1.genblk1.genblk1.genblk1.genblk1.genblk1.genblk1.lut0.genblk1.genblk1.genblk1.genblk1.genblk1.genblk1.lut0.genblk1.genblk1.genblk1.genblk1.genblk1.lut1 (4 -> 1)
  Optimizing lut $abc$46313$lut$aiger46312$7585.genblk1.genblk1.genblk1.genblk1.genblk1.genblk1.genblk1.genblk1.lut1.genblk1.genblk1.genblk1.genblk1.genblk1.genblk1.genblk1.lut1.genblk1.genblk1.genblk1.genblk1.genblk1.genblk1.lut0.genblk1.genblk1.genblk1.genblk1.genblk1.lut1 (4 -> 1)
  Optimizing lut $abc$46313$lut$aiger46312$7585.genblk1.genblk1.genblk1.genblk1.genblk1.genblk1.genblk1.genblk1.lut1.genblk1.genblk1.genblk1.genblk1.genblk1.genblk1.genblk1.lut0.genblk1.genblk1.genblk1.genblk1.genblk1.genblk1.lut0.genblk1.genblk1.genblk1.genblk1.genblk1.lut1 (4 -> 0)
  Optimizing lut $abc$46313$lut$aiger46312$7524.genblk1.genblk1.genblk1.genblk1.genblk1.genblk1.genblk1.genblk1.lut0.genblk1.genblk1.genblk1.genblk1.genblk1.genblk1.genblk1.lut1.genblk1.genblk1.genblk1.genblk1.genblk1.genblk1.lut0.genblk1.genblk1.genblk1.genblk1.genblk1.lut1 (4 -> 0)
  Optimizing lut $abc$46313$lut$aiger46312$7524.genblk1.genblk1.genblk1.genblk1.genblk1.genblk1.genblk1.genblk1.lut0.genblk1.genblk1.genblk1.genblk1.genblk1.genblk1.genblk1.lut0.genblk1.genblk1.genblk1.genblk1.genblk1.genblk1.lut0.genblk1.genblk1.genblk1.genblk1.genblk1.lut1 (4 -> 1)
  Optimizing lut $abc$46313$lut$aiger46312$7524.genblk1.genblk1.genblk1.genblk1.genblk1.genblk1.genblk1.genblk1.lut1.genblk1.genblk1.genblk1.genblk1.genblk1.genblk1.genblk1.lut1.genblk1.genblk1.genblk1.genblk1.genblk1.genblk1.lut0.genblk1.genblk1.genblk1.genblk1.genblk1.lut1 (4 -> 0)
  Optimizing lut $abc$46313$lut$aiger46312$7524.genblk1.genblk1.genblk1.genblk1.genblk1.genblk1.genblk1.genblk1.lut1.genblk1.genblk1.genblk1.genblk1.genblk1.genblk1.genblk1.lut0.genblk1.genblk1.genblk1.genblk1.genblk1.genblk1.lut0.genblk1.genblk1.genblk1.genblk1.genblk1.lut1 (4 -> 0)
  Optimizing lut $abc$46313$lut$aiger46312$7508.genblk1.genblk1.genblk1.genblk1.genblk1.genblk1.genblk1.genblk1.lut0.genblk1.genblk1.genblk1.genblk1.genblk1.genblk1.genblk1.lut1.genblk1.genblk1.genblk1.genblk1.genblk1.genblk1.lut0.genblk1.genblk1.genblk1.genblk1.genblk1.lut1 (4 -> 0)
  Optimizing lut $abc$46313$lut$aiger46312$7508.genblk1.genblk1.genblk1.genblk1.genblk1.genblk1.genblk1.genblk1.lut0.genblk1.genblk1.genblk1.genblk1.genblk1.genblk1.genblk1.lut0.genblk1.genblk1.genblk1.genblk1.genblk1.genblk1.lut0.genblk1.genblk1.genblk1.genblk1.genblk1.lut1 (4 -> 0)
  Optimizing lut $abc$46313$lut$aiger46312$7508.genblk1.genblk1.genblk1.genblk1.genblk1.genblk1.genblk1.genblk1.lut1.genblk1.genblk1.genblk1.genblk1.genblk1.genblk1.genblk1.lut1.genblk1.genblk1.genblk1.genblk1.genblk1.genblk1.lut0.genblk1.genblk1.genblk1.genblk1.genblk1.lut1 (4 -> 1)
  Optimizing lut $abc$46313$lut$aiger46312$7508.genblk1.genblk1.genblk1.genblk1.genblk1.genblk1.genblk1.genblk1.lut1.genblk1.genblk1.genblk1.genblk1.genblk1.genblk1.genblk1.lut0.genblk1.genblk1.genblk1.genblk1.genblk1.genblk1.lut0.genblk1.genblk1.genblk1.genblk1.genblk1.lut1 (4 -> 1)
  Optimizing lut $abc$46313$lut$aiger46312$7492.genblk1.genblk1.genblk1.genblk1.genblk1.genblk1.genblk1.genblk1.lut0.genblk1.genblk1.genblk1.genblk1.genblk1.genblk1.genblk1.lut1.genblk1.genblk1.genblk1.genblk1.genblk1.genblk1.lut0.genblk1.genblk1.genblk1.genblk1.genblk1.lut1 (4 -> 0)
  Optimizing lut $abc$46313$lut$aiger46312$7492.genblk1.genblk1.genblk1.genblk1.genblk1.genblk1.genblk1.genblk1.lut0.genblk1.genblk1.genblk1.genblk1.genblk1.genblk1.genblk1.lut0.genblk1.genblk1.genblk1.genblk1.genblk1.genblk1.lut0.genblk1.genblk1.genblk1.genblk1.genblk1.lut1 (4 -> 0)
  Optimizing lut $abc$46313$lut$aiger46312$7492.genblk1.genblk1.genblk1.genblk1.genblk1.genblk1.genblk1.genblk1.lut1.genblk1.genblk1.genblk1.genblk1.genblk1.genblk1.genblk1.lut1.genblk1.genblk1.genblk1.genblk1.genblk1.genblk1.lut0.genblk1.genblk1.genblk1.genblk1.genblk1.lut1 (4 -> 0)
  Optimizing lut $abc$46313$lut$aiger46312$7492.genblk1.genblk1.genblk1.genblk1.genblk1.genblk1.genblk1.genblk1.lut1.genblk1.genblk1.genblk1.genblk1.genblk1.genblk1.genblk1.lut0.genblk1.genblk1.genblk1.genblk1.genblk1.genblk1.lut0.genblk1.genblk1.genblk1.genblk1.genblk1.lut1 (4 -> 0)
  Optimizing lut $abc$46313$lut$aiger46312$7479.genblk1.genblk1.genblk1.genblk1.genblk1.genblk1.genblk1.genblk1.lut0.genblk1.genblk1.genblk1.genblk1.genblk1.genblk1.genblk1.lut1.genblk1.genblk1.genblk1.genblk1.genblk1.genblk1.lut0.genblk1.genblk1.genblk1.genblk1.genblk1.lut1 (4 -> 1)
  Optimizing lut $abc$46313$lut$aiger46312$7479.genblk1.genblk1.genblk1.genblk1.genblk1.genblk1.genblk1.genblk1.lut0.genblk1.genblk1.genblk1.genblk1.genblk1.genblk1.genblk1.lut0.genblk1.genblk1.genblk1.genblk1.genblk1.genblk1.lut0.genblk1.genblk1.genblk1.genblk1.genblk1.lut1 (4 -> 0)
  Optimizing lut $abc$46313$lut$aiger46312$7479.genblk1.genblk1.genblk1.genblk1.genblk1.genblk1.genblk1.genblk1.lut1.genblk1.genblk1.genblk1.genblk1.genblk1.genblk1.genblk1.lut1.genblk1.genblk1.genblk1.genblk1.genblk1.genblk1.lut0.genblk1.genblk1.genblk1.genblk1.genblk1.lut1 (4 -> 0)
  Optimizing lut $abc$46313$lut$aiger46312$7479.genblk1.genblk1.genblk1.genblk1.genblk1.genblk1.genblk1.genblk1.lut1.genblk1.genblk1.genblk1.genblk1.genblk1.genblk1.genblk1.lut0.genblk1.genblk1.genblk1.genblk1.genblk1.genblk1.lut0.genblk1.genblk1.genblk1.genblk1.genblk1.lut1 (4 -> 0)
  Optimizing lut $abc$46313$lut$aiger46312$7704.genblk1.genblk1.genblk1.genblk1.genblk1.genblk1.genblk1.genblk1.lut0.genblk1.genblk1.genblk1.genblk1.genblk1.genblk1.genblk1.lut1.genblk1.genblk1.genblk1.genblk1.genblk1.genblk1.lut0.genblk1.genblk1.genblk1.genblk1.genblk1.lut1 (4 -> 1)
  Optimizing lut $abc$46313$lut$aiger46312$7704.genblk1.genblk1.genblk1.genblk1.genblk1.genblk1.genblk1.genblk1.lut0.genblk1.genblk1.genblk1.genblk1.genblk1.genblk1.genblk1.lut0.genblk1.genblk1.genblk1.genblk1.genblk1.genblk1.lut0.genblk1.genblk1.genblk1.genblk1.genblk1.lut1 (4 -> 0)
  Optimizing lut $abc$46313$lut$aiger46312$7704.genblk1.genblk1.genblk1.genblk1.genblk1.genblk1.genblk1.genblk1.lut1.genblk1.genblk1.genblk1.genblk1.genblk1.genblk1.genblk1.lut1.genblk1.genblk1.genblk1.genblk1.genblk1.genblk1.lut0.genblk1.genblk1.genblk1.genblk1.genblk1.lut1 (4 -> 0)
  Optimizing lut $abc$46313$lut$aiger46312$7704.genblk1.genblk1.genblk1.genblk1.genblk1.genblk1.genblk1.genblk1.lut1.genblk1.genblk1.genblk1.genblk1.genblk1.genblk1.genblk1.lut0.genblk1.genblk1.genblk1.genblk1.genblk1.genblk1.lut0.genblk1.genblk1.genblk1.genblk1.genblk1.lut1 (4 -> 0)
  Optimizing lut $abc$46313$lut$aiger46312$7669.genblk1.genblk1.genblk1.genblk1.genblk1.genblk1.genblk1.genblk1.lut0.genblk1.genblk1.genblk1.genblk1.genblk1.genblk1.genblk1.lut1.genblk1.genblk1.genblk1.genblk1.genblk1.genblk1.lut0.genblk1.genblk1.genblk1.genblk1.genblk1.lut1 (4 -> 0)
  Optimizing lut $abc$46313$lut$aiger46312$7669.genblk1.genblk1.genblk1.genblk1.genblk1.genblk1.genblk1.genblk1.lut1.genblk1.genblk1.genblk1.genblk1.genblk1.genblk1.genblk1.lut1.genblk1.genblk1.genblk1.genblk1.genblk1.genblk1.lut0.genblk1.genblk1.genblk1.genblk1.genblk1.lut1 (4 -> 0)
  Optimizing lut $abc$46313$lut$aiger46312$7669.genblk1.genblk1.genblk1.genblk1.genblk1.genblk1.genblk1.genblk1.lut1.genblk1.genblk1.genblk1.genblk1.genblk1.genblk1.genblk1.lut0.genblk1.genblk1.genblk1.genblk1.genblk1.genblk1.lut0.genblk1.genblk1.genblk1.genblk1.genblk1.lut1 (4 -> 1)
  Optimizing lut $abc$46313$lut$aiger46312$7669.genblk1.genblk1.genblk1.genblk1.genblk1.genblk1.genblk1.genblk1.lut1.genblk1.genblk1.genblk1.genblk1.genblk1.genblk1.genblk1.lut0.genblk1.genblk1.genblk1.genblk1.genblk1.genblk1.lut1.genblk1.genblk1.genblk1.genblk1.genblk1.lut0 (4 -> 1)
  Optimizing lut $abc$46313$lut$aiger46312$7649.genblk1.genblk1.genblk1.genblk1.genblk1.genblk1.lut0.genblk1.genblk1.genblk1.genblk1.genblk1.lut1 (4 -> 3)
  Optimizing lut $abc$46313$lut$aiger46312$7649.genblk1.genblk1.genblk1.genblk1.genblk1.genblk1.lut0.genblk1.genblk1.genblk1.genblk1.genblk1.lut0 (4 -> 0)
  Optimizing lut $abc$46313$lut$aiger46312$7669.genblk1.genblk1.genblk1.genblk1.genblk1.genblk1.genblk1.genblk1.lut1.genblk1.genblk1.genblk1.genblk1.genblk1.genblk1.genblk1.lut1.genblk1.genblk1.genblk1.genblk1.genblk1.genblk1.lut1.genblk1.genblk1.genblk1.genblk1.genblk1.lut1 (4 -> 0)
  Optimizing lut $abc$46313$lut$aiger46312$7669.genblk1.genblk1.genblk1.genblk1.genblk1.genblk1.genblk1.genblk1.lut0.genblk1.genblk1.genblk1.genblk1.genblk1.genblk1.genblk1.lut1.genblk1.genblk1.genblk1.genblk1.genblk1.genblk1.lut1.genblk1.genblk1.genblk1.genblk1.genblk1.lut1 (4 -> 0)
  Optimizing lut $abc$46313$lut$aiger46312$7674.genblk1.genblk1.genblk1.genblk1.genblk1.genblk1.lut1.genblk1.genblk1.genblk1.genblk1.genblk1.lut0 (4 -> 0)
  Optimizing lut $abc$46313$lut$aiger46312$7674.genblk1.genblk1.genblk1.genblk1.genblk1.genblk1.lut0.genblk1.genblk1.genblk1.genblk1.genblk1.lut0 (4 -> 3)
  Optimizing lut $abc$46313$lut$aiger46312$7704.genblk1.genblk1.genblk1.genblk1.genblk1.genblk1.genblk1.genblk1.lut1.genblk1.genblk1.genblk1.genblk1.genblk1.genblk1.genblk1.lut1.genblk1.genblk1.genblk1.genblk1.genblk1.genblk1.lut1.genblk1.genblk1.genblk1.genblk1.genblk1.lut1 (4 -> 0)
  Optimizing lut $abc$46313$lut$aiger46312$7704.genblk1.genblk1.genblk1.genblk1.genblk1.genblk1.genblk1.genblk1.lut0.genblk1.genblk1.genblk1.genblk1.genblk1.genblk1.genblk1.lut1.genblk1.genblk1.genblk1.genblk1.genblk1.genblk1.lut1.genblk1.genblk1.genblk1.genblk1.genblk1.lut1 (4 -> 0)
  Optimizing lut $abc$46313$lut$aiger46312$7479.genblk1.genblk1.genblk1.genblk1.genblk1.genblk1.genblk1.genblk1.lut0.genblk1.genblk1.genblk1.genblk1.genblk1.genblk1.genblk1.lut1.genblk1.genblk1.genblk1.genblk1.genblk1.genblk1.lut1.genblk1.genblk1.genblk1.genblk1.genblk1.lut1 (4 -> 0)
  Optimizing lut $abc$46313$lut$aiger46312$7492.genblk1.genblk1.genblk1.genblk1.genblk1.genblk1.genblk1.genblk1.lut1.genblk1.genblk1.genblk1.genblk1.genblk1.genblk1.genblk1.lut1.genblk1.genblk1.genblk1.genblk1.genblk1.genblk1.lut1.genblk1.genblk1.genblk1.genblk1.genblk1.lut1 (4 -> 1)
  Optimizing lut $abc$46313$lut$aiger46312$7492.genblk1.genblk1.genblk1.genblk1.genblk1.genblk1.genblk1.genblk1.lut0.genblk1.genblk1.genblk1.genblk1.genblk1.genblk1.genblk1.lut1.genblk1.genblk1.genblk1.genblk1.genblk1.genblk1.lut1.genblk1.genblk1.genblk1.genblk1.genblk1.lut1 (4 -> 1)
  Optimizing lut $abc$46313$lut$aiger46312$7508.genblk1.genblk1.genblk1.genblk1.genblk1.genblk1.genblk1.genblk1.lut1.genblk1.genblk1.genblk1.genblk1.genblk1.genblk1.genblk1.lut1.genblk1.genblk1.genblk1.genblk1.genblk1.genblk1.lut1.genblk1.genblk1.genblk1.genblk1.genblk1.lut1 (4 -> 0)
  Optimizing lut $abc$46313$lut$aiger46312$7508.genblk1.genblk1.genblk1.genblk1.genblk1.genblk1.genblk1.genblk1.lut0.genblk1.genblk1.genblk1.genblk1.genblk1.genblk1.genblk1.lut1.genblk1.genblk1.genblk1.genblk1.genblk1.genblk1.lut1.genblk1.genblk1.genblk1.genblk1.genblk1.lut1 (4 -> 0)
  Optimizing lut $abc$46313$lut$aiger46312$7524.genblk1.genblk1.genblk1.genblk1.genblk1.genblk1.genblk1.genblk1.lut1.genblk1.genblk1.genblk1.genblk1.genblk1.genblk1.genblk1.lut1.genblk1.genblk1.genblk1.genblk1.genblk1.genblk1.lut1.genblk1.genblk1.genblk1.genblk1.genblk1.lut1 (4 -> 0)
  Optimizing lut $abc$46313$lut$aiger46312$7524.genblk1.genblk1.genblk1.genblk1.genblk1.genblk1.genblk1.genblk1.lut0.genblk1.genblk1.genblk1.genblk1.genblk1.genblk1.genblk1.lut1.genblk1.genblk1.genblk1.genblk1.genblk1.genblk1.lut1.genblk1.genblk1.genblk1.genblk1.genblk1.lut1 (4 -> 0)
  Optimizing lut $abc$46313$lut$aiger46312$7585.genblk1.genblk1.genblk1.genblk1.genblk1.genblk1.genblk1.genblk1.lut1.genblk1.genblk1.genblk1.genblk1.genblk1.genblk1.genblk1.lut1.genblk1.genblk1.genblk1.genblk1.genblk1.genblk1.lut1.genblk1.genblk1.genblk1.genblk1.genblk1.lut1 (4 -> 0)
  Optimizing lut $abc$46313$lut$aiger46312$7585.genblk1.genblk1.genblk1.genblk1.genblk1.genblk1.genblk1.genblk1.lut0.genblk1.genblk1.genblk1.genblk1.genblk1.genblk1.genblk1.lut1.genblk1.genblk1.genblk1.genblk1.genblk1.genblk1.lut1.genblk1.genblk1.genblk1.genblk1.genblk1.lut1 (4 -> 0)
  Optimizing lut $abc$46313$lut$aiger46312$7598.genblk1.genblk1.genblk1.genblk1.genblk1.genblk1.genblk1.genblk1.lut1.genblk1.genblk1.genblk1.genblk1.genblk1.genblk1.genblk1.lut1.genblk1.genblk1.genblk1.genblk1.genblk1.genblk1.lut1.genblk1.genblk1.genblk1.genblk1.genblk1.lut1 (4 -> 0)
  Optimizing lut $abc$46313$lut$aiger46312$7598.genblk1.genblk1.genblk1.genblk1.genblk1.genblk1.genblk1.genblk1.lut0.genblk1.genblk1.genblk1.genblk1.genblk1.genblk1.genblk1.lut1.genblk1.genblk1.genblk1.genblk1.genblk1.genblk1.lut1.genblk1.genblk1.genblk1.genblk1.genblk1.lut1 (4 -> 0)
  Optimizing lut $abc$46313$lut$aiger46312$7613.genblk1.genblk1.genblk1.genblk1.genblk1.genblk1.genblk1.genblk1.lut1.genblk1.genblk1.genblk1.genblk1.genblk1.genblk1.genblk1.lut1.genblk1.genblk1.genblk1.genblk1.genblk1.genblk1.lut1.genblk1.genblk1.genblk1.genblk1.genblk1.lut1 (4 -> 0)
  Optimizing lut $abc$46313$lut$aiger46312$7613.genblk1.genblk1.genblk1.genblk1.genblk1.genblk1.genblk1.genblk1.lut0.genblk1.genblk1.genblk1.genblk1.genblk1.genblk1.genblk1.lut1.genblk1.genblk1.genblk1.genblk1.genblk1.genblk1.lut1.genblk1.genblk1.genblk1.genblk1.genblk1.lut1 (4 -> 1)
  Optimizing lut $abc$46313$lut$aiger46312$7628.genblk1.genblk1.genblk1.genblk1.genblk1.genblk1.genblk1.genblk1.lut1.genblk1.genblk1.genblk1.genblk1.genblk1.genblk1.genblk1.lut1.genblk1.genblk1.genblk1.genblk1.genblk1.genblk1.lut1.genblk1.genblk1.genblk1.genblk1.genblk1.lut1 (4 -> 1)
  Optimizing lut $abc$46313$lut$aiger46312$7628.genblk1.genblk1.genblk1.genblk1.genblk1.genblk1.genblk1.genblk1.lut0.genblk1.genblk1.genblk1.genblk1.genblk1.genblk1.genblk1.lut1.genblk1.genblk1.genblk1.genblk1.genblk1.genblk1.lut1.genblk1.genblk1.genblk1.genblk1.genblk1.lut1 (4 -> 0)
  Optimizing lut $abc$46313$lut$aiger46312$6153.genblk1.genblk1.genblk1.genblk1.genblk1.genblk1.genblk1.genblk1.lut1.genblk1.genblk1.genblk1.genblk1.genblk1.genblk1.genblk1.lut1.genblk1.genblk1.genblk1.genblk1.genblk1.genblk1.lut1.genblk1.genblk1.genblk1.genblk1.genblk1.lut1 (4 -> 0)
  Optimizing lut $abc$46313$lut$aiger46312$6153.genblk1.genblk1.genblk1.genblk1.genblk1.genblk1.genblk1.genblk1.lut0.genblk1.genblk1.genblk1.genblk1.genblk1.genblk1.genblk1.lut1.genblk1.genblk1.genblk1.genblk1.genblk1.genblk1.lut1.genblk1.genblk1.genblk1.genblk1.genblk1.lut1 (4 -> 0)
  Optimizing lut $abc$46313$lut$aiger46312$6168.genblk1.genblk1.genblk1.genblk1.genblk1.genblk1.genblk1.genblk1.lut1.genblk1.genblk1.genblk1.genblk1.genblk1.genblk1.genblk1.lut1.genblk1.genblk1.genblk1.genblk1.genblk1.genblk1.lut1.genblk1.genblk1.genblk1.genblk1.genblk1.lut1 (4 -> 0)
  Optimizing lut $abc$46313$lut$aiger46312$6168.genblk1.genblk1.genblk1.genblk1.genblk1.genblk1.genblk1.genblk1.lut0.genblk1.genblk1.genblk1.genblk1.genblk1.genblk1.genblk1.lut1.genblk1.genblk1.genblk1.genblk1.genblk1.genblk1.lut1.genblk1.genblk1.genblk1.genblk1.genblk1.lut1 (4 -> 0)
  Optimizing lut $abc$46313$lut$aiger46312$6181.genblk1.genblk1.genblk1.genblk1.genblk1.genblk1.genblk1.genblk1.lut1.genblk1.genblk1.genblk1.genblk1.genblk1.genblk1.genblk1.lut1.genblk1.genblk1.genblk1.genblk1.genblk1.genblk1.lut1.genblk1.genblk1.genblk1.genblk1.genblk1.lut1 (4 -> 1)
  Optimizing lut $abc$46313$lut$aiger46312$6181.genblk1.genblk1.genblk1.genblk1.genblk1.genblk1.genblk1.genblk1.lut0.genblk1.genblk1.genblk1.genblk1.genblk1.genblk1.genblk1.lut1.genblk1.genblk1.genblk1.genblk1.genblk1.genblk1.lut1.genblk1.genblk1.genblk1.genblk1.genblk1.lut1 (4 -> 1)
  Optimizing lut $abc$46313$lut$aiger46312$6194.genblk1.genblk1.genblk1.genblk1.genblk1.genblk1.genblk1.genblk1.lut1.genblk1.genblk1.genblk1.genblk1.genblk1.genblk1.genblk1.lut1.genblk1.genblk1.genblk1.genblk1.genblk1.genblk1.lut1.genblk1.genblk1.genblk1.genblk1.genblk1.lut1 (4 -> 0)
  Optimizing lut $abc$46313$lut$aiger46312$6194.genblk1.genblk1.genblk1.genblk1.genblk1.genblk1.genblk1.genblk1.lut0.genblk1.genblk1.genblk1.genblk1.genblk1.genblk1.genblk1.lut1.genblk1.genblk1.genblk1.genblk1.genblk1.genblk1.lut1.genblk1.genblk1.genblk1.genblk1.genblk1.lut1 (4 -> 0)
  Optimizing lut $abc$46313$lut$aiger46312$4481.genblk1.genblk1.genblk1.genblk1.genblk1.genblk1.genblk1.genblk1.lut1.genblk1.genblk1.genblk1.genblk1.genblk1.genblk1.genblk1.lut1.genblk1.genblk1.genblk1.genblk1.genblk1.genblk1.lut1.genblk1.genblk1.genblk1.genblk1.genblk1.lut1 (4 -> 0)
  Optimizing lut $abc$46313$lut$aiger46312$4481.genblk1.genblk1.genblk1.genblk1.genblk1.genblk1.genblk1.genblk1.lut0.genblk1.genblk1.genblk1.genblk1.genblk1.genblk1.genblk1.lut1.genblk1.genblk1.genblk1.genblk1.genblk1.genblk1.lut1.genblk1.genblk1.genblk1.genblk1.genblk1.lut1 (4 -> 0)
  Optimizing lut $abc$46313$lut$aiger46312$4494.genblk1.genblk1.genblk1.genblk1.genblk1.genblk1.genblk1.genblk1.lut1.genblk1.genblk1.genblk1.genblk1.genblk1.genblk1.genblk1.lut1.genblk1.genblk1.genblk1.genblk1.genblk1.genblk1.lut1.genblk1.genblk1.genblk1.genblk1.genblk1.lut1 (4 -> 0)
  Optimizing lut $abc$46313$lut$aiger46312$4494.genblk1.genblk1.genblk1.genblk1.genblk1.genblk1.genblk1.genblk1.lut0.genblk1.genblk1.genblk1.genblk1.genblk1.genblk1.genblk1.lut1.genblk1.genblk1.genblk1.genblk1.genblk1.genblk1.lut1.genblk1.genblk1.genblk1.genblk1.genblk1.lut1 (4 -> 0)
  Optimizing lut $abc$46313$lut$aiger46312$4509.genblk1.genblk1.genblk1.genblk1.genblk1.genblk1.genblk1.genblk1.lut1.genblk1.genblk1.genblk1.genblk1.genblk1.genblk1.genblk1.lut1.genblk1.genblk1.genblk1.genblk1.genblk1.genblk1.lut1.genblk1.genblk1.genblk1.genblk1.genblk1.lut1 (4 -> 1)
  Optimizing lut $abc$46313$lut$aiger46312$4509.genblk1.genblk1.genblk1.genblk1.genblk1.genblk1.genblk1.genblk1.lut0.genblk1.genblk1.genblk1.genblk1.genblk1.genblk1.genblk1.lut1.genblk1.genblk1.genblk1.genblk1.genblk1.genblk1.lut1.genblk1.genblk1.genblk1.genblk1.genblk1.lut1 (4 -> 1)
  Optimizing lut $abc$46313$lut$aiger46312$4522.genblk1.genblk1.genblk1.genblk1.genblk1.genblk1.genblk1.genblk1.lut1.genblk1.genblk1.genblk1.genblk1.genblk1.genblk1.genblk1.lut1.genblk1.genblk1.genblk1.genblk1.genblk1.genblk1.lut1.genblk1.genblk1.genblk1.genblk1.genblk1.lut1 (4 -> 0)
  Optimizing lut $abc$46313$lut$aiger46312$4522.genblk1.genblk1.genblk1.genblk1.genblk1.genblk1.genblk1.genblk1.lut0.genblk1.genblk1.genblk1.genblk1.genblk1.genblk1.genblk1.lut1.genblk1.genblk1.genblk1.genblk1.genblk1.genblk1.lut1.genblk1.genblk1.genblk1.genblk1.genblk1.lut1 (4 -> 0)
  Optimizing lut $abc$46313$lut$aiger46312$4196.genblk1.genblk1.genblk1.genblk1.genblk1.genblk1.genblk1.genblk1.lut0.genblk1.genblk1.genblk1.genblk1.genblk1.genblk1.genblk1.lut1.genblk1.genblk1.genblk1.genblk1.genblk1.genblk1.lut1.genblk1.genblk1.genblk1.genblk1.genblk1.lut1 (4 -> 0)
  Optimizing lut $abc$46313$lut$aiger46312$4212.genblk1.genblk1.genblk1.genblk1.genblk1.genblk1.genblk1.genblk1.lut1.genblk1.genblk1.genblk1.genblk1.genblk1.genblk1.genblk1.lut1.genblk1.genblk1.genblk1.genblk1.genblk1.genblk1.lut1.genblk1.genblk1.genblk1.genblk1.genblk1.lut1 (4 -> 1)
  Optimizing lut $abc$46313$lut$aiger46312$4212.genblk1.genblk1.genblk1.genblk1.genblk1.genblk1.genblk1.genblk1.lut0.genblk1.genblk1.genblk1.genblk1.genblk1.genblk1.genblk1.lut1.genblk1.genblk1.genblk1.genblk1.genblk1.genblk1.lut1.genblk1.genblk1.genblk1.genblk1.genblk1.lut1 (4 -> 0)
  Optimizing lut $abc$46313$lut$aiger46312$4226.genblk1.genblk1.genblk1.genblk1.genblk1.genblk1.genblk1.genblk1.lut1.genblk1.genblk1.genblk1.genblk1.genblk1.genblk1.genblk1.lut1.genblk1.genblk1.genblk1.genblk1.genblk1.genblk1.lut1.genblk1.genblk1.genblk1.genblk1.genblk1.lut1 (4 -> 0)
  Optimizing lut $abc$46313$lut$aiger46312$4226.genblk1.genblk1.genblk1.genblk1.genblk1.genblk1.genblk1.genblk1.lut0.genblk1.genblk1.genblk1.genblk1.genblk1.genblk1.genblk1.lut1.genblk1.genblk1.genblk1.genblk1.genblk1.genblk1.lut1.genblk1.genblk1.genblk1.genblk1.genblk1.lut1 (4 -> 0)
  Optimizing lut $abc$46313$lut$aiger46312$4242.genblk1.genblk1.genblk1.genblk1.genblk1.genblk1.genblk1.genblk1.lut1.genblk1.genblk1.genblk1.genblk1.genblk1.genblk1.genblk1.lut1.genblk1.genblk1.genblk1.genblk1.genblk1.genblk1.lut1.genblk1.genblk1.genblk1.genblk1.genblk1.lut1 (4 -> 0)
  Optimizing lut $abc$46313$lut$aiger46312$4242.genblk1.genblk1.genblk1.genblk1.genblk1.genblk1.genblk1.genblk1.lut0.genblk1.genblk1.genblk1.genblk1.genblk1.genblk1.genblk1.lut1.genblk1.genblk1.genblk1.genblk1.genblk1.genblk1.lut1.genblk1.genblk1.genblk1.genblk1.genblk1.lut1 (4 -> 1)
  Optimizing lut $abc$46313$lut$aiger46312$3941.genblk1.genblk1.genblk1.genblk1.genblk1.genblk1.lut0.genblk1.genblk1.genblk1.genblk1.genblk1.lut0 (4 -> 0)
  Optimizing lut $abc$46313$lut$aiger46312$3953.genblk1.genblk1.genblk1.genblk1.genblk1.genblk1.genblk1.genblk1.lut1.genblk1.genblk1.genblk1.genblk1.genblk1.genblk1.genblk1.lut1.genblk1.genblk1.genblk1.genblk1.genblk1.genblk1.lut1.genblk1.genblk1.genblk1.genblk1.genblk1.lut1 (4 -> 0)
  Optimizing lut $abc$46313$lut$aiger46312$3953.genblk1.genblk1.genblk1.genblk1.genblk1.genblk1.genblk1.genblk1.lut0.genblk1.genblk1.genblk1.genblk1.genblk1.genblk1.genblk1.lut1.genblk1.genblk1.genblk1.genblk1.genblk1.genblk1.lut1.genblk1.genblk1.genblk1.genblk1.genblk1.lut1 (4 -> 0)
  Optimizing lut $abc$46313$lut$aiger46312$3962.genblk1.genblk1.genblk1.genblk1.genblk1.genblk1.genblk1.genblk1.lut1.genblk1.genblk1.genblk1.genblk1.genblk1.genblk1.genblk1.lut1.genblk1.genblk1.genblk1.genblk1.genblk1.genblk1.lut1.genblk1.genblk1.genblk1.genblk1.genblk1.lut1 (4 -> 0)
  Optimizing lut $abc$46313$lut$aiger46312$3962.genblk1.genblk1.genblk1.genblk1.genblk1.genblk1.genblk1.genblk1.lut0.genblk1.genblk1.genblk1.genblk1.genblk1.genblk1.genblk1.lut1.genblk1.genblk1.genblk1.genblk1.genblk1.genblk1.lut1.genblk1.genblk1.genblk1.genblk1.genblk1.lut1 (4 -> 0)
  Optimizing lut $abc$46313$lut$aiger46312$3968.genblk1.genblk1.genblk1.genblk1.genblk1.genblk1.lut1.genblk1.genblk1.genblk1.genblk1.genblk1.lut0 (4 -> 0)
  Optimizing lut $abc$46313$lut$aiger46312$3968.genblk1.genblk1.genblk1.genblk1.genblk1.genblk1.lut0.genblk1.genblk1.genblk1.genblk1.genblk1.lut0 (4 -> 0)
  Optimizing lut $abc$46313$lut$aiger46312$3982.genblk1.genblk1.genblk1.genblk1.genblk1.genblk1.genblk1.genblk1.lut1.genblk1.genblk1.genblk1.genblk1.genblk1.genblk1.genblk1.lut1.genblk1.genblk1.genblk1.genblk1.genblk1.genblk1.lut1.genblk1.genblk1.genblk1.genblk1.genblk1.lut1 (4 -> 0)
  Optimizing lut $abc$46313$lut$aiger46312$3982.genblk1.genblk1.genblk1.genblk1.genblk1.genblk1.genblk1.genblk1.lut0.genblk1.genblk1.genblk1.genblk1.genblk1.genblk1.genblk1.lut1.genblk1.genblk1.genblk1.genblk1.genblk1.genblk1.lut1.genblk1.genblk1.genblk1.genblk1.genblk1.lut1 (4 -> 0)
  Optimizing lut $abc$46313$lut$aiger46312$3991.genblk1.genblk1.genblk1.genblk1.genblk1.genblk1.genblk1.genblk1.lut1.genblk1.genblk1.genblk1.genblk1.genblk1.genblk1.genblk1.lut1.genblk1.genblk1.genblk1.genblk1.genblk1.genblk1.lut1.genblk1.genblk1.genblk1.genblk1.genblk1.lut1 (4 -> 0)
  Optimizing lut $abc$46313$lut$aiger46312$3991.genblk1.genblk1.genblk1.genblk1.genblk1.genblk1.genblk1.genblk1.lut0.genblk1.genblk1.genblk1.genblk1.genblk1.genblk1.genblk1.lut1.genblk1.genblk1.genblk1.genblk1.genblk1.genblk1.lut1.genblk1.genblk1.genblk1.genblk1.genblk1.lut1 (4 -> 0)
  Optimizing lut $abc$46313$lut$aiger46312$3827.genblk1.genblk1.genblk1.genblk1.genblk1.genblk1.genblk1.genblk1.lut0.genblk1.genblk1.genblk1.genblk1.genblk1.genblk1.genblk1.lut1.genblk1.genblk1.genblk1.genblk1.genblk1.genblk1.lut1.genblk1.genblk1.genblk1.genblk1.genblk1.lut1 (4 -> 1)
  Optimizing lut $abc$46313$lut$aiger46312$3843.genblk1.genblk1.genblk1.genblk1.genblk1.genblk1.genblk1.genblk1.lut1.genblk1.genblk1.genblk1.genblk1.genblk1.genblk1.genblk1.lut1.genblk1.genblk1.genblk1.genblk1.genblk1.genblk1.lut1.genblk1.genblk1.genblk1.genblk1.genblk1.lut1 (4 -> 0)
  Optimizing lut $abc$46313$lut$aiger46312$3843.genblk1.genblk1.genblk1.genblk1.genblk1.genblk1.genblk1.genblk1.lut0.genblk1.genblk1.genblk1.genblk1.genblk1.genblk1.genblk1.lut1.genblk1.genblk1.genblk1.genblk1.genblk1.genblk1.lut1.genblk1.genblk1.genblk1.genblk1.genblk1.lut1 (4 -> 0)
  Optimizing lut $abc$46313$lut$aiger46312$3856.genblk1.genblk1.genblk1.genblk1.genblk1.genblk1.genblk1.genblk1.lut1.genblk1.genblk1.genblk1.genblk1.genblk1.genblk1.genblk1.lut1.genblk1.genblk1.genblk1.genblk1.genblk1.genblk1.lut1.genblk1.genblk1.genblk1.genblk1.genblk1.lut1 (4 -> 0)
  Optimizing lut $abc$46313$lut$aiger46312$3856.genblk1.genblk1.genblk1.genblk1.genblk1.genblk1.genblk1.genblk1.lut0.genblk1.genblk1.genblk1.genblk1.genblk1.genblk1.genblk1.lut1.genblk1.genblk1.genblk1.genblk1.genblk1.genblk1.lut1.genblk1.genblk1.genblk1.genblk1.genblk1.lut1 (4 -> 0)
  Optimizing lut $abc$46313$lut$aiger46312$3872.genblk1.genblk1.genblk1.genblk1.genblk1.genblk1.genblk1.genblk1.lut1.genblk1.genblk1.genblk1.genblk1.genblk1.genblk1.genblk1.lut1.genblk1.genblk1.genblk1.genblk1.genblk1.genblk1.lut1.genblk1.genblk1.genblk1.genblk1.genblk1.lut1 (4 -> 0)
  Optimizing lut $abc$46313$lut$aiger46312$3872.genblk1.genblk1.genblk1.genblk1.genblk1.genblk1.genblk1.genblk1.lut0.genblk1.genblk1.genblk1.genblk1.genblk1.genblk1.genblk1.lut1.genblk1.genblk1.genblk1.genblk1.genblk1.genblk1.lut1.genblk1.genblk1.genblk1.genblk1.genblk1.lut1 (4 -> 0)
  Optimizing lut $abc$46313$lut$aiger46312$3765.genblk1.genblk1.genblk1.genblk1.genblk1.genblk1.genblk1.genblk1.lut0.genblk1.genblk1.genblk1.genblk1.genblk1.genblk1.genblk1.lut1.genblk1.genblk1.genblk1.genblk1.genblk1.genblk1.lut1.genblk1.genblk1.genblk1.genblk1.genblk1.lut1 (4 -> 1)
  Optimizing lut $abc$46313$lut$aiger46312$3778.genblk1.genblk1.genblk1.genblk1.genblk1.genblk1.genblk1.genblk1.lut1.genblk1.genblk1.genblk1.genblk1.genblk1.genblk1.genblk1.lut1.genblk1.genblk1.genblk1.genblk1.genblk1.genblk1.lut1.genblk1.genblk1.genblk1.genblk1.genblk1.lut1 (4 -> 0)
  Optimizing lut $abc$46313$lut$aiger46312$3778.genblk1.genblk1.genblk1.genblk1.genblk1.genblk1.genblk1.genblk1.lut0.genblk1.genblk1.genblk1.genblk1.genblk1.genblk1.genblk1.lut1.genblk1.genblk1.genblk1.genblk1.genblk1.genblk1.lut1.genblk1.genblk1.genblk1.genblk1.genblk1.lut1 (4 -> 0)
  Optimizing lut $abc$46313$lut$aiger46312$3794.genblk1.genblk1.genblk1.genblk1.genblk1.genblk1.genblk1.genblk1.lut1.genblk1.genblk1.genblk1.genblk1.genblk1.genblk1.genblk1.lut1.genblk1.genblk1.genblk1.genblk1.genblk1.genblk1.lut1.genblk1.genblk1.genblk1.genblk1.genblk1.lut1 (4 -> 0)
  Optimizing lut $abc$46313$lut$aiger46312$3794.genblk1.genblk1.genblk1.genblk1.genblk1.genblk1.genblk1.genblk1.lut0.genblk1.genblk1.genblk1.genblk1.genblk1.genblk1.genblk1.lut1.genblk1.genblk1.genblk1.genblk1.genblk1.genblk1.lut1.genblk1.genblk1.genblk1.genblk1.genblk1.lut1 (4 -> 0)
  Optimizing lut $abc$46313$lut$aiger46312$3810.genblk1.genblk1.genblk1.genblk1.genblk1.genblk1.genblk1.genblk1.lut1.genblk1.genblk1.genblk1.genblk1.genblk1.genblk1.genblk1.lut1.genblk1.genblk1.genblk1.genblk1.genblk1.genblk1.lut1.genblk1.genblk1.genblk1.genblk1.genblk1.lut1 (4 -> 0)
  Optimizing lut $abc$46313$lut$aiger46312$3810.genblk1.genblk1.genblk1.genblk1.genblk1.genblk1.genblk1.genblk1.lut0.genblk1.genblk1.genblk1.genblk1.genblk1.genblk1.genblk1.lut1.genblk1.genblk1.genblk1.genblk1.genblk1.genblk1.lut1.genblk1.genblk1.genblk1.genblk1.genblk1.lut1 (4 -> 0)
  Optimizing lut $abc$46313$lut$aiger46312$3608.genblk1.genblk1.genblk1.genblk1.genblk1.genblk1.genblk1.genblk1.lut0.genblk1.genblk1.genblk1.genblk1.genblk1.genblk1.genblk1.lut1.genblk1.genblk1.genblk1.genblk1.genblk1.genblk1.lut1.genblk1.genblk1.genblk1.genblk1.genblk1.lut1 (4 -> 0)
  Optimizing lut $abc$46313$lut$aiger46312$3623.genblk1.genblk1.genblk1.genblk1.genblk1.genblk1.genblk1.genblk1.lut1.genblk1.genblk1.genblk1.genblk1.genblk1.genblk1.genblk1.lut1.genblk1.genblk1.genblk1.genblk1.genblk1.genblk1.lut1.genblk1.genblk1.genblk1.genblk1.genblk1.lut1 (4 -> 0)
  Optimizing lut $abc$46313$lut$aiger46312$3623.genblk1.genblk1.genblk1.genblk1.genblk1.genblk1.genblk1.genblk1.lut0.genblk1.genblk1.genblk1.genblk1.genblk1.genblk1.genblk1.lut1.genblk1.genblk1.genblk1.genblk1.genblk1.genblk1.lut1.genblk1.genblk1.genblk1.genblk1.genblk1.lut1 (4 -> 0)
  Optimizing lut $abc$46313$lut$aiger46312$3638.genblk1.genblk1.genblk1.genblk1.genblk1.genblk1.genblk1.genblk1.lut1.genblk1.genblk1.genblk1.genblk1.genblk1.genblk1.genblk1.lut1.genblk1.genblk1.genblk1.genblk1.genblk1.genblk1.lut1.genblk1.genblk1.genblk1.genblk1.genblk1.lut1 (4 -> 0)
  Optimizing lut $abc$46313$lut$aiger46312$3638.genblk1.genblk1.genblk1.genblk1.genblk1.genblk1.genblk1.genblk1.lut0.genblk1.genblk1.genblk1.genblk1.genblk1.genblk1.genblk1.lut1.genblk1.genblk1.genblk1.genblk1.genblk1.genblk1.lut1.genblk1.genblk1.genblk1.genblk1.genblk1.lut1 (4 -> 1)
  Optimizing lut $abc$46313$lut$aiger46312$3653.genblk1.genblk1.genblk1.genblk1.genblk1.genblk1.genblk1.genblk1.lut1.genblk1.genblk1.genblk1.genblk1.genblk1.genblk1.genblk1.lut1.genblk1.genblk1.genblk1.genblk1.genblk1.genblk1.lut1.genblk1.genblk1.genblk1.genblk1.genblk1.lut1 (4 -> 1)
  Optimizing lut $abc$46313$lut$aiger46312$3653.genblk1.genblk1.genblk1.genblk1.genblk1.genblk1.genblk1.genblk1.lut0.genblk1.genblk1.genblk1.genblk1.genblk1.genblk1.genblk1.lut1.genblk1.genblk1.genblk1.genblk1.genblk1.genblk1.lut1.genblk1.genblk1.genblk1.genblk1.genblk1.lut1 (4 -> 0)
  Optimizing lut $abc$46313$lut$aiger46312$3669.genblk1.genblk1.genblk1.genblk1.genblk1.genblk1.genblk1.genblk1.lut1.genblk1.genblk1.genblk1.genblk1.genblk1.genblk1.genblk1.lut1.genblk1.genblk1.genblk1.genblk1.genblk1.genblk1.lut1.genblk1.genblk1.genblk1.genblk1.genblk1.lut1 (4 -> 0)
  Optimizing lut $abc$46313$lut$aiger46312$3669.genblk1.genblk1.genblk1.genblk1.genblk1.genblk1.genblk1.genblk1.lut0.genblk1.genblk1.genblk1.genblk1.genblk1.genblk1.genblk1.lut1.genblk1.genblk1.genblk1.genblk1.genblk1.genblk1.lut1.genblk1.genblk1.genblk1.genblk1.genblk1.lut1 (4 -> 0)
  Optimizing lut $abc$46313$lut$aiger46312$3682.genblk1.genblk1.genblk1.genblk1.genblk1.genblk1.genblk1.genblk1.lut1.genblk1.genblk1.genblk1.genblk1.genblk1.genblk1.genblk1.lut1.genblk1.genblk1.genblk1.genblk1.genblk1.genblk1.lut1.genblk1.genblk1.genblk1.genblk1.genblk1.lut1 (4 -> 0)
  Optimizing lut $abc$46313$lut$aiger46312$3682.genblk1.genblk1.genblk1.genblk1.genblk1.genblk1.genblk1.genblk1.lut0.genblk1.genblk1.genblk1.genblk1.genblk1.genblk1.genblk1.lut1.genblk1.genblk1.genblk1.genblk1.genblk1.genblk1.lut1.genblk1.genblk1.genblk1.genblk1.genblk1.lut1 (4 -> 0)
  Optimizing lut $abc$46313$lut$aiger46312$3695.genblk1.genblk1.genblk1.genblk1.genblk1.genblk1.genblk1.genblk1.lut1.genblk1.genblk1.genblk1.genblk1.genblk1.genblk1.genblk1.lut1.genblk1.genblk1.genblk1.genblk1.genblk1.genblk1.lut1.genblk1.genblk1.genblk1.genblk1.genblk1.lut1 (4 -> 0)
  Optimizing lut $abc$46313$lut$aiger46312$3695.genblk1.genblk1.genblk1.genblk1.genblk1.genblk1.genblk1.genblk1.lut0.genblk1.genblk1.genblk1.genblk1.genblk1.genblk1.genblk1.lut1.genblk1.genblk1.genblk1.genblk1.genblk1.genblk1.lut1.genblk1.genblk1.genblk1.genblk1.genblk1.lut1 (4 -> 1)
  Optimizing lut $abc$46313$lut$aiger46312$3711.genblk1.genblk1.genblk1.genblk1.genblk1.genblk1.genblk1.genblk1.lut1.genblk1.genblk1.genblk1.genblk1.genblk1.genblk1.genblk1.lut1.genblk1.genblk1.genblk1.genblk1.genblk1.genblk1.lut1.genblk1.genblk1.genblk1.genblk1.genblk1.lut1 (4 -> 1)
  Optimizing lut $abc$46313$lut$aiger46312$3711.genblk1.genblk1.genblk1.genblk1.genblk1.genblk1.genblk1.genblk1.lut0.genblk1.genblk1.genblk1.genblk1.genblk1.genblk1.genblk1.lut1.genblk1.genblk1.genblk1.genblk1.genblk1.genblk1.lut1.genblk1.genblk1.genblk1.genblk1.genblk1.lut1 (4 -> 0)
  Optimizing lut $abc$46313$lut$aiger46312$3303.genblk1.genblk1.genblk1.genblk1.genblk1.genblk1.genblk1.genblk1.lut0.genblk1.genblk1.genblk1.genblk1.genblk1.genblk1.genblk1.lut1.genblk1.genblk1.genblk1.genblk1.genblk1.genblk1.lut1.genblk1.genblk1.genblk1.genblk1.genblk1.lut1 (4 -> 0)
  Optimizing lut $abc$46313$lut$aiger46312$3316.genblk1.genblk1.genblk1.genblk1.genblk1.genblk1.genblk1.genblk1.lut1.genblk1.genblk1.genblk1.genblk1.genblk1.genblk1.genblk1.lut1.genblk1.genblk1.genblk1.genblk1.genblk1.genblk1.lut1.genblk1.genblk1.genblk1.genblk1.genblk1.lut1 (4 -> 0)
  Optimizing lut $abc$46313$lut$aiger46312$3316.genblk1.genblk1.genblk1.genblk1.genblk1.genblk1.genblk1.genblk1.lut0.genblk1.genblk1.genblk1.genblk1.genblk1.genblk1.genblk1.lut1.genblk1.genblk1.genblk1.genblk1.genblk1.genblk1.lut1.genblk1.genblk1.genblk1.genblk1.genblk1.lut1 (4 -> 0)
  Optimizing lut $abc$46313$lut$aiger46312$3329.genblk1.genblk1.genblk1.genblk1.genblk1.genblk1.genblk1.genblk1.lut1.genblk1.genblk1.genblk1.genblk1.genblk1.genblk1.genblk1.lut1.genblk1.genblk1.genblk1.genblk1.genblk1.genblk1.lut1.genblk1.genblk1.genblk1.genblk1.genblk1.lut1 (4 -> 1)
  Optimizing lut $abc$46313$lut$aiger46312$3329.genblk1.genblk1.genblk1.genblk1.genblk1.genblk1.genblk1.genblk1.lut0.genblk1.genblk1.genblk1.genblk1.genblk1.genblk1.genblk1.lut1.genblk1.genblk1.genblk1.genblk1.genblk1.genblk1.lut1.genblk1.genblk1.genblk1.genblk1.genblk1.lut1 (4 -> 1)
  Optimizing lut $abc$46313$lut$aiger46312$3342.genblk1.genblk1.genblk1.genblk1.genblk1.genblk1.genblk1.genblk1.lut1.genblk1.genblk1.genblk1.genblk1.genblk1.genblk1.genblk1.lut1.genblk1.genblk1.genblk1.genblk1.genblk1.genblk1.lut1.genblk1.genblk1.genblk1.genblk1.genblk1.lut1 (4 -> 0)
  Optimizing lut $abc$46313$lut$aiger46312$3342.genblk1.genblk1.genblk1.genblk1.genblk1.genblk1.genblk1.genblk1.lut0.genblk1.genblk1.genblk1.genblk1.genblk1.genblk1.genblk1.lut1.genblk1.genblk1.genblk1.genblk1.genblk1.genblk1.lut1.genblk1.genblk1.genblk1.genblk1.genblk1.lut1 (4 -> 0)
  Optimizing lut $abc$46313$lut$aiger46312$10438.genblk1.genblk1.genblk1.genblk1.genblk1.genblk1.genblk1.genblk1.lut0.genblk1.genblk1.genblk1.genblk1.genblk1.genblk1.genblk1.lut1.genblk1.genblk1.genblk1.genblk1.genblk1.genblk1.lut1.genblk1.genblk1.genblk1.genblk1.genblk1.lut1 (4 -> 3)
  Optimizing lut $abc$46313$lut$aiger46312$3360.genblk1.genblk1.genblk1.genblk1.genblk1.genblk1.genblk1.genblk1.lut0.genblk1.genblk1.genblk1.genblk1.genblk1.genblk1.genblk1.lut1.genblk1.genblk1.genblk1.genblk1.genblk1.genblk1.lut1.genblk1.genblk1.genblk1.genblk1.genblk1.lut1 (4 -> 0)
  Optimizing lut $abc$46313$lut$aiger46312$3375.genblk1.genblk1.genblk1.genblk1.genblk1.genblk1.genblk1.genblk1.lut1.genblk1.genblk1.genblk1.genblk1.genblk1.genblk1.genblk1.lut1.genblk1.genblk1.genblk1.genblk1.genblk1.genblk1.lut1.genblk1.genblk1.genblk1.genblk1.genblk1.lut1 (4 -> 0)
  Optimizing lut $abc$46313$lut$aiger46312$3375.genblk1.genblk1.genblk1.genblk1.genblk1.genblk1.genblk1.genblk1.lut0.genblk1.genblk1.genblk1.genblk1.genblk1.genblk1.genblk1.lut1.genblk1.genblk1.genblk1.genblk1.genblk1.genblk1.lut1.genblk1.genblk1.genblk1.genblk1.genblk1.lut1 (4 -> 1)
  Optimizing lut $abc$46313$lut$aiger46312$3392.genblk1.genblk1.genblk1.genblk1.genblk1.genblk1.genblk1.genblk1.lut1.genblk1.genblk1.genblk1.genblk1.genblk1.genblk1.genblk1.lut1.genblk1.genblk1.genblk1.genblk1.genblk1.genblk1.lut1.genblk1.genblk1.genblk1.genblk1.genblk1.lut1 (4 -> 0)
  Optimizing lut $abc$46313$lut$aiger46312$3392.genblk1.genblk1.genblk1.genblk1.genblk1.genblk1.genblk1.genblk1.lut0.genblk1.genblk1.genblk1.genblk1.genblk1.genblk1.genblk1.lut1.genblk1.genblk1.genblk1.genblk1.genblk1.genblk1.lut1.genblk1.genblk1.genblk1.genblk1.genblk1.lut1 (4 -> 0)
  Optimizing lut $abc$46313$lut$aiger46312$3406.genblk1.genblk1.genblk1.genblk1.genblk1.genblk1.genblk1.genblk1.lut1.genblk1.genblk1.genblk1.genblk1.genblk1.genblk1.genblk1.lut1.genblk1.genblk1.genblk1.genblk1.genblk1.genblk1.lut1.genblk1.genblk1.genblk1.genblk1.genblk1.lut1 (4 -> 0)
  Optimizing lut $abc$46313$lut$aiger46312$3406.genblk1.genblk1.genblk1.genblk1.genblk1.genblk1.genblk1.genblk1.lut0.genblk1.genblk1.genblk1.genblk1.genblk1.genblk1.genblk1.lut1.genblk1.genblk1.genblk1.genblk1.genblk1.genblk1.lut1.genblk1.genblk1.genblk1.genblk1.genblk1.lut1 (4 -> 0)
  Optimizing lut $abc$46313$lut$aiger46312$3242.genblk1.genblk1.genblk1.genblk1.genblk1.genblk1.genblk1.genblk1.lut1.genblk1.genblk1.genblk1.genblk1.genblk1.genblk1.genblk1.lut1.genblk1.genblk1.genblk1.genblk1.genblk1.genblk1.lut1.genblk1.genblk1.genblk1.genblk1.genblk1.lut1 (4 -> 1)
  Optimizing lut $abc$46313$lut$aiger46312$3242.genblk1.genblk1.genblk1.genblk1.genblk1.genblk1.genblk1.genblk1.lut0.genblk1.genblk1.genblk1.genblk1.genblk1.genblk1.genblk1.lut1.genblk1.genblk1.genblk1.genblk1.genblk1.genblk1.lut1.genblk1.genblk1.genblk1.genblk1.genblk1.lut1 (4 -> 1)
  Optimizing lut $abc$46313$lut$aiger46312$3257.genblk1.genblk1.genblk1.genblk1.genblk1.genblk1.genblk1.genblk1.lut1.genblk1.genblk1.genblk1.genblk1.genblk1.genblk1.genblk1.lut1.genblk1.genblk1.genblk1.genblk1.genblk1.genblk1.lut1.genblk1.genblk1.genblk1.genblk1.genblk1.lut1 (4 -> 0)
  Optimizing lut $abc$46313$lut$aiger46312$3257.genblk1.genblk1.genblk1.genblk1.genblk1.genblk1.genblk1.genblk1.lut0.genblk1.genblk1.genblk1.genblk1.genblk1.genblk1.genblk1.lut1.genblk1.genblk1.genblk1.genblk1.genblk1.genblk1.lut1.genblk1.genblk1.genblk1.genblk1.genblk1.lut1 (4 -> 0)
  Optimizing lut $abc$46313$lut$aiger46312$3274.genblk1.genblk1.genblk1.genblk1.genblk1.genblk1.genblk1.genblk1.lut1.genblk1.genblk1.genblk1.genblk1.genblk1.genblk1.genblk1.lut1.genblk1.genblk1.genblk1.genblk1.genblk1.genblk1.lut1.genblk1.genblk1.genblk1.genblk1.genblk1.lut1 (4 -> 0)
  Optimizing lut $abc$46313$lut$aiger46312$3274.genblk1.genblk1.genblk1.genblk1.genblk1.genblk1.genblk1.genblk1.lut0.genblk1.genblk1.genblk1.genblk1.genblk1.genblk1.genblk1.lut1.genblk1.genblk1.genblk1.genblk1.genblk1.genblk1.lut1.genblk1.genblk1.genblk1.genblk1.genblk1.lut1 (4 -> 0)
  Optimizing lut $abc$46313$lut$aiger46312$3287.genblk1.genblk1.genblk1.genblk1.genblk1.genblk1.genblk1.genblk1.lut1.genblk1.genblk1.genblk1.genblk1.genblk1.genblk1.genblk1.lut1.genblk1.genblk1.genblk1.genblk1.genblk1.genblk1.lut1.genblk1.genblk1.genblk1.genblk1.genblk1.lut1 (4 -> 0)
  Optimizing lut $abc$46313$lut$aiger46312$3287.genblk1.genblk1.genblk1.genblk1.genblk1.genblk1.genblk1.genblk1.lut0.genblk1.genblk1.genblk1.genblk1.genblk1.genblk1.genblk1.lut1.genblk1.genblk1.genblk1.genblk1.genblk1.genblk1.lut1.genblk1.genblk1.genblk1.genblk1.genblk1.lut1 (4 -> 0)
  Optimizing lut $abc$46313$lut$aiger46312$3451.genblk1.genblk1.genblk1.genblk1.genblk1.genblk1.genblk1.genblk1.lut0.genblk1.genblk1.genblk1.genblk1.genblk1.genblk1.genblk1.lut1.genblk1.genblk1.genblk1.genblk1.genblk1.genblk1.lut1.genblk1.genblk1.genblk1.genblk1.genblk1.lut1 (4 -> 0)
  Optimizing lut $abc$46313$lut$aiger46312$3464.genblk1.genblk1.genblk1.genblk1.genblk1.genblk1.genblk1.genblk1.lut1.genblk1.genblk1.genblk1.genblk1.genblk1.genblk1.genblk1.lut1.genblk1.genblk1.genblk1.genblk1.genblk1.genblk1.lut1.genblk1.genblk1.genblk1.genblk1.genblk1.lut1 (4 -> 0)
  Optimizing lut $abc$46313$lut$aiger46312$3464.genblk1.genblk1.genblk1.genblk1.genblk1.genblk1.genblk1.genblk1.lut0.genblk1.genblk1.genblk1.genblk1.genblk1.genblk1.genblk1.lut1.genblk1.genblk1.genblk1.genblk1.genblk1.genblk1.lut1.genblk1.genblk1.genblk1.genblk1.genblk1.lut1 (4 -> 0)
  Optimizing lut $abc$46313$lut$aiger46312$3480.genblk1.genblk1.genblk1.genblk1.genblk1.genblk1.genblk1.genblk1.lut1.genblk1.genblk1.genblk1.genblk1.genblk1.genblk1.genblk1.lut1.genblk1.genblk1.genblk1.genblk1.genblk1.genblk1.lut1.genblk1.genblk1.genblk1.genblk1.genblk1.lut1 (4 -> 0)
  Optimizing lut $abc$46313$lut$aiger46312$3480.genblk1.genblk1.genblk1.genblk1.genblk1.genblk1.genblk1.genblk1.lut0.genblk1.genblk1.genblk1.genblk1.genblk1.genblk1.genblk1.lut1.genblk1.genblk1.genblk1.genblk1.genblk1.genblk1.lut1.genblk1.genblk1.genblk1.genblk1.genblk1.lut1 (4 -> 1)
  Optimizing lut $abc$46313$lut$aiger46312$3493.genblk1.genblk1.genblk1.genblk1.genblk1.genblk1.genblk1.genblk1.lut1.genblk1.genblk1.genblk1.genblk1.genblk1.genblk1.genblk1.lut1.genblk1.genblk1.genblk1.genblk1.genblk1.genblk1.lut1.genblk1.genblk1.genblk1.genblk1.genblk1.lut1 (4 -> 1)
  Optimizing lut $abc$46313$lut$aiger46312$3493.genblk1.genblk1.genblk1.genblk1.genblk1.genblk1.genblk1.genblk1.lut0.genblk1.genblk1.genblk1.genblk1.genblk1.genblk1.genblk1.lut1.genblk1.genblk1.genblk1.genblk1.genblk1.genblk1.lut1.genblk1.genblk1.genblk1.genblk1.genblk1.lut1 (4 -> 0)
  Optimizing lut $abc$46313$lut$aiger46312$9911.genblk1.genblk1.genblk1.genblk1.genblk1.genblk1.genblk1.lut1.genblk1.genblk1.genblk1.genblk1.genblk1.genblk1.lut0.genblk1.genblk1.genblk1.genblk1.genblk1.lut1 (4 -> 3)
  Optimizing lut $abc$46313$lut$aiger46312$7428.genblk1.genblk1.genblk1.genblk1.genblk1.genblk1.genblk1.genblk1.lut1.genblk1.genblk1.genblk1.genblk1.genblk1.genblk1.genblk1.lut0.genblk1.genblk1.genblk1.genblk1.genblk1.genblk1.lut1.genblk1.genblk1.genblk1.genblk1.genblk1.lut0 (4 -> 2)
  Optimizing lut $abc$46313$lut$aiger46312$7428.genblk1.genblk1.genblk1.genblk1.genblk1.genblk1.genblk1.genblk1.lut0.genblk1.genblk1.genblk1.genblk1.genblk1.genblk1.genblk1.lut1.genblk1.genblk1.genblk1.genblk1.genblk1.genblk1.lut1.genblk1.genblk1.genblk1.genblk1.genblk1.lut1 (4 -> 3)
  Optimizing lut $abc$46313$lut$aiger46312$7463.genblk1.genblk1.genblk1.genblk1.genblk1.genblk1.genblk1.genblk1.lut1.genblk1.genblk1.genblk1.genblk1.genblk1.genblk1.genblk1.lut1.genblk1.genblk1.genblk1.genblk1.genblk1.genblk1.lut1.genblk1.genblk1.genblk1.genblk1.genblk1.lut1 (4 -> 3)
  Optimizing lut $abc$46313$lut$aiger46312$7463.genblk1.genblk1.genblk1.genblk1.genblk1.genblk1.genblk1.genblk1.lut0.genblk1.genblk1.genblk1.genblk1.genblk1.genblk1.genblk1.lut1.genblk1.genblk1.genblk1.genblk1.genblk1.genblk1.lut1.genblk1.genblk1.genblk1.genblk1.genblk1.lut1 (4 -> 3)
  Optimizing lut $abc$46313$lut$aiger46312$6553.genblk1.genblk1.genblk1.genblk1.genblk1.genblk1.genblk1.genblk1.lut1.genblk1.genblk1.genblk1.genblk1.genblk1.genblk1.genblk1.lut1.genblk1.genblk1.genblk1.genblk1.genblk1.genblk1.lut1.genblk1.genblk1.genblk1.genblk1.genblk1.lut1 (4 -> 0)
  Optimizing lut $abc$46313$lut$aiger46312$6553.genblk1.genblk1.genblk1.genblk1.genblk1.genblk1.genblk1.genblk1.lut0.genblk1.genblk1.genblk1.genblk1.genblk1.genblk1.genblk1.lut1.genblk1.genblk1.genblk1.genblk1.genblk1.genblk1.lut1.genblk1.genblk1.genblk1.genblk1.genblk1.lut1 (4 -> 0)
  Optimizing lut $abc$46313$lut$aiger46312$6564.genblk1.genblk1.genblk1.genblk1.genblk1.genblk1.genblk1.genblk1.lut1.genblk1.genblk1.genblk1.genblk1.genblk1.genblk1.genblk1.lut1.genblk1.genblk1.genblk1.genblk1.genblk1.genblk1.lut1.genblk1.genblk1.genblk1.genblk1.genblk1.lut1 (4 -> 0)
  Optimizing lut $abc$46313$lut$aiger46312$6564.genblk1.genblk1.genblk1.genblk1.genblk1.genblk1.genblk1.genblk1.lut0.genblk1.genblk1.genblk1.genblk1.genblk1.genblk1.genblk1.lut1.genblk1.genblk1.genblk1.genblk1.genblk1.genblk1.lut1.genblk1.genblk1.genblk1.genblk1.genblk1.lut1 (4 -> 1)
  Optimizing lut $abc$46313$lut$aiger46312$6576.genblk1.genblk1.genblk1.genblk1.genblk1.genblk1.genblk1.genblk1.lut1.genblk1.genblk1.genblk1.genblk1.genblk1.genblk1.genblk1.lut1.genblk1.genblk1.genblk1.genblk1.genblk1.genblk1.lut1.genblk1.genblk1.genblk1.genblk1.genblk1.lut1 (4 -> 0)
  Optimizing lut $abc$46313$lut$aiger46312$6576.genblk1.genblk1.genblk1.genblk1.genblk1.genblk1.genblk1.genblk1.lut0.genblk1.genblk1.genblk1.genblk1.genblk1.genblk1.genblk1.lut1.genblk1.genblk1.genblk1.genblk1.genblk1.genblk1.lut1.genblk1.genblk1.genblk1.genblk1.genblk1.lut1 (4 -> 0)
  Optimizing lut $abc$46313$lut$aiger46312$6591.genblk1.genblk1.genblk1.genblk1.genblk1.genblk1.genblk1.genblk1.lut1.genblk1.genblk1.genblk1.genblk1.genblk1.genblk1.genblk1.lut1.genblk1.genblk1.genblk1.genblk1.genblk1.genblk1.lut1.genblk1.genblk1.genblk1.genblk1.genblk1.lut1 (4 -> 0)
  Optimizing lut $abc$46313$lut$aiger46312$6591.genblk1.genblk1.genblk1.genblk1.genblk1.genblk1.genblk1.genblk1.lut0.genblk1.genblk1.genblk1.genblk1.genblk1.genblk1.genblk1.lut1.genblk1.genblk1.genblk1.genblk1.genblk1.genblk1.lut1.genblk1.genblk1.genblk1.genblk1.genblk1.lut1 (4 -> 0)
  Optimizing lut $abc$46313$lut$aiger46312$7538.genblk1.genblk1.genblk1.genblk1.genblk1.genblk1.lut1.genblk1.genblk1.genblk1.genblk1.genblk1.lut0 (4 -> 1)
  Optimizing lut $abc$46313$lut$aiger46312$7538.genblk1.genblk1.genblk1.genblk1.genblk1.genblk1.lut0.genblk1.genblk1.genblk1.genblk1.genblk1.lut0 (4 -> 2)
  Optimizing lut $abc$46313$lut$aiger46312$7565.genblk1.genblk1.genblk1.genblk1.genblk1.genblk1.genblk1.genblk1.lut1.genblk1.genblk1.genblk1.genblk1.genblk1.genblk1.genblk1.lut1.genblk1.genblk1.genblk1.genblk1.genblk1.genblk1.lut1.genblk1.genblk1.genblk1.genblk1.genblk1.lut1 (4 -> 0)
  Optimizing lut $abc$46313$lut$aiger46312$7565.genblk1.genblk1.genblk1.genblk1.genblk1.genblk1.genblk1.genblk1.lut0.genblk1.genblk1.genblk1.genblk1.genblk1.genblk1.genblk1.lut1.genblk1.genblk1.genblk1.genblk1.genblk1.genblk1.lut1.genblk1.genblk1.genblk1.genblk1.genblk1.lut1 (4 -> 0)
  Optimizing lut $abc$46313$lut$aiger46312$3520.genblk1.genblk1.genblk1.genblk1.genblk1.genblk1.genblk1.genblk1.lut0.genblk1.genblk1.genblk1.genblk1.genblk1.genblk1.genblk1.lut1.genblk1.genblk1.genblk1.genblk1.genblk1.genblk1.lut1.genblk1.genblk1.genblk1.genblk1.genblk1.lut1 (4 -> 0)
  Optimizing lut $abc$46313$lut$aiger46312$3532.genblk1.genblk1.genblk1.genblk1.genblk1.genblk1.genblk1.genblk1.lut1.genblk1.genblk1.genblk1.genblk1.genblk1.genblk1.genblk1.lut1.genblk1.genblk1.genblk1.genblk1.genblk1.genblk1.lut1.genblk1.genblk1.genblk1.genblk1.genblk1.lut1 (4 -> 0)
  Optimizing lut $abc$46313$lut$aiger46312$3532.genblk1.genblk1.genblk1.genblk1.genblk1.genblk1.genblk1.genblk1.lut0.genblk1.genblk1.genblk1.genblk1.genblk1.genblk1.genblk1.lut1.genblk1.genblk1.genblk1.genblk1.genblk1.genblk1.lut1.genblk1.genblk1.genblk1.genblk1.genblk1.lut1 (4 -> 0)
  Optimizing lut $abc$46313$lut$aiger46312$3547.genblk1.genblk1.genblk1.genblk1.genblk1.genblk1.genblk1.genblk1.lut1.genblk1.genblk1.genblk1.genblk1.genblk1.genblk1.genblk1.lut1.genblk1.genblk1.genblk1.genblk1.genblk1.genblk1.lut1.genblk1.genblk1.genblk1.genblk1.genblk1.lut1 (4 -> 0)
  Optimizing lut $abc$46313$lut$aiger46312$3547.genblk1.genblk1.genblk1.genblk1.genblk1.genblk1.genblk1.genblk1.lut0.genblk1.genblk1.genblk1.genblk1.genblk1.genblk1.genblk1.lut1.genblk1.genblk1.genblk1.genblk1.genblk1.genblk1.lut1.genblk1.genblk1.genblk1.genblk1.genblk1.lut1 (4 -> 1)
  Optimizing lut $abc$46313$lut$aiger46312$3563.genblk1.genblk1.genblk1.genblk1.genblk1.genblk1.genblk1.genblk1.lut1.genblk1.genblk1.genblk1.genblk1.genblk1.genblk1.genblk1.lut1.genblk1.genblk1.genblk1.genblk1.genblk1.genblk1.lut1.genblk1.genblk1.genblk1.genblk1.genblk1.lut1 (4 -> 0)
  Optimizing lut $abc$46313$lut$aiger46312$3563.genblk1.genblk1.genblk1.genblk1.genblk1.genblk1.genblk1.genblk1.lut0.genblk1.genblk1.genblk1.genblk1.genblk1.genblk1.genblk1.lut1.genblk1.genblk1.genblk1.genblk1.genblk1.genblk1.lut1.genblk1.genblk1.genblk1.genblk1.genblk1.lut1 (4 -> 0)
  Optimizing lut $abc$46313$lut$aiger46312$6829.genblk1.genblk1.genblk1.genblk1.genblk1.genblk1.genblk1.genblk1.lut0.genblk1.genblk1.genblk1.genblk1.genblk1.genblk1.genblk1.lut1.genblk1.genblk1.genblk1.genblk1.genblk1.genblk1.lut1.genblk1.genblk1.genblk1.genblk1.genblk1.lut1 (4 -> 3)
  Optimizing lut $abc$46313$lut$aiger46312$9607.genblk1.genblk1.genblk1.genblk1.genblk1.genblk1.genblk1.genblk1.lut0.genblk1.genblk1.genblk1.genblk1.genblk1.genblk1.genblk1.lut1.genblk1.genblk1.genblk1.genblk1.genblk1.genblk1.lut1.genblk1.genblk1.genblk1.genblk1.genblk1.lut1 (4 -> 3)
  Optimizing lut $abc$46313$lut$aiger46312$6728.genblk1.genblk1.genblk1.genblk1.genblk1.genblk1.genblk1.genblk1.lut0.genblk1.genblk1.genblk1.genblk1.genblk1.genblk1.genblk1.lut1.genblk1.genblk1.genblk1.genblk1.genblk1.genblk1.lut1.genblk1.genblk1.genblk1.genblk1.genblk1.lut1 (4 -> 3)
  Optimizing lut $abc$46313$lut$aiger46312$6602.genblk1.genblk1.genblk1.genblk1.genblk1.genblk1.lut0.genblk1.genblk1.genblk1.genblk1.genblk1.lut0 (4 -> 2)
  Optimizing lut $abc$46313$lut$aiger46312$7884.genblk1.genblk1.genblk1.genblk1.genblk1.genblk1.genblk1.genblk1.lut1.genblk1.genblk1.genblk1.genblk1.genblk1.genblk1.genblk1.lut1.genblk1.genblk1.genblk1.genblk1.genblk1.genblk1.lut1.genblk1.genblk1.genblk1.genblk1.genblk1.lut1 (4 -> 0)
  Optimizing lut $abc$46313$lut$aiger46312$7884.genblk1.genblk1.genblk1.genblk1.genblk1.genblk1.genblk1.genblk1.lut0.genblk1.genblk1.genblk1.genblk1.genblk1.genblk1.genblk1.lut1.genblk1.genblk1.genblk1.genblk1.genblk1.genblk1.lut1.genblk1.genblk1.genblk1.genblk1.genblk1.lut1 (4 -> 0)
  Optimizing lut $abc$46313$lut$aiger46312$6344.genblk1.genblk1.genblk1.genblk1.genblk1.lut1 (4 -> 1)
  Optimizing lut $abc$46313$lut$aiger46312$6380.genblk1.genblk1.genblk1.genblk1.genblk1.genblk1.genblk1.genblk1.lut0.genblk1.genblk1.genblk1.genblk1.genblk1.genblk1.genblk1.lut1.genblk1.genblk1.genblk1.genblk1.genblk1.genblk1.lut1.genblk1.genblk1.genblk1.genblk1.genblk1.lut1 (4 -> 0)
  Optimizing lut $abc$46313$lut$aiger46312$6411.genblk1.genblk1.genblk1.genblk1.genblk1.genblk1.genblk1.genblk1.lut1.genblk1.genblk1.genblk1.genblk1.genblk1.genblk1.genblk1.lut1.genblk1.genblk1.genblk1.genblk1.genblk1.genblk1.lut1.genblk1.genblk1.genblk1.genblk1.genblk1.lut1 (4 -> 1)
  Optimizing lut $abc$46313$lut$aiger46312$6411.genblk1.genblk1.genblk1.genblk1.genblk1.genblk1.genblk1.genblk1.lut0.genblk1.genblk1.genblk1.genblk1.genblk1.genblk1.genblk1.lut1.genblk1.genblk1.genblk1.genblk1.genblk1.genblk1.lut1.genblk1.genblk1.genblk1.genblk1.genblk1.lut1 (4 -> 1)
  Optimizing lut $abc$46313$lut$aiger46312$4582.genblk1.genblk1.genblk1.genblk1.genblk1.lut1 (4 -> 1)
  Optimizing lut $abc$46313$lut$aiger46312$6424.genblk1.genblk1.genblk1.genblk1.genblk1.genblk1.genblk1.genblk1.lut0.genblk1.genblk1.genblk1.genblk1.genblk1.genblk1.genblk1.lut1.genblk1.genblk1.genblk1.genblk1.genblk1.genblk1.lut1.genblk1.genblk1.genblk1.genblk1.genblk1.lut1 (4 -> 0)
  Optimizing lut $abc$46313$lut$aiger46312$4651.genblk1.genblk1.genblk1.genblk1.genblk1.genblk1.genblk1.genblk1.lut1.genblk1.genblk1.genblk1.genblk1.genblk1.genblk1.genblk1.lut1.genblk1.genblk1.genblk1.genblk1.genblk1.genblk1.lut1.genblk1.genblk1.genblk1.genblk1.genblk1.lut1 (4 -> 1)
  Optimizing lut $abc$46313$lut$aiger46312$4651.genblk1.genblk1.genblk1.genblk1.genblk1.genblk1.genblk1.genblk1.lut0.genblk1.genblk1.genblk1.genblk1.genblk1.genblk1.genblk1.lut1.genblk1.genblk1.genblk1.genblk1.genblk1.genblk1.lut1.genblk1.genblk1.genblk1.genblk1.genblk1.lut1 (4 -> 1)
  Optimizing lut $abc$46313$lut$aiger46312$6540.genblk1.genblk1.genblk1.genblk1.genblk1.genblk1.genblk1.lut1.genblk1.genblk1.genblk1.genblk1.genblk1.genblk1.lut0.genblk1.genblk1.genblk1.genblk1.genblk1.lut1 (4 -> 0)
  Optimizing lut $abc$46313$lut$aiger46312$4426.genblk1.genblk1.genblk1.genblk1.genblk1.lut1 (4 -> 1)
  Optimizing lut $abc$46313$lut$aiger46312$6219.genblk1.genblk1.genblk1.genblk1.genblk1.lut1 (4 -> 1)
  Optimizing lut $abc$46313$lut$aiger46312$6700.genblk1.genblk1.genblk1.genblk1.genblk1.genblk1.genblk1.genblk1.lut1.genblk1.genblk1.genblk1.genblk1.genblk1.genblk1.genblk1.lut1.genblk1.genblk1.genblk1.genblk1.genblk1.genblk1.lut1.genblk1.genblk1.genblk1.genblk1.genblk1.lut1 (4 -> 0)
  Optimizing lut $abc$46313$lut$aiger46312$6700.genblk1.genblk1.genblk1.genblk1.genblk1.genblk1.genblk1.genblk1.lut0.genblk1.genblk1.genblk1.genblk1.genblk1.genblk1.genblk1.lut1.genblk1.genblk1.genblk1.genblk1.genblk1.genblk1.lut1.genblk1.genblk1.genblk1.genblk1.genblk1.lut1 (4 -> 0)
  Optimizing lut $abc$46313$lut$aiger46312$8136.genblk1.genblk1.genblk1.genblk1.genblk1.lut1 (4 -> 0)
  Optimizing lut $abc$46313$lut$aiger46312$4362.genblk1.genblk1.genblk1.genblk1.genblk1.genblk1.genblk1.genblk1.lut1.genblk1.genblk1.genblk1.genblk1.genblk1.genblk1.genblk1.lut0.genblk1.genblk1.genblk1.genblk1.genblk1.genblk1.lut1.genblk1.genblk1.genblk1.genblk1.genblk1.lut0 (4 -> 2)
  Optimizing lut $abc$46313$lut$aiger46312$4309.genblk1.genblk1.genblk1.genblk1.genblk1.lut1 (4 -> 1)
  Optimizing lut $abc$46313$lut$aiger46312$4362.genblk1.genblk1.genblk1.genblk1.genblk1.genblk1.genblk1.genblk1.lut0.genblk1.genblk1.genblk1.genblk1.genblk1.genblk1.genblk1.lut1.genblk1.genblk1.genblk1.genblk1.genblk1.genblk1.lut1.genblk1.genblk1.genblk1.genblk1.genblk1.lut1 (4 -> 3)
  Optimizing lut $abc$46313$lut$aiger46312$4169.genblk1.genblk1.genblk1.genblk1.genblk1.genblk1.genblk1.genblk1.lut0.genblk1.genblk1.genblk1.genblk1.genblk1.genblk1.genblk1.lut1.genblk1.genblk1.genblk1.genblk1.genblk1.genblk1.lut1.genblk1.genblk1.genblk1.genblk1.genblk1.lut1 (4 -> 1)
  Optimizing lut $abc$46313$lut$aiger46312$4005.genblk1.genblk1.genblk1.genblk1.genblk1.lut1 (4 -> 1)
  Optimizing lut $abc$46313$lut$aiger46312$4182.genblk1.genblk1.genblk1.genblk1.genblk1.genblk1.genblk1.genblk1.lut0.genblk1.genblk1.genblk1.genblk1.genblk1.genblk1.genblk1.lut1.genblk1.genblk1.genblk1.genblk1.genblk1.genblk1.lut1.genblk1.genblk1.genblk1.genblk1.genblk1.lut1 (4 -> 0)
  Optimizing lut $abc$46313$lut$aiger46312$4406.genblk1.genblk1.genblk1.genblk1.genblk1.genblk1.lut1.genblk1.genblk1.genblk1.genblk1.genblk1.lut0 (4 -> 0)
  Optimizing lut $abc$46313$lut$aiger46312$4422.genblk1.genblk1.genblk1.genblk1.genblk1.genblk1.lut0.genblk1.genblk1.genblk1.genblk1.genblk1.lut0 (4 -> 0)
  Optimizing lut $abc$46313$lut$aiger46312$4609.genblk1.genblk1.genblk1.genblk1.genblk1.genblk1.genblk1.genblk1.lut0.genblk1.genblk1.genblk1.genblk1.genblk1.genblk1.genblk1.lut1.genblk1.genblk1.genblk1.genblk1.genblk1.genblk1.lut1.genblk1.genblk1.genblk1.genblk1.genblk1.lut1 (4 -> 1)
  Optimizing lut $abc$46313$lut$aiger46312$4620.genblk1.genblk1.genblk1.genblk1.genblk1.genblk1.genblk1.genblk1.lut1.genblk1.genblk1.genblk1.genblk1.genblk1.genblk1.genblk1.lut1.genblk1.genblk1.genblk1.genblk1.genblk1.genblk1.lut1.genblk1.genblk1.genblk1.genblk1.genblk1.lut1 (4 -> 0)
  Optimizing lut $abc$46313$lut$aiger46312$4620.genblk1.genblk1.genblk1.genblk1.genblk1.genblk1.genblk1.genblk1.lut0.genblk1.genblk1.genblk1.genblk1.genblk1.genblk1.genblk1.lut1.genblk1.genblk1.genblk1.genblk1.genblk1.genblk1.lut1.genblk1.genblk1.genblk1.genblk1.genblk1.lut1 (4 -> 3)
  Optimizing lut $abc$46313$lut$aiger46312$4453.genblk1.genblk1.genblk1.genblk1.genblk1.genblk1.genblk1.genblk1.lut1.genblk1.genblk1.genblk1.genblk1.genblk1.genblk1.genblk1.lut1.genblk1.genblk1.genblk1.genblk1.genblk1.genblk1.lut1.genblk1.genblk1.genblk1.genblk1.genblk1.lut1 (4 -> 1)
  Optimizing lut $abc$46313$lut$aiger46312$4453.genblk1.genblk1.genblk1.genblk1.genblk1.genblk1.genblk1.genblk1.lut0.genblk1.genblk1.genblk1.genblk1.genblk1.genblk1.genblk1.lut1.genblk1.genblk1.genblk1.genblk1.genblk1.genblk1.lut1.genblk1.genblk1.genblk1.genblk1.genblk1.lut1 (4 -> 2)
  Optimizing lut $abc$46313$lut$aiger46312$4466.genblk1.genblk1.genblk1.genblk1.genblk1.genblk1.genblk1.genblk1.lut1.genblk1.genblk1.genblk1.genblk1.genblk1.genblk1.genblk1.lut1.genblk1.genblk1.genblk1.genblk1.genblk1.genblk1.lut1.genblk1.genblk1.genblk1.genblk1.genblk1.lut1 (4 -> 1)
  Optimizing lut $abc$46313$lut$aiger46312$4466.genblk1.genblk1.genblk1.genblk1.genblk1.genblk1.genblk1.genblk1.lut0.genblk1.genblk1.genblk1.genblk1.genblk1.genblk1.genblk1.lut1.genblk1.genblk1.genblk1.genblk1.genblk1.genblk1.lut1.genblk1.genblk1.genblk1.genblk1.genblk1.lut1 (4 -> 0)
  Optimizing lut $abc$46313$lut$aiger46312$4535.genblk1.genblk1.genblk1.genblk1.genblk1.genblk1.genblk1.lut0.genblk1.genblk1.genblk1.genblk1.genblk1.genblk1.lut0.genblk1.genblk1.genblk1.genblk1.genblk1.lut1 (4 -> 2)
  Optimizing lut $abc$46313$lut$aiger46312$6969.genblk1.genblk1.genblk1.genblk1.genblk1.genblk1.genblk1.lut1.genblk1.genblk1.genblk1.genblk1.genblk1.genblk1.lut0.genblk1.genblk1.genblk1.genblk1.genblk1.lut1 (4 -> 0)
  Optimizing lut $abc$46313$lut$aiger46312$7010.genblk1.genblk1.genblk1.genblk1.genblk1.genblk1.genblk1.genblk1.lut1.genblk1.genblk1.genblk1.genblk1.genblk1.genblk1.genblk1.lut0.genblk1.genblk1.genblk1.genblk1.genblk1.genblk1.lut1.genblk1.genblk1.genblk1.genblk1.genblk1.lut0 (4 -> 1)
  Optimizing lut $abc$46313$lut$aiger46312$7010.genblk1.genblk1.genblk1.genblk1.genblk1.genblk1.genblk1.genblk1.lut1.genblk1.genblk1.genblk1.genblk1.genblk1.genblk1.genblk1.lut1.genblk1.genblk1.genblk1.genblk1.genblk1.genblk1.lut1.genblk1.genblk1.genblk1.genblk1.genblk1.lut1 (4 -> 3)
  Optimizing lut $abc$46313$lut$aiger46312$7010.genblk1.genblk1.genblk1.genblk1.genblk1.genblk1.genblk1.genblk1.lut0.genblk1.genblk1.genblk1.genblk1.genblk1.genblk1.genblk1.lut1.genblk1.genblk1.genblk1.genblk1.genblk1.genblk1.lut1.genblk1.genblk1.genblk1.genblk1.genblk1.lut1 (4 -> 1)
  Optimizing lut $abc$46313$lut$aiger46312$6307.genblk1.genblk1.genblk1.genblk1.genblk1.genblk1.genblk1.lut0.genblk1.genblk1.genblk1.genblk1.genblk1.genblk1.lut0.genblk1.genblk1.genblk1.genblk1.genblk1.lut1 (4 -> 3)
  Optimizing lut $abc$46313$lut$aiger46312$3433.genblk1.genblk1.genblk1.genblk1.genblk1.genblk1.genblk1.genblk1.lut1.genblk1.genblk1.genblk1.genblk1.genblk1.genblk1.genblk1.lut0.genblk1.genblk1.genblk1.genblk1.genblk1.genblk1.lut1.genblk1.genblk1.genblk1.genblk1.genblk1.lut0 (4 -> 2)
  Optimizing lut $abc$46313$lut$aiger46312$3433.genblk1.genblk1.genblk1.genblk1.genblk1.genblk1.genblk1.genblk1.lut1.genblk1.genblk1.genblk1.genblk1.genblk1.genblk1.genblk1.lut1.genblk1.genblk1.genblk1.genblk1.genblk1.genblk1.lut1.genblk1.genblk1.genblk1.genblk1.genblk1.lut1 (4 -> 2)
  Optimizing lut $abc$46313$lut$aiger46312$3433.genblk1.genblk1.genblk1.genblk1.genblk1.genblk1.genblk1.genblk1.lut0.genblk1.genblk1.genblk1.genblk1.genblk1.genblk1.genblk1.lut1.genblk1.genblk1.genblk1.genblk1.genblk1.genblk1.lut1.genblk1.genblk1.genblk1.genblk1.genblk1.lut1 (4 -> 3)
  Optimizing lut $abc$46313$lut$aiger46312$3506.genblk1.genblk1.genblk1.genblk1.genblk1.genblk1.genblk1.genblk1.lut0.genblk1.genblk1.genblk1.genblk1.genblk1.genblk1.genblk1.lut1.genblk1.genblk1.genblk1.genblk1.genblk1.genblk1.lut1.genblk1.genblk1.genblk1.genblk1.genblk1.lut1 (4 -> 0)
  Optimizing lut $abc$46313$lut$aiger46312$4035.genblk1.genblk1.genblk1.genblk1.genblk1.genblk1.genblk1.genblk1.lut1.genblk1.genblk1.genblk1.genblk1.genblk1.genblk1.genblk1.lut1.genblk1.genblk1.genblk1.genblk1.genblk1.genblk1.lut1.genblk1.genblk1.genblk1.genblk1.genblk1.lut1 (4 -> 3)
  Optimizing lut $abc$46313$lut$aiger46312$4035.genblk1.genblk1.genblk1.genblk1.genblk1.genblk1.genblk1.genblk1.lut0.genblk1.genblk1.genblk1.genblk1.genblk1.genblk1.genblk1.lut1.genblk1.genblk1.genblk1.genblk1.genblk1.genblk1.lut1.genblk1.genblk1.genblk1.genblk1.genblk1.lut1 (4 -> 3)
  Optimizing lut $abc$46313$lut$aiger46312$3592.genblk1.genblk1.genblk1.genblk1.genblk1.lut1 (4 -> 1)
  Optimizing lut $abc$46313$lut$aiger46312$4048.genblk1.genblk1.genblk1.genblk1.genblk1.genblk1.genblk1.genblk1.lut0.genblk1.genblk1.genblk1.genblk1.genblk1.genblk1.genblk1.lut1.genblk1.genblk1.genblk1.genblk1.genblk1.genblk1.lut1.genblk1.genblk1.genblk1.genblk1.genblk1.lut1 (4 -> 0)
  Optimizing lut $abc$46313$lut$aiger46312$4137.genblk1.genblk1.genblk1.genblk1.genblk1.genblk1.lut1.genblk1.genblk1.genblk1.genblk1.genblk1.lut0 (4 -> 0)
  Optimizing lut $abc$46313$lut$aiger46312$3579.genblk1.genblk1.genblk1.genblk1.genblk1.genblk1.genblk1.lut1.genblk1.genblk1.genblk1.genblk1.genblk1.genblk1.lut0.genblk1.genblk1.genblk1.genblk1.genblk1.lut1 (4 -> 1)
  Optimizing lut $abc$46313$lut$aiger46312$3579.genblk1.genblk1.genblk1.genblk1.genblk1.genblk1.genblk1.lut0.genblk1.genblk1.genblk1.genblk1.genblk1.genblk1.lut0.genblk1.genblk1.genblk1.genblk1.genblk1.lut1 (4 -> 2)
  Optimizing lut $abc$46313$lut$aiger46312$4570.genblk1.genblk1.genblk1.genblk1.genblk1.genblk1.genblk1.lut1.genblk1.genblk1.genblk1.genblk1.genblk1.genblk1.lut0.genblk1.genblk1.genblk1.genblk1.genblk1.lut1 (4 -> 3)
  Optimizing lut $abc$46313$lut$aiger46312$4570.genblk1.genblk1.genblk1.genblk1.genblk1.genblk1.genblk1.lut0.genblk1.genblk1.genblk1.genblk1.genblk1.genblk1.lut0.genblk1.genblk1.genblk1.genblk1.genblk1.lut1 (4 -> 3)
  Optimizing lut $abc$46313$lut$aiger46312$7131.genblk1.genblk1.genblk1.genblk1.genblk1.genblk1.genblk1.genblk1.lut1.genblk1.genblk1.genblk1.genblk1.genblk1.genblk1.genblk1.lut1.genblk1.genblk1.genblk1.genblk1.genblk1.genblk1.lut1.genblk1.genblk1.genblk1.genblk1.genblk1.lut1 (4 -> 0)
  Optimizing lut $abc$46313$lut$aiger46312$7038.genblk1.genblk1.genblk1.genblk1.genblk1.genblk1.lut0.genblk1.genblk1.genblk1.genblk1.genblk1.lut0 (4 -> 1)
  Optimizing lut $abc$46313$lut$aiger46312$3738.genblk1.genblk1.genblk1.genblk1.genblk1.genblk1.genblk1.genblk1.lut1.genblk1.genblk1.genblk1.genblk1.genblk1.genblk1.genblk1.lut0.genblk1.genblk1.genblk1.genblk1.genblk1.genblk1.lut1.genblk1.genblk1.genblk1.genblk1.genblk1.lut0 (4 -> 2)
  Optimizing lut $abc$46313$lut$aiger46312$3738.genblk1.genblk1.genblk1.genblk1.genblk1.genblk1.genblk1.genblk1.lut1.genblk1.genblk1.genblk1.genblk1.genblk1.genblk1.genblk1.lut1.genblk1.genblk1.genblk1.genblk1.genblk1.genblk1.lut1.genblk1.genblk1.genblk1.genblk1.genblk1.lut1 (4 -> 1)
  Optimizing lut $abc$46313$lut$aiger46312$3738.genblk1.genblk1.genblk1.genblk1.genblk1.genblk1.genblk1.genblk1.lut0.genblk1.genblk1.genblk1.genblk1.genblk1.genblk1.genblk1.lut1.genblk1.genblk1.genblk1.genblk1.genblk1.genblk1.lut1.genblk1.genblk1.genblk1.genblk1.genblk1.lut1 (4 -> 1)
  Optimizing lut $abc$46313$lut$aiger46312$3752.genblk1.genblk1.genblk1.genblk1.genblk1.genblk1.genblk1.genblk1.lut1.genblk1.genblk1.genblk1.genblk1.genblk1.genblk1.genblk1.lut1.genblk1.genblk1.genblk1.genblk1.genblk1.genblk1.lut1.genblk1.genblk1.genblk1.genblk1.genblk1.lut1 (4 -> 0)
  Optimizing lut $abc$46313$lut$aiger46312$3752.genblk1.genblk1.genblk1.genblk1.genblk1.genblk1.genblk1.genblk1.lut0.genblk1.genblk1.genblk1.genblk1.genblk1.genblk1.genblk1.lut1.genblk1.genblk1.genblk1.genblk1.genblk1.genblk1.lut1.genblk1.genblk1.genblk1.genblk1.genblk1.lut1 (4 -> 3)
  Optimizing lut $abc$46313$lut$aiger46312$3814.genblk1.genblk1.genblk1.genblk1.genblk1.lut1 (4 -> 1)
  Optimizing lut $abc$46313$lut$aiger46312$3887.genblk1.genblk1.genblk1.genblk1.genblk1.genblk1.genblk1.genblk1.lut0.genblk1.genblk1.genblk1.genblk1.genblk1.genblk1.genblk1.lut1.genblk1.genblk1.genblk1.genblk1.genblk1.genblk1.lut1.genblk1.genblk1.genblk1.genblk1.genblk1.lut1 (4 -> 1)
  Optimizing lut $abc$46313$lut$aiger46312$3904.genblk1.genblk1.genblk1.genblk1.genblk1.genblk1.genblk1.genblk1.lut0.genblk1.genblk1.genblk1.genblk1.genblk1.genblk1.genblk1.lut1.genblk1.genblk1.genblk1.genblk1.genblk1.genblk1.lut1.genblk1.genblk1.genblk1.genblk1.genblk1.lut1 (4 -> 0)
  Optimizing lut $abc$46313$lut$aiger46312$3917.genblk1.genblk1.genblk1.genblk1.genblk1.genblk1.genblk1.lut0.genblk1.genblk1.genblk1.genblk1.genblk1.genblk1.lut0.genblk1.genblk1.genblk1.genblk1.genblk1.lut1 (4 -> 2)
  Optimizing lut $abc$46313$lut$aiger46312$3934.genblk1.genblk1.genblk1.genblk1.genblk1.genblk1.genblk1.genblk1.lut1.genblk1.genblk1.genblk1.genblk1.genblk1.genblk1.genblk1.lut0.genblk1.genblk1.genblk1.genblk1.genblk1.genblk1.lut1.genblk1.genblk1.genblk1.genblk1.genblk1.lut0 (4 -> 0)
  Optimizing lut $abc$46313$lut$aiger46312$3934.genblk1.genblk1.genblk1.genblk1.genblk1.genblk1.genblk1.genblk1.lut1.genblk1.genblk1.genblk1.genblk1.genblk1.genblk1.genblk1.lut1.genblk1.genblk1.genblk1.genblk1.genblk1.genblk1.lut1.genblk1.genblk1.genblk1.genblk1.genblk1.lut1 (4 -> 0)
  Optimizing lut $abc$46313$lut$aiger46312$3934.genblk1.genblk1.genblk1.genblk1.genblk1.genblk1.genblk1.genblk1.lut0.genblk1.genblk1.genblk1.genblk1.genblk1.genblk1.genblk1.lut1.genblk1.genblk1.genblk1.genblk1.genblk1.genblk1.lut1.genblk1.genblk1.genblk1.genblk1.genblk1.lut1 (4 -> 0)
  Optimizing lut $abc$46313$lut$aiger46312$4058.genblk1.genblk1.genblk1.genblk1.genblk1.genblk1.lut0.genblk1.genblk1.genblk1.genblk1.genblk1.lut0 (4 -> 0)
  Optimizing lut $abc$46313$lut$aiger46312$4093.genblk1.genblk1.genblk1.genblk1.genblk1.genblk1.genblk1.lut0.genblk1.genblk1.genblk1.genblk1.genblk1.genblk1.lut0.genblk1.genblk1.genblk1.genblk1.genblk1.lut1 (4 -> 0)
  Optimizing lut $abc$46313$lut$aiger46312$4853.genblk1.genblk1.genblk1.genblk1.genblk1.genblk1.genblk1.genblk1.lut0.genblk1.genblk1.genblk1.genblk1.genblk1.genblk1.genblk1.lut1.genblk1.genblk1.genblk1.genblk1.genblk1.genblk1.lut1.genblk1.genblk1.genblk1.genblk1.genblk1.lut1 (4 -> 3)
  Optimizing lut $abc$46313$lut$aiger46312$4967.genblk1.genblk1.genblk1.genblk1.genblk1.genblk1.genblk1.genblk1.lut1.genblk1.genblk1.genblk1.genblk1.genblk1.genblk1.genblk1.lut1.genblk1.genblk1.genblk1.genblk1.genblk1.genblk1.lut1.genblk1.genblk1.genblk1.genblk1.genblk1.lut1 (4 -> 2)
  Optimizing lut $abc$46313$lut$aiger46312$4967.genblk1.genblk1.genblk1.genblk1.genblk1.genblk1.genblk1.genblk1.lut0.genblk1.genblk1.genblk1.genblk1.genblk1.genblk1.genblk1.lut1.genblk1.genblk1.genblk1.genblk1.genblk1.genblk1.lut1.genblk1.genblk1.genblk1.genblk1.genblk1.lut1 (4 -> 3)
  Optimizing lut $abc$46313$lut$aiger46312$4978.genblk1.genblk1.genblk1.genblk1.genblk1.genblk1.genblk1.genblk1.lut1.genblk1.genblk1.genblk1.genblk1.genblk1.genblk1.genblk1.lut1.genblk1.genblk1.genblk1.genblk1.genblk1.genblk1.lut1.genblk1.genblk1.genblk1.genblk1.genblk1.lut1 (4 -> 0)
  Optimizing lut $abc$46313$lut$aiger46312$4978.genblk1.genblk1.genblk1.genblk1.genblk1.genblk1.genblk1.genblk1.lut0.genblk1.genblk1.genblk1.genblk1.genblk1.genblk1.genblk1.lut1.genblk1.genblk1.genblk1.genblk1.genblk1.genblk1.lut1.genblk1.genblk1.genblk1.genblk1.genblk1.lut1 (4 -> 3)
  Optimizing lut $abc$46313$lut$aiger46312$4991.genblk1.genblk1.genblk1.genblk1.genblk1.genblk1.genblk1.lut0.genblk1.genblk1.genblk1.genblk1.genblk1.genblk1.lut0.genblk1.genblk1.genblk1.genblk1.genblk1.lut1 (4 -> 2)
  Optimizing lut $abc$46313$lut$aiger46312$4920.genblk1.genblk1.genblk1.genblk1.genblk1.genblk1.genblk1.genblk1.lut1.genblk1.genblk1.genblk1.genblk1.genblk1.genblk1.genblk1.lut0.genblk1.genblk1.genblk1.genblk1.genblk1.genblk1.lut1.genblk1.genblk1.genblk1.genblk1.genblk1.lut0 (4 -> 1)
  Optimizing lut $abc$46313$lut$aiger46312$5146.genblk1.genblk1.genblk1.genblk1.genblk1.lut1 (4 -> 0)
  Optimizing lut $abc$46313$lut$aiger46312$4920.genblk1.genblk1.genblk1.genblk1.genblk1.genblk1.genblk1.genblk1.lut1.genblk1.genblk1.genblk1.genblk1.genblk1.genblk1.genblk1.lut1.genblk1.genblk1.genblk1.genblk1.genblk1.genblk1.lut1.genblk1.genblk1.genblk1.genblk1.genblk1.lut1 (4 -> 3)
  Optimizing lut $abc$46313$lut$aiger46312$4920.genblk1.genblk1.genblk1.genblk1.genblk1.genblk1.genblk1.genblk1.lut0.genblk1.genblk1.genblk1.genblk1.genblk1.genblk1.genblk1.lut1.genblk1.genblk1.genblk1.genblk1.genblk1.genblk1.lut1.genblk1.genblk1.genblk1.genblk1.genblk1.lut1 (4 -> 3)
  Optimizing lut $abc$46313$lut$aiger46312$5131.genblk1.genblk1.genblk1.genblk1.genblk1.genblk1.lut0.genblk1.genblk1.genblk1.genblk1.genblk1.lut0 (4 -> 1)
  Optimizing lut $abc$46313$lut$aiger46312$5234.genblk1.genblk1.genblk1.genblk1.genblk1.genblk1.genblk1.genblk1.lut1.genblk1.genblk1.genblk1.genblk1.genblk1.genblk1.genblk1.lut1.genblk1.genblk1.genblk1.genblk1.genblk1.genblk1.lut1.genblk1.genblk1.genblk1.genblk1.genblk1.lut1 (4 -> 0)
  Optimizing lut $abc$46313$lut$aiger46312$5608.genblk1.genblk1.genblk1.genblk1.genblk1.lut1 (4 -> 1)
  Optimizing lut $abc$46313$lut$aiger46312$5670.genblk1.genblk1.genblk1.genblk1.genblk1.lut1 (4 -> 0)
  Optimizing lut $abc$46313$lut$aiger46312$6041.genblk1.genblk1.genblk1.genblk1.genblk1.genblk1.genblk1.lut0.genblk1.genblk1.genblk1.genblk1.genblk1.genblk1.lut0.genblk1.genblk1.genblk1.genblk1.genblk1.lut1 (4 -> 0)
  Optimizing lut $abc$46313$lut$aiger46312$6126.genblk1.genblk1.genblk1.genblk1.genblk1.genblk1.genblk1.genblk1.lut1.genblk1.genblk1.genblk1.genblk1.genblk1.genblk1.genblk1.lut0.genblk1.genblk1.genblk1.genblk1.genblk1.genblk1.lut1.genblk1.genblk1.genblk1.genblk1.genblk1.lut0 (4 -> 0)
  Optimizing lut $abc$46313$lut$aiger46312$6048.genblk1.genblk1.genblk1.genblk1.genblk1.genblk1.lut0.genblk1.genblk1.genblk1.genblk1.genblk1.lut0 (4 -> 0)
  Optimizing lut $abc$46313$lut$aiger46312$6126.genblk1.genblk1.genblk1.genblk1.genblk1.genblk1.genblk1.genblk1.lut0.genblk1.genblk1.genblk1.genblk1.genblk1.genblk1.genblk1.lut1.genblk1.genblk1.genblk1.genblk1.genblk1.genblk1.lut1.genblk1.genblk1.genblk1.genblk1.genblk1.lut1 (4 -> 0)
  Optimizing lut $abc$46313$lut$aiger46312$8464.genblk1.genblk1.genblk1.genblk1.genblk1.genblk1.genblk1.genblk1.lut1.genblk1.genblk1.genblk1.genblk1.genblk1.genblk1.genblk1.lut0.genblk1.genblk1.genblk1.genblk1.genblk1.genblk1.lut1.genblk1.genblk1.genblk1.genblk1.genblk1.lut0 (4 -> 0)
  Optimizing lut $abc$46313$lut$aiger46312$8464.genblk1.genblk1.genblk1.genblk1.genblk1.genblk1.genblk1.genblk1.lut0.genblk1.genblk1.genblk1.genblk1.genblk1.genblk1.genblk1.lut1.genblk1.genblk1.genblk1.genblk1.genblk1.genblk1.lut1.genblk1.genblk1.genblk1.genblk1.genblk1.lut1 (4 -> 0)
  Optimizing lut $abc$46313$lut$aiger46312$8753.genblk1.genblk1.genblk1.genblk1.genblk1.genblk1.genblk1.genblk1.lut0.genblk1.genblk1.genblk1.genblk1.genblk1.genblk1.genblk1.lut1.genblk1.genblk1.genblk1.genblk1.genblk1.genblk1.lut1.genblk1.genblk1.genblk1.genblk1.genblk1.lut1 (4 -> 0)
  Optimizing lut $abc$46313$lut$aiger46312$10447.genblk1.genblk1.genblk1.genblk1.genblk1.genblk1.genblk1.genblk1.lut1.genblk1.genblk1.genblk1.genblk1.genblk1.genblk1.genblk1.lut1.genblk1.genblk1.genblk1.genblk1.genblk1.genblk1.lut1.genblk1.genblk1.genblk1.genblk1.genblk1.lut1 (4 -> 2)
  Optimizing lut $abc$46313$lut$aiger46312$10447.genblk1.genblk1.genblk1.genblk1.genblk1.genblk1.genblk1.genblk1.lut0.genblk1.genblk1.genblk1.genblk1.genblk1.genblk1.genblk1.lut1.genblk1.genblk1.genblk1.genblk1.genblk1.genblk1.lut1.genblk1.genblk1.genblk1.genblk1.genblk1.lut1 (4 -> 2)
  Optimizing lut $abc$46313$lut$aiger46312$14238.genblk1.genblk1.genblk1.genblk1.genblk1.genblk1.genblk1.genblk1.lut0.genblk1.genblk1.genblk1.genblk1.genblk1.genblk1.genblk1.lut1.genblk1.genblk1.genblk1.genblk1.genblk1.genblk1.lut1.genblk1.genblk1.genblk1.genblk1.genblk1.lut1 (4 -> 0)
  Optimizing lut $abc$46313$lut$aiger46312$14334.genblk1.genblk1.genblk1.genblk1.genblk1.genblk1.genblk1.genblk1.lut1.genblk1.genblk1.genblk1.genblk1.genblk1.genblk1.genblk1.lut1.genblk1.genblk1.genblk1.genblk1.genblk1.genblk1.lut1.genblk1.genblk1.genblk1.genblk1.genblk1.lut1 (4 -> 2)
  Optimizing lut $abc$46313$lut$aiger46312$14334.genblk1.genblk1.genblk1.genblk1.genblk1.genblk1.genblk1.genblk1.lut0.genblk1.genblk1.genblk1.genblk1.genblk1.genblk1.genblk1.lut1.genblk1.genblk1.genblk1.genblk1.genblk1.genblk1.lut1.genblk1.genblk1.genblk1.genblk1.genblk1.lut1 (4 -> 2)
  Optimizing lut $abc$46313$lut$aiger46312$11347.genblk1.genblk1.genblk1.genblk1.genblk1.genblk1.genblk1.genblk1.lut0.genblk1.genblk1.genblk1.genblk1.genblk1.genblk1.genblk1.lut1.genblk1.genblk1.genblk1.genblk1.genblk1.genblk1.lut1.genblk1.genblk1.genblk1.genblk1.genblk1.lut1 (4 -> 0)
  Optimizing lut $abc$46313$lut$aiger$o3120.genblk1.genblk1.genblk1.genblk1.genblk1.lut1 (4 -> 0)
  Optimizing lut $abc$46313$lut$aiger$o4568.genblk1.genblk1.genblk1.genblk1.genblk1.lut0 (4 -> 1)
  Optimizing lut $abc$46313$lut$aiger$o4510.genblk1.genblk1.genblk1.genblk1.genblk1.lut0 (4 -> 1)
  Optimizing lut $abc$46313$lut$aiger$o4579.genblk1.genblk1.genblk1.genblk1.genblk1.lut0 (4 -> 1)
  Optimizing lut $abc$46313$lut$aiger$o4403.genblk1.genblk1.genblk1.genblk1.genblk1.lut0 (4 -> 1)
  Optimizing lut $abc$46313$lut$aiger$o4540.genblk1.genblk1.genblk1.genblk1.genblk1.lut0 (4 -> 1)
  Optimizing lut $abc$46313$lut$aiger$o4485.genblk1.genblk1.genblk1.genblk1.genblk1.lut0 (4 -> 1)
  Optimizing lut $abc$46313$lut$aiger46312$10447.genblk1.genblk1.genblk1.genblk1.genblk1.genblk1.genblk1.genblk1.lut1.genblk1.genblk1.genblk1.genblk1.genblk1.genblk1.genblk1.lut0.genblk1.genblk1.genblk1.genblk1.genblk1.genblk1.lut1.genblk1.genblk1.genblk1.genblk1.genblk1.lut1 (4 -> 2)
  Optimizing lut $abc$46313$lut$aiger46312$8753.genblk1.genblk1.genblk1.genblk1.genblk1.genblk1.genblk1.genblk1.lut1.genblk1.genblk1.genblk1.genblk1.genblk1.genblk1.genblk1.lut0.genblk1.genblk1.genblk1.genblk1.genblk1.genblk1.lut1.genblk1.genblk1.genblk1.genblk1.genblk1.lut1 (4 -> 0)
  Optimizing lut $abc$46313$lut$aiger46312$6126.genblk1.genblk1.genblk1.genblk1.genblk1.genblk1.genblk1.genblk1.lut1.genblk1.genblk1.genblk1.genblk1.genblk1.genblk1.genblk1.lut0.genblk1.genblk1.genblk1.genblk1.genblk1.genblk1.lut1.genblk1.genblk1.genblk1.genblk1.genblk1.lut1 (4 -> 0)
  Optimizing lut $abc$46313$lut$aiger46312$5706.genblk1.genblk1.genblk1.genblk1.genblk1.genblk1.genblk1.genblk1.lut1.genblk1.genblk1.genblk1.genblk1.genblk1.genblk1.genblk1.lut0.genblk1.genblk1.genblk1.genblk1.genblk1.genblk1.lut1.genblk1.genblk1.genblk1.genblk1.genblk1.lut1 (4 -> 0)
  Optimizing lut $abc$46313$lut$aiger46312$5662.genblk1.genblk1.genblk1.genblk1.genblk1.genblk1.genblk1.lut1.genblk1.genblk1.genblk1.genblk1.genblk1.genblk1.lut1.genblk1.genblk1.genblk1.genblk1.genblk1.lut1 (4 -> 2)
  Optimizing lut $abc$46313$lut$aiger46312$5362.genblk1.genblk1.genblk1.genblk1.genblk1.lut0 (4 -> 0)
  Optimizing lut $abc$46313$lut$aiger46312$5380.genblk1.genblk1.genblk1.genblk1.genblk1.lut0 (4 -> 1)
  Optimizing lut $abc$46313$lut$aiger46312$5234.genblk1.genblk1.genblk1.genblk1.genblk1.genblk1.genblk1.genblk1.lut1.genblk1.genblk1.genblk1.genblk1.genblk1.genblk1.genblk1.lut0.genblk1.genblk1.genblk1.genblk1.genblk1.genblk1.lut1.genblk1.genblk1.genblk1.genblk1.genblk1.lut1 (4 -> 0)
  Optimizing lut $abc$46313$lut$aiger46312$4920.genblk1.genblk1.genblk1.genblk1.genblk1.genblk1.genblk1.genblk1.lut1.genblk1.genblk1.genblk1.genblk1.genblk1.genblk1.genblk1.lut0.genblk1.genblk1.genblk1.genblk1.genblk1.genblk1.lut1.genblk1.genblk1.genblk1.genblk1.genblk1.lut1 (4 -> 3)
  Optimizing lut $abc$46313$lut$aiger46312$4863.genblk1.genblk1.genblk1.genblk1.genblk1.lut0 (4 -> 0)
  Optimizing lut $abc$46313$lut$aiger46312$4978.genblk1.genblk1.genblk1.genblk1.genblk1.genblk1.genblk1.genblk1.lut1.genblk1.genblk1.genblk1.genblk1.genblk1.genblk1.genblk1.lut0.genblk1.genblk1.genblk1.genblk1.genblk1.genblk1.lut1.genblk1.genblk1.genblk1.genblk1.genblk1.lut1 (4 -> 3)
  Optimizing lut $abc$46313$lut$aiger46312$4967.genblk1.genblk1.genblk1.genblk1.genblk1.genblk1.genblk1.genblk1.lut1.genblk1.genblk1.genblk1.genblk1.genblk1.genblk1.genblk1.lut0.genblk1.genblk1.genblk1.genblk1.genblk1.genblk1.lut1.genblk1.genblk1.genblk1.genblk1.genblk1.lut1 (4 -> 3)
  Optimizing lut $abc$46313$lut$aiger46312$4093.genblk1.genblk1.genblk1.genblk1.genblk1.genblk1.genblk1.lut1.genblk1.genblk1.genblk1.genblk1.genblk1.genblk1.lut1.genblk1.genblk1.genblk1.genblk1.genblk1.lut1 (4 -> 3)
  Optimizing lut $abc$46313$lut$aiger46312$3917.genblk1.genblk1.genblk1.genblk1.genblk1.genblk1.genblk1.lut1.genblk1.genblk1.genblk1.genblk1.genblk1.genblk1.lut1.genblk1.genblk1.genblk1.genblk1.genblk1.lut1 (4 -> 1)
  Optimizing lut $abc$46313$lut$aiger46312$3904.genblk1.genblk1.genblk1.genblk1.genblk1.genblk1.genblk1.genblk1.lut1.genblk1.genblk1.genblk1.genblk1.genblk1.genblk1.genblk1.lut0.genblk1.genblk1.genblk1.genblk1.genblk1.genblk1.lut1.genblk1.genblk1.genblk1.genblk1.genblk1.lut1 (4 -> 2)
  Optimizing lut $abc$46313$lut$aiger46312$3891.genblk1.genblk1.genblk1.genblk1.genblk1.lut0 (4 -> 1)
  Optimizing lut $abc$46313$lut$aiger46312$3887.genblk1.genblk1.genblk1.genblk1.genblk1.genblk1.genblk1.genblk1.lut1.genblk1.genblk1.genblk1.genblk1.genblk1.genblk1.genblk1.lut0.genblk1.genblk1.genblk1.genblk1.genblk1.genblk1.lut1.genblk1.genblk1.genblk1.genblk1.genblk1.lut1 (4 -> 1)
  Optimizing lut $abc$46313$lut$aiger46312$3752.genblk1.genblk1.genblk1.genblk1.genblk1.genblk1.genblk1.genblk1.lut1.genblk1.genblk1.genblk1.genblk1.genblk1.genblk1.genblk1.lut0.genblk1.genblk1.genblk1.genblk1.genblk1.genblk1.lut1.genblk1.genblk1.genblk1.genblk1.genblk1.lut1 (4 -> 3)
  Optimizing lut $abc$46313$lut$aiger46312$3738.genblk1.genblk1.genblk1.genblk1.genblk1.genblk1.genblk1.genblk1.lut1.genblk1.genblk1.genblk1.genblk1.genblk1.genblk1.genblk1.lut0.genblk1.genblk1.genblk1.genblk1.genblk1.genblk1.lut1.genblk1.genblk1.genblk1.genblk1.genblk1.lut1 (4 -> 2)
  Optimizing lut $abc$46313$lut$aiger46312$8279.genblk1.genblk1.genblk1.genblk1.genblk1.lut0 (4 -> 0)
  Optimizing lut $abc$46313$lut$aiger46312$4570.genblk1.genblk1.genblk1.genblk1.genblk1.genblk1.genblk1.lut1.genblk1.genblk1.genblk1.genblk1.genblk1.genblk1.lut1.genblk1.genblk1.genblk1.genblk1.genblk1.lut1 (4 -> 3)
  Optimizing lut $abc$46313$lut$aiger46312$4048.genblk1.genblk1.genblk1.genblk1.genblk1.genblk1.genblk1.genblk1.lut1.genblk1.genblk1.genblk1.genblk1.genblk1.genblk1.genblk1.lut0.genblk1.genblk1.genblk1.genblk1.genblk1.genblk1.lut1.genblk1.genblk1.genblk1.genblk1.genblk1.lut1 (4 -> 2)
  Optimizing lut $abc$46313$lut$aiger46312$3506.genblk1.genblk1.genblk1.genblk1.genblk1.genblk1.genblk1.genblk1.lut1.genblk1.genblk1.genblk1.genblk1.genblk1.genblk1.genblk1.lut0.genblk1.genblk1.genblk1.genblk1.genblk1.genblk1.lut1.genblk1.genblk1.genblk1.genblk1.genblk1.lut1 (4 -> 2)
  Optimizing lut $abc$46313$lut$aiger46312$3437.genblk1.genblk1.genblk1.genblk1.genblk1.lut0 (4 -> 1)
  Optimizing lut $abc$46313$lut$aiger46312$3433.genblk1.genblk1.genblk1.genblk1.genblk1.genblk1.genblk1.genblk1.lut1.genblk1.genblk1.genblk1.genblk1.genblk1.genblk1.genblk1.lut0.genblk1.genblk1.genblk1.genblk1.genblk1.genblk1.lut1.genblk1.genblk1.genblk1.genblk1.genblk1.lut1 (4 -> 3)
  Optimizing lut $abc$46313$lut$aiger46312$7010.genblk1.genblk1.genblk1.genblk1.genblk1.genblk1.genblk1.genblk1.lut1.genblk1.genblk1.genblk1.genblk1.genblk1.genblk1.genblk1.lut0.genblk1.genblk1.genblk1.genblk1.genblk1.genblk1.lut1.genblk1.genblk1.genblk1.genblk1.genblk1.lut1 (4 -> 1)
  Optimizing lut $abc$46313$lut$aiger46312$6969.genblk1.genblk1.genblk1.genblk1.genblk1.genblk1.genblk1.lut1.genblk1.genblk1.genblk1.genblk1.genblk1.genblk1.lut1.genblk1.genblk1.genblk1.genblk1.genblk1.lut1 (4 -> 0)
  Optimizing lut $abc$46313$lut$aiger46312$6459.genblk1.genblk1.genblk1.genblk1.genblk1.genblk1.genblk1.lut1.genblk1.genblk1.genblk1.genblk1.genblk1.genblk1.lut1.genblk1.genblk1.genblk1.genblk1.genblk1.lut1 (4 -> 2)
  Optimizing lut $abc$46313$lut$aiger46312$4466.genblk1.genblk1.genblk1.genblk1.genblk1.genblk1.genblk1.genblk1.lut1.genblk1.genblk1.genblk1.genblk1.genblk1.genblk1.genblk1.lut0.genblk1.genblk1.genblk1.genblk1.genblk1.genblk1.lut1.genblk1.genblk1.genblk1.genblk1.genblk1.lut1 (4 -> 2)
  Optimizing lut $abc$46313$lut$aiger46312$4453.genblk1.genblk1.genblk1.genblk1.genblk1.genblk1.genblk1.genblk1.lut1.genblk1.genblk1.genblk1.genblk1.genblk1.genblk1.genblk1.lut0.genblk1.genblk1.genblk1.genblk1.genblk1.genblk1.lut1.genblk1.genblk1.genblk1.genblk1.genblk1.lut1 (4 -> 1)
  Optimizing lut $abc$46313$lut$aiger46312$4620.genblk1.genblk1.genblk1.genblk1.genblk1.genblk1.genblk1.genblk1.lut0.genblk1.genblk1.genblk1.genblk1.genblk1.genblk1.genblk1.lut0.genblk1.genblk1.genblk1.genblk1.genblk1.genblk1.lut0.genblk1.genblk1.genblk1.genblk1.genblk1.lut1 (4 -> 3)
  Optimizing lut $abc$46313$lut$aiger46312$4620.genblk1.genblk1.genblk1.genblk1.genblk1.genblk1.genblk1.genblk1.lut1.genblk1.genblk1.genblk1.genblk1.genblk1.genblk1.genblk1.lut0.genblk1.genblk1.genblk1.genblk1.genblk1.genblk1.lut1.genblk1.genblk1.genblk1.genblk1.genblk1.lut1 (4 -> 3)
  Optimizing lut $abc$46313$lut$aiger46312$4609.genblk1.genblk1.genblk1.genblk1.genblk1.genblk1.genblk1.genblk1.lut1.genblk1.genblk1.genblk1.genblk1.genblk1.genblk1.genblk1.lut0.genblk1.genblk1.genblk1.genblk1.genblk1.genblk1.lut1.genblk1.genblk1.genblk1.genblk1.genblk1.lut1 (4 -> 2)
  Optimizing lut $abc$46313$lut$aiger46312$4406.genblk1.genblk1.genblk1.genblk1.genblk1.genblk1.lut0.genblk1.genblk1.genblk1.genblk1.genblk1.lut1 (4 -> 0)
  Optimizing lut $abc$46313$lut$aiger46312$4182.genblk1.genblk1.genblk1.genblk1.genblk1.genblk1.genblk1.genblk1.lut0.genblk1.genblk1.genblk1.genblk1.genblk1.genblk1.genblk1.lut0.genblk1.genblk1.genblk1.genblk1.genblk1.genblk1.lut0.genblk1.genblk1.genblk1.genblk1.genblk1.lut1 (4 -> 2)
  Optimizing lut $abc$46313$lut$aiger46312$4169.genblk1.genblk1.genblk1.genblk1.genblk1.genblk1.genblk1.genblk1.lut1.genblk1.genblk1.genblk1.genblk1.genblk1.genblk1.genblk1.lut0.genblk1.genblk1.genblk1.genblk1.genblk1.genblk1.lut1.genblk1.genblk1.genblk1.genblk1.genblk1.lut1 (4 -> 2)
  Optimizing lut $abc$46313$lut$aiger46312$4142.genblk1.genblk1.genblk1.genblk1.genblk1.lut0 (4 -> 1)
  Optimizing lut $abc$46313$lut$aiger46312$4362.genblk1.genblk1.genblk1.genblk1.genblk1.genblk1.genblk1.genblk1.lut1.genblk1.genblk1.genblk1.genblk1.genblk1.genblk1.genblk1.lut0.genblk1.genblk1.genblk1.genblk1.genblk1.genblk1.lut1.genblk1.genblk1.genblk1.genblk1.genblk1.lut1 (4 -> 3)
  Optimizing lut $abc$46313$lut$aiger46312$4336.genblk1.genblk1.genblk1.genblk1.genblk1.lut0 (4 -> 1)
  Optimizing lut $abc$46313$lut$aiger46312$4303.genblk1.genblk1.genblk1.genblk1.genblk1.genblk1.genblk1.lut1.genblk1.genblk1.genblk1.genblk1.genblk1.genblk1.lut1.genblk1.genblk1.genblk1.genblk1.genblk1.lut1 (4 -> 0)
  Optimizing lut $abc$46313$lut$aiger46312$6700.genblk1.genblk1.genblk1.genblk1.genblk1.genblk1.genblk1.genblk1.lut1.genblk1.genblk1.genblk1.genblk1.genblk1.genblk1.genblk1.lut0.genblk1.genblk1.genblk1.genblk1.genblk1.genblk1.lut1.genblk1.genblk1.genblk1.genblk1.genblk1.lut1 (4 -> 3)
  Optimizing lut $abc$46313$lut$aiger46312$6783.genblk1.genblk1.genblk1.genblk1.genblk1.genblk1.genblk1.lut0.genblk1.genblk1.genblk1.genblk1.genblk1.genblk1.lut1.genblk1.genblk1.genblk1.genblk1.genblk1.lut0 (4 -> 2)
  Optimizing lut $abc$46313$lut$aiger46312$4651.genblk1.genblk1.genblk1.genblk1.genblk1.genblk1.genblk1.genblk1.lut1.genblk1.genblk1.genblk1.genblk1.genblk1.genblk1.genblk1.lut0.genblk1.genblk1.genblk1.genblk1.genblk1.genblk1.lut1.genblk1.genblk1.genblk1.genblk1.genblk1.lut1 (4 -> 2)
  Optimizing lut $abc$46313$lut$aiger46312$6424.genblk1.genblk1.genblk1.genblk1.genblk1.genblk1.genblk1.genblk1.lut1.genblk1.genblk1.genblk1.genblk1.genblk1.genblk1.genblk1.lut0.genblk1.genblk1.genblk1.genblk1.genblk1.genblk1.lut1.genblk1.genblk1.genblk1.genblk1.genblk1.lut1 (4 -> 2)
  Optimizing lut $abc$46313$lut$aiger46312$6411.genblk1.genblk1.genblk1.genblk1.genblk1.genblk1.genblk1.genblk1.lut1.genblk1.genblk1.genblk1.genblk1.genblk1.genblk1.genblk1.lut0.genblk1.genblk1.genblk1.genblk1.genblk1.genblk1.lut1.genblk1.genblk1.genblk1.genblk1.genblk1.lut1 (4 -> 2)
  Optimizing lut $abc$46313$lut$aiger46312$6380.genblk1.genblk1.genblk1.genblk1.genblk1.genblk1.genblk1.genblk1.lut1.genblk1.genblk1.genblk1.genblk1.genblk1.genblk1.genblk1.lut0.genblk1.genblk1.genblk1.genblk1.genblk1.genblk1.lut1.genblk1.genblk1.genblk1.genblk1.genblk1.lut1 (4 -> 2)
  Optimizing lut $abc$46313$lut$aiger46312$4624.genblk1.genblk1.genblk1.genblk1.genblk1.lut0 (4 -> 1)
  Optimizing lut $abc$46313$lut$aiger46312$6340.genblk1.genblk1.genblk1.genblk1.genblk1.genblk1.genblk1.lut1.genblk1.genblk1.genblk1.genblk1.genblk1.genblk1.lut1.genblk1.genblk1.genblk1.genblk1.genblk1.lut1 (4 -> 1)
  Optimizing lut $abc$46313$lut$aiger46312$6728.genblk1.genblk1.genblk1.genblk1.genblk1.genblk1.genblk1.genblk1.lut0.genblk1.genblk1.genblk1.genblk1.genblk1.genblk1.genblk1.lut0.genblk1.genblk1.genblk1.genblk1.genblk1.genblk1.lut0.genblk1.genblk1.genblk1.genblk1.genblk1.lut1 (4 -> 3)
  Optimizing lut $abc$46313$lut$aiger46312$6384.genblk1.genblk1.genblk1.genblk1.genblk1.lut0 (4 -> 1)
  Optimizing lut $abc$46313$lut$aiger46312$6728.genblk1.genblk1.genblk1.genblk1.genblk1.genblk1.genblk1.genblk1.lut1.genblk1.genblk1.genblk1.genblk1.genblk1.genblk1.genblk1.lut0.genblk1.genblk1.genblk1.genblk1.genblk1.genblk1.lut1.genblk1.genblk1.genblk1.genblk1.genblk1.lut1 (4 -> 3)
  Optimizing lut $abc$46313$lut$aiger46312$6787.genblk1.genblk1.genblk1.genblk1.genblk1.lut0 (4 -> 1)
  Optimizing lut $abc$46313$lut$aiger46312$3547.genblk1.genblk1.genblk1.genblk1.genblk1.genblk1.genblk1.genblk1.lut1.genblk1.genblk1.genblk1.genblk1.genblk1.genblk1.genblk1.lut0.genblk1.genblk1.genblk1.genblk1.genblk1.genblk1.lut1.genblk1.genblk1.genblk1.genblk1.genblk1.lut1 (4 -> 0)
  Optimizing lut $abc$46313$lut$aiger46312$3532.genblk1.genblk1.genblk1.genblk1.genblk1.genblk1.genblk1.genblk1.lut1.genblk1.genblk1.genblk1.genblk1.genblk1.genblk1.genblk1.lut0.genblk1.genblk1.genblk1.genblk1.genblk1.genblk1.lut1.genblk1.genblk1.genblk1.genblk1.genblk1.lut1 (4 -> 0)
  Optimizing lut $abc$46313$lut$aiger46312$3520.genblk1.genblk1.genblk1.genblk1.genblk1.genblk1.genblk1.genblk1.lut1.genblk1.genblk1.genblk1.genblk1.genblk1.genblk1.genblk1.lut0.genblk1.genblk1.genblk1.genblk1.genblk1.genblk1.lut1.genblk1.genblk1.genblk1.genblk1.genblk1.lut1 (4 -> 1)
  Optimizing lut $abc$46313$lut$aiger46312$6591.genblk1.genblk1.genblk1.genblk1.genblk1.genblk1.genblk1.genblk1.lut0.genblk1.genblk1.genblk1.genblk1.genblk1.genblk1.genblk1.lut0.genblk1.genblk1.genblk1.genblk1.genblk1.genblk1.lut0.genblk1.genblk1.genblk1.genblk1.genblk1.lut1 (4 -> 1)
  Optimizing lut $abc$46313$lut$aiger46312$6591.genblk1.genblk1.genblk1.genblk1.genblk1.genblk1.genblk1.genblk1.lut1.genblk1.genblk1.genblk1.genblk1.genblk1.genblk1.genblk1.lut0.genblk1.genblk1.genblk1.genblk1.genblk1.genblk1.lut1.genblk1.genblk1.genblk1.genblk1.genblk1.lut1 (4 -> 0)
  Optimizing lut $abc$46313$lut$aiger46312$6576.genblk1.genblk1.genblk1.genblk1.genblk1.genblk1.genblk1.genblk1.lut1.genblk1.genblk1.genblk1.genblk1.genblk1.genblk1.genblk1.lut0.genblk1.genblk1.genblk1.genblk1.genblk1.genblk1.lut1.genblk1.genblk1.genblk1.genblk1.genblk1.lut1 (4 -> 0)
  Optimizing lut $abc$46313$lut$aiger46312$6564.genblk1.genblk1.genblk1.genblk1.genblk1.genblk1.genblk1.genblk1.lut1.genblk1.genblk1.genblk1.genblk1.genblk1.genblk1.genblk1.lut0.genblk1.genblk1.genblk1.genblk1.genblk1.genblk1.lut1.genblk1.genblk1.genblk1.genblk1.genblk1.lut1 (4 -> 0)
  Optimizing lut $abc$46313$lut$aiger46312$6553.genblk1.genblk1.genblk1.genblk1.genblk1.genblk1.genblk1.genblk1.lut1.genblk1.genblk1.genblk1.genblk1.genblk1.genblk1.genblk1.lut0.genblk1.genblk1.genblk1.genblk1.genblk1.genblk1.lut1.genblk1.genblk1.genblk1.genblk1.genblk1.lut1 (4 -> 0)
  Optimizing lut $abc$46313$lut$aiger46312$6732.genblk1.genblk1.genblk1.genblk1.genblk1.lut0 (4 -> 1)
  Optimizing lut $abc$46313$lut$aiger46312$7436.genblk1.genblk1.genblk1.genblk1.genblk1.lut0 (4 -> 1)
  Optimizing lut $abc$46313$lut$aiger46312$3480.genblk1.genblk1.genblk1.genblk1.genblk1.genblk1.genblk1.genblk1.lut1.genblk1.genblk1.genblk1.genblk1.genblk1.genblk1.genblk1.lut0.genblk1.genblk1.genblk1.genblk1.genblk1.genblk1.lut1.genblk1.genblk1.genblk1.genblk1.genblk1.lut1 (4 -> 0)
  Optimizing lut $abc$46313$lut$aiger46312$3464.genblk1.genblk1.genblk1.genblk1.genblk1.genblk1.genblk1.genblk1.lut1.genblk1.genblk1.genblk1.genblk1.genblk1.genblk1.genblk1.lut0.genblk1.genblk1.genblk1.genblk1.genblk1.genblk1.lut1.genblk1.genblk1.genblk1.genblk1.genblk1.lut1 (4 -> 0)
  Optimizing lut $abc$46313$lut$aiger46312$3451.genblk1.genblk1.genblk1.genblk1.genblk1.genblk1.genblk1.genblk1.lut1.genblk1.genblk1.genblk1.genblk1.genblk1.genblk1.genblk1.lut0.genblk1.genblk1.genblk1.genblk1.genblk1.genblk1.lut1.genblk1.genblk1.genblk1.genblk1.genblk1.lut1 (4 -> 1)
  Optimizing lut $abc$46313$lut$aiger46312$3274.genblk1.genblk1.genblk1.genblk1.genblk1.genblk1.genblk1.genblk1.lut1.genblk1.genblk1.genblk1.genblk1.genblk1.genblk1.genblk1.lut0.genblk1.genblk1.genblk1.genblk1.genblk1.genblk1.lut1.genblk1.genblk1.genblk1.genblk1.genblk1.lut1 (4 -> 0)
  Optimizing lut $abc$46313$lut$aiger46312$3257.genblk1.genblk1.genblk1.genblk1.genblk1.genblk1.genblk1.genblk1.lut1.genblk1.genblk1.genblk1.genblk1.genblk1.genblk1.genblk1.lut0.genblk1.genblk1.genblk1.genblk1.genblk1.genblk1.lut1.genblk1.genblk1.genblk1.genblk1.genblk1.lut1 (4 -> 1)
  Optimizing lut $abc$46313$lut$aiger46312$3242.genblk1.genblk1.genblk1.genblk1.genblk1.genblk1.genblk1.genblk1.lut1.genblk1.genblk1.genblk1.genblk1.genblk1.genblk1.genblk1.lut0.genblk1.genblk1.genblk1.genblk1.genblk1.genblk1.lut1.genblk1.genblk1.genblk1.genblk1.genblk1.lut1 (4 -> 0)
  Optimizing lut $abc$46313$lut$aiger46312$3392.genblk1.genblk1.genblk1.genblk1.genblk1.genblk1.genblk1.genblk1.lut1.genblk1.genblk1.genblk1.genblk1.genblk1.genblk1.genblk1.lut0.genblk1.genblk1.genblk1.genblk1.genblk1.genblk1.lut1.genblk1.genblk1.genblk1.genblk1.genblk1.lut1 (4 -> 0)
  Optimizing lut $abc$46313$lut$aiger46312$3360.genblk1.genblk1.genblk1.genblk1.genblk1.genblk1.genblk1.genblk1.lut1.genblk1.genblk1.genblk1.genblk1.genblk1.genblk1.genblk1.lut0.genblk1.genblk1.genblk1.genblk1.genblk1.genblk1.lut1.genblk1.genblk1.genblk1.genblk1.genblk1.lut1 (4 -> 0)
  Optimizing lut $abc$46313$lut$aiger46312$3329.genblk1.genblk1.genblk1.genblk1.genblk1.genblk1.genblk1.genblk1.lut1.genblk1.genblk1.genblk1.genblk1.genblk1.genblk1.genblk1.lut0.genblk1.genblk1.genblk1.genblk1.genblk1.genblk1.lut1.genblk1.genblk1.genblk1.genblk1.genblk1.lut1 (4 -> 0)
  Optimizing lut $abc$46313$lut$aiger46312$3316.genblk1.genblk1.genblk1.genblk1.genblk1.genblk1.genblk1.genblk1.lut1.genblk1.genblk1.genblk1.genblk1.genblk1.genblk1.genblk1.lut0.genblk1.genblk1.genblk1.genblk1.genblk1.genblk1.lut1.genblk1.genblk1.genblk1.genblk1.genblk1.lut1 (4 -> 0)
  Optimizing lut $abc$46313$lut$aiger46312$3303.genblk1.genblk1.genblk1.genblk1.genblk1.genblk1.genblk1.genblk1.lut1.genblk1.genblk1.genblk1.genblk1.genblk1.genblk1.genblk1.lut0.genblk1.genblk1.genblk1.genblk1.genblk1.genblk1.lut1.genblk1.genblk1.genblk1.genblk1.genblk1.lut1 (4 -> 1)
  Optimizing lut $abc$46313$lut$aiger46312$3695.genblk1.genblk1.genblk1.genblk1.genblk1.genblk1.genblk1.genblk1.lut1.genblk1.genblk1.genblk1.genblk1.genblk1.genblk1.genblk1.lut0.genblk1.genblk1.genblk1.genblk1.genblk1.genblk1.lut1.genblk1.genblk1.genblk1.genblk1.genblk1.lut1 (4 -> 0)
  Optimizing lut $abc$46313$lut$aiger46312$3682.genblk1.genblk1.genblk1.genblk1.genblk1.genblk1.genblk1.genblk1.lut1.genblk1.genblk1.genblk1.genblk1.genblk1.genblk1.genblk1.lut0.genblk1.genblk1.genblk1.genblk1.genblk1.genblk1.lut1.genblk1.genblk1.genblk1.genblk1.genblk1.lut1 (4 -> 0)
  Optimizing lut $abc$46313$lut$aiger46312$3669.genblk1.genblk1.genblk1.genblk1.genblk1.genblk1.genblk1.genblk1.lut1.genblk1.genblk1.genblk1.genblk1.genblk1.genblk1.genblk1.lut0.genblk1.genblk1.genblk1.genblk1.genblk1.genblk1.lut1.genblk1.genblk1.genblk1.genblk1.genblk1.lut1 (4 -> 1)
  Optimizing lut $abc$46313$lut$aiger46312$3638.genblk1.genblk1.genblk1.genblk1.genblk1.genblk1.genblk1.genblk1.lut1.genblk1.genblk1.genblk1.genblk1.genblk1.genblk1.genblk1.lut0.genblk1.genblk1.genblk1.genblk1.genblk1.genblk1.lut1.genblk1.genblk1.genblk1.genblk1.genblk1.lut1 (4 -> 0)
  Optimizing lut $abc$46313$lut$aiger46312$3623.genblk1.genblk1.genblk1.genblk1.genblk1.genblk1.genblk1.genblk1.lut1.genblk1.genblk1.genblk1.genblk1.genblk1.genblk1.genblk1.lut0.genblk1.genblk1.genblk1.genblk1.genblk1.genblk1.lut1.genblk1.genblk1.genblk1.genblk1.genblk1.lut1 (4 -> 1)
  Optimizing lut $abc$46313$lut$aiger46312$3608.genblk1.genblk1.genblk1.genblk1.genblk1.genblk1.genblk1.genblk1.lut1.genblk1.genblk1.genblk1.genblk1.genblk1.genblk1.genblk1.lut0.genblk1.genblk1.genblk1.genblk1.genblk1.genblk1.lut1.genblk1.genblk1.genblk1.genblk1.genblk1.lut1 (4 -> 0)
  Optimizing lut $abc$46313$lut$aiger46312$3794.genblk1.genblk1.genblk1.genblk1.genblk1.genblk1.genblk1.genblk1.lut1.genblk1.genblk1.genblk1.genblk1.genblk1.genblk1.genblk1.lut0.genblk1.genblk1.genblk1.genblk1.genblk1.genblk1.lut1.genblk1.genblk1.genblk1.genblk1.genblk1.lut1 (4 -> 0)
  Optimizing lut $abc$46313$lut$aiger46312$3778.genblk1.genblk1.genblk1.genblk1.genblk1.genblk1.genblk1.genblk1.lut1.genblk1.genblk1.genblk1.genblk1.genblk1.genblk1.genblk1.lut0.genblk1.genblk1.genblk1.genblk1.genblk1.genblk1.lut1.genblk1.genblk1.genblk1.genblk1.genblk1.lut1 (4 -> 1)
  Optimizing lut $abc$46313$lut$aiger46312$3765.genblk1.genblk1.genblk1.genblk1.genblk1.genblk1.genblk1.genblk1.lut1.genblk1.genblk1.genblk1.genblk1.genblk1.genblk1.genblk1.lut0.genblk1.genblk1.genblk1.genblk1.genblk1.genblk1.lut1.genblk1.genblk1.genblk1.genblk1.genblk1.lut1 (4 -> 0)
  Optimizing lut $abc$46313$lut$aiger46312$3856.genblk1.genblk1.genblk1.genblk1.genblk1.genblk1.genblk1.genblk1.lut1.genblk1.genblk1.genblk1.genblk1.genblk1.genblk1.genblk1.lut0.genblk1.genblk1.genblk1.genblk1.genblk1.genblk1.lut1.genblk1.genblk1.genblk1.genblk1.genblk1.lut1 (4 -> 0)
  Optimizing lut $abc$46313$lut$aiger46312$3843.genblk1.genblk1.genblk1.genblk1.genblk1.genblk1.genblk1.genblk1.lut1.genblk1.genblk1.genblk1.genblk1.genblk1.genblk1.genblk1.lut0.genblk1.genblk1.genblk1.genblk1.genblk1.genblk1.lut1.genblk1.genblk1.genblk1.genblk1.genblk1.lut1 (4 -> 1)
  Optimizing lut $abc$46313$lut$aiger46312$3827.genblk1.genblk1.genblk1.genblk1.genblk1.genblk1.genblk1.genblk1.lut1.genblk1.genblk1.genblk1.genblk1.genblk1.genblk1.genblk1.lut0.genblk1.genblk1.genblk1.genblk1.genblk1.genblk1.lut1.genblk1.genblk1.genblk1.genblk1.genblk1.lut1 (4 -> 0)
  Optimizing lut $abc$46313$lut$aiger46312$3982.genblk1.genblk1.genblk1.genblk1.genblk1.genblk1.genblk1.genblk1.lut1.genblk1.genblk1.genblk1.genblk1.genblk1.genblk1.genblk1.lut0.genblk1.genblk1.genblk1.genblk1.genblk1.genblk1.lut1.genblk1.genblk1.genblk1.genblk1.genblk1.lut1 (4 -> 1)
  Optimizing lut $abc$46313$lut$aiger46312$3962.genblk1.genblk1.genblk1.genblk1.genblk1.genblk1.genblk1.genblk1.lut0.genblk1.genblk1.genblk1.genblk1.genblk1.genblk1.genblk1.lut0.genblk1.genblk1.genblk1.genblk1.genblk1.genblk1.lut0.genblk1.genblk1.genblk1.genblk1.genblk1.lut1 (4 -> 0)
  Optimizing lut $abc$46313$lut$aiger46312$3962.genblk1.genblk1.genblk1.genblk1.genblk1.genblk1.genblk1.genblk1.lut1.genblk1.genblk1.genblk1.genblk1.genblk1.genblk1.genblk1.lut0.genblk1.genblk1.genblk1.genblk1.genblk1.genblk1.lut1.genblk1.genblk1.genblk1.genblk1.genblk1.lut1 (4 -> 0)
  Optimizing lut $abc$46313$lut$aiger46312$3953.genblk1.genblk1.genblk1.genblk1.genblk1.genblk1.genblk1.genblk1.lut1.genblk1.genblk1.genblk1.genblk1.genblk1.genblk1.genblk1.lut0.genblk1.genblk1.genblk1.genblk1.genblk1.genblk1.lut1.genblk1.genblk1.genblk1.genblk1.genblk1.lut1 (4 -> 0)
  Optimizing lut $abc$46313$lut$aiger46312$4242.genblk1.genblk1.genblk1.genblk1.genblk1.genblk1.genblk1.genblk1.lut0.genblk1.genblk1.genblk1.genblk1.genblk1.genblk1.genblk1.lut0.genblk1.genblk1.genblk1.genblk1.genblk1.genblk1.lut0.genblk1.genblk1.genblk1.genblk1.genblk1.lut1 (4 -> 0)
  Optimizing lut $abc$46313$lut$aiger46312$4226.genblk1.genblk1.genblk1.genblk1.genblk1.genblk1.genblk1.genblk1.lut1.genblk1.genblk1.genblk1.genblk1.genblk1.genblk1.genblk1.lut0.genblk1.genblk1.genblk1.genblk1.genblk1.genblk1.lut1.genblk1.genblk1.genblk1.genblk1.genblk1.lut1 (4 -> 0)
  Optimizing lut $abc$46313$lut$aiger46312$4212.genblk1.genblk1.genblk1.genblk1.genblk1.genblk1.genblk1.genblk1.lut1.genblk1.genblk1.genblk1.genblk1.genblk1.genblk1.genblk1.lut0.genblk1.genblk1.genblk1.genblk1.genblk1.genblk1.lut1.genblk1.genblk1.genblk1.genblk1.genblk1.lut1 (4 -> 0)
  Optimizing lut $abc$46313$lut$aiger46312$4196.genblk1.genblk1.genblk1.genblk1.genblk1.genblk1.genblk1.genblk1.lut1.genblk1.genblk1.genblk1.genblk1.genblk1.genblk1.genblk1.lut0.genblk1.genblk1.genblk1.genblk1.genblk1.genblk1.lut1.genblk1.genblk1.genblk1.genblk1.genblk1.lut1 (4 -> 1)
  Optimizing lut $abc$46313$lut$aiger46312$4509.genblk1.genblk1.genblk1.genblk1.genblk1.genblk1.genblk1.genblk1.lut1.genblk1.genblk1.genblk1.genblk1.genblk1.genblk1.genblk1.lut0.genblk1.genblk1.genblk1.genblk1.genblk1.genblk1.lut1.genblk1.genblk1.genblk1.genblk1.genblk1.lut1 (4 -> 0)
  Optimizing lut $abc$46313$lut$aiger46312$4494.genblk1.genblk1.genblk1.genblk1.genblk1.genblk1.genblk1.genblk1.lut1.genblk1.genblk1.genblk1.genblk1.genblk1.genblk1.genblk1.lut0.genblk1.genblk1.genblk1.genblk1.genblk1.genblk1.lut1.genblk1.genblk1.genblk1.genblk1.genblk1.lut1 (4 -> 1)
  Optimizing lut $abc$46313$lut$aiger46312$4481.genblk1.genblk1.genblk1.genblk1.genblk1.genblk1.genblk1.genblk1.lut1.genblk1.genblk1.genblk1.genblk1.genblk1.genblk1.genblk1.lut0.genblk1.genblk1.genblk1.genblk1.genblk1.genblk1.lut1.genblk1.genblk1.genblk1.genblk1.genblk1.lut1 (4 -> 0)
  Optimizing lut $abc$46313$lut$aiger46312$6181.genblk1.genblk1.genblk1.genblk1.genblk1.genblk1.genblk1.genblk1.lut1.genblk1.genblk1.genblk1.genblk1.genblk1.genblk1.genblk1.lut0.genblk1.genblk1.genblk1.genblk1.genblk1.genblk1.lut1.genblk1.genblk1.genblk1.genblk1.genblk1.lut1 (4 -> 0)
  Optimizing lut $abc$46313$lut$aiger46312$6168.genblk1.genblk1.genblk1.genblk1.genblk1.genblk1.genblk1.genblk1.lut1.genblk1.genblk1.genblk1.genblk1.genblk1.genblk1.genblk1.lut0.genblk1.genblk1.genblk1.genblk1.genblk1.genblk1.lut1.genblk1.genblk1.genblk1.genblk1.genblk1.lut1 (4 -> 0)
  Optimizing lut $abc$46313$lut$aiger46312$6153.genblk1.genblk1.genblk1.genblk1.genblk1.genblk1.genblk1.genblk1.lut1.genblk1.genblk1.genblk1.genblk1.genblk1.genblk1.genblk1.lut0.genblk1.genblk1.genblk1.genblk1.genblk1.genblk1.lut1.genblk1.genblk1.genblk1.genblk1.genblk1.lut1 (4 -> 1)
  Optimizing lut $abc$46313$lut$aiger46312$7613.genblk1.genblk1.genblk1.genblk1.genblk1.genblk1.genblk1.genblk1.lut1.genblk1.genblk1.genblk1.genblk1.genblk1.genblk1.genblk1.lut0.genblk1.genblk1.genblk1.genblk1.genblk1.genblk1.lut1.genblk1.genblk1.genblk1.genblk1.genblk1.lut1 (4 -> 0)
  Optimizing lut $abc$46313$lut$aiger46312$7598.genblk1.genblk1.genblk1.genblk1.genblk1.genblk1.genblk1.genblk1.lut1.genblk1.genblk1.genblk1.genblk1.genblk1.genblk1.genblk1.lut0.genblk1.genblk1.genblk1.genblk1.genblk1.genblk1.lut1.genblk1.genblk1.genblk1.genblk1.genblk1.lut1 (4 -> 0)
  Optimizing lut $abc$46313$lut$aiger46312$7585.genblk1.genblk1.genblk1.genblk1.genblk1.genblk1.genblk1.genblk1.lut1.genblk1.genblk1.genblk1.genblk1.genblk1.genblk1.genblk1.lut0.genblk1.genblk1.genblk1.genblk1.genblk1.genblk1.lut1.genblk1.genblk1.genblk1.genblk1.genblk1.lut1 (4 -> 0)
  Optimizing lut $abc$46313$lut$aiger46312$7508.genblk1.genblk1.genblk1.genblk1.genblk1.genblk1.genblk1.genblk1.lut1.genblk1.genblk1.genblk1.genblk1.genblk1.genblk1.genblk1.lut0.genblk1.genblk1.genblk1.genblk1.genblk1.genblk1.lut1.genblk1.genblk1.genblk1.genblk1.genblk1.lut1 (4 -> 0)
  Optimizing lut $abc$46313$lut$aiger46312$7492.genblk1.genblk1.genblk1.genblk1.genblk1.genblk1.genblk1.genblk1.lut1.genblk1.genblk1.genblk1.genblk1.genblk1.genblk1.genblk1.lut0.genblk1.genblk1.genblk1.genblk1.genblk1.genblk1.lut1.genblk1.genblk1.genblk1.genblk1.genblk1.lut1 (4 -> 0)
  Optimizing lut $abc$46313$lut$aiger46312$7479.genblk1.genblk1.genblk1.genblk1.genblk1.genblk1.genblk1.genblk1.lut1.genblk1.genblk1.genblk1.genblk1.genblk1.genblk1.genblk1.lut0.genblk1.genblk1.genblk1.genblk1.genblk1.genblk1.lut1.genblk1.genblk1.genblk1.genblk1.genblk1.lut1 (4 -> 0)
  Optimizing lut $abc$46313$lut$aiger46312$7704.genblk1.genblk1.genblk1.genblk1.genblk1.genblk1.genblk1.genblk1.lut1.genblk1.genblk1.genblk1.genblk1.genblk1.genblk1.genblk1.lut0.genblk1.genblk1.genblk1.genblk1.genblk1.genblk1.lut1.genblk1.genblk1.genblk1.genblk1.genblk1.lut1 (4 -> 1)
  Optimizing lut $abc$46313$lut$aiger46312$7669.genblk1.genblk1.genblk1.genblk1.genblk1.genblk1.genblk1.genblk1.lut1.genblk1.genblk1.genblk1.genblk1.genblk1.genblk1.genblk1.lut0.genblk1.genblk1.genblk1.genblk1.genblk1.genblk1.lut1.genblk1.genblk1.genblk1.genblk1.genblk1.lut1 (4 -> 0)
  Optimizing lut $abc$46313$lut$aiger46312$3608.genblk1.genblk1.genblk1.genblk1.genblk1.genblk1.genblk1.genblk1.lut0.genblk1.genblk1.genblk1.genblk1.genblk1.genblk1.genblk1.lut0.genblk1.genblk1.genblk1.genblk1.genblk1.genblk1.lut1.genblk1.genblk1.genblk1.genblk1.genblk1.lut1 (4 -> 0)
  Optimizing lut $abc$46313$lut$aiger46312$3623.genblk1.genblk1.genblk1.genblk1.genblk1.genblk1.genblk1.genblk1.lut0.genblk1.genblk1.genblk1.genblk1.genblk1.genblk1.genblk1.lut0.genblk1.genblk1.genblk1.genblk1.genblk1.genblk1.lut1.genblk1.genblk1.genblk1.genblk1.genblk1.lut1 (4 -> 1)
  Optimizing lut $abc$46313$lut$aiger46312$3638.genblk1.genblk1.genblk1.genblk1.genblk1.genblk1.genblk1.genblk1.lut0.genblk1.genblk1.genblk1.genblk1.genblk1.genblk1.genblk1.lut0.genblk1.genblk1.genblk1.genblk1.genblk1.genblk1.lut1.genblk1.genblk1.genblk1.genblk1.genblk1.lut1 (4 -> 0)
  Optimizing lut $abc$46313$lut$aiger46312$3653.genblk1.genblk1.genblk1.genblk1.genblk1.genblk1.genblk1.genblk1.lut0.genblk1.genblk1.genblk1.genblk1.genblk1.genblk1.genblk1.lut0.genblk1.genblk1.genblk1.genblk1.genblk1.genblk1.lut1.genblk1.genblk1.genblk1.genblk1.genblk1.lut1 (4 -> 0)
  Optimizing lut $abc$46313$lut$aiger46312$3653.genblk1.genblk1.genblk1.genblk1.genblk1.genblk1.genblk1.genblk1.lut1.genblk1.genblk1.genblk1.genblk1.genblk1.genblk1.genblk1.lut0.genblk1.genblk1.genblk1.genblk1.genblk1.genblk1.lut1.genblk1.genblk1.genblk1.genblk1.genblk1.lut1 (4 -> 0)
  Optimizing lut $abc$46313$lut$aiger46312$3669.genblk1.genblk1.genblk1.genblk1.genblk1.genblk1.genblk1.genblk1.lut0.genblk1.genblk1.genblk1.genblk1.genblk1.genblk1.genblk1.lut0.genblk1.genblk1.genblk1.genblk1.genblk1.genblk1.lut1.genblk1.genblk1.genblk1.genblk1.genblk1.lut1 (4 -> 0)
  Optimizing lut $abc$46313$lut$aiger46312$3682.genblk1.genblk1.genblk1.genblk1.genblk1.genblk1.genblk1.genblk1.lut0.genblk1.genblk1.genblk1.genblk1.genblk1.genblk1.genblk1.lut0.genblk1.genblk1.genblk1.genblk1.genblk1.genblk1.lut1.genblk1.genblk1.genblk1.genblk1.genblk1.lut1 (4 -> 0)
  Optimizing lut $abc$46313$lut$aiger46312$3695.genblk1.genblk1.genblk1.genblk1.genblk1.genblk1.genblk1.genblk1.lut0.genblk1.genblk1.genblk1.genblk1.genblk1.genblk1.genblk1.lut0.genblk1.genblk1.genblk1.genblk1.genblk1.genblk1.lut1.genblk1.genblk1.genblk1.genblk1.genblk1.lut1 (4 -> 1)
  Optimizing lut $abc$46313$lut$aiger46312$11571.genblk1.genblk1.genblk1.genblk1.genblk1.lut1 (4 -> 3)
  Optimizing lut $abc$46313$lut$aiger46312$13662.genblk1.genblk1.genblk1.genblk1.genblk1.lut0 (4 -> 0)
  Optimizing lut $auto$abc_ops_reintegrate.cc:611:reintegrate$46434.genblk1.genblk1.genblk1.genblk1.genblk1.lut0 (4 -> 3)
  Optimizing lut $abc$46313$lut$aiger46312$3711.genblk1.genblk1.genblk1.genblk1.genblk1.genblk1.genblk1.genblk1.lut1.genblk1.genblk1.genblk1.genblk1.genblk1.genblk1.genblk1.lut0.genblk1.genblk1.genblk1.genblk1.genblk1.genblk1.lut1.genblk1.genblk1.genblk1.genblk1.genblk1.lut1 (4 -> 0)
  Optimizing lut $abc$46313$lut$aiger46312$3765.genblk1.genblk1.genblk1.genblk1.genblk1.genblk1.genblk1.genblk1.lut0.genblk1.genblk1.genblk1.genblk1.genblk1.genblk1.genblk1.lut0.genblk1.genblk1.genblk1.genblk1.genblk1.genblk1.lut1.genblk1.genblk1.genblk1.genblk1.genblk1.lut1 (4 -> 0)
  Optimizing lut $abc$46313$lut$aiger46312$3778.genblk1.genblk1.genblk1.genblk1.genblk1.genblk1.genblk1.genblk1.lut0.genblk1.genblk1.genblk1.genblk1.genblk1.genblk1.genblk1.lut0.genblk1.genblk1.genblk1.genblk1.genblk1.genblk1.lut1.genblk1.genblk1.genblk1.genblk1.genblk1.lut1 (4 -> 1)
  Optimizing lut $abc$46313$lut$aiger46312$3794.genblk1.genblk1.genblk1.genblk1.genblk1.genblk1.genblk1.genblk1.lut0.genblk1.genblk1.genblk1.genblk1.genblk1.genblk1.genblk1.lut0.genblk1.genblk1.genblk1.genblk1.genblk1.genblk1.lut1.genblk1.genblk1.genblk1.genblk1.genblk1.lut1 (4 -> 0)
  Optimizing lut $abc$46313$lut$aiger46312$3810.genblk1.genblk1.genblk1.genblk1.genblk1.genblk1.genblk1.genblk1.lut0.genblk1.genblk1.genblk1.genblk1.genblk1.genblk1.genblk1.lut0.genblk1.genblk1.genblk1.genblk1.genblk1.genblk1.lut1.genblk1.genblk1.genblk1.genblk1.genblk1.lut1 (4 -> 0)
  Optimizing lut $abc$46313$lut$aiger46312$3887.genblk1.genblk1.genblk1.genblk1.genblk1.genblk1.genblk1.genblk1.lut1.genblk1.genblk1.genblk1.genblk1.genblk1.genblk1.genblk1.lut1.genblk1.genblk1.genblk1.genblk1.genblk1.genblk1.lut1.genblk1.genblk1.genblk1.genblk1.genblk1.lut1 (4 -> 0)
  Optimizing lut $abc$46313$lut$aiger46312$3827.genblk1.genblk1.genblk1.genblk1.genblk1.genblk1.genblk1.genblk1.lut0.genblk1.genblk1.genblk1.genblk1.genblk1.genblk1.genblk1.lut0.genblk1.genblk1.genblk1.genblk1.genblk1.genblk1.lut1.genblk1.genblk1.genblk1.genblk1.genblk1.lut1 (4 -> 1)
  Optimizing lut $abc$46313$lut$aiger46312$3843.genblk1.genblk1.genblk1.genblk1.genblk1.genblk1.genblk1.genblk1.lut0.genblk1.genblk1.genblk1.genblk1.genblk1.genblk1.genblk1.lut0.genblk1.genblk1.genblk1.genblk1.genblk1.genblk1.lut1.genblk1.genblk1.genblk1.genblk1.genblk1.lut1 (4 -> 0)
  Optimizing lut $abc$46313$lut$aiger46312$3856.genblk1.genblk1.genblk1.genblk1.genblk1.genblk1.genblk1.genblk1.lut0.genblk1.genblk1.genblk1.genblk1.genblk1.genblk1.genblk1.lut0.genblk1.genblk1.genblk1.genblk1.genblk1.genblk1.lut1.genblk1.genblk1.genblk1.genblk1.genblk1.lut1 (4 -> 0)
  Optimizing lut $abc$46313$lut$aiger46312$3872.genblk1.genblk1.genblk1.genblk1.genblk1.genblk1.genblk1.genblk1.lut0.genblk1.genblk1.genblk1.genblk1.genblk1.genblk1.genblk1.lut0.genblk1.genblk1.genblk1.genblk1.genblk1.genblk1.lut1.genblk1.genblk1.genblk1.genblk1.genblk1.lut1 (4 -> 0)
  Optimizing lut $abc$46313$lut$aiger46312$3887.genblk1.genblk1.genblk1.genblk1.genblk1.genblk1.genblk1.genblk1.lut0.genblk1.genblk1.genblk1.genblk1.genblk1.genblk1.genblk1.lut0.genblk1.genblk1.genblk1.genblk1.genblk1.genblk1.lut1.genblk1.genblk1.genblk1.genblk1.genblk1.lut1 (4 -> 0)
  Optimizing lut $abc$46313$lut$aiger46312$3904.genblk1.genblk1.genblk1.genblk1.genblk1.genblk1.genblk1.genblk1.lut1.genblk1.genblk1.genblk1.genblk1.genblk1.genblk1.genblk1.lut1.genblk1.genblk1.genblk1.genblk1.genblk1.genblk1.lut1.genblk1.genblk1.genblk1.genblk1.genblk1.lut1 (4 -> 1)
  Optimizing lut $abc$46313$lut$aiger46312$3904.genblk1.genblk1.genblk1.genblk1.genblk1.genblk1.genblk1.genblk1.lut0.genblk1.genblk1.genblk1.genblk1.genblk1.genblk1.genblk1.lut0.genblk1.genblk1.genblk1.genblk1.genblk1.genblk1.lut1.genblk1.genblk1.genblk1.genblk1.genblk1.lut1 (4 -> 2)
  Optimizing lut $abc$46313$lut$aiger46312$3917.genblk1.genblk1.genblk1.genblk1.genblk1.genblk1.genblk1.lut0.genblk1.genblk1.genblk1.genblk1.genblk1.genblk1.lut1.genblk1.genblk1.genblk1.genblk1.genblk1.lut1 (4 -> 2)
  Optimizing lut $abc$46313$lut$aiger46312$3934.genblk1.genblk1.genblk1.genblk1.genblk1.genblk1.genblk1.genblk1.lut0.genblk1.genblk1.genblk1.genblk1.genblk1.genblk1.genblk1.lut0.genblk1.genblk1.genblk1.genblk1.genblk1.genblk1.lut1.genblk1.genblk1.genblk1.genblk1.genblk1.lut1 (4 -> 0)
  Optimizing lut $abc$46313$lut$aiger46312$3941.genblk1.genblk1.genblk1.genblk1.genblk1.genblk1.lut1.genblk1.genblk1.genblk1.genblk1.genblk1.lut1 (4 -> 3)
  Optimizing lut $abc$46313$lut$aiger46312$3953.genblk1.genblk1.genblk1.genblk1.genblk1.genblk1.genblk1.genblk1.lut0.genblk1.genblk1.genblk1.genblk1.genblk1.genblk1.genblk1.lut0.genblk1.genblk1.genblk1.genblk1.genblk1.genblk1.lut1.genblk1.genblk1.genblk1.genblk1.genblk1.lut1 (4 -> 1)
  Optimizing lut $abc$46313$lut$aiger46312$3962.genblk1.genblk1.genblk1.genblk1.genblk1.genblk1.genblk1.genblk1.lut0.genblk1.genblk1.genblk1.genblk1.genblk1.genblk1.genblk1.lut0.genblk1.genblk1.genblk1.genblk1.genblk1.genblk1.lut1.genblk1.genblk1.genblk1.genblk1.genblk1.lut1 (4 -> 0)
  Optimizing lut $abc$46313$lut$aiger46312$3968.genblk1.genblk1.genblk1.genblk1.genblk1.genblk1.lut1.genblk1.genblk1.genblk1.genblk1.genblk1.lut1 (4 -> 3)
  Optimizing lut $abc$46313$lut$aiger46312$3982.genblk1.genblk1.genblk1.genblk1.genblk1.genblk1.genblk1.genblk1.lut0.genblk1.genblk1.genblk1.genblk1.genblk1.genblk1.genblk1.lut0.genblk1.genblk1.genblk1.genblk1.genblk1.genblk1.lut1.genblk1.genblk1.genblk1.genblk1.genblk1.lut1 (4 -> 0)
  Optimizing lut $abc$46313$lut$aiger46312$3991.genblk1.genblk1.genblk1.genblk1.genblk1.genblk1.genblk1.genblk1.lut0.genblk1.genblk1.genblk1.genblk1.genblk1.genblk1.genblk1.lut0.genblk1.genblk1.genblk1.genblk1.genblk1.genblk1.lut1.genblk1.genblk1.genblk1.genblk1.genblk1.lut1 (4 -> 0)
  Optimizing lut $abc$46313$lut$aiger46312$3872.genblk1.genblk1.genblk1.genblk1.genblk1.genblk1.genblk1.genblk1.lut1.genblk1.genblk1.genblk1.genblk1.genblk1.genblk1.genblk1.lut0.genblk1.genblk1.genblk1.genblk1.genblk1.genblk1.lut1.genblk1.genblk1.genblk1.genblk1.genblk1.lut1 (4 -> 0)
  Optimizing lut $abc$46313$lut$aiger46312$3934.genblk1.genblk1.genblk1.genblk1.genblk1.genblk1.genblk1.genblk1.lut1.genblk1.genblk1.genblk1.genblk1.genblk1.genblk1.genblk1.lut0.genblk1.genblk1.genblk1.genblk1.genblk1.genblk1.lut1.genblk1.genblk1.genblk1.genblk1.genblk1.lut1 (4 -> 0)
  Optimizing lut $abc$46313$lut$aiger46312$4182.genblk1.genblk1.genblk1.genblk1.genblk1.genblk1.genblk1.genblk1.lut1.genblk1.genblk1.genblk1.genblk1.genblk1.genblk1.genblk1.lut1.genblk1.genblk1.genblk1.genblk1.genblk1.genblk1.lut1.genblk1.genblk1.genblk1.genblk1.genblk1.lut1 (4 -> 3)
  Optimizing lut $abc$46313$lut$aiger46312$3810.genblk1.genblk1.genblk1.genblk1.genblk1.genblk1.genblk1.genblk1.lut1.genblk1.genblk1.genblk1.genblk1.genblk1.genblk1.genblk1.lut0.genblk1.genblk1.genblk1.genblk1.genblk1.genblk1.lut1.genblk1.genblk1.genblk1.genblk1.genblk1.lut1 (4 -> 0)
  Optimizing lut $abc$46313$lut$aiger46312$4048.genblk1.genblk1.genblk1.genblk1.genblk1.genblk1.genblk1.genblk1.lut0.genblk1.genblk1.genblk1.genblk1.genblk1.genblk1.genblk1.lut0.genblk1.genblk1.genblk1.genblk1.genblk1.genblk1.lut1.genblk1.genblk1.genblk1.genblk1.genblk1.lut1 (4 -> 2)
  Optimizing lut $abc$46313$lut$aiger46312$3342.genblk1.genblk1.genblk1.genblk1.genblk1.genblk1.genblk1.genblk1.lut0.genblk1.genblk1.genblk1.genblk1.genblk1.genblk1.genblk1.lut0.genblk1.genblk1.genblk1.genblk1.genblk1.genblk1.lut1.genblk1.genblk1.genblk1.genblk1.genblk1.lut1 (4 -> 0)
  Optimizing lut $abc$46313$lut$aiger46312$3342.genblk1.genblk1.genblk1.genblk1.genblk1.genblk1.genblk1.genblk1.lut1.genblk1.genblk1.genblk1.genblk1.genblk1.genblk1.genblk1.lut0.genblk1.genblk1.genblk1.genblk1.genblk1.genblk1.lut1.genblk1.genblk1.genblk1.genblk1.genblk1.lut1 (4 -> 0)
  Optimizing lut $abc$46313$lut$aiger46312$4048.genblk1.genblk1.genblk1.genblk1.genblk1.genblk1.genblk1.genblk1.lut0.genblk1.genblk1.genblk1.genblk1.genblk1.genblk1.genblk1.lut0.genblk1.genblk1.genblk1.genblk1.genblk1.genblk1.lut0.genblk1.genblk1.genblk1.genblk1.genblk1.lut1 (4 -> 2)
  Optimizing lut $abc$46313$lut$aiger46312$4169.genblk1.genblk1.genblk1.genblk1.genblk1.genblk1.genblk1.genblk1.lut1.genblk1.genblk1.genblk1.genblk1.genblk1.genblk1.genblk1.lut1.genblk1.genblk1.genblk1.genblk1.genblk1.genblk1.lut1.genblk1.genblk1.genblk1.genblk1.genblk1.lut1 (4 -> 1)
  Optimizing lut $abc$46313$lut$aiger46312$4169.genblk1.genblk1.genblk1.genblk1.genblk1.genblk1.genblk1.genblk1.lut0.genblk1.genblk1.genblk1.genblk1.genblk1.genblk1.genblk1.lut0.genblk1.genblk1.genblk1.genblk1.genblk1.genblk1.lut1.genblk1.genblk1.genblk1.genblk1.genblk1.lut1 (4 -> 2)
  Optimizing lut $abc$46313$lut$aiger46312$4196.genblk1.genblk1.genblk1.genblk1.genblk1.genblk1.genblk1.genblk1.lut0.genblk1.genblk1.genblk1.genblk1.genblk1.genblk1.genblk1.lut0.genblk1.genblk1.genblk1.genblk1.genblk1.genblk1.lut1.genblk1.genblk1.genblk1.genblk1.genblk1.lut1 (4 -> 1)
  Optimizing lut $abc$46313$lut$aiger46312$4212.genblk1.genblk1.genblk1.genblk1.genblk1.genblk1.genblk1.genblk1.lut0.genblk1.genblk1.genblk1.genblk1.genblk1.genblk1.genblk1.lut0.genblk1.genblk1.genblk1.genblk1.genblk1.genblk1.lut1.genblk1.genblk1.genblk1.genblk1.genblk1.lut1 (4 -> 0)
  Optimizing lut $abc$46313$lut$aiger46312$4226.genblk1.genblk1.genblk1.genblk1.genblk1.genblk1.genblk1.genblk1.lut0.genblk1.genblk1.genblk1.genblk1.genblk1.genblk1.genblk1.lut0.genblk1.genblk1.genblk1.genblk1.genblk1.genblk1.lut1.genblk1.genblk1.genblk1.genblk1.genblk1.lut1 (4 -> 0)
  Optimizing lut $abc$46313$lut$aiger46312$4242.genblk1.genblk1.genblk1.genblk1.genblk1.genblk1.genblk1.genblk1.lut0.genblk1.genblk1.genblk1.genblk1.genblk1.genblk1.genblk1.lut0.genblk1.genblk1.genblk1.genblk1.genblk1.genblk1.lut1.genblk1.genblk1.genblk1.genblk1.genblk1.lut1 (4 -> 0)
  Optimizing lut $abc$46313$lut$aiger46312$4242.genblk1.genblk1.genblk1.genblk1.genblk1.genblk1.genblk1.genblk1.lut1.genblk1.genblk1.genblk1.genblk1.genblk1.genblk1.genblk1.lut0.genblk1.genblk1.genblk1.genblk1.genblk1.genblk1.lut1.genblk1.genblk1.genblk1.genblk1.genblk1.lut1 (4 -> 0)
  Optimizing lut $abc$46313$lut$aiger46312$3579.genblk1.genblk1.genblk1.genblk1.genblk1.genblk1.genblk1.lut1.genblk1.genblk1.genblk1.genblk1.genblk1.genblk1.lut1.genblk1.genblk1.genblk1.genblk1.genblk1.lut1 (4 -> 1)
  Optimizing lut $abc$46313$lut$aiger46312$4303.genblk1.genblk1.genblk1.genblk1.genblk1.genblk1.genblk1.lut0.genblk1.genblk1.genblk1.genblk1.genblk1.genblk1.lut1.genblk1.genblk1.genblk1.genblk1.genblk1.lut1 (4 -> 2)
  Optimizing lut $abc$46313$lut$aiger46312$3406.genblk1.genblk1.genblk1.genblk1.genblk1.genblk1.genblk1.genblk1.lut1.genblk1.genblk1.genblk1.genblk1.genblk1.genblk1.genblk1.lut0.genblk1.genblk1.genblk1.genblk1.genblk1.genblk1.lut1.genblk1.genblk1.genblk1.genblk1.genblk1.lut1 (4 -> 0)
  Optimizing lut $abc$46313$lut$aiger46312$4332.genblk1.genblk1.genblk1.genblk1.genblk1.genblk1.lut1.genblk1.genblk1.genblk1.genblk1.genblk1.lut1 (4 -> 3)
  Optimizing lut $abc$46313$lut$aiger46312$4362.genblk1.genblk1.genblk1.genblk1.genblk1.genblk1.genblk1.genblk1.lut1.genblk1.genblk1.genblk1.genblk1.genblk1.genblk1.genblk1.lut1.genblk1.genblk1.genblk1.genblk1.genblk1.genblk1.lut1.genblk1.genblk1.genblk1.genblk1.genblk1.lut1 (4 -> 0)
  Optimizing lut $abc$46313$lut$aiger46312$14238.genblk1.genblk1.genblk1.genblk1.genblk1.genblk1.genblk1.genblk1.lut1.genblk1.genblk1.genblk1.genblk1.genblk1.genblk1.genblk1.lut1.genblk1.genblk1.genblk1.genblk1.genblk1.genblk1.lut1.genblk1.genblk1.genblk1.genblk1.genblk1.lut1 (4 -> 0)
  Optimizing lut $abc$46313$lut$aiger46312$4395.genblk1.genblk1.genblk1.genblk1.genblk1.genblk1.genblk1.lut0.genblk1.genblk1.genblk1.genblk1.genblk1.genblk1.lut1.genblk1.genblk1.genblk1.genblk1.genblk1.lut1 (4 -> 0)
  Optimizing lut $abc$46313$lut$aiger46312$11939.genblk1.genblk1.genblk1.genblk1.genblk1.lut0 (4 -> 0)
  Optimizing lut $abc$46313$lut$aiger46312$3360.genblk1.genblk1.genblk1.genblk1.genblk1.genblk1.genblk1.genblk1.lut1.genblk1.genblk1.genblk1.genblk1.genblk1.genblk1.genblk1.lut1.genblk1.genblk1.genblk1.genblk1.genblk1.genblk1.lut1.genblk1.genblk1.genblk1.genblk1.genblk1.lut1 (4 -> 1)
  Optimizing lut $abc$46313$lut$aiger46312$4422.genblk1.genblk1.genblk1.genblk1.genblk1.genblk1.lut1.genblk1.genblk1.genblk1.genblk1.genblk1.lut1 (4 -> 3)
  Optimizing lut $abc$46313$lut$aiger46312$6783.genblk1.genblk1.genblk1.genblk1.genblk1.genblk1.genblk1.lut0.genblk1.genblk1.genblk1.genblk1.genblk1.genblk1.lut1.genblk1.genblk1.genblk1.genblk1.genblk1.lut1 (4 -> 2)
  Optimizing lut $abc$46313$lut$aiger46312$3375.genblk1.genblk1.genblk1.genblk1.genblk1.genblk1.genblk1.genblk1.lut0.genblk1.genblk1.genblk1.genblk1.genblk1.genblk1.genblk1.lut0.genblk1.genblk1.genblk1.genblk1.genblk1.genblk1.lut1.genblk1.genblk1.genblk1.genblk1.genblk1.lut1 (4 -> 0)
  Optimizing lut $abc$46313$lut$aiger46312$6340.genblk1.genblk1.genblk1.genblk1.genblk1.genblk1.genblk1.lut0.genblk1.genblk1.genblk1.genblk1.genblk1.genblk1.lut1.genblk1.genblk1.genblk1.genblk1.genblk1.lut1 (4 -> 2)
  Optimizing lut $abc$46313$lut$aiger46312$3375.genblk1.genblk1.genblk1.genblk1.genblk1.genblk1.genblk1.genblk1.lut1.genblk1.genblk1.genblk1.genblk1.genblk1.genblk1.genblk1.lut0.genblk1.genblk1.genblk1.genblk1.genblk1.genblk1.lut1.genblk1.genblk1.genblk1.genblk1.genblk1.lut1 (4 -> 1)
  Optimizing lut $abc$46313$lut$aiger$o3218.genblk1.genblk1.genblk1.genblk1.genblk1.lut1 (4 -> 2)
  Optimizing lut $abc$46313$lut$aiger46312$8121.genblk1.genblk1.genblk1.genblk1.genblk1.genblk1.genblk1.lut0.genblk1.genblk1.genblk1.genblk1.genblk1.genblk1.lut1.genblk1.genblk1.genblk1.genblk1.genblk1.lut1 (4 -> 0)
  Optimizing lut $abc$46313$lut$aiger46312$3392.genblk1.genblk1.genblk1.genblk1.genblk1.genblk1.genblk1.genblk1.lut0.genblk1.genblk1.genblk1.genblk1.genblk1.genblk1.genblk1.lut0.genblk1.genblk1.genblk1.genblk1.genblk1.genblk1.lut1.genblk1.genblk1.genblk1.genblk1.genblk1.lut1 (4 -> 0)
  Optimizing lut $abc$46313$lut$aiger46312$13611.genblk1.genblk1.genblk1.genblk1.genblk1.lut0 (4 -> 0)
  Optimizing lut $abc$46313$lut$aiger46312$3406.genblk1.genblk1.genblk1.genblk1.genblk1.genblk1.genblk1.genblk1.lut0.genblk1.genblk1.genblk1.genblk1.genblk1.genblk1.genblk1.lut0.genblk1.genblk1.genblk1.genblk1.genblk1.genblk1.lut1.genblk1.genblk1.genblk1.genblk1.genblk1.lut1 (4 -> 0)
  Optimizing lut $abc$46313$lut$aiger46312$7585.genblk1.genblk1.genblk1.genblk1.genblk1.genblk1.genblk1.genblk1.lut0.genblk1.genblk1.genblk1.genblk1.genblk1.genblk1.genblk1.lut0.genblk1.genblk1.genblk1.genblk1.genblk1.genblk1.lut1.genblk1.genblk1.genblk1.genblk1.genblk1.lut1 (4 -> 1)
  Optimizing lut $auto$abc_ops_reintegrate.cc:611:reintegrate$46346.genblk1.genblk1.genblk1.genblk1.genblk1.lut0 (4 -> 3)
  Optimizing lut $abc$46313$lut$aiger46312$3506.genblk1.genblk1.genblk1.genblk1.genblk1.genblk1.genblk1.genblk1.lut1.genblk1.genblk1.genblk1.genblk1.genblk1.genblk1.genblk1.lut1.genblk1.genblk1.genblk1.genblk1.genblk1.genblk1.lut1.genblk1.genblk1.genblk1.genblk1.genblk1.lut1 (4 -> 1)
  Optimizing lut $abc$46313$lut$aiger46312$3451.genblk1.genblk1.genblk1.genblk1.genblk1.genblk1.genblk1.genblk1.lut0.genblk1.genblk1.genblk1.genblk1.genblk1.genblk1.genblk1.lut0.genblk1.genblk1.genblk1.genblk1.genblk1.genblk1.lut1.genblk1.genblk1.genblk1.genblk1.genblk1.lut1 (4 -> 0)
  Optimizing lut $abc$46313$lut$aiger46312$3810.genblk1.genblk1.genblk1.genblk1.genblk1.genblk1.genblk1.genblk1.lut0.genblk1.genblk1.genblk1.genblk1.genblk1.genblk1.genblk1.lut0.genblk1.genblk1.genblk1.genblk1.genblk1.genblk1.lut0.genblk1.genblk1.genblk1.genblk1.genblk1.lut1 (4 -> 1)
  Optimizing lut $abc$46313$lut$aiger46312$3464.genblk1.genblk1.genblk1.genblk1.genblk1.genblk1.genblk1.genblk1.lut0.genblk1.genblk1.genblk1.genblk1.genblk1.genblk1.genblk1.lut0.genblk1.genblk1.genblk1.genblk1.genblk1.genblk1.lut1.genblk1.genblk1.genblk1.genblk1.genblk1.lut1 (4 -> 1)
  Optimizing lut $abc$46313$lut$aiger46312$3480.genblk1.genblk1.genblk1.genblk1.genblk1.genblk1.genblk1.genblk1.lut0.genblk1.genblk1.genblk1.genblk1.genblk1.genblk1.genblk1.lut0.genblk1.genblk1.genblk1.genblk1.genblk1.genblk1.lut1.genblk1.genblk1.genblk1.genblk1.genblk1.lut1 (4 -> 0)
  Optimizing lut $abc$46313$lut$aiger46312$4453.genblk1.genblk1.genblk1.genblk1.genblk1.genblk1.genblk1.genblk1.lut0.genblk1.genblk1.genblk1.genblk1.genblk1.genblk1.genblk1.lut0.genblk1.genblk1.genblk1.genblk1.genblk1.genblk1.lut1.genblk1.genblk1.genblk1.genblk1.genblk1.lut1 (4 -> 2)
  Optimizing lut $abc$46313$lut$aiger46312$6728.genblk1.genblk1.genblk1.genblk1.genblk1.genblk1.genblk1.genblk1.lut1.genblk1.genblk1.genblk1.genblk1.genblk1.genblk1.genblk1.lut1.genblk1.genblk1.genblk1.genblk1.genblk1.genblk1.lut1.genblk1.genblk1.genblk1.genblk1.genblk1.lut1 (4 -> 0)
  Optimizing lut $abc$46313$lut$aiger46312$3493.genblk1.genblk1.genblk1.genblk1.genblk1.genblk1.genblk1.genblk1.lut0.genblk1.genblk1.genblk1.genblk1.genblk1.genblk1.genblk1.lut0.genblk1.genblk1.genblk1.genblk1.genblk1.genblk1.lut1.genblk1.genblk1.genblk1.genblk1.genblk1.lut1 (4 -> 0)
  Optimizing lut $abc$46313$lut$aiger46312$3506.genblk1.genblk1.genblk1.genblk1.genblk1.genblk1.genblk1.genblk1.lut0.genblk1.genblk1.genblk1.genblk1.genblk1.genblk1.genblk1.lut0.genblk1.genblk1.genblk1.genblk1.genblk1.genblk1.lut1.genblk1.genblk1.genblk1.genblk1.genblk1.lut1 (4 -> 2)
  Optimizing lut $abc$46313$lut$aiger46312$7598.genblk1.genblk1.genblk1.genblk1.genblk1.genblk1.genblk1.genblk1.lut0.genblk1.genblk1.genblk1.genblk1.genblk1.genblk1.genblk1.lut0.genblk1.genblk1.genblk1.genblk1.genblk1.genblk1.lut1.genblk1.genblk1.genblk1.genblk1.genblk1.lut1 (4 -> 0)
  Optimizing lut $abc$46313$lut$aiger46312$4466.genblk1.genblk1.genblk1.genblk1.genblk1.genblk1.genblk1.genblk1.lut0.genblk1.genblk1.genblk1.genblk1.genblk1.genblk1.genblk1.lut0.genblk1.genblk1.genblk1.genblk1.genblk1.genblk1.lut1.genblk1.genblk1.genblk1.genblk1.genblk1.lut1 (4 -> 2)
  Optimizing lut $abc$46313$lut$aiger46312$3520.genblk1.genblk1.genblk1.genblk1.genblk1.genblk1.genblk1.genblk1.lut0.genblk1.genblk1.genblk1.genblk1.genblk1.genblk1.genblk1.lut0.genblk1.genblk1.genblk1.genblk1.genblk1.genblk1.lut1.genblk1.genblk1.genblk1.genblk1.genblk1.lut1 (4 -> 0)
  Optimizing lut $abc$46313$lut$aiger46312$3532.genblk1.genblk1.genblk1.genblk1.genblk1.genblk1.genblk1.genblk1.lut0.genblk1.genblk1.genblk1.genblk1.genblk1.genblk1.genblk1.lut0.genblk1.genblk1.genblk1.genblk1.genblk1.genblk1.lut1.genblk1.genblk1.genblk1.genblk1.genblk1.lut1 (4 -> 1)
  Optimizing lut $abc$46313$lut$aiger46312$4481.genblk1.genblk1.genblk1.genblk1.genblk1.genblk1.genblk1.genblk1.lut0.genblk1.genblk1.genblk1.genblk1.genblk1.genblk1.genblk1.lut0.genblk1.genblk1.genblk1.genblk1.genblk1.genblk1.lut1.genblk1.genblk1.genblk1.genblk1.genblk1.lut1 (4 -> 1)
  Optimizing lut $abc$46313$lut$aiger46312$6367.genblk1.genblk1.genblk1.genblk1.genblk1.genblk1.lut1.genblk1.genblk1.genblk1.genblk1.genblk1.lut1 (4 -> 3)
  Optimizing lut $abc$46313$lut$aiger46312$6380.genblk1.genblk1.genblk1.genblk1.genblk1.genblk1.genblk1.genblk1.lut0.genblk1.genblk1.genblk1.genblk1.genblk1.genblk1.genblk1.lut0.genblk1.genblk1.genblk1.genblk1.genblk1.genblk1.lut1.genblk1.genblk1.genblk1.genblk1.genblk1.lut1 (4 -> 2)
  Optimizing lut $abc$46313$lut$aiger46312$3547.genblk1.genblk1.genblk1.genblk1.genblk1.genblk1.genblk1.genblk1.lut0.genblk1.genblk1.genblk1.genblk1.genblk1.genblk1.genblk1.lut0.genblk1.genblk1.genblk1.genblk1.genblk1.genblk1.lut1.genblk1.genblk1.genblk1.genblk1.genblk1.lut1 (4 -> 0)
  Optimizing lut $abc$46313$lut$aiger46312$3563.genblk1.genblk1.genblk1.genblk1.genblk1.genblk1.genblk1.genblk1.lut0.genblk1.genblk1.genblk1.genblk1.genblk1.genblk1.genblk1.lut0.genblk1.genblk1.genblk1.genblk1.genblk1.genblk1.lut1.genblk1.genblk1.genblk1.genblk1.genblk1.lut1 (4 -> 0)
  Optimizing lut $abc$46313$lut$aiger46312$4494.genblk1.genblk1.genblk1.genblk1.genblk1.genblk1.genblk1.genblk1.lut0.genblk1.genblk1.genblk1.genblk1.genblk1.genblk1.genblk1.lut0.genblk1.genblk1.genblk1.genblk1.genblk1.genblk1.lut1.genblk1.genblk1.genblk1.genblk1.genblk1.lut1 (4 -> 0)
  Optimizing lut $abc$46313$lut$aiger46312$3563.genblk1.genblk1.genblk1.genblk1.genblk1.genblk1.genblk1.genblk1.lut1.genblk1.genblk1.genblk1.genblk1.genblk1.genblk1.genblk1.lut0.genblk1.genblk1.genblk1.genblk1.genblk1.genblk1.lut1.genblk1.genblk1.genblk1.genblk1.genblk1.lut1 (4 -> 0)
  Optimizing lut $abc$46313$lut$aiger46312$6829.genblk1.genblk1.genblk1.genblk1.genblk1.genblk1.genblk1.genblk1.lut1.genblk1.genblk1.genblk1.genblk1.genblk1.genblk1.genblk1.lut1.genblk1.genblk1.genblk1.genblk1.genblk1.genblk1.lut1.genblk1.genblk1.genblk1.genblk1.genblk1.lut1 (4 -> 2)
  Optimizing lut $abc$46313$lut$aiger46312$14238.genblk1.genblk1.genblk1.genblk1.genblk1.genblk1.genblk1.genblk1.lut1.genblk1.genblk1.genblk1.genblk1.genblk1.genblk1.genblk1.lut0.genblk1.genblk1.genblk1.genblk1.genblk1.genblk1.lut1.genblk1.genblk1.genblk1.genblk1.genblk1.lut1 (4 -> 2)
  Optimizing lut $abc$46313$lut$aiger46312$7409.genblk1.genblk1.genblk1.genblk1.genblk1.genblk1.lut1.genblk1.genblk1.genblk1.genblk1.genblk1.lut0 (4 -> 3)
  Optimizing lut $abc$46313$lut$aiger46312$3579.genblk1.genblk1.genblk1.genblk1.genblk1.genblk1.genblk1.lut0.genblk1.genblk1.genblk1.genblk1.genblk1.genblk1.lut1.genblk1.genblk1.genblk1.genblk1.genblk1.lut1 (4 -> 2)
  Optimizing lut $abc$46313$lut$aiger46312$4509.genblk1.genblk1.genblk1.genblk1.genblk1.genblk1.genblk1.genblk1.lut0.genblk1.genblk1.genblk1.genblk1.genblk1.genblk1.genblk1.lut0.genblk1.genblk1.genblk1.genblk1.genblk1.genblk1.lut1.genblk1.genblk1.genblk1.genblk1.genblk1.lut1 (4 -> 0)
  Optimizing lut $abc$46313$lut$aiger46312$13525.genblk1.genblk1.genblk1.genblk1.genblk1.lut0 (4 -> 0)
  Optimizing lut $abc$46313$lut$aiger46312$7613.genblk1.genblk1.genblk1.genblk1.genblk1.genblk1.genblk1.genblk1.lut0.genblk1.genblk1.genblk1.genblk1.genblk1.genblk1.genblk1.lut0.genblk1.genblk1.genblk1.genblk1.genblk1.genblk1.lut1.genblk1.genblk1.genblk1.genblk1.genblk1.lut1 (4 -> 0)
  Optimizing lut $abc$46313$lut$aiger46312$13518.genblk1.genblk1.genblk1.genblk1.genblk1.lut0 (4 -> 0)
  Optimizing lut $abc$46313$lut$aiger46312$4522.genblk1.genblk1.genblk1.genblk1.genblk1.genblk1.genblk1.genblk1.lut0.genblk1.genblk1.genblk1.genblk1.genblk1.genblk1.genblk1.lut0.genblk1.genblk1.genblk1.genblk1.genblk1.genblk1.lut1.genblk1.genblk1.genblk1.genblk1.genblk1.lut1 (4 -> 0)
  Optimizing lut $abc$46313$lut$aiger46312$7628.genblk1.genblk1.genblk1.genblk1.genblk1.genblk1.genblk1.genblk1.lut0.genblk1.genblk1.genblk1.genblk1.genblk1.genblk1.genblk1.lut0.genblk1.genblk1.genblk1.genblk1.genblk1.genblk1.lut1.genblk1.genblk1.genblk1.genblk1.genblk1.lut1 (4 -> 0)
  Optimizing lut $abc$46313$lut$aiger46312$6829.genblk1.genblk1.genblk1.genblk1.genblk1.genblk1.genblk1.genblk1.lut1.genblk1.genblk1.genblk1.genblk1.genblk1.genblk1.genblk1.lut0.genblk1.genblk1.genblk1.genblk1.genblk1.genblk1.lut1.genblk1.genblk1.genblk1.genblk1.genblk1.lut1 (4 -> 3)
  Optimizing lut $abc$46313$lut$aiger46312$6340.genblk1.genblk1.genblk1.genblk1.genblk1.genblk1.genblk1.lut0.genblk1.genblk1.genblk1.genblk1.genblk1.genblk1.lut0.genblk1.genblk1.genblk1.genblk1.genblk1.lut1 (4 -> 2)
  Optimizing lut $abc$46313$lut$aiger$o3214.genblk1.genblk1.genblk1.genblk1.genblk1.lut1 (4 -> 0)
  Optimizing lut $abc$46313$lut$aiger46312$4048.genblk1.genblk1.genblk1.genblk1.genblk1.genblk1.genblk1.genblk1.lut1.genblk1.genblk1.genblk1.genblk1.genblk1.genblk1.genblk1.lut1.genblk1.genblk1.genblk1.genblk1.genblk1.genblk1.lut1.genblk1.genblk1.genblk1.genblk1.genblk1.lut1 (4 -> 1)
  Optimizing lut $abc$46313$lut$aiger46312$6411.genblk1.genblk1.genblk1.genblk1.genblk1.genblk1.genblk1.genblk1.lut0.genblk1.genblk1.genblk1.genblk1.genblk1.genblk1.genblk1.lut0.genblk1.genblk1.genblk1.genblk1.genblk1.genblk1.lut1.genblk1.genblk1.genblk1.genblk1.genblk1.lut1 (4 -> 2)
  Optimizing lut $abc$46313$lut$aiger46312$5291.genblk1.genblk1.genblk1.genblk1.genblk1.genblk1.lut1.genblk1.genblk1.genblk1.genblk1.genblk1.lut0 (4 -> 0)
  Optimizing lut $abc$46313$lut$aiger46312$6316.genblk1.genblk1.genblk1.genblk1.genblk1.lut1 (4 -> 1)
  Optimizing lut $abc$46313$lut$aiger46312$4535.genblk1.genblk1.genblk1.genblk1.genblk1.genblk1.genblk1.lut0.genblk1.genblk1.genblk1.genblk1.genblk1.genblk1.lut1.genblk1.genblk1.genblk1.genblk1.genblk1.lut1 (4 -> 2)
  Optimizing lut $abc$46313$lut$aiger46312$4570.genblk1.genblk1.genblk1.genblk1.genblk1.genblk1.genblk1.lut0.genblk1.genblk1.genblk1.genblk1.genblk1.genblk1.lut1.genblk1.genblk1.genblk1.genblk1.genblk1.lut1 (4 -> 3)
  Optimizing lut $abc$46313$lut$aiger46312$7628.genblk1.genblk1.genblk1.genblk1.genblk1.genblk1.genblk1.genblk1.lut1.genblk1.genblk1.genblk1.genblk1.genblk1.genblk1.genblk1.lut0.genblk1.genblk1.genblk1.genblk1.genblk1.genblk1.lut1.genblk1.genblk1.genblk1.genblk1.genblk1.lut1 (4 -> 1)
  Optimizing lut $abc$46313$lut$aiger46312$4609.genblk1.genblk1.genblk1.genblk1.genblk1.genblk1.genblk1.genblk1.lut1.genblk1.genblk1.genblk1.genblk1.genblk1.genblk1.genblk1.lut1.genblk1.genblk1.genblk1.genblk1.genblk1.genblk1.lut1.genblk1.genblk1.genblk1.genblk1.genblk1.lut1 (4 -> 1)
  Optimizing lut $abc$46313$lut$aiger46312$13474.genblk1.genblk1.genblk1.genblk1.genblk1.lut0 (4 -> 0)
  Optimizing lut $abc$46313$lut$aiger46312$9911.genblk1.genblk1.genblk1.genblk1.genblk1.genblk1.genblk1.lut0.genblk1.genblk1.genblk1.genblk1.genblk1.genblk1.lut1.genblk1.genblk1.genblk1.genblk1.genblk1.lut1 (4 -> 3)
  Optimizing lut $abc$46313$lut$aiger46312$13467.genblk1.genblk1.genblk1.genblk1.genblk1.lut0 (4 -> 0)
  Optimizing lut $abc$46313$lut$aiger46312$6424.genblk1.genblk1.genblk1.genblk1.genblk1.genblk1.genblk1.genblk1.lut1.genblk1.genblk1.genblk1.genblk1.genblk1.genblk1.genblk1.lut1.genblk1.genblk1.genblk1.genblk1.genblk1.genblk1.lut1.genblk1.genblk1.genblk1.genblk1.genblk1.lut1 (4 -> 1)
  Optimizing lut $abc$46313$lut$aiger46312$8809.genblk1.genblk1.genblk1.genblk1.genblk1.lut1 (4 -> 2)
  Optimizing lut $abc$46313$lut$aiger46312$7649.genblk1.genblk1.genblk1.genblk1.genblk1.genblk1.lut1.genblk1.genblk1.genblk1.genblk1.genblk1.lut1 (4 -> 3)
  Optimizing lut $abc$46313$lut$aiger$o3124.genblk1.genblk1.genblk1.genblk1.genblk1.lut1 (4 -> 2)
  Optimizing lut $abc$46313$lut$aiger46312$4609.genblk1.genblk1.genblk1.genblk1.genblk1.genblk1.genblk1.genblk1.lut0.genblk1.genblk1.genblk1.genblk1.genblk1.genblk1.genblk1.lut0.genblk1.genblk1.genblk1.genblk1.genblk1.genblk1.lut1.genblk1.genblk1.genblk1.genblk1.genblk1.lut1 (4 -> 2)
  Optimizing lut $abc$46313$lut$aiger$o4556.genblk1.genblk1.genblk1.genblk1.genblk1.lut0 (4 -> 2)
  Optimizing lut $abc$46313$lut$aiger46312$6424.genblk1.genblk1.genblk1.genblk1.genblk1.genblk1.genblk1.genblk1.lut0.genblk1.genblk1.genblk1.genblk1.genblk1.genblk1.genblk1.lut0.genblk1.genblk1.genblk1.genblk1.genblk1.genblk1.lut1.genblk1.genblk1.genblk1.genblk1.genblk1.lut1 (4 -> 2)
  Optimizing lut $abc$46313$lut$aiger46312$7649.genblk1.genblk1.genblk1.genblk1.genblk1.genblk1.lut1.genblk1.genblk1.genblk1.genblk1.genblk1.lut0 (4 -> 0)
  Optimizing lut $abc$46313$lut$aiger46312$9654.genblk1.genblk1.genblk1.genblk1.genblk1.genblk1.lut1.genblk1.genblk1.genblk1.genblk1.genblk1.lut1 (4 -> 0)
  Optimizing lut $abc$46313$lut$aiger46312$12814.genblk1.genblk1.genblk1.genblk1.genblk1.lut0 (4 -> 0)
  Optimizing lut $abc$46313$lut$aiger46312$7409.genblk1.genblk1.genblk1.genblk1.genblk1.genblk1.lut1.genblk1.genblk1.genblk1.genblk1.genblk1.lut1 (4 -> 2)
  Optimizing lut $abc$46313$lut$aiger46312$8782.genblk1.genblk1.genblk1.genblk1.genblk1.lut0 (4 -> 3)
  Optimizing lut $abc$46313$lut$aiger46312$6380.genblk1.genblk1.genblk1.genblk1.genblk1.genblk1.genblk1.genblk1.lut1.genblk1.genblk1.genblk1.genblk1.genblk1.genblk1.genblk1.lut1.genblk1.genblk1.genblk1.genblk1.genblk1.genblk1.lut1.genblk1.genblk1.genblk1.genblk1.genblk1.lut1 (4 -> 1)
  Optimizing lut $abc$46313$lut$aiger46312$5366.genblk1.genblk1.genblk1.genblk1.genblk1.lut0 (4 -> 0)
  Optimizing lut $abc$46313$lut$aiger46312$7428.genblk1.genblk1.genblk1.genblk1.genblk1.genblk1.genblk1.genblk1.lut1.genblk1.genblk1.genblk1.genblk1.genblk1.genblk1.genblk1.lut1.genblk1.genblk1.genblk1.genblk1.genblk1.genblk1.lut1.genblk1.genblk1.genblk1.genblk1.genblk1.lut1 (4 -> 0)
  Optimizing lut $abc$46313$lut$aiger$o4545.genblk1.genblk1.genblk1.genblk1.genblk1.lut1 (4 -> 3)
  Optimizing lut $abc$46313$lut$aiger46312$7669.genblk1.genblk1.genblk1.genblk1.genblk1.genblk1.genblk1.genblk1.lut0.genblk1.genblk1.genblk1.genblk1.genblk1.genblk1.genblk1.lut0.genblk1.genblk1.genblk1.genblk1.genblk1.genblk1.lut1.genblk1.genblk1.genblk1.genblk1.genblk1.lut1 (4 -> 0)
  Optimizing lut $abc$46313$lut$aiger46312$6459.genblk1.genblk1.genblk1.genblk1.genblk1.genblk1.genblk1.lut0.genblk1.genblk1.genblk1.genblk1.genblk1.genblk1.lut1.genblk1.genblk1.genblk1.genblk1.genblk1.lut1 (4 -> 2)
  Optimizing lut $abc$46313$lut$aiger46312$7428.genblk1.genblk1.genblk1.genblk1.genblk1.genblk1.genblk1.genblk1.lut1.genblk1.genblk1.genblk1.genblk1.genblk1.genblk1.genblk1.lut0.genblk1.genblk1.genblk1.genblk1.genblk1.genblk1.lut1.genblk1.genblk1.genblk1.genblk1.genblk1.lut1 (4 -> 3)
  Optimizing lut $abc$46313$lut$aiger46312$4651.genblk1.genblk1.genblk1.genblk1.genblk1.genblk1.genblk1.genblk1.lut0.genblk1.genblk1.genblk1.genblk1.genblk1.genblk1.genblk1.lut0.genblk1.genblk1.genblk1.genblk1.genblk1.genblk1.lut1.genblk1.genblk1.genblk1.genblk1.genblk1.lut1 (4 -> 2)
  Optimizing lut $abc$46313$lut$aiger46312$7674.genblk1.genblk1.genblk1.genblk1.genblk1.genblk1.lut1.genblk1.genblk1.genblk1.genblk1.genblk1.lut1 (4 -> 0)
  Optimizing lut $abc$46313$lut$aiger46312$7669.genblk1.genblk1.genblk1.genblk1.genblk1.genblk1.genblk1.genblk1.lut0.genblk1.genblk1.genblk1.genblk1.genblk1.genblk1.genblk1.lut0.genblk1.genblk1.genblk1.genblk1.genblk1.genblk1.lut0.genblk1.genblk1.genblk1.genblk1.genblk1.lut1 (4 -> 1)
  Optimizing lut $abc$46313$lut$aiger46312$7884.genblk1.genblk1.genblk1.genblk1.genblk1.genblk1.genblk1.genblk1.lut1.genblk1.genblk1.genblk1.genblk1.genblk1.genblk1.genblk1.lut0.genblk1.genblk1.genblk1.genblk1.genblk1.genblk1.lut1.genblk1.genblk1.genblk1.genblk1.genblk1.lut1 (4 -> 1)
  Optimizing lut $auto$abc_ops_reintegrate.cc:611:reintegrate$46376.genblk1.genblk1.genblk1.genblk1.genblk1.lut0 (4 -> 1)
  Optimizing lut $abc$46313$lut$aiger46312$5423.genblk1.genblk1.genblk1.genblk1.genblk1.lut0 (4 -> 0)
  Optimizing lut $abc$46313$lut$aiger46312$9607.genblk1.genblk1.genblk1.genblk1.genblk1.genblk1.genblk1.genblk1.lut0.genblk1.genblk1.genblk1.genblk1.genblk1.genblk1.genblk1.lut0.genblk1.genblk1.genblk1.genblk1.genblk1.genblk1.lut1.genblk1.genblk1.genblk1.genblk1.genblk1.lut1 (4 -> 3)
  Optimizing lut $abc$46313$lut$aiger46312$4196.genblk1.genblk1.genblk1.genblk1.genblk1.genblk1.genblk1.genblk1.lut1.genblk1.genblk1.genblk1.genblk1.genblk1.genblk1.genblk1.lut1.genblk1.genblk1.genblk1.genblk1.genblk1.genblk1.lut1.genblk1.genblk1.genblk1.genblk1.genblk1.lut1 (4 -> 0)
  Optimizing lut $abc$46313$lut$aiger46312$12209.genblk1.genblk1.genblk1.genblk1.genblk1.lut0 (4 -> 0)
  Optimizing lut $abc$46313$lut$aiger46312$6041.genblk1.genblk1.genblk1.genblk1.genblk1.genblk1.genblk1.lut0.genblk1.genblk1.genblk1.genblk1.genblk1.genblk1.lut1.genblk1.genblk1.genblk1.genblk1.genblk1.lut1 (4 -> 0)
  Optimizing lut $abc$46313$lut$aiger46312$7704.genblk1.genblk1.genblk1.genblk1.genblk1.genblk1.genblk1.genblk1.lut0.genblk1.genblk1.genblk1.genblk1.genblk1.genblk1.genblk1.lut0.genblk1.genblk1.genblk1.genblk1.genblk1.genblk1.lut1.genblk1.genblk1.genblk1.genblk1.genblk1.lut1 (4 -> 0)
  Optimizing lut $abc$46313$lut$aiger46312$7708.genblk1.genblk1.genblk1.genblk1.genblk1.lut0 (4 -> 0)
  Optimizing lut $abc$46313$lut$aiger46312$6048.genblk1.genblk1.genblk1.genblk1.genblk1.genblk1.lut1.genblk1.genblk1.genblk1.genblk1.genblk1.lut1 (4 -> 0)
  Optimizing lut $abc$46313$lut$aiger46312$4535.genblk1.genblk1.genblk1.genblk1.genblk1.genblk1.genblk1.lut1.genblk1.genblk1.genblk1.genblk1.genblk1.genblk1.lut1.genblk1.genblk1.genblk1.genblk1.genblk1.lut1 (4 -> 1)
  Optimizing lut $abc$46313$lut$aiger46312$7884.genblk1.genblk1.genblk1.genblk1.genblk1.genblk1.genblk1.genblk1.lut0.genblk1.genblk1.genblk1.genblk1.genblk1.genblk1.genblk1.lut0.genblk1.genblk1.genblk1.genblk1.genblk1.genblk1.lut1.genblk1.genblk1.genblk1.genblk1.genblk1.lut1 (4 -> 3)
  Optimizing lut $abc$46313$lut$aiger46312$7479.genblk1.genblk1.genblk1.genblk1.genblk1.genblk1.genblk1.genblk1.lut1.genblk1.genblk1.genblk1.genblk1.genblk1.genblk1.genblk1.lut1.genblk1.genblk1.genblk1.genblk1.genblk1.genblk1.lut1.genblk1.genblk1.genblk1.genblk1.genblk1.lut1 (4 -> 0)
  Optimizing lut $abc$46313$lut$aiger46312$6553.genblk1.genblk1.genblk1.genblk1.genblk1.genblk1.genblk1.genblk1.lut0.genblk1.genblk1.genblk1.genblk1.genblk1.genblk1.genblk1.lut0.genblk1.genblk1.genblk1.genblk1.genblk1.genblk1.lut1.genblk1.genblk1.genblk1.genblk1.genblk1.lut1 (4 -> 0)
  Optimizing lut $abc$46313$lut$aiger46312$6048.genblk1.genblk1.genblk1.genblk1.genblk1.genblk1.lut0.genblk1.genblk1.genblk1.genblk1.genblk1.lut1 (4 -> 0)
  Optimizing lut $abc$46313$lut$aiger46312$13285.genblk1.genblk1.genblk1.genblk1.genblk1.lut0 (4 -> 0)
  Optimizing lut $abc$46313$lut$aiger46312$6564.genblk1.genblk1.genblk1.genblk1.genblk1.genblk1.genblk1.genblk1.lut0.genblk1.genblk1.genblk1.genblk1.genblk1.genblk1.genblk1.lut0.genblk1.genblk1.genblk1.genblk1.genblk1.genblk1.lut1.genblk1.genblk1.genblk1.genblk1.genblk1.lut1 (4 -> 0)
  Optimizing lut $auto$abc_ops_reintegrate.cc:611:reintegrate$46369.genblk1.genblk1.genblk1.genblk1.genblk1.lut0 (4 -> 3)
  Optimizing lut $abc$46313$lut$aiger46312$6969.genblk1.genblk1.genblk1.genblk1.genblk1.genblk1.genblk1.lut0.genblk1.genblk1.genblk1.genblk1.genblk1.genblk1.lut0.genblk1.genblk1.genblk1.genblk1.genblk1.lut1 (4 -> 2)
  Optimizing lut $abc$46313$lut$aiger46312$3493.genblk1.genblk1.genblk1.genblk1.genblk1.genblk1.genblk1.genblk1.lut1.genblk1.genblk1.genblk1.genblk1.genblk1.genblk1.genblk1.lut0.genblk1.genblk1.genblk1.genblk1.genblk1.genblk1.lut1.genblk1.genblk1.genblk1.genblk1.genblk1.lut1 (4 -> 0)
  Optimizing lut $abc$46313$lut$aiger46312$4853.genblk1.genblk1.genblk1.genblk1.genblk1.genblk1.genblk1.genblk1.lut1.genblk1.genblk1.genblk1.genblk1.genblk1.genblk1.genblk1.lut1.genblk1.genblk1.genblk1.genblk1.genblk1.genblk1.lut1.genblk1.genblk1.genblk1.genblk1.genblk1.lut1 (4 -> 2)
  Optimizing lut $abc$46313$lut$aiger46312$11347.genblk1.genblk1.genblk1.genblk1.genblk1.genblk1.genblk1.genblk1.lut1.genblk1.genblk1.genblk1.genblk1.genblk1.genblk1.genblk1.lut0.genblk1.genblk1.genblk1.genblk1.genblk1.genblk1.lut1.genblk1.genblk1.genblk1.genblk1.genblk1.lut1 (4 -> 0)
  Optimizing lut $abc$46313$lut$aiger$o4545.genblk1.genblk1.genblk1.genblk1.genblk1.lut0 (4 -> 3)
  Optimizing lut $abc$46313$lut$aiger46312$6576.genblk1.genblk1.genblk1.genblk1.genblk1.genblk1.genblk1.genblk1.lut0.genblk1.genblk1.genblk1.genblk1.genblk1.genblk1.genblk1.lut0.genblk1.genblk1.genblk1.genblk1.genblk1.genblk1.lut1.genblk1.genblk1.genblk1.genblk1.genblk1.lut1 (4 -> 0)
  Optimizing lut $abc$46313$lut$aiger46312$13957.genblk1.genblk1.genblk1.genblk1.genblk1.lut0 (4 -> 0)
  Optimizing lut $abc$46313$lut$aiger46312$13950.genblk1.genblk1.genblk1.genblk1.genblk1.lut0 (4 -> 0)
  Optimizing lut $abc$46313$lut$aiger46312$11347.genblk1.genblk1.genblk1.genblk1.genblk1.genblk1.genblk1.genblk1.lut1.genblk1.genblk1.genblk1.genblk1.genblk1.genblk1.genblk1.lut1.genblk1.genblk1.genblk1.genblk1.genblk1.genblk1.lut1.genblk1.genblk1.genblk1.genblk1.genblk1.lut1 (4 -> 0)
  Optimizing lut $abc$46313$lut$aiger46312$7479.genblk1.genblk1.genblk1.genblk1.genblk1.genblk1.genblk1.genblk1.lut0.genblk1.genblk1.genblk1.genblk1.genblk1.genblk1.genblk1.lut0.genblk1.genblk1.genblk1.genblk1.genblk1.genblk1.lut1.genblk1.genblk1.genblk1.genblk1.genblk1.lut1 (4 -> 0)
  Optimizing lut $abc$46313$lut$aiger46312$3303.genblk1.genblk1.genblk1.genblk1.genblk1.genblk1.genblk1.genblk1.lut1.genblk1.genblk1.genblk1.genblk1.genblk1.genblk1.genblk1.lut1.genblk1.genblk1.genblk1.genblk1.genblk1.genblk1.lut1.genblk1.genblk1.genblk1.genblk1.genblk1.lut1 (4 -> 0)
  Optimizing lut $abc$46313$lut$aiger46312$6591.genblk1.genblk1.genblk1.genblk1.genblk1.genblk1.genblk1.genblk1.lut0.genblk1.genblk1.genblk1.genblk1.genblk1.genblk1.genblk1.lut0.genblk1.genblk1.genblk1.genblk1.genblk1.genblk1.lut1.genblk1.genblk1.genblk1.genblk1.genblk1.lut1 (4 -> 0)
  Optimizing lut $abc$46313$lut$aiger46312$4874.genblk1.genblk1.genblk1.genblk1.genblk1.genblk1.lut1.genblk1.genblk1.genblk1.genblk1.genblk1.lut1 (4 -> 1)
  Optimizing lut $abc$46313$lut$aiger46312$6126.genblk1.genblk1.genblk1.genblk1.genblk1.genblk1.genblk1.genblk1.lut1.genblk1.genblk1.genblk1.genblk1.genblk1.genblk1.genblk1.lut1.genblk1.genblk1.genblk1.genblk1.genblk1.genblk1.lut1.genblk1.genblk1.genblk1.genblk1.genblk1.lut1 (4 -> 0)
  Optimizing lut $abc$46313$lut$aiger46312$10447.genblk1.genblk1.genblk1.genblk1.genblk1.genblk1.genblk1.genblk1.lut0.genblk1.genblk1.genblk1.genblk1.genblk1.genblk1.genblk1.lut0.genblk1.genblk1.genblk1.genblk1.genblk1.genblk1.lut1.genblk1.genblk1.genblk1.genblk1.genblk1.lut1 (4 -> 2)
  Optimizing lut $abc$46313$lut$aiger46312$6126.genblk1.genblk1.genblk1.genblk1.genblk1.genblk1.genblk1.genblk1.lut0.genblk1.genblk1.genblk1.genblk1.genblk1.genblk1.genblk1.lut0.genblk1.genblk1.genblk1.genblk1.genblk1.genblk1.lut1.genblk1.genblk1.genblk1.genblk1.genblk1.lut1 (4 -> 0)
  Optimizing lut $abc$46313$lut$aiger$o4591.genblk1.genblk1.genblk1.genblk1.genblk1.lut0 (4 -> 2)
  Optimizing lut $abc$46313$lut$aiger46312$7492.genblk1.genblk1.genblk1.genblk1.genblk1.genblk1.genblk1.genblk1.lut0.genblk1.genblk1.genblk1.genblk1.genblk1.genblk1.genblk1.lut0.genblk1.genblk1.genblk1.genblk1.genblk1.genblk1.lut1.genblk1.genblk1.genblk1.genblk1.genblk1.lut1 (4 -> 1)
  Optimizing lut $abc$46313$lut$aiger46312$3941.genblk1.genblk1.genblk1.genblk1.genblk1.genblk1.lut1.genblk1.genblk1.genblk1.genblk1.genblk1.lut0 (4 -> 3)
  Optimizing lut $abc$46313$lut$aiger46312$4303.genblk1.genblk1.genblk1.genblk1.genblk1.genblk1.genblk1.lut0.genblk1.genblk1.genblk1.genblk1.genblk1.genblk1.lut0.genblk1.genblk1.genblk1.genblk1.genblk1.lut1 (4 -> 2)
  Optimizing lut $abc$46313$lut$aiger46312$6969.genblk1.genblk1.genblk1.genblk1.genblk1.genblk1.genblk1.lut0.genblk1.genblk1.genblk1.genblk1.genblk1.genblk1.lut1.genblk1.genblk1.genblk1.genblk1.genblk1.lut1 (4 -> 2)
  Optimizing lut $auto$abc_ops_reintegrate.cc:611:reintegrate$46361.genblk1.genblk1.genblk1.genblk1.genblk1.lut0 (4 -> 3)
  Optimizing lut $abc$46313$lut$aiger46312$4991.genblk1.genblk1.genblk1.genblk1.genblk1.genblk1.genblk1.lut0.genblk1.genblk1.genblk1.genblk1.genblk1.genblk1.lut1.genblk1.genblk1.genblk1.genblk1.genblk1.lut0 (4 -> 2)
  Optimizing lut $abc$46313$lut$aiger$o3259.genblk1.genblk1.genblk1.genblk1.genblk1.lut0 (4 -> 1)
  Optimizing lut $abc$46313$lut$aiger46312$9345.genblk1.genblk1.genblk1.genblk1.genblk1.genblk1.lut1.genblk1.genblk1.genblk1.genblk1.genblk1.lut1 (4 -> 0)
  Optimizing lut $abc$46313$lut$aiger46312$4522.genblk1.genblk1.genblk1.genblk1.genblk1.genblk1.genblk1.genblk1.lut1.genblk1.genblk1.genblk1.genblk1.genblk1.genblk1.genblk1.lut0.genblk1.genblk1.genblk1.genblk1.genblk1.genblk1.lut1.genblk1.genblk1.genblk1.genblk1.genblk1.lut1 (4 -> 0)
  Optimizing lut $abc$46313$lut$aiger$o4458.genblk1.genblk1.genblk1.genblk1.genblk1.lut1 (4 -> 3)
  Optimizing lut $abc$46313$lut$aiger46312$3765.genblk1.genblk1.genblk1.genblk1.genblk1.genblk1.genblk1.genblk1.lut1.genblk1.genblk1.genblk1.genblk1.genblk1.genblk1.genblk1.lut1.genblk1.genblk1.genblk1.genblk1.genblk1.genblk1.lut1.genblk1.genblk1.genblk1.genblk1.genblk1.lut1 (4 -> 1)
  Optimizing lut $abc$46313$lut$aiger$o3080.genblk1.genblk1.genblk1.genblk1.genblk1.lut1 (4 -> 0)
  Optimizing lut $abc$46313$lut$aiger46312$8464.genblk1.genblk1.genblk1.genblk1.genblk1.genblk1.genblk1.genblk1.lut1.genblk1.genblk1.genblk1.genblk1.genblk1.genblk1.genblk1.lut1.genblk1.genblk1.genblk1.genblk1.genblk1.genblk1.lut1.genblk1.genblk1.genblk1.genblk1.genblk1.lut1 (4 -> 0)
  Optimizing lut $abc$46313$lut$aiger46312$4920.genblk1.genblk1.genblk1.genblk1.genblk1.genblk1.genblk1.genblk1.lut0.genblk1.genblk1.genblk1.genblk1.genblk1.genblk1.genblk1.lut0.genblk1.genblk1.genblk1.genblk1.genblk1.genblk1.lut1.genblk1.genblk1.genblk1.genblk1.genblk1.lut1 (4 -> 3)
  Optimizing lut $abc$46313$lut$aiger46312$7508.genblk1.genblk1.genblk1.genblk1.genblk1.genblk1.genblk1.genblk1.lut0.genblk1.genblk1.genblk1.genblk1.genblk1.genblk1.genblk1.lut0.genblk1.genblk1.genblk1.genblk1.genblk1.genblk1.lut1.genblk1.genblk1.genblk1.genblk1.genblk1.lut1 (4 -> 0)
  Optimizing lut $abc$46313$lut$aiger46312$6153.genblk1.genblk1.genblk1.genblk1.genblk1.genblk1.genblk1.genblk1.lut0.genblk1.genblk1.genblk1.genblk1.genblk1.genblk1.genblk1.lut0.genblk1.genblk1.genblk1.genblk1.genblk1.genblk1.lut1.genblk1.genblk1.genblk1.genblk1.genblk1.lut1 (4 -> 0)
  Optimizing lut $abc$46313$lut$aiger46312$7524.genblk1.genblk1.genblk1.genblk1.genblk1.genblk1.genblk1.genblk1.lut0.genblk1.genblk1.genblk1.genblk1.genblk1.genblk1.genblk1.lut0.genblk1.genblk1.genblk1.genblk1.genblk1.genblk1.lut1.genblk1.genblk1.genblk1.genblk1.genblk1.lut1 (4 -> 0)
  Optimizing lut $abc$46313$lut$aiger46312$6168.genblk1.genblk1.genblk1.genblk1.genblk1.genblk1.genblk1.genblk1.lut0.genblk1.genblk1.genblk1.genblk1.genblk1.genblk1.genblk1.lut0.genblk1.genblk1.genblk1.genblk1.genblk1.genblk1.lut1.genblk1.genblk1.genblk1.genblk1.genblk1.lut1 (4 -> 1)
  Optimizing lut $abc$46313$lut$aiger46312$11347.genblk1.genblk1.genblk1.genblk1.genblk1.genblk1.genblk1.genblk1.lut0.genblk1.genblk1.genblk1.genblk1.genblk1.genblk1.genblk1.lut0.genblk1.genblk1.genblk1.genblk1.genblk1.genblk1.lut1.genblk1.genblk1.genblk1.genblk1.genblk1.lut1 (4 -> 0)
  Optimizing lut $abc$46313$lut$aiger46312$4853.genblk1.genblk1.genblk1.genblk1.genblk1.genblk1.genblk1.genblk1.lut1.genblk1.genblk1.genblk1.genblk1.genblk1.genblk1.genblk1.lut0.genblk1.genblk1.genblk1.genblk1.genblk1.genblk1.lut1.genblk1.genblk1.genblk1.genblk1.genblk1.lut1 (4 -> 3)
  Optimizing lut $abc$46313$lut$aiger46312$8464.genblk1.genblk1.genblk1.genblk1.genblk1.genblk1.genblk1.genblk1.lut0.genblk1.genblk1.genblk1.genblk1.genblk1.genblk1.genblk1.lut0.genblk1.genblk1.genblk1.genblk1.genblk1.genblk1.lut1.genblk1.genblk1.genblk1.genblk1.genblk1.lut1 (4 -> 0)
  Optimizing lut $abc$46313$lut$aiger46312$7010.genblk1.genblk1.genblk1.genblk1.genblk1.genblk1.genblk1.genblk1.lut0.genblk1.genblk1.genblk1.genblk1.genblk1.genblk1.genblk1.lut0.genblk1.genblk1.genblk1.genblk1.genblk1.genblk1.lut1.genblk1.genblk1.genblk1.genblk1.genblk1.lut1 (4 -> 3)
  Optimizing lut $abc$46313$lut$aiger46312$13830.genblk1.genblk1.genblk1.genblk1.genblk1.lut0 (4 -> 0)
  Optimizing lut $abc$46313$lut$aiger46312$6181.genblk1.genblk1.genblk1.genblk1.genblk1.genblk1.genblk1.genblk1.lut0.genblk1.genblk1.genblk1.genblk1.genblk1.genblk1.genblk1.lut0.genblk1.genblk1.genblk1.genblk1.genblk1.genblk1.lut1.genblk1.genblk1.genblk1.genblk1.genblk1.lut1 (4 -> 0)
  Optimizing lut $abc$46313$lut$aiger46312$13823.genblk1.genblk1.genblk1.genblk1.genblk1.lut0 (4 -> 0)
  Optimizing lut $abc$46313$lut$aiger46312$6194.genblk1.genblk1.genblk1.genblk1.genblk1.genblk1.genblk1.genblk1.lut0.genblk1.genblk1.genblk1.genblk1.genblk1.genblk1.genblk1.lut0.genblk1.genblk1.genblk1.genblk1.genblk1.genblk1.lut1.genblk1.genblk1.genblk1.genblk1.genblk1.lut1 (4 -> 0)
  Optimizing lut $abc$46313$lut$aiger46312$6194.genblk1.genblk1.genblk1.genblk1.genblk1.genblk1.genblk1.genblk1.lut1.genblk1.genblk1.genblk1.genblk1.genblk1.genblk1.genblk1.lut0.genblk1.genblk1.genblk1.genblk1.genblk1.genblk1.lut1.genblk1.genblk1.genblk1.genblk1.genblk1.lut1 (4 -> 0)
  Optimizing lut $auto$abc_ops_reintegrate.cc:611:reintegrate$46440.genblk1.genblk1.genblk1.genblk1.genblk1.lut1 (4 -> 3)
  Optimizing lut $abc$46313$lut$aiger46312$7524.genblk1.genblk1.genblk1.genblk1.genblk1.genblk1.genblk1.genblk1.lut1.genblk1.genblk1.genblk1.genblk1.genblk1.genblk1.genblk1.lut0.genblk1.genblk1.genblk1.genblk1.genblk1.genblk1.lut1.genblk1.genblk1.genblk1.genblk1.genblk1.lut1 (4 -> 1)
  Optimizing lut $abc$46313$lut$aiger46312$6783.genblk1.genblk1.genblk1.genblk1.genblk1.genblk1.genblk1.lut1.genblk1.genblk1.genblk1.genblk1.genblk1.genblk1.lut1.genblk1.genblk1.genblk1.genblk1.genblk1.lut1 (4 -> 0)
  Optimizing lut $abc$46313$lut$aiger46312$6215.genblk1.genblk1.genblk1.genblk1.genblk1.genblk1.lut1.genblk1.genblk1.genblk1.genblk1.genblk1.lut1 (4 -> 1)
  Optimizing lut $abc$46313$lut$aiger46312$3451.genblk1.genblk1.genblk1.genblk1.genblk1.genblk1.genblk1.genblk1.lut1.genblk1.genblk1.genblk1.genblk1.genblk1.genblk1.genblk1.lut1.genblk1.genblk1.genblk1.genblk1.genblk1.genblk1.lut1.genblk1.genblk1.genblk1.genblk1.genblk1.lut1 (4 -> 0)
  Optimizing lut $abc$46313$lut$aiger46312$7038.genblk1.genblk1.genblk1.genblk1.genblk1.genblk1.lut1.genblk1.genblk1.genblk1.genblk1.genblk1.lut1 (4 -> 0)
  Optimizing lut $abc$46313$lut$aiger$o3087.genblk1.genblk1.genblk1.genblk1.genblk1.lut0 (4 -> 0)
  Optimizing lut $abc$46313$lut$aiger46312$13763.genblk1.genblk1.genblk1.genblk1.genblk1.lut0 (4 -> 0)
  Optimizing lut $abc$46313$lut$aiger46312$6602.genblk1.genblk1.genblk1.genblk1.genblk1.genblk1.lut1.genblk1.genblk1.genblk1.genblk1.genblk1.lut1 (4 -> 3)
  Optimizing lut $abc$46313$lut$aiger$o4008.genblk1.genblk1.genblk1.genblk1.genblk1.lut1 (4 -> 0)
  Optimizing lut $abc$46313$lut$aiger46312$9885.genblk1.genblk1.genblk1.genblk1.genblk1.genblk1.genblk1.genblk1.lut1.genblk1.genblk1.genblk1.genblk1.genblk1.genblk1.genblk1.lut1.genblk1.genblk1.genblk1.genblk1.genblk1.genblk1.lut1.genblk1.genblk1.genblk1.genblk1.genblk1.lut1 (4 -> 0)
  Optimizing lut $abc$46313$lut$aiger46312$5706.genblk1.genblk1.genblk1.genblk1.genblk1.genblk1.genblk1.genblk1.lut0.genblk1.genblk1.genblk1.genblk1.genblk1.genblk1.genblk1.lut0.genblk1.genblk1.genblk1.genblk1.genblk1.genblk1.lut1.genblk1.genblk1.genblk1.genblk1.genblk1.lut1 (4 -> 0)
  Optimizing lut $abc$46313$lut$aiger46312$3608.genblk1.genblk1.genblk1.genblk1.genblk1.genblk1.genblk1.genblk1.lut1.genblk1.genblk1.genblk1.genblk1.genblk1.genblk1.genblk1.lut1.genblk1.genblk1.genblk1.genblk1.genblk1.genblk1.lut1.genblk1.genblk1.genblk1.genblk1.genblk1.lut1 (4 -> 0)
  Optimizing lut $abc$46313$lut$aiger46312$9885.genblk1.genblk1.genblk1.genblk1.genblk1.genblk1.genblk1.genblk1.lut1.genblk1.genblk1.genblk1.genblk1.genblk1.genblk1.genblk1.lut0.genblk1.genblk1.genblk1.genblk1.genblk1.genblk1.lut1.genblk1.genblk1.genblk1.genblk1.genblk1.lut1 (4 -> 0)
  Optimizing lut $abc$46313$lut$aiger46312$3827.genblk1.genblk1.genblk1.genblk1.genblk1.genblk1.genblk1.genblk1.lut1.genblk1.genblk1.genblk1.genblk1.genblk1.genblk1.genblk1.lut1.genblk1.genblk1.genblk1.genblk1.genblk1.genblk1.lut1.genblk1.genblk1.genblk1.genblk1.genblk1.lut1 (4 -> 1)
  Optimizing lut $abc$46313$lut$aiger46312$6700.genblk1.genblk1.genblk1.genblk1.genblk1.genblk1.genblk1.genblk1.lut0.genblk1.genblk1.genblk1.genblk1.genblk1.genblk1.genblk1.lut0.genblk1.genblk1.genblk1.genblk1.genblk1.genblk1.lut1.genblk1.genblk1.genblk1.genblk1.genblk1.lut1 (4 -> 3)
  Optimizing lut $abc$46313$lut$aiger46312$8753.genblk1.genblk1.genblk1.genblk1.genblk1.genblk1.genblk1.genblk1.lut0.genblk1.genblk1.genblk1.genblk1.genblk1.genblk1.genblk1.lut0.genblk1.genblk1.genblk1.genblk1.genblk1.genblk1.lut0.genblk1.genblk1.genblk1.genblk1.genblk1.lut1 (4 -> 0)
  Optimizing lut $abc$46313$lut$aiger46312$3360.genblk1.genblk1.genblk1.genblk1.genblk1.genblk1.genblk1.genblk1.lut0.genblk1.genblk1.genblk1.genblk1.genblk1.genblk1.genblk1.lut0.genblk1.genblk1.genblk1.genblk1.genblk1.genblk1.lut1.genblk1.genblk1.genblk1.genblk1.genblk1.lut1 (4 -> 1)
  Optimizing lut $abc$46313$lut$aiger46312$3520.genblk1.genblk1.genblk1.genblk1.genblk1.genblk1.genblk1.genblk1.lut1.genblk1.genblk1.genblk1.genblk1.genblk1.genblk1.genblk1.lut1.genblk1.genblk1.genblk1.genblk1.genblk1.genblk1.lut1.genblk1.genblk1.genblk1.genblk1.genblk1.lut1 (4 -> 1)
  Optimizing lut $abc$46313$lut$aiger46312$3316.genblk1.genblk1.genblk1.genblk1.genblk1.genblk1.genblk1.genblk1.lut0.genblk1.genblk1.genblk1.genblk1.genblk1.genblk1.genblk1.lut0.genblk1.genblk1.genblk1.genblk1.genblk1.genblk1.lut1.genblk1.genblk1.genblk1.genblk1.genblk1.lut1 (4 -> 0)
  Optimizing lut $abc$46313$lut$aiger46312$3329.genblk1.genblk1.genblk1.genblk1.genblk1.genblk1.genblk1.genblk1.lut0.genblk1.genblk1.genblk1.genblk1.genblk1.genblk1.genblk1.lut0.genblk1.genblk1.genblk1.genblk1.genblk1.genblk1.lut1.genblk1.genblk1.genblk1.genblk1.genblk1.lut1 (4 -> 1)
  Optimizing lut $abc$46313$lut$aiger46312$3287.genblk1.genblk1.genblk1.genblk1.genblk1.genblk1.genblk1.genblk1.lut0.genblk1.genblk1.genblk1.genblk1.genblk1.genblk1.genblk1.lut0.genblk1.genblk1.genblk1.genblk1.genblk1.genblk1.lut1.genblk1.genblk1.genblk1.genblk1.genblk1.lut1 (4 -> 0)
  Optimizing lut $abc$46313$lut$aiger46312$3287.genblk1.genblk1.genblk1.genblk1.genblk1.genblk1.genblk1.genblk1.lut1.genblk1.genblk1.genblk1.genblk1.genblk1.genblk1.genblk1.lut0.genblk1.genblk1.genblk1.genblk1.genblk1.genblk1.lut1.genblk1.genblk1.genblk1.genblk1.genblk1.lut1 (4 -> 0)
  Optimizing lut $abc$46313$lut$aiger46312$13037.genblk1.genblk1.genblk1.genblk1.genblk1.lut0 (4 -> 0)
  Optimizing lut $abc$46313$lut$aiger46312$7538.genblk1.genblk1.genblk1.genblk1.genblk1.genblk1.lut1.genblk1.genblk1.genblk1.genblk1.genblk1.lut1 (4 -> 3)
  Optimizing lut $abc$46313$lut$aiger46312$9095.genblk1.genblk1.genblk1.genblk1.genblk1.lut1 (4 -> 0)
  Optimizing lut $abc$46313$lut$aiger46312$3303.genblk1.genblk1.genblk1.genblk1.genblk1.genblk1.genblk1.genblk1.lut0.genblk1.genblk1.genblk1.genblk1.genblk1.genblk1.genblk1.lut0.genblk1.genblk1.genblk1.genblk1.genblk1.genblk1.lut1.genblk1.genblk1.genblk1.genblk1.genblk1.lut1 (4 -> 0)
  Optimizing lut $abc$46313$lut$aiger46312$7565.genblk1.genblk1.genblk1.genblk1.genblk1.genblk1.genblk1.genblk1.lut0.genblk1.genblk1.genblk1.genblk1.genblk1.genblk1.genblk1.lut0.genblk1.genblk1.genblk1.genblk1.genblk1.genblk1.lut1.genblk1.genblk1.genblk1.genblk1.genblk1.lut1 (4 -> 0)
  Optimizing lut $abc$46313$lut$aiger46312$7565.genblk1.genblk1.genblk1.genblk1.genblk1.genblk1.genblk1.genblk1.lut1.genblk1.genblk1.genblk1.genblk1.genblk1.genblk1.genblk1.lut0.genblk1.genblk1.genblk1.genblk1.genblk1.genblk1.lut1.genblk1.genblk1.genblk1.genblk1.genblk1.lut1 (4 -> 0)
  Optimizing lut $abc$46313$lut$aiger46312$4093.genblk1.genblk1.genblk1.genblk1.genblk1.genblk1.genblk1.lut0.genblk1.genblk1.genblk1.genblk1.genblk1.genblk1.lut1.genblk1.genblk1.genblk1.genblk1.genblk1.lut1 (4 -> 0)
  Optimizing lut $abc$46313$lut$aiger46312$5131.genblk1.genblk1.genblk1.genblk1.genblk1.genblk1.lut1.genblk1.genblk1.genblk1.genblk1.genblk1.lut1 (4 -> 1)
  Optimizing lut $abc$46313$lut$aiger46312$3738.genblk1.genblk1.genblk1.genblk1.genblk1.genblk1.genblk1.genblk1.lut0.genblk1.genblk1.genblk1.genblk1.genblk1.genblk1.genblk1.lut0.genblk1.genblk1.genblk1.genblk1.genblk1.genblk1.lut1.genblk1.genblk1.genblk1.genblk1.genblk1.lut1 (4 -> 2)
  Optimizing lut $abc$46313$lut$aiger46312$3711.genblk1.genblk1.genblk1.genblk1.genblk1.genblk1.genblk1.genblk1.lut0.genblk1.genblk1.genblk1.genblk1.genblk1.genblk1.genblk1.lut0.genblk1.genblk1.genblk1.genblk1.genblk1.genblk1.lut1.genblk1.genblk1.genblk1.genblk1.genblk1.lut1 (4 -> 0)
  Optimizing lut $abc$46313$lut$aiger46312$6540.genblk1.genblk1.genblk1.genblk1.genblk1.genblk1.genblk1.lut0.genblk1.genblk1.genblk1.genblk1.genblk1.genblk1.lut0.genblk1.genblk1.genblk1.genblk1.genblk1.lut1 (4 -> 3)
  Optimizing lut $abc$46313$lut$aiger46312$4991.genblk1.genblk1.genblk1.genblk1.genblk1.genblk1.genblk1.lut1.genblk1.genblk1.genblk1.genblk1.genblk1.genblk1.lut1.genblk1.genblk1.genblk1.genblk1.genblk1.lut1 (4 -> 3)
  Optimizing lut $abc$46313$lut$aiger46312$13655.genblk1.genblk1.genblk1.genblk1.genblk1.lut0 (4 -> 0)
  Optimizing lut $abc$46313$lut$aiger$o1089.genblk1.genblk1.genblk1.genblk1.genblk1.lut0 (4 -> 3)
  Optimizing lut $abc$46313$lut$aiger$o4012.genblk1.genblk1.genblk1.genblk1.genblk1.lut0 (4 -> 0)
  Optimizing lut $abc$46313$lut$aiger$o4438.genblk1.genblk1.genblk1.genblk1.genblk1.lut1 (4 -> 3)
  Optimizing lut $abc$46313$lut$aiger46312$3274.genblk1.genblk1.genblk1.genblk1.genblk1.genblk1.genblk1.genblk1.lut0.genblk1.genblk1.genblk1.genblk1.genblk1.genblk1.genblk1.lut0.genblk1.genblk1.genblk1.genblk1.genblk1.genblk1.lut1.genblk1.genblk1.genblk1.genblk1.genblk1.lut1 (4 -> 0)
  Optimizing lut $abc$46313$lut$aiger46312$6602.genblk1.genblk1.genblk1.genblk1.genblk1.genblk1.lut1.genblk1.genblk1.genblk1.genblk1.genblk1.lut0 (4 -> 1)
  Optimizing lut $abc$46313$lut$aiger46312$3257.genblk1.genblk1.genblk1.genblk1.genblk1.genblk1.genblk1.genblk1.lut0.genblk1.genblk1.genblk1.genblk1.genblk1.genblk1.genblk1.lut0.genblk1.genblk1.genblk1.genblk1.genblk1.genblk1.lut1.genblk1.genblk1.genblk1.genblk1.genblk1.lut1 (4 -> 1)
  Optimizing lut $abc$46313$lut$aiger46312$3242.genblk1.genblk1.genblk1.genblk1.genblk1.genblk1.genblk1.genblk1.lut0.genblk1.genblk1.genblk1.genblk1.genblk1.genblk1.genblk1.lut0.genblk1.genblk1.genblk1.genblk1.genblk1.genblk1.lut1.genblk1.genblk1.genblk1.genblk1.genblk1.lut1 (4 -> 0)
  Optimizing lut $abc$46313$lut$aiger46312$14334.genblk1.genblk1.genblk1.genblk1.genblk1.genblk1.genblk1.genblk1.lut1.genblk1.genblk1.genblk1.genblk1.genblk1.genblk1.genblk1.lut0.genblk1.genblk1.genblk1.genblk1.genblk1.genblk1.lut1.genblk1.genblk1.genblk1.genblk1.genblk1.lut1 (4 -> 2)
  Optimizing lut $abc$46313$lut$aiger46312$8464.genblk1.genblk1.genblk1.genblk1.genblk1.genblk1.genblk1.genblk1.lut1.genblk1.genblk1.genblk1.genblk1.genblk1.genblk1.genblk1.lut0.genblk1.genblk1.genblk1.genblk1.genblk1.genblk1.lut1.genblk1.genblk1.genblk1.genblk1.genblk1.lut1 (4 -> 0)
  Optimizing lut $auto$abc_ops_reintegrate.cc:611:reintegrate$46379.genblk1.genblk1.genblk1.genblk1.genblk1.lut1 (4 -> 3)
  Optimizing lut $abc$46313$lut$aiger46312$14238.genblk1.genblk1.genblk1.genblk1.genblk1.genblk1.genblk1.genblk1.lut0.genblk1.genblk1.genblk1.genblk1.genblk1.genblk1.genblk1.lut0.genblk1.genblk1.genblk1.genblk1.genblk1.genblk1.lut0.genblk1.genblk1.genblk1.genblk1.genblk1.lut1 (4 -> 3)
  Optimizing lut $auto$abc_ops_reintegrate.cc:611:reintegrate$46375.genblk1.genblk1.genblk1.genblk1.genblk1.lut1 (4 -> 3)
  Optimizing lut $auto$abc_ops_reintegrate.cc:611:reintegrate$46374.genblk1.genblk1.genblk1.genblk1.genblk1.lut0 (4 -> 1)

18.47. Executing HILOMAP pass (mapping to constant drivers).
Removed 0 unused cells and 13399 unused wires.

18.48. Executing AUTONAME pass.
Renamed 12961 objects in module top.
<suppressed ~12961 debug messages>

18.49. Executing HIERARCHY pass (managing design hierarchy).
Attribute `top' found on module `top'. Setting top module to top.

18.49.1. Analyzing design hierarchy..
Top module:  \top

18.49.2. Analyzing design hierarchy..
Top module:  \top
Removed 0 unused modules.

18.50. Printing statistics.

=== top ===

        +----------Local Count, excluding submodules.
        | 
     5696 wires
     9292 wire bits
     5696 public wires
     9292 public wire bits
       21 ports
       26 port bits
     6330 cells
       12   $scopeinfo
        1   GND
       11   IBUF
     1472   LUT1
      405   LUT2
      468   LUT3
     1536   LUT4
     1410   MUX2_LUT5
      592   MUX2_LUT6
      280   MUX2_LUT7
      126   MUX2_LUT8
       15   OBUF
        1   VCC
        1   pROM
     1133 submodules
       62   DFFC
      192   DFFCE
      785   DFFE
       50   DFFP
       21   DFFPE
        1   DFFR
       22   DFFRE

=== design hierarchy ===

        +----------Count including submodules.
        | 
     6330 top

        +----------Count including submodules.
        | 
     5696 wires
     9292 wire bits
     5696 public wires
     9292 public wire bits
       21 ports
       26 port bits
        - memories
        - memory bits
        - processes
     6330 cells
       12   $scopeinfo
        1   GND
       11   IBUF
     1472   LUT1
      405   LUT2
      468   LUT3
     1536   LUT4
     1410   MUX2_LUT5
      592   MUX2_LUT6
      280   MUX2_LUT7
      126   MUX2_LUT8
       15   OBUF
        1   VCC
        1   pROM
     1133 submodules
       62   DFFC
      192   DFFCE
      785   DFFE
       50   DFFP
       21   DFFPE
        1   DFFR
       22   DFFRE

18.51. Executing CHECK pass (checking for obvious problems).
Checking module top...
Found and reported 0 problems.

19. Executing JSON backend.

Warnings: 3 unique messages, 5 total
End of script. Logfile hash: f0826e47a7, time: 8.08s, user: 1.91s, system: 0.13s, MEM: 266.47 MB peak
Yosys 0.69+post (git sha1 143eb14f9cc55d6f8927e68523b0c9d2166ed02c, Release, AppleClang clang++ 21.0.0.21000334)
Time spent: 75% 1x abc9_exe (6 sec), 8% 15x techmap (0 sec), ...
