
 /----------------------------------------------------------------------------\
 |  yosys -- Yosys Open SYnthesis Suite                                       |
 |  Copyright (C) 2012 - 2026  Claire Xenia Wolf <claire@yosyshq.com>         |
 |  Distributed under an ISC-like license, type "license" to see terms        |
 \----------------------------------------------------------------------------/
 Yosys 0.69+post (git sha1 143eb14f9cc55d6f8927e68523b0c9d2166ed02c, Release, AppleClang clang++ 21.0.0.21000334)

-- Executing script file `/var/folders/ck/2q7kcx450pz3pzshjchz7w0w0000gn/T//synth-proto2.2uD6b1' --

1. Executing Verilog-2005 frontend: ../src/synthesizer/hdl/wavetable_pkg.sv
Parsing SystemVerilog input from `../src/synthesizer/hdl/wavetable_pkg.sv' to AST representation.
Successfully finished Verilog frontend.

2. Executing Verilog-2005 frontend: ../src/synthesizer/hdl/wavetable_synth.sv
Parsing SystemVerilog input from `../src/synthesizer/hdl/wavetable_synth.sv' to AST representation.
Generating RTLIL representation for module `\wavetable_synth'.
Successfully finished Verilog frontend.

3. Executing Verilog-2005 frontend: ../src/synthesizer/hdl/wavetable_rom.sv
Parsing SystemVerilog input from `../src/synthesizer/hdl/wavetable_rom.sv' to AST representation.
Generating RTLIL representation for module `\wavetable_rom'.
Successfully finished Verilog frontend.

4. Executing Verilog-2005 frontend: ../src/misc/fifo.sv
Parsing SystemVerilog input from `../src/misc/fifo.sv' to AST representation.
Generating RTLIL representation for module `\fifo'.
Warning: Replacing memory \mem with list of registers. See ../src/misc/fifo.sv:39
Successfully finished Verilog frontend.

5. Executing Verilog-2005 frontend: ../src/vol/gain.sv
Parsing SystemVerilog input from `../src/vol/gain.sv' to AST representation.
Generating RTLIL representation for module `\gain'.
Successfully finished Verilog frontend.

6. Executing Verilog-2005 frontend: ../src/vol/volume.sv
Parsing SystemVerilog input from `../src/vol/volume.sv' to AST representation.
Generating RTLIL representation for module `\volume'.
Successfully finished Verilog frontend.

7. Executing Verilog-2005 frontend: ../src/i2s/i2s_tx.sv
Parsing SystemVerilog input from `../src/i2s/i2s_tx.sv' to AST representation.
Generating RTLIL representation for module `\i2s_tx'.
Successfully finished Verilog frontend.

8. Executing Verilog-2005 frontend: ../src/i2s/i2s_rx.sv
Parsing SystemVerilog input from `../src/i2s/i2s_rx.sv' to AST representation.
Generating RTLIL representation for module `\i2s_rx'.
Successfully finished Verilog frontend.

9. Executing Verilog-2005 frontend: ../src/encoder/encoder.sv
Parsing SystemVerilog input from `../src/encoder/encoder.sv' to AST representation.
Generating RTLIL representation for module `\encoder'.
Successfully finished Verilog frontend.

10. Executing Verilog-2005 frontend: ../src/clk_div/clk_div.sv
Parsing SystemVerilog input from `../src/clk_div/clk_div.sv' to AST representation.
Generating RTLIL representation for module `\clk_div'.
Successfully finished Verilog frontend.

11. Executing Verilog-2005 frontend: ../src/top/protoboard_2.sv
Parsing SystemVerilog input from `../src/top/protoboard_2.sv' to AST representation.
Generating RTLIL representation for module `\top'.
Successfully finished Verilog frontend.

12. Executing HIERARCHY pass (managing design hierarchy).

12.1. Analyzing design hierarchy..
Top module:  \top
Used module:     \fifo
Used module:     \i2s_rx
Used module:     \i2s_tx
Used module:     \volume
Used module:         \gain
Used module:     \wavetable_synth
Used module:     \encoder
Used module:     \clk_div
Parameter \WIDTH = 32
Parameter \DEPTH = 16

12.2. Executing AST frontend in derive mode using pre-parsed AST for module `\fifo'.
Parameter \WIDTH = 32
Parameter \DEPTH = 16
Generating RTLIL representation for module `$paramod$28704d8bf4447e08602ecae7770c77318b280126\fifo'.
Warning: Replacing memory \mem with list of registers. See ../src/misc/fifo.sv:39
Parameter \BIT_DEPTH = 16

12.3. Executing AST frontend in derive mode using pre-parsed AST for module `\i2s_rx'.
Parameter \BIT_DEPTH = 16
Generating RTLIL representation for module `$paramod\i2s_rx\BIT_DEPTH=s32'00000000000000000000000000010000'.
Parameter \SYS_CLK_FREQ = 27000000
Parameter \BIT_DEPTH = 16

12.4. Executing AST frontend in derive mode using pre-parsed AST for module `\i2s_tx'.
Parameter \SYS_CLK_FREQ = 27000000
Parameter \BIT_DEPTH = 16
Generating RTLIL representation for module `$paramod$5785904fef3fb2a86d9b4a3d3a35d0648892543e\i2s_tx'.
Parameter \WIDTH = 16
Parameter \DEPTH = 16

12.5. Executing AST frontend in derive mode using pre-parsed AST for module `\fifo'.
Parameter \WIDTH = 16
Parameter \DEPTH = 16
Generating RTLIL representation for module `$paramod$1719986e2d5dc43517b18f4e324b0f602a4474e9\fifo'.
Warning: Replacing memory \mem with list of registers. See ../src/misc/fifo.sv:39
Parameter \DWIDTH = 16

12.6. Executing AST frontend in derive mode using pre-parsed AST for module `\volume'.
Parameter \DWIDTH = 16
Generating RTLIL representation for module `$paramod\volume\DWIDTH=s32'00000000000000000000000000010000'.
Parameter \WIDTH = 16
Parameter \DEPTH = 16
Found cached RTLIL representation for module `$paramod$1719986e2d5dc43517b18f4e324b0f602a4474e9\fifo'.
Parameter \CLK_FREQ_HZ = 27000000
Parameter \OUT_FREQ_HZ = 1000

12.7. Executing AST frontend in derive mode using pre-parsed AST for module `\clk_div'.
Parameter \CLK_FREQ_HZ = 27000000
Parameter \OUT_FREQ_HZ = 1000
Generating RTLIL representation for module `$paramod$5ff65cac883644189a11f33c7731774bf2d6e2d2\clk_div'.
Parameter \DWIDTH = 16

12.8. Executing AST frontend in derive mode using pre-parsed AST for module `\gain'.
Parameter \DWIDTH = 16
Generating RTLIL representation for module `$paramod\gain\DWIDTH=s32'00000000000000000000000000010000'.

12.9. Analyzing design hierarchy..
Top module:  \top
Used module:     $paramod$28704d8bf4447e08602ecae7770c77318b280126\fifo
Used module:     $paramod\i2s_rx\BIT_DEPTH=s32'00000000000000000000000000010000
Used module:     $paramod$5785904fef3fb2a86d9b4a3d3a35d0648892543e\i2s_tx
Used module:     $paramod$1719986e2d5dc43517b18f4e324b0f602a4474e9\fifo
Used module:     $paramod\volume\DWIDTH=s32'00000000000000000000000000010000
Used module:         \gain
Used module:     \wavetable_synth
Used module:     \encoder
Used module:     $paramod$5ff65cac883644189a11f33c7731774bf2d6e2d2\clk_div
Parameter \DWIDTH = 16
Found cached RTLIL representation for module `$paramod\gain\DWIDTH=s32'00000000000000000000000000010000'.

12.10. Analyzing design hierarchy..
Top module:  \top
Used module:     $paramod$28704d8bf4447e08602ecae7770c77318b280126\fifo
Used module:     $paramod\i2s_rx\BIT_DEPTH=s32'00000000000000000000000000010000
Used module:     $paramod$5785904fef3fb2a86d9b4a3d3a35d0648892543e\i2s_tx
Used module:     $paramod$1719986e2d5dc43517b18f4e324b0f602a4474e9\fifo
Used module:     $paramod\volume\DWIDTH=s32'00000000000000000000000000010000
Used module:         $paramod\gain\DWIDTH=s32'00000000000000000000000000010000
Used module:     \wavetable_synth
Used module:     \encoder
Used module:     $paramod$5ff65cac883644189a11f33c7731774bf2d6e2d2\clk_div

12.11. Analyzing design hierarchy..
Top module:  \top
Used module:     $paramod$28704d8bf4447e08602ecae7770c77318b280126\fifo
Used module:     $paramod\i2s_rx\BIT_DEPTH=s32'00000000000000000000000000010000
Used module:     $paramod$5785904fef3fb2a86d9b4a3d3a35d0648892543e\i2s_tx
Used module:     $paramod$1719986e2d5dc43517b18f4e324b0f602a4474e9\fifo
Used module:     $paramod\volume\DWIDTH=s32'00000000000000000000000000010000
Used module:         $paramod\gain\DWIDTH=s32'00000000000000000000000000010000
Used module:     \wavetable_synth
Used module:     \encoder
Used module:     $paramod$5ff65cac883644189a11f33c7731774bf2d6e2d2\clk_div
Removing unused module `\clk_div'.
Removing unused module `\i2s_rx'.
Removing unused module `\i2s_tx'.
Removing unused module `\volume'.
Removing unused module `\gain'.
Removing unused module `\fifo'.
Removing unused module `\wavetable_rom'.
Removed 7 unused modules.

13. Executing PROC pass (convert processes to netlists).

13.1. Executing PROC_CLEAN pass (remove empty switches from decision trees).
Cleaned up 0 empty switches.

13.2. Executing PROC_RMDEAD pass (remove dead branches from decision trees).
Marked 2 switch rules as full_case in process $proc$../src/top/protoboard_2.sv:113$120 in module top.
Marked 2 switch rules as full_case in process $proc$../src/vol/gain.sv:27$222 in module $paramod\gain\DWIDTH=s32'00000000000000000000000000010000.
Marked 2 switch rules as full_case in process $proc$../src/encoder/encoder.sv:86$102 in module encoder.
Marked 1 switch rules as full_case in process $proc$../src/encoder/encoder.sv:59$85 in module encoder.
Marked 1 switch rules as full_case in process $proc$../src/encoder/encoder.sv:46$83 in module encoder.
Marked 2 switch rules as full_case in process $proc$../src/clk_div/clk_div.sv:15$213 in module $paramod$5ff65cac883644189a11f33c7731774bf2d6e2d2\clk_div.
Marked 3 switch rules as full_case in process $proc$../src/vol/volume.sv:46$209 in module $paramod\volume\DWIDTH=s32'00000000000000000000000000010000.
Removed 1 dead cases from process $proc$../src/misc/fifo.sv:55$206 in module $paramod$1719986e2d5dc43517b18f4e324b0f602a4474e9\fifo.
Marked 1 switch rules as full_case in process $proc$../src/misc/fifo.sv:55$206 in module $paramod$1719986e2d5dc43517b18f4e324b0f602a4474e9\fifo.
Marked 4 switch rules as full_case in process $proc$../src/misc/fifo.sv:32$190 in module $paramod$1719986e2d5dc43517b18f4e324b0f602a4474e9\fifo.
Marked 4 switch rules as full_case in process $proc$../src/i2s/i2s_tx.sv:67$174 in module $paramod$5785904fef3fb2a86d9b4a3d3a35d0648892543e\i2s_tx.
Marked 1 switch rules as full_case in process $proc$../src/i2s/i2s_tx.sv:51$170 in module $paramod$5785904fef3fb2a86d9b4a3d3a35d0648892543e\i2s_tx.
Marked 2 switch rules as full_case in process $proc$../src/i2s/i2s_tx.sv:34$165 in module $paramod$5785904fef3fb2a86d9b4a3d3a35d0648892543e\i2s_tx.
Marked 6 switch rules as full_case in process $proc$../src/i2s/i2s_rx.sv:97$164 in module $paramod\i2s_rx\BIT_DEPTH=s32'00000000000000000000000000010000.
Marked 1 switch rules as full_case in process $proc$../src/i2s/i2s_rx.sv:80$160 in module $paramod\i2s_rx\BIT_DEPTH=s32'00000000000000000000000000010000.
Marked 1 switch rules as full_case in process $proc$../src/i2s/i2s_rx.sv:31$152 in module $paramod\i2s_rx\BIT_DEPTH=s32'00000000000000000000000000010000.
Removed 1 dead cases from process $proc$../src/misc/fifo.sv:55$149 in module $paramod$28704d8bf4447e08602ecae7770c77318b280126\fifo.
Marked 1 switch rules as full_case in process $proc$../src/misc/fifo.sv:55$149 in module $paramod$28704d8bf4447e08602ecae7770c77318b280126\fifo.
Marked 4 switch rules as full_case in process $proc$../src/misc/fifo.sv:32$133 in module $paramod$28704d8bf4447e08602ecae7770c77318b280126\fifo.
Marked 4 switch rules as full_case in process $proc$../src/synthesizer/hdl/wavetable_synth.sv:67$4 in module wavetable_synth.
Removed a total of 2 dead cases.

13.3. Executing PROC_PRUNE pass (remove redundant assignments in processes).
Removed 33 redundant assignments.
Promoted 10 assignments to connections.

13.4. Executing PROC_INIT pass (extract init attributes).

13.5. Executing PROC_ARST pass (detect async resets in processes).
Found async reset \rst_n in `\encoder.$proc$../src/encoder/encoder.sv:86$102'.
Found async reset \rst_n in `\encoder.$proc$../src/encoder/encoder.sv:59$85'.
Found async reset \rst_n in `\encoder.$proc$../src/encoder/encoder.sv:46$83'.
Found async reset \rst_n in `$paramod$5ff65cac883644189a11f33c7731774bf2d6e2d2\clk_div.$proc$../src/clk_div/clk_div.sv:15$213'.
Found async reset \rst in `$paramod\volume\DWIDTH=s32'00000000000000000000000000010000.$proc$../src/vol/volume.sv:46$209'.
Found async reset \rst_n in `$paramod$1719986e2d5dc43517b18f4e324b0f602a4474e9\fifo.$proc$../src/misc/fifo.sv:32$190'.
Found async reset \rst_n in `$paramod$5785904fef3fb2a86d9b4a3d3a35d0648892543e\i2s_tx.$proc$../src/i2s/i2s_tx.sv:67$174'.
Found async reset \rst_n in `$paramod$5785904fef3fb2a86d9b4a3d3a35d0648892543e\i2s_tx.$proc$../src/i2s/i2s_tx.sv:51$170'.
Found async reset \rst_n in `$paramod$5785904fef3fb2a86d9b4a3d3a35d0648892543e\i2s_tx.$proc$../src/i2s/i2s_tx.sv:34$165'.
Found async reset \rst_n in `$paramod\i2s_rx\BIT_DEPTH=s32'00000000000000000000000000010000.$proc$../src/i2s/i2s_rx.sv:80$160'.
Found async reset \rst_n in `$paramod\i2s_rx\BIT_DEPTH=s32'00000000000000000000000000010000.$proc$../src/i2s/i2s_rx.sv:31$152'.
Found async reset \rst_n in `$paramod$28704d8bf4447e08602ecae7770c77318b280126\fifo.$proc$../src/misc/fifo.sv:32$133'.
Found async reset \rst_n in `\wavetable_synth.$proc$../src/synthesizer/hdl/wavetable_synth.sv:67$4'.

13.6. Executing PROC_ROM pass (convert switches to ROMs).
Converted 0 switches.
<suppressed ~43 debug messages>

13.7. Executing PROC_MUX pass (convert decision trees to multiplexers).
Creating decoders for process `\top.$proc$../src/top/protoboard_2.sv:113$120'.
     1/1: $0\led_counter[5:0]
Creating decoders for process `$paramod\gain\DWIDTH=s32'00000000000000000000000000010000.$proc$../src/vol/gain.sv:27$222'.
     1/2: $0\prod_valid[0:0]
     2/2: $0\fifo_out_data[15:0]
Creating decoders for process `\encoder.$proc$../src/encoder/encoder.sv:86$102'.
     1/6: $0\trigger[0:0]
     2/6: $0\down[0:0]
     3/6: $0\up[0:0]
     4/6: $0\fe_count[1:0]
     5/6: $0\prev_dir[1:0]
     6/6: $0\dir_reg[1:0]
Creating decoders for process `\encoder.$proc$../src/encoder/encoder.sv:59$85'.
     1/9: $0\C_re[0:0]
     2/9: $0\B_re[0:0]
     3/9: $0\A_re[0:0]
     4/9: $0\C_fe[0:0]
     5/9: $0\B_fe[0:0]
     6/9: $0\A_fe[0:0]
     7/9: $0\C_sync_ff[1:0]
     8/9: $0\B_sync_ff[1:0]
     9/9: $0\A_sync_ff[1:0]
Creating decoders for process `\encoder.$proc$../src/encoder/encoder.sv:46$83'.
     1/3: $0\C_sync[9:0]
     2/3: $0\B_sync[9:0]
     3/3: $0\A_sync[9:0]
Creating decoders for process `$paramod$5ff65cac883644189a11f33c7731774bf2d6e2d2\clk_div.$proc$../src/clk_div/clk_div.sv:15$213'.
     1/2: $0\counter[13:0]
     2/2: $0\clk_1ms[0:0]
Creating decoders for process `$paramod\volume\DWIDTH=s32'00000000000000000000000000010000.$proc$../src/vol/volume.sv:46$209'.
     1/1: $0\gain[15:0]
Creating decoders for process `$paramod$1719986e2d5dc43517b18f4e324b0f602a4474e9\fifo.$proc$../src/misc/fifo.sv:55$206'.
     1/1: $1$mem2reg_rd$\mem$../src/misc/fifo.sv:55$183_DATA[15:0]$208
Creating decoders for process `$paramod$1719986e2d5dc43517b18f4e324b0f602a4474e9\fifo.$proc$../src/misc/fifo.sv:32$190'.
     1/23: $0\count[4:0]
     2/23: $2$mem2reg_wr$\mem$../src/misc/fifo.sv:39$182_ADDR[3:0]$196
     3/23: $2$mem2reg_wr$\mem$../src/misc/fifo.sv:39$182_DATA[15:0]$197
     4/23: $1$mem2reg_wr$\mem$../src/misc/fifo.sv:39$182_DATA[15:0]$195
     5/23: $1$mem2reg_wr$\mem$../src/misc/fifo.sv:39$182_ADDR[3:0]$194
     6/23: $0\mem[15][15:0]
     7/23: $0\mem[14][15:0]
     8/23: $0\mem[13][15:0]
     9/23: $0\mem[12][15:0]
    10/23: $0\mem[11][15:0]
    11/23: $0\mem[10][15:0]
    12/23: $0\mem[9][15:0]
    13/23: $0\mem[8][15:0]
    14/23: $0\mem[7][15:0]
    15/23: $0\mem[6][15:0]
    16/23: $0\mem[5][15:0]
    17/23: $0\mem[4][15:0]
    18/23: $0\mem[3][15:0]
    19/23: $0\mem[2][15:0]
    20/23: $0\mem[1][15:0]
    21/23: $0\mem[0][15:0]
    22/23: $0\rd_ptr[3:0]
    23/23: $0\wr_ptr[3:0]
Creating decoders for process `$paramod$5785904fef3fb2a86d9b4a3d3a35d0648892543e\i2s_tx.$proc$../src/i2s/i2s_tx.sv:67$174'.
     1/7: $0\rd_en[0:0]
     2/7: $0\sample_latch[15:0]
     3/7: $0\shift_reg[15:0]
     4/7: $0\ws[0:0]
     5/7: $0\bit_cnt[3:0]
     6/7: $0\sdata[0:0]
     7/7: $0\lrck[0:0]
Creating decoders for process `$paramod$5785904fef3fb2a86d9b4a3d3a35d0648892543e\i2s_tx.$proc$../src/i2s/i2s_tx.sv:51$170'.
     1/1: $0\bclk_r_d[0:0]
Creating decoders for process `$paramod$5785904fef3fb2a86d9b4a3d3a35d0648892543e\i2s_tx.$proc$../src/i2s/i2s_tx.sv:34$165'.
     1/2: $0\bclk_cnt[4:0]
     2/2: $0\bclk_r[0:0]
Creating decoders for process `$paramod\i2s_rx\BIT_DEPTH=s32'00000000000000000000000000010000.$proc$../src/i2s/i2s_rx.sv:97$164'.
     1/10: $2\sample_r[15:0]
     2/10: $2\sample_done[0:0]
     3/10: $4\next_state[2:0]
     4/10: $2\sample_l[15:0]
     5/10: $3\next_state[2:0]
     6/10: $2\next_state[2:0]
     7/10: $1\next_state[2:0]
     8/10: $1\sample_done[0:0]
     9/10: $1\sample_r[15:0]
    10/10: $1\sample_l[15:0]
Creating decoders for process `$paramod\i2s_rx\BIT_DEPTH=s32'00000000000000000000000000010000.$proc$../src/i2s/i2s_rx.sv:80$160'.
     1/5: $0\sample_r_reg[15:0]
     2/5: $0\sample_l_reg[15:0]
     3/5: $0\state[2:0]
     4/5: $0\fifo_wr_en[0:0]
     5/5: $0\fifo_wr_data[31:0]
Creating decoders for process `$paramod\i2s_rx\BIT_DEPTH=s32'00000000000000000000000000010000.$proc$../src/i2s/i2s_rx.sv:31$152'.
     1/11: $0\lrck_fe[0:0]
     2/11: $0\lrck_re[0:0]
     3/11: $0\bclk_re[0:0]
     4/11: $0\lrck_sync_ff[1:0]
     5/11: $0\bclk_sync_ff[1:0]
     6/11: $0\sdata_sync[0:0]
     7/11: $0\sdata_ff[1:0]
     8/11: $0\lrck_sync[0:0]
     9/11: $0\lrck_ff[1:0]
    10/11: $0\bclk_sync[0:0]
    11/11: $0\bclk_ff[1:0]
Creating decoders for process `$paramod$28704d8bf4447e08602ecae7770c77318b280126\fifo.$proc$../src/misc/fifo.sv:55$149'.
     1/1: $1$mem2reg_rd$\mem$../src/misc/fifo.sv:55$126_DATA[31:0]$151
Creating decoders for process `$paramod$28704d8bf4447e08602ecae7770c77318b280126\fifo.$proc$../src/misc/fifo.sv:32$133'.
     1/23: $0\count[4:0]
     2/23: $2$mem2reg_wr$\mem$../src/misc/fifo.sv:39$125_ADDR[3:0]$139
     3/23: $2$mem2reg_wr$\mem$../src/misc/fifo.sv:39$125_DATA[31:0]$140
     4/23: $1$mem2reg_wr$\mem$../src/misc/fifo.sv:39$125_DATA[31:0]$138
     5/23: $1$mem2reg_wr$\mem$../src/misc/fifo.sv:39$125_ADDR[3:0]$137
     6/23: $0\mem[15][31:0]
     7/23: $0\mem[14][31:0]
     8/23: $0\mem[13][31:0]
     9/23: $0\mem[12][31:0]
    10/23: $0\mem[11][31:0]
    11/23: $0\mem[10][31:0]
    12/23: $0\mem[9][31:0]
    13/23: $0\mem[8][31:0]
    14/23: $0\mem[7][31:0]
    15/23: $0\mem[6][31:0]
    16/23: $0\mem[5][31:0]
    17/23: $0\mem[4][31:0]
    18/23: $0\mem[3][31:0]
    19/23: $0\mem[2][31:0]
    20/23: $0\mem[1][31:0]
    21/23: $0\mem[0][31:0]
    22/23: $0\rd_ptr[3:0]
    23/23: $0\wr_ptr[3:0]
Creating decoders for process `\wavetable_synth.$proc$../src/synthesizer/hdl/wavetable_synth.sv:67$4'.
     1/6: $0\wave_offset[9:0]
     2/6: $0\phase_inc[23:0]
     3/6: $0\phase_acc[23:0]
     4/6: $0\freq_enc_down_latch[0:0]
     5/6: $0\freq_enc_press_latch[0:0]
     6/6: $0\freq_enc_up_latch[0:0]

13.8. Executing PROC_DLATCH pass (convert process syncs to latches).
No latch inferred for signal `$paramod$1719986e2d5dc43517b18f4e324b0f602a4474e9\fifo.$mem2reg_rd$\mem$../src/misc/fifo.sv:55$183_DATA' from process `$paramod$1719986e2d5dc43517b18f4e324b0f602a4474e9\fifo.$proc$../src/misc/fifo.sv:55$206'.
No latch inferred for signal `$paramod\i2s_rx\BIT_DEPTH=s32'00000000000000000000000000010000.\next_state' from process `$paramod\i2s_rx\BIT_DEPTH=s32'00000000000000000000000000010000.$proc$../src/i2s/i2s_rx.sv:97$164'.
No latch inferred for signal `$paramod\i2s_rx\BIT_DEPTH=s32'00000000000000000000000000010000.\sample_l' from process `$paramod\i2s_rx\BIT_DEPTH=s32'00000000000000000000000000010000.$proc$../src/i2s/i2s_rx.sv:97$164'.
No latch inferred for signal `$paramod\i2s_rx\BIT_DEPTH=s32'00000000000000000000000000010000.\sample_r' from process `$paramod\i2s_rx\BIT_DEPTH=s32'00000000000000000000000000010000.$proc$../src/i2s/i2s_rx.sv:97$164'.
No latch inferred for signal `$paramod\i2s_rx\BIT_DEPTH=s32'00000000000000000000000000010000.\sample_done' from process `$paramod\i2s_rx\BIT_DEPTH=s32'00000000000000000000000000010000.$proc$../src/i2s/i2s_rx.sv:97$164'.
No latch inferred for signal `$paramod$28704d8bf4447e08602ecae7770c77318b280126\fifo.$mem2reg_rd$\mem$../src/misc/fifo.sv:55$126_DATA' from process `$paramod$28704d8bf4447e08602ecae7770c77318b280126\fifo.$proc$../src/misc/fifo.sv:55$149'.

13.9. Executing PROC_DFF pass (convert process syncs to FFs).
Creating register for signal `\top.\led_counter' using process `\top.$proc$../src/top/protoboard_2.sv:113$120'.
  created $dff cell `$procdff$927' with positive edge clock.
Creating register for signal `$paramod\gain\DWIDTH=s32'00000000000000000000000000010000.\fifo_out_data' using process `$paramod\gain\DWIDTH=s32'00000000000000000000000000010000.$proc$../src/vol/gain.sv:27$222'.
  created $dff cell `$procdff$928' with positive edge clock.
Creating register for signal `$paramod\gain\DWIDTH=s32'00000000000000000000000000010000.\prod_valid' using process `$paramod\gain\DWIDTH=s32'00000000000000000000000000010000.$proc$../src/vol/gain.sv:27$222'.
  created $dff cell `$procdff$929' with positive edge clock.
Creating register for signal `\encoder.\trigger' using process `\encoder.$proc$../src/encoder/encoder.sv:86$102'.
  created $adff cell `$procdff$934' with positive edge clock and positive level reset.
Creating register for signal `\encoder.\up' using process `\encoder.$proc$../src/encoder/encoder.sv:86$102'.
  created $adff cell `$procdff$939' with positive edge clock and positive level reset.
Creating register for signal `\encoder.\down' using process `\encoder.$proc$../src/encoder/encoder.sv:86$102'.
  created $adff cell `$procdff$944' with positive edge clock and positive level reset.
Creating register for signal `\encoder.\dir_reg' using process `\encoder.$proc$../src/encoder/encoder.sv:86$102'.
  created $adff cell `$procdff$949' with positive edge clock and positive level reset.
Creating register for signal `\encoder.\prev_dir' using process `\encoder.$proc$../src/encoder/encoder.sv:86$102'.
  created $adff cell `$procdff$954' with positive edge clock and positive level reset.
Creating register for signal `\encoder.\fe_count' using process `\encoder.$proc$../src/encoder/encoder.sv:86$102'.
  created $dff cell `$procdff$961' with positive edge clock.
Creating register for signal `\encoder.\A_sync_ff' using process `\encoder.$proc$../src/encoder/encoder.sv:59$85'.
  created $adff cell `$procdff$966' with positive edge clock and positive level reset.
Creating register for signal `\encoder.\B_sync_ff' using process `\encoder.$proc$../src/encoder/encoder.sv:59$85'.
  created $adff cell `$procdff$971' with positive edge clock and positive level reset.
Creating register for signal `\encoder.\C_sync_ff' using process `\encoder.$proc$../src/encoder/encoder.sv:59$85'.
  created $adff cell `$procdff$976' with positive edge clock and positive level reset.
Creating register for signal `\encoder.\A_fe' using process `\encoder.$proc$../src/encoder/encoder.sv:59$85'.
  created $adff cell `$procdff$981' with positive edge clock and positive level reset.
Creating register for signal `\encoder.\B_fe' using process `\encoder.$proc$../src/encoder/encoder.sv:59$85'.
  created $adff cell `$procdff$986' with positive edge clock and positive level reset.
Creating register for signal `\encoder.\C_fe' using process `\encoder.$proc$../src/encoder/encoder.sv:59$85'.
  created $adff cell `$procdff$991' with positive edge clock and positive level reset.
Creating register for signal `\encoder.\A_re' using process `\encoder.$proc$../src/encoder/encoder.sv:59$85'.
  created $adff cell `$procdff$996' with positive edge clock and positive level reset.
Creating register for signal `\encoder.\B_re' using process `\encoder.$proc$../src/encoder/encoder.sv:59$85'.
  created $adff cell `$procdff$1001' with positive edge clock and positive level reset.
Creating register for signal `\encoder.\C_re' using process `\encoder.$proc$../src/encoder/encoder.sv:59$85'.
  created $adff cell `$procdff$1006' with positive edge clock and positive level reset.
Creating register for signal `\encoder.\A_sync' using process `\encoder.$proc$../src/encoder/encoder.sv:46$83'.
  created $adff cell `$procdff$1011' with positive edge clock and positive level reset.
Creating register for signal `\encoder.\B_sync' using process `\encoder.$proc$../src/encoder/encoder.sv:46$83'.
  created $adff cell `$procdff$1016' with positive edge clock and positive level reset.
Creating register for signal `\encoder.\C_sync' using process `\encoder.$proc$../src/encoder/encoder.sv:46$83'.
  created $adff cell `$procdff$1021' with positive edge clock and positive level reset.
Creating register for signal `$paramod$5ff65cac883644189a11f33c7731774bf2d6e2d2\clk_div.\clk_1ms' using process `$paramod$5ff65cac883644189a11f33c7731774bf2d6e2d2\clk_div.$proc$../src/clk_div/clk_div.sv:15$213'.
  created $adff cell `$procdff$1026' with positive edge clock and positive level reset.
Creating register for signal `$paramod$5ff65cac883644189a11f33c7731774bf2d6e2d2\clk_div.\counter' using process `$paramod$5ff65cac883644189a11f33c7731774bf2d6e2d2\clk_div.$proc$../src/clk_div/clk_div.sv:15$213'.
  created $adff cell `$procdff$1031' with positive edge clock and positive level reset.
Creating register for signal `$paramod\volume\DWIDTH=s32'00000000000000000000000000010000.\gain' using process `$paramod\volume\DWIDTH=s32'00000000000000000000000000010000.$proc$../src/vol/volume.sv:46$209'.
  created $adff cell `$procdff$1034' with positive edge clock and positive level reset.
Creating register for signal `$paramod$1719986e2d5dc43517b18f4e324b0f602a4474e9\fifo.\wr_ptr' using process `$paramod$1719986e2d5dc43517b18f4e324b0f602a4474e9\fifo.$proc$../src/misc/fifo.sv:32$190'.
  created $adff cell `$procdff$1039' with positive edge clock and positive level reset.
Creating register for signal `$paramod$1719986e2d5dc43517b18f4e324b0f602a4474e9\fifo.\rd_ptr' using process `$paramod$1719986e2d5dc43517b18f4e324b0f602a4474e9\fifo.$proc$../src/misc/fifo.sv:32$190'.
  created $adff cell `$procdff$1044' with positive edge clock and positive level reset.
Creating register for signal `$paramod$1719986e2d5dc43517b18f4e324b0f602a4474e9\fifo.\count' using process `$paramod$1719986e2d5dc43517b18f4e324b0f602a4474e9\fifo.$proc$../src/misc/fifo.sv:32$190'.
  created $adff cell `$procdff$1049' with positive edge clock and positive level reset.
Creating register for signal `$paramod$1719986e2d5dc43517b18f4e324b0f602a4474e9\fifo.\mem[0]' using process `$paramod$1719986e2d5dc43517b18f4e324b0f602a4474e9\fifo.$proc$../src/misc/fifo.sv:32$190'.
  created $dff cell `$procdff$1056' with positive edge clock.
Creating register for signal `$paramod$1719986e2d5dc43517b18f4e324b0f602a4474e9\fifo.\mem[1]' using process `$paramod$1719986e2d5dc43517b18f4e324b0f602a4474e9\fifo.$proc$../src/misc/fifo.sv:32$190'.
  created $dff cell `$procdff$1063' with positive edge clock.
Creating register for signal `$paramod$1719986e2d5dc43517b18f4e324b0f602a4474e9\fifo.\mem[2]' using process `$paramod$1719986e2d5dc43517b18f4e324b0f602a4474e9\fifo.$proc$../src/misc/fifo.sv:32$190'.
  created $dff cell `$procdff$1070' with positive edge clock.
Creating register for signal `$paramod$1719986e2d5dc43517b18f4e324b0f602a4474e9\fifo.\mem[3]' using process `$paramod$1719986e2d5dc43517b18f4e324b0f602a4474e9\fifo.$proc$../src/misc/fifo.sv:32$190'.
  created $dff cell `$procdff$1077' with positive edge clock.
Creating register for signal `$paramod$1719986e2d5dc43517b18f4e324b0f602a4474e9\fifo.\mem[4]' using process `$paramod$1719986e2d5dc43517b18f4e324b0f602a4474e9\fifo.$proc$../src/misc/fifo.sv:32$190'.
  created $dff cell `$procdff$1084' with positive edge clock.
Creating register for signal `$paramod$1719986e2d5dc43517b18f4e324b0f602a4474e9\fifo.\mem[5]' using process `$paramod$1719986e2d5dc43517b18f4e324b0f602a4474e9\fifo.$proc$../src/misc/fifo.sv:32$190'.
  created $dff cell `$procdff$1091' with positive edge clock.
Creating register for signal `$paramod$1719986e2d5dc43517b18f4e324b0f602a4474e9\fifo.\mem[6]' using process `$paramod$1719986e2d5dc43517b18f4e324b0f602a4474e9\fifo.$proc$../src/misc/fifo.sv:32$190'.
  created $dff cell `$procdff$1098' with positive edge clock.
Creating register for signal `$paramod$1719986e2d5dc43517b18f4e324b0f602a4474e9\fifo.\mem[7]' using process `$paramod$1719986e2d5dc43517b18f4e324b0f602a4474e9\fifo.$proc$../src/misc/fifo.sv:32$190'.
  created $dff cell `$procdff$1105' with positive edge clock.
Creating register for signal `$paramod$1719986e2d5dc43517b18f4e324b0f602a4474e9\fifo.\mem[8]' using process `$paramod$1719986e2d5dc43517b18f4e324b0f602a4474e9\fifo.$proc$../src/misc/fifo.sv:32$190'.
  created $dff cell `$procdff$1112' with positive edge clock.
Creating register for signal `$paramod$1719986e2d5dc43517b18f4e324b0f602a4474e9\fifo.\mem[9]' using process `$paramod$1719986e2d5dc43517b18f4e324b0f602a4474e9\fifo.$proc$../src/misc/fifo.sv:32$190'.
  created $dff cell `$procdff$1119' with positive edge clock.
Creating register for signal `$paramod$1719986e2d5dc43517b18f4e324b0f602a4474e9\fifo.\mem[10]' using process `$paramod$1719986e2d5dc43517b18f4e324b0f602a4474e9\fifo.$proc$../src/misc/fifo.sv:32$190'.
  created $dff cell `$procdff$1126' with positive edge clock.
Creating register for signal `$paramod$1719986e2d5dc43517b18f4e324b0f602a4474e9\fifo.\mem[11]' using process `$paramod$1719986e2d5dc43517b18f4e324b0f602a4474e9\fifo.$proc$../src/misc/fifo.sv:32$190'.
  created $dff cell `$procdff$1133' with positive edge clock.
Creating register for signal `$paramod$1719986e2d5dc43517b18f4e324b0f602a4474e9\fifo.\mem[12]' using process `$paramod$1719986e2d5dc43517b18f4e324b0f602a4474e9\fifo.$proc$../src/misc/fifo.sv:32$190'.
  created $dff cell `$procdff$1140' with positive edge clock.
Creating register for signal `$paramod$1719986e2d5dc43517b18f4e324b0f602a4474e9\fifo.\mem[13]' using process `$paramod$1719986e2d5dc43517b18f4e324b0f602a4474e9\fifo.$proc$../src/misc/fifo.sv:32$190'.
  created $dff cell `$procdff$1147' with positive edge clock.
Creating register for signal `$paramod$1719986e2d5dc43517b18f4e324b0f602a4474e9\fifo.\mem[14]' using process `$paramod$1719986e2d5dc43517b18f4e324b0f602a4474e9\fifo.$proc$../src/misc/fifo.sv:32$190'.
  created $dff cell `$procdff$1154' with positive edge clock.
Creating register for signal `$paramod$1719986e2d5dc43517b18f4e324b0f602a4474e9\fifo.\mem[15]' using process `$paramod$1719986e2d5dc43517b18f4e324b0f602a4474e9\fifo.$proc$../src/misc/fifo.sv:32$190'.
  created $dff cell `$procdff$1161' with positive edge clock.
Creating register for signal `$paramod$1719986e2d5dc43517b18f4e324b0f602a4474e9\fifo.$mem2reg_wr$\mem$../src/misc/fifo.sv:39$182_ADDR' using process `$paramod$1719986e2d5dc43517b18f4e324b0f602a4474e9\fifo.$proc$../src/misc/fifo.sv:32$190'.
  created $adff cell `$procdff$1166' with positive edge clock and positive level reset.
Creating register for signal `$paramod$1719986e2d5dc43517b18f4e324b0f602a4474e9\fifo.$mem2reg_wr$\mem$../src/misc/fifo.sv:39$182_DATA' using process `$paramod$1719986e2d5dc43517b18f4e324b0f602a4474e9\fifo.$proc$../src/misc/fifo.sv:32$190'.
  created $adff cell `$procdff$1171' with positive edge clock and positive level reset.
Creating register for signal `$paramod$5785904fef3fb2a86d9b4a3d3a35d0648892543e\i2s_tx.\rd_en' using process `$paramod$5785904fef3fb2a86d9b4a3d3a35d0648892543e\i2s_tx.$proc$../src/i2s/i2s_tx.sv:67$174'.
  created $adff cell `$procdff$1176' with positive edge clock and positive level reset.
Creating register for signal `$paramod$5785904fef3fb2a86d9b4a3d3a35d0648892543e\i2s_tx.\lrck' using process `$paramod$5785904fef3fb2a86d9b4a3d3a35d0648892543e\i2s_tx.$proc$../src/i2s/i2s_tx.sv:67$174'.
  created $adff cell `$procdff$1181' with positive edge clock and positive level reset.
Creating register for signal `$paramod$5785904fef3fb2a86d9b4a3d3a35d0648892543e\i2s_tx.\sdata' using process `$paramod$5785904fef3fb2a86d9b4a3d3a35d0648892543e\i2s_tx.$proc$../src/i2s/i2s_tx.sv:67$174'.
  created $adff cell `$procdff$1186' with positive edge clock and positive level reset.
Creating register for signal `$paramod$5785904fef3fb2a86d9b4a3d3a35d0648892543e\i2s_tx.\bit_cnt' using process `$paramod$5785904fef3fb2a86d9b4a3d3a35d0648892543e\i2s_tx.$proc$../src/i2s/i2s_tx.sv:67$174'.
  created $adff cell `$procdff$1191' with positive edge clock and positive level reset.
Creating register for signal `$paramod$5785904fef3fb2a86d9b4a3d3a35d0648892543e\i2s_tx.\ws' using process `$paramod$5785904fef3fb2a86d9b4a3d3a35d0648892543e\i2s_tx.$proc$../src/i2s/i2s_tx.sv:67$174'.
  created $adff cell `$procdff$1196' with positive edge clock and positive level reset.
Creating register for signal `$paramod$5785904fef3fb2a86d9b4a3d3a35d0648892543e\i2s_tx.\shift_reg' using process `$paramod$5785904fef3fb2a86d9b4a3d3a35d0648892543e\i2s_tx.$proc$../src/i2s/i2s_tx.sv:67$174'.
  created $adff cell `$procdff$1201' with positive edge clock and positive level reset.
Creating register for signal `$paramod$5785904fef3fb2a86d9b4a3d3a35d0648892543e\i2s_tx.\sample_latch' using process `$paramod$5785904fef3fb2a86d9b4a3d3a35d0648892543e\i2s_tx.$proc$../src/i2s/i2s_tx.sv:67$174'.
  created $adff cell `$procdff$1206' with positive edge clock and positive level reset.
Creating register for signal `$paramod$5785904fef3fb2a86d9b4a3d3a35d0648892543e\i2s_tx.\bclk_r_d' using process `$paramod$5785904fef3fb2a86d9b4a3d3a35d0648892543e\i2s_tx.$proc$../src/i2s/i2s_tx.sv:51$170'.
  created $adff cell `$procdff$1211' with positive edge clock and positive level reset.
Creating register for signal `$paramod$5785904fef3fb2a86d9b4a3d3a35d0648892543e\i2s_tx.\bclk_r' using process `$paramod$5785904fef3fb2a86d9b4a3d3a35d0648892543e\i2s_tx.$proc$../src/i2s/i2s_tx.sv:34$165'.
  created $adff cell `$procdff$1216' with positive edge clock and positive level reset.
Creating register for signal `$paramod$5785904fef3fb2a86d9b4a3d3a35d0648892543e\i2s_tx.\bclk_cnt' using process `$paramod$5785904fef3fb2a86d9b4a3d3a35d0648892543e\i2s_tx.$proc$../src/i2s/i2s_tx.sv:34$165'.
  created $adff cell `$procdff$1221' with positive edge clock and positive level reset.
Creating register for signal `$paramod\i2s_rx\BIT_DEPTH=s32'00000000000000000000000000010000.\fifo_wr_data' using process `$paramod\i2s_rx\BIT_DEPTH=s32'00000000000000000000000000010000.$proc$../src/i2s/i2s_rx.sv:80$160'.
  created $dff cell `$procdff$1228' with positive edge clock.
Creating register for signal `$paramod\i2s_rx\BIT_DEPTH=s32'00000000000000000000000000010000.\fifo_wr_en' using process `$paramod\i2s_rx\BIT_DEPTH=s32'00000000000000000000000000010000.$proc$../src/i2s/i2s_rx.sv:80$160'.
  created $dff cell `$procdff$1235' with positive edge clock.
Creating register for signal `$paramod\i2s_rx\BIT_DEPTH=s32'00000000000000000000000000010000.\state' using process `$paramod\i2s_rx\BIT_DEPTH=s32'00000000000000000000000000010000.$proc$../src/i2s/i2s_rx.sv:80$160'.
  created $adff cell `$procdff$1240' with positive edge clock and positive level reset.
Creating register for signal `$paramod\i2s_rx\BIT_DEPTH=s32'00000000000000000000000000010000.\sample_l_reg' using process `$paramod\i2s_rx\BIT_DEPTH=s32'00000000000000000000000000010000.$proc$../src/i2s/i2s_rx.sv:80$160'.
  created $adff cell `$procdff$1245' with positive edge clock and positive level reset.
Creating register for signal `$paramod\i2s_rx\BIT_DEPTH=s32'00000000000000000000000000010000.\sample_r_reg' using process `$paramod\i2s_rx\BIT_DEPTH=s32'00000000000000000000000000010000.$proc$../src/i2s/i2s_rx.sv:80$160'.
  created $adff cell `$procdff$1250' with positive edge clock and positive level reset.
Creating register for signal `$paramod\i2s_rx\BIT_DEPTH=s32'00000000000000000000000000010000.\bclk_ff' using process `$paramod\i2s_rx\BIT_DEPTH=s32'00000000000000000000000000010000.$proc$../src/i2s/i2s_rx.sv:31$152'.
  created $adff cell `$procdff$1255' with positive edge clock and positive level reset.
Creating register for signal `$paramod\i2s_rx\BIT_DEPTH=s32'00000000000000000000000000010000.\bclk_sync' using process `$paramod\i2s_rx\BIT_DEPTH=s32'00000000000000000000000000010000.$proc$../src/i2s/i2s_rx.sv:31$152'.
  created $adff cell `$procdff$1260' with positive edge clock and positive level reset.
Creating register for signal `$paramod\i2s_rx\BIT_DEPTH=s32'00000000000000000000000000010000.\bclk_sync_ff' using process `$paramod\i2s_rx\BIT_DEPTH=s32'00000000000000000000000000010000.$proc$../src/i2s/i2s_rx.sv:31$152'.
  created $adff cell `$procdff$1265' with positive edge clock and positive level reset.
Creating register for signal `$paramod\i2s_rx\BIT_DEPTH=s32'00000000000000000000000000010000.\bclk_re' using process `$paramod\i2s_rx\BIT_DEPTH=s32'00000000000000000000000000010000.$proc$../src/i2s/i2s_rx.sv:31$152'.
  created $adff cell `$procdff$1270' with positive edge clock and positive level reset.
Creating register for signal `$paramod\i2s_rx\BIT_DEPTH=s32'00000000000000000000000000010000.\lrck_ff' using process `$paramod\i2s_rx\BIT_DEPTH=s32'00000000000000000000000000010000.$proc$../src/i2s/i2s_rx.sv:31$152'.
  created $adff cell `$procdff$1275' with positive edge clock and positive level reset.
Creating register for signal `$paramod\i2s_rx\BIT_DEPTH=s32'00000000000000000000000000010000.\lrck_sync_ff' using process `$paramod\i2s_rx\BIT_DEPTH=s32'00000000000000000000000000010000.$proc$../src/i2s/i2s_rx.sv:31$152'.
  created $adff cell `$procdff$1280' with positive edge clock and positive level reset.
Creating register for signal `$paramod\i2s_rx\BIT_DEPTH=s32'00000000000000000000000000010000.\lrck_sync' using process `$paramod\i2s_rx\BIT_DEPTH=s32'00000000000000000000000000010000.$proc$../src/i2s/i2s_rx.sv:31$152'.
  created $adff cell `$procdff$1285' with positive edge clock and positive level reset.
Creating register for signal `$paramod\i2s_rx\BIT_DEPTH=s32'00000000000000000000000000010000.\lrck_re' using process `$paramod\i2s_rx\BIT_DEPTH=s32'00000000000000000000000000010000.$proc$../src/i2s/i2s_rx.sv:31$152'.
  created $adff cell `$procdff$1290' with positive edge clock and positive level reset.
Creating register for signal `$paramod\i2s_rx\BIT_DEPTH=s32'00000000000000000000000000010000.\lrck_fe' using process `$paramod\i2s_rx\BIT_DEPTH=s32'00000000000000000000000000010000.$proc$../src/i2s/i2s_rx.sv:31$152'.
  created $adff cell `$procdff$1295' with positive edge clock and positive level reset.
Creating register for signal `$paramod\i2s_rx\BIT_DEPTH=s32'00000000000000000000000000010000.\sdata_ff' using process `$paramod\i2s_rx\BIT_DEPTH=s32'00000000000000000000000000010000.$proc$../src/i2s/i2s_rx.sv:31$152'.
  created $adff cell `$procdff$1300' with positive edge clock and positive level reset.
Creating register for signal `$paramod\i2s_rx\BIT_DEPTH=s32'00000000000000000000000000010000.\sdata_sync' using process `$paramod\i2s_rx\BIT_DEPTH=s32'00000000000000000000000000010000.$proc$../src/i2s/i2s_rx.sv:31$152'.
  created $adff cell `$procdff$1305' with positive edge clock and positive level reset.
Creating register for signal `$paramod$28704d8bf4447e08602ecae7770c77318b280126\fifo.\wr_ptr' using process `$paramod$28704d8bf4447e08602ecae7770c77318b280126\fifo.$proc$../src/misc/fifo.sv:32$133'.
  created $adff cell `$procdff$1310' with positive edge clock and positive level reset.
Creating register for signal `$paramod$28704d8bf4447e08602ecae7770c77318b280126\fifo.\rd_ptr' using process `$paramod$28704d8bf4447e08602ecae7770c77318b280126\fifo.$proc$../src/misc/fifo.sv:32$133'.
  created $adff cell `$procdff$1315' with positive edge clock and positive level reset.
Creating register for signal `$paramod$28704d8bf4447e08602ecae7770c77318b280126\fifo.\count' using process `$paramod$28704d8bf4447e08602ecae7770c77318b280126\fifo.$proc$../src/misc/fifo.sv:32$133'.
  created $adff cell `$procdff$1320' with positive edge clock and positive level reset.
Creating register for signal `$paramod$28704d8bf4447e08602ecae7770c77318b280126\fifo.\mem[0]' using process `$paramod$28704d8bf4447e08602ecae7770c77318b280126\fifo.$proc$../src/misc/fifo.sv:32$133'.
  created $dff cell `$procdff$1327' with positive edge clock.
Creating register for signal `$paramod$28704d8bf4447e08602ecae7770c77318b280126\fifo.\mem[1]' using process `$paramod$28704d8bf4447e08602ecae7770c77318b280126\fifo.$proc$../src/misc/fifo.sv:32$133'.
  created $dff cell `$procdff$1334' with positive edge clock.
Creating register for signal `$paramod$28704d8bf4447e08602ecae7770c77318b280126\fifo.\mem[2]' using process `$paramod$28704d8bf4447e08602ecae7770c77318b280126\fifo.$proc$../src/misc/fifo.sv:32$133'.
  created $dff cell `$procdff$1341' with positive edge clock.
Creating register for signal `$paramod$28704d8bf4447e08602ecae7770c77318b280126\fifo.\mem[3]' using process `$paramod$28704d8bf4447e08602ecae7770c77318b280126\fifo.$proc$../src/misc/fifo.sv:32$133'.
  created $dff cell `$procdff$1348' with positive edge clock.
Creating register for signal `$paramod$28704d8bf4447e08602ecae7770c77318b280126\fifo.\mem[4]' using process `$paramod$28704d8bf4447e08602ecae7770c77318b280126\fifo.$proc$../src/misc/fifo.sv:32$133'.
  created $dff cell `$procdff$1355' with positive edge clock.
Creating register for signal `$paramod$28704d8bf4447e08602ecae7770c77318b280126\fifo.\mem[5]' using process `$paramod$28704d8bf4447e08602ecae7770c77318b280126\fifo.$proc$../src/misc/fifo.sv:32$133'.
  created $dff cell `$procdff$1362' with positive edge clock.
Creating register for signal `$paramod$28704d8bf4447e08602ecae7770c77318b280126\fifo.\mem[6]' using process `$paramod$28704d8bf4447e08602ecae7770c77318b280126\fifo.$proc$../src/misc/fifo.sv:32$133'.
  created $dff cell `$procdff$1369' with positive edge clock.
Creating register for signal `$paramod$28704d8bf4447e08602ecae7770c77318b280126\fifo.\mem[7]' using process `$paramod$28704d8bf4447e08602ecae7770c77318b280126\fifo.$proc$../src/misc/fifo.sv:32$133'.
  created $dff cell `$procdff$1376' with positive edge clock.
Creating register for signal `$paramod$28704d8bf4447e08602ecae7770c77318b280126\fifo.\mem[8]' using process `$paramod$28704d8bf4447e08602ecae7770c77318b280126\fifo.$proc$../src/misc/fifo.sv:32$133'.
  created $dff cell `$procdff$1383' with positive edge clock.
Creating register for signal `$paramod$28704d8bf4447e08602ecae7770c77318b280126\fifo.\mem[9]' using process `$paramod$28704d8bf4447e08602ecae7770c77318b280126\fifo.$proc$../src/misc/fifo.sv:32$133'.
  created $dff cell `$procdff$1390' with positive edge clock.
Creating register for signal `$paramod$28704d8bf4447e08602ecae7770c77318b280126\fifo.\mem[10]' using process `$paramod$28704d8bf4447e08602ecae7770c77318b280126\fifo.$proc$../src/misc/fifo.sv:32$133'.
  created $dff cell `$procdff$1397' with positive edge clock.
Creating register for signal `$paramod$28704d8bf4447e08602ecae7770c77318b280126\fifo.\mem[11]' using process `$paramod$28704d8bf4447e08602ecae7770c77318b280126\fifo.$proc$../src/misc/fifo.sv:32$133'.
  created $dff cell `$procdff$1404' with positive edge clock.
Creating register for signal `$paramod$28704d8bf4447e08602ecae7770c77318b280126\fifo.\mem[12]' using process `$paramod$28704d8bf4447e08602ecae7770c77318b280126\fifo.$proc$../src/misc/fifo.sv:32$133'.
  created $dff cell `$procdff$1411' with positive edge clock.
Creating register for signal `$paramod$28704d8bf4447e08602ecae7770c77318b280126\fifo.\mem[13]' using process `$paramod$28704d8bf4447e08602ecae7770c77318b280126\fifo.$proc$../src/misc/fifo.sv:32$133'.
  created $dff cell `$procdff$1418' with positive edge clock.
Creating register for signal `$paramod$28704d8bf4447e08602ecae7770c77318b280126\fifo.\mem[14]' using process `$paramod$28704d8bf4447e08602ecae7770c77318b280126\fifo.$proc$../src/misc/fifo.sv:32$133'.
  created $dff cell `$procdff$1425' with positive edge clock.
Creating register for signal `$paramod$28704d8bf4447e08602ecae7770c77318b280126\fifo.\mem[15]' using process `$paramod$28704d8bf4447e08602ecae7770c77318b280126\fifo.$proc$../src/misc/fifo.sv:32$133'.
  created $dff cell `$procdff$1432' with positive edge clock.
Creating register for signal `$paramod$28704d8bf4447e08602ecae7770c77318b280126\fifo.$mem2reg_wr$\mem$../src/misc/fifo.sv:39$125_ADDR' using process `$paramod$28704d8bf4447e08602ecae7770c77318b280126\fifo.$proc$../src/misc/fifo.sv:32$133'.
  created $adff cell `$procdff$1437' with positive edge clock and positive level reset.
Creating register for signal `$paramod$28704d8bf4447e08602ecae7770c77318b280126\fifo.$mem2reg_wr$\mem$../src/misc/fifo.sv:39$125_DATA' using process `$paramod$28704d8bf4447e08602ecae7770c77318b280126\fifo.$proc$../src/misc/fifo.sv:32$133'.
  created $adff cell `$procdff$1442' with positive edge clock and positive level reset.
Creating register for signal `\wavetable_synth.\freq_enc_up_latch' using process `\wavetable_synth.$proc$../src/synthesizer/hdl/wavetable_synth.sv:67$4'.
  created $adff cell `$procdff$1447' with positive edge clock and positive level reset.
Creating register for signal `\wavetable_synth.\freq_enc_press_latch' using process `\wavetable_synth.$proc$../src/synthesizer/hdl/wavetable_synth.sv:67$4'.
  created $adff cell `$procdff$1452' with positive edge clock and positive level reset.
Creating register for signal `\wavetable_synth.\freq_enc_down_latch' using process `\wavetable_synth.$proc$../src/synthesizer/hdl/wavetable_synth.sv:67$4'.
  created $adff cell `$procdff$1457' with positive edge clock and positive level reset.
Creating register for signal `\wavetable_synth.\phase_acc' using process `\wavetable_synth.$proc$../src/synthesizer/hdl/wavetable_synth.sv:67$4'.
  created $adff cell `$procdff$1462' with positive edge clock and positive level reset.
Creating register for signal `\wavetable_synth.\phase_inc' using process `\wavetable_synth.$proc$../src/synthesizer/hdl/wavetable_synth.sv:67$4'.
  created $adff cell `$procdff$1467' with positive edge clock and positive level reset.
Creating register for signal `\wavetable_synth.\wave_offset' using process `\wavetable_synth.$proc$../src/synthesizer/hdl/wavetable_synth.sv:67$4'.
  created $adff cell `$procdff$1472' with positive edge clock and positive level reset.

13.10. Executing PROC_MEMWR pass (convert process memory writes to cells).

13.11. Executing PROC_CLEAN pass (remove empty switches from decision trees).
Found and cleaned up 3 empty switches in `\top.$proc$../src/top/protoboard_2.sv:113$120'.
Removing empty process `top.$proc$../src/top/protoboard_2.sv:113$120'.
Found and cleaned up 2 empty switches in `$paramod\gain\DWIDTH=s32'00000000000000000000000000010000.$proc$../src/vol/gain.sv:27$222'.
Removing empty process `$paramod\gain\DWIDTH=s32'00000000000000000000000000010000.$proc$../src/vol/gain.sv:27$222'.
Found and cleaned up 4 empty switches in `\encoder.$proc$../src/encoder/encoder.sv:86$102'.
Removing empty process `encoder.$proc$../src/encoder/encoder.sv:86$102'.
Found and cleaned up 1 empty switch in `\encoder.$proc$../src/encoder/encoder.sv:59$85'.
Removing empty process `encoder.$proc$../src/encoder/encoder.sv:59$85'.
Removing empty process `encoder.$proc$../src/encoder/encoder.sv:46$83'.
Found and cleaned up 1 empty switch in `$paramod$5ff65cac883644189a11f33c7731774bf2d6e2d2\clk_div.$proc$../src/clk_div/clk_div.sv:15$213'.
Removing empty process `$paramod$5ff65cac883644189a11f33c7731774bf2d6e2d2\clk_div.$proc$../src/clk_div/clk_div.sv:15$213'.
Found and cleaned up 3 empty switches in `$paramod\volume\DWIDTH=s32'00000000000000000000000000010000.$proc$../src/vol/volume.sv:46$209'.
Removing empty process `$paramod\volume\DWIDTH=s32'00000000000000000000000000010000.$proc$../src/vol/volume.sv:46$209'.
Found and cleaned up 1 empty switch in `$paramod$1719986e2d5dc43517b18f4e324b0f602a4474e9\fifo.$proc$../src/misc/fifo.sv:55$206'.
Removing empty process `$paramod$1719986e2d5dc43517b18f4e324b0f602a4474e9\fifo.$proc$../src/misc/fifo.sv:55$206'.
Found and cleaned up 4 empty switches in `$paramod$1719986e2d5dc43517b18f4e324b0f602a4474e9\fifo.$proc$../src/misc/fifo.sv:32$190'.
Removing empty process `$paramod$1719986e2d5dc43517b18f4e324b0f602a4474e9\fifo.$proc$../src/misc/fifo.sv:32$190'.
Found and cleaned up 4 empty switches in `$paramod$5785904fef3fb2a86d9b4a3d3a35d0648892543e\i2s_tx.$proc$../src/i2s/i2s_tx.sv:67$174'.
Removing empty process `$paramod$5785904fef3fb2a86d9b4a3d3a35d0648892543e\i2s_tx.$proc$../src/i2s/i2s_tx.sv:67$174'.
Removing empty process `$paramod$5785904fef3fb2a86d9b4a3d3a35d0648892543e\i2s_tx.$proc$../src/i2s/i2s_tx.sv:51$170'.
Found and cleaned up 1 empty switch in `$paramod$5785904fef3fb2a86d9b4a3d3a35d0648892543e\i2s_tx.$proc$../src/i2s/i2s_tx.sv:34$165'.
Removing empty process `$paramod$5785904fef3fb2a86d9b4a3d3a35d0648892543e\i2s_tx.$proc$../src/i2s/i2s_tx.sv:34$165'.
Found and cleaned up 6 empty switches in `$paramod\i2s_rx\BIT_DEPTH=s32'00000000000000000000000000010000.$proc$../src/i2s/i2s_rx.sv:97$164'.
Removing empty process `$paramod\i2s_rx\BIT_DEPTH=s32'00000000000000000000000000010000.$proc$../src/i2s/i2s_rx.sv:97$164'.
Found and cleaned up 1 empty switch in `$paramod\i2s_rx\BIT_DEPTH=s32'00000000000000000000000000010000.$proc$../src/i2s/i2s_rx.sv:80$160'.
Removing empty process `$paramod\i2s_rx\BIT_DEPTH=s32'00000000000000000000000000010000.$proc$../src/i2s/i2s_rx.sv:80$160'.
Removing empty process `$paramod\i2s_rx\BIT_DEPTH=s32'00000000000000000000000000010000.$proc$../src/i2s/i2s_rx.sv:31$152'.
Found and cleaned up 1 empty switch in `$paramod$28704d8bf4447e08602ecae7770c77318b280126\fifo.$proc$../src/misc/fifo.sv:55$149'.
Removing empty process `$paramod$28704d8bf4447e08602ecae7770c77318b280126\fifo.$proc$../src/misc/fifo.sv:55$149'.
Found and cleaned up 4 empty switches in `$paramod$28704d8bf4447e08602ecae7770c77318b280126\fifo.$proc$../src/misc/fifo.sv:32$133'.
Removing empty process `$paramod$28704d8bf4447e08602ecae7770c77318b280126\fifo.$proc$../src/misc/fifo.sv:32$133'.
Found and cleaned up 7 empty switches in `\wavetable_synth.$proc$../src/synthesizer/hdl/wavetable_synth.sv:67$4'.
Removing empty process `wavetable_synth.$proc$../src/synthesizer/hdl/wavetable_synth.sv:67$4'.
Cleaned up 43 empty switches.

13.12. Executing OPT_EXPR pass (perform const folding).
Optimizing module top.
<suppressed ~1 debug messages>
Optimizing module $paramod\gain\DWIDTH=s32'00000000000000000000000000010000.
Optimizing module encoder.
<suppressed ~36 debug messages>
Optimizing module $paramod$5ff65cac883644189a11f33c7731774bf2d6e2d2\clk_div.
<suppressed ~4 debug messages>
Optimizing module $paramod\volume\DWIDTH=s32'00000000000000000000000000010000.
<suppressed ~1 debug messages>
Optimizing module $paramod$1719986e2d5dc43517b18f4e324b0f602a4474e9\fifo.
<suppressed ~45 debug messages>
Optimizing module $paramod$5785904fef3fb2a86d9b4a3d3a35d0648892543e\i2s_tx.
<suppressed ~28 debug messages>
Optimizing module $paramod\i2s_rx\BIT_DEPTH=s32'00000000000000000000000000010000.
<suppressed ~34 debug messages>
Optimizing module $paramod$28704d8bf4447e08602ecae7770c77318b280126\fifo.
<suppressed ~45 debug messages>
Optimizing module wavetable_synth.
<suppressed ~18 debug messages>

14. Executing OPT pass (performing simple optimizations).

14.1. Executing OPT_EXPR pass (perform const folding).
Optimizing module top.
Optimizing module $paramod\gain\DWIDTH=s32'00000000000000000000000000010000.
Optimizing module encoder.
Optimizing module $paramod$5ff65cac883644189a11f33c7731774bf2d6e2d2\clk_div.
Optimizing module $paramod\volume\DWIDTH=s32'00000000000000000000000000010000.
Optimizing module $paramod$1719986e2d5dc43517b18f4e324b0f602a4474e9\fifo.
Optimizing module $paramod$5785904fef3fb2a86d9b4a3d3a35d0648892543e\i2s_tx.
Optimizing module $paramod\i2s_rx\BIT_DEPTH=s32'00000000000000000000000000010000.
Optimizing module $paramod$28704d8bf4447e08602ecae7770c77318b280126\fifo.
Optimizing module wavetable_synth.

14.2. Executing OPT_MERGE pass (detect identical cells).
Finding identical cells in module `\top'.
Computing hashes of 19 cells of `\top'.
Finding duplicate cells in `\top'.
Computing hashes of 18 cells of `\top'.
Finding duplicate cells in `\top'.
<suppressed ~3 debug messages>
Finding identical cells in module `$paramod\gain\DWIDTH=s32'00000000000000000000000000010000'.
Computing hashes of 13 cells of `$paramod\gain\DWIDTH=s32'00000000000000000000000000010000'.
Finding duplicate cells in `$paramod\gain\DWIDTH=s32'00000000000000000000000000010000'.
Computing hashes of 11 cells of `$paramod\gain\DWIDTH=s32'00000000000000000000000000010000'.
Finding duplicate cells in `$paramod\gain\DWIDTH=s32'00000000000000000000000000010000'.
Computing hashes of 10 cells of `$paramod\gain\DWIDTH=s32'00000000000000000000000000010000'.
Finding duplicate cells in `$paramod\gain\DWIDTH=s32'00000000000000000000000000010000'.
<suppressed ~9 debug messages>
Finding identical cells in module `\encoder'.
Computing hashes of 77 cells of `\encoder'.
Finding duplicate cells in `\encoder'.
Computing hashes of 58 cells of `\encoder'.
Finding duplicate cells in `\encoder'.
<suppressed ~57 debug messages>
Finding identical cells in module `$paramod$5ff65cac883644189a11f33c7731774bf2d6e2d2\clk_div'.
Computing hashes of 10 cells of `$paramod$5ff65cac883644189a11f33c7731774bf2d6e2d2\clk_div'.
Finding duplicate cells in `$paramod$5ff65cac883644189a11f33c7731774bf2d6e2d2\clk_div'.
Computing hashes of 9 cells of `$paramod$5ff65cac883644189a11f33c7731774bf2d6e2d2\clk_div'.
Finding duplicate cells in `$paramod$5ff65cac883644189a11f33c7731774bf2d6e2d2\clk_div'.
<suppressed ~3 debug messages>
Finding identical cells in module `$paramod\volume\DWIDTH=s32'00000000000000000000000000010000'.
Computing hashes of 8 cells of `$paramod\volume\DWIDTH=s32'00000000000000000000000000010000'.
Finding duplicate cells in `$paramod\volume\DWIDTH=s32'00000000000000000000000000010000'.
Finding identical cells in module `$paramod$1719986e2d5dc43517b18f4e324b0f602a4474e9\fifo'.
Computing hashes of 145 cells of `$paramod$1719986e2d5dc43517b18f4e324b0f602a4474e9\fifo'.
Finding duplicate cells in `$paramod$1719986e2d5dc43517b18f4e324b0f602a4474e9\fifo'.
Computing hashes of 123 cells of `$paramod$1719986e2d5dc43517b18f4e324b0f602a4474e9\fifo'.
Finding duplicate cells in `$paramod$1719986e2d5dc43517b18f4e324b0f602a4474e9\fifo'.
<suppressed ~66 debug messages>
Finding identical cells in module `$paramod$5785904fef3fb2a86d9b4a3d3a35d0648892543e\i2s_tx'.
Computing hashes of 58 cells of `$paramod$5785904fef3fb2a86d9b4a3d3a35d0648892543e\i2s_tx'.
Finding duplicate cells in `$paramod$5785904fef3fb2a86d9b4a3d3a35d0648892543e\i2s_tx'.
Computing hashes of 44 cells of `$paramod$5785904fef3fb2a86d9b4a3d3a35d0648892543e\i2s_tx'.
Finding duplicate cells in `$paramod$5785904fef3fb2a86d9b4a3d3a35d0648892543e\i2s_tx'.
<suppressed ~42 debug messages>
Finding identical cells in module `$paramod\i2s_rx\BIT_DEPTH=s32'00000000000000000000000000010000'.
Computing hashes of 74 cells of `$paramod\i2s_rx\BIT_DEPTH=s32'00000000000000000000000000010000'.
Finding duplicate cells in `$paramod\i2s_rx\BIT_DEPTH=s32'00000000000000000000000000010000'.
Computing hashes of 49 cells of `$paramod\i2s_rx\BIT_DEPTH=s32'00000000000000000000000000010000'.
Finding duplicate cells in `$paramod\i2s_rx\BIT_DEPTH=s32'00000000000000000000000000010000'.
<suppressed ~75 debug messages>
Finding identical cells in module `$paramod$28704d8bf4447e08602ecae7770c77318b280126\fifo'.
Computing hashes of 145 cells of `$paramod$28704d8bf4447e08602ecae7770c77318b280126\fifo'.
Finding duplicate cells in `$paramod$28704d8bf4447e08602ecae7770c77318b280126\fifo'.
Computing hashes of 123 cells of `$paramod$28704d8bf4447e08602ecae7770c77318b280126\fifo'.
Finding duplicate cells in `$paramod$28704d8bf4447e08602ecae7770c77318b280126\fifo'.
<suppressed ~66 debug messages>
Finding identical cells in module `\wavetable_synth'.
Computing hashes of 41 cells of `\wavetable_synth'.
Finding duplicate cells in `\wavetable_synth'.
Computing hashes of 35 cells of `\wavetable_synth'.
Finding duplicate cells in `\wavetable_synth'.
<suppressed ~18 debug messages>
Removed a total of 113 cells.

14.3. Executing OPT_MUXTREE pass (detect dead branches in mux trees).
Running muxtree optimizer on module \top..
  Creating internal representation of mux trees.
  Evaluating internal representation of mux trees.
  Analyzing evaluation results.
Running muxtree optimizer on module $paramod\gain\DWIDTH=s32'00000000000000000000000000010000..
  Creating internal representation of mux trees.
  Evaluating internal representation of mux trees.
  Analyzing evaluation results.
Running muxtree optimizer on module \encoder..
  Creating internal representation of mux trees.
  Evaluating internal representation of mux trees.
  Analyzing evaluation results.
Running muxtree optimizer on module $paramod$5ff65cac883644189a11f33c7731774bf2d6e2d2\clk_div..
  Creating internal representation of mux trees.
  Evaluating internal representation of mux trees.
  Analyzing evaluation results.
Running muxtree optimizer on module $paramod\volume\DWIDTH=s32'00000000000000000000000000010000..
  Creating internal representation of mux trees.
  Evaluating internal representation of mux trees.
  Analyzing evaluation results.
Running muxtree optimizer on module $paramod$1719986e2d5dc43517b18f4e324b0f602a4474e9\fifo..
  Creating internal representation of mux trees.
  Evaluating internal representation of mux trees.
  Analyzing evaluation results.
    dead port 1/2 on $mux $procmux$311.
    dead port 2/2 on $mux $procmux$311.
    dead port 1/2 on $mux $procmux$308.
    dead port 2/2 on $mux $procmux$308.
Running muxtree optimizer on module $paramod$5785904fef3fb2a86d9b4a3d3a35d0648892543e\i2s_tx..
  Creating internal representation of mux trees.
  Evaluating internal representation of mux trees.
  Analyzing evaluation results.
Running muxtree optimizer on module $paramod\i2s_rx\BIT_DEPTH=s32'00000000000000000000000000010000..
  Creating internal representation of mux trees.
  Evaluating internal representation of mux trees.
  Analyzing evaluation results.
    dead port 2/2 on $mux $procmux$621.
    dead port 2/2 on $mux $procmux$613.
    dead port 2/2 on $mux $procmux$606.
    dead port 2/2 on $mux $procmux$599.
    dead port 2/2 on $mux $procmux$593.
    dead port 2/2 on $mux $procmux$587.
Running muxtree optimizer on module $paramod$28704d8bf4447e08602ecae7770c77318b280126\fifo..
  Creating internal representation of mux trees.
  Evaluating internal representation of mux trees.
  Analyzing evaluation results.
    dead port 1/2 on $mux $procmux$667.
    dead port 2/2 on $mux $procmux$667.
    dead port 1/2 on $mux $procmux$664.
    dead port 2/2 on $mux $procmux$664.
Running muxtree optimizer on module \wavetable_synth..
  Creating internal representation of mux trees.
  Evaluating internal representation of mux trees.
  Analyzing evaluation results.
Removed 14 multiplexer ports.
<suppressed ~285 debug messages>

14.4. Executing OPT_REDUCE pass (consolidate $*mux and $reduce_* inputs).
  Optimizing cells in module \top.
  Optimizing cells in module $paramod\gain\DWIDTH=s32'00000000000000000000000000010000.
  Optimizing cells in module \encoder.
  Optimizing cells in module $paramod$5ff65cac883644189a11f33c7731774bf2d6e2d2\clk_div.
  Optimizing cells in module $paramod\volume\DWIDTH=s32'00000000000000000000000000010000.
  Optimizing cells in module $paramod$1719986e2d5dc43517b18f4e324b0f602a4474e9\fifo.
  Optimizing cells in module $paramod$5785904fef3fb2a86d9b4a3d3a35d0648892543e\i2s_tx.
  Optimizing cells in module $paramod\i2s_rx\BIT_DEPTH=s32'00000000000000000000000000010000.
  Optimizing cells in module $paramod$28704d8bf4447e08602ecae7770c77318b280126\fifo.
  Optimizing cells in module \wavetable_synth.
Performed a total of 0 changes.

14.5. Executing OPT_MERGE pass (detect identical cells).
Finding identical cells in module `\top'.
Computing hashes of 18 cells of `\top'.
Finding duplicate cells in `\top'.
Finding identical cells in module `$paramod\gain\DWIDTH=s32'00000000000000000000000000010000'.
Computing hashes of 10 cells of `$paramod\gain\DWIDTH=s32'00000000000000000000000000010000'.
Finding duplicate cells in `$paramod\gain\DWIDTH=s32'00000000000000000000000000010000'.
Finding identical cells in module `\encoder'.
Computing hashes of 58 cells of `\encoder'.
Finding duplicate cells in `\encoder'.
Finding identical cells in module `$paramod$5ff65cac883644189a11f33c7731774bf2d6e2d2\clk_div'.
Computing hashes of 9 cells of `$paramod$5ff65cac883644189a11f33c7731774bf2d6e2d2\clk_div'.
Finding duplicate cells in `$paramod$5ff65cac883644189a11f33c7731774bf2d6e2d2\clk_div'.
Finding identical cells in module `$paramod\volume\DWIDTH=s32'00000000000000000000000000010000'.
Computing hashes of 8 cells of `$paramod\volume\DWIDTH=s32'00000000000000000000000000010000'.
Finding duplicate cells in `$paramod\volume\DWIDTH=s32'00000000000000000000000000010000'.
Finding identical cells in module `$paramod$1719986e2d5dc43517b18f4e324b0f602a4474e9\fifo'.
Computing hashes of 121 cells of `$paramod$1719986e2d5dc43517b18f4e324b0f602a4474e9\fifo'.
Finding duplicate cells in `$paramod$1719986e2d5dc43517b18f4e324b0f602a4474e9\fifo'.
Finding identical cells in module `$paramod$5785904fef3fb2a86d9b4a3d3a35d0648892543e\i2s_tx'.
Computing hashes of 44 cells of `$paramod$5785904fef3fb2a86d9b4a3d3a35d0648892543e\i2s_tx'.
Finding duplicate cells in `$paramod$5785904fef3fb2a86d9b4a3d3a35d0648892543e\i2s_tx'.
Finding identical cells in module `$paramod\i2s_rx\BIT_DEPTH=s32'00000000000000000000000000010000'.
Computing hashes of 43 cells of `$paramod\i2s_rx\BIT_DEPTH=s32'00000000000000000000000000010000'.
Finding duplicate cells in `$paramod\i2s_rx\BIT_DEPTH=s32'00000000000000000000000000010000'.
Computing hashes of 42 cells of `$paramod\i2s_rx\BIT_DEPTH=s32'00000000000000000000000000010000'.
Finding duplicate cells in `$paramod\i2s_rx\BIT_DEPTH=s32'00000000000000000000000000010000'.
<suppressed ~3 debug messages>
Finding identical cells in module `$paramod$28704d8bf4447e08602ecae7770c77318b280126\fifo'.
Computing hashes of 121 cells of `$paramod$28704d8bf4447e08602ecae7770c77318b280126\fifo'.
Finding duplicate cells in `$paramod$28704d8bf4447e08602ecae7770c77318b280126\fifo'.
Finding identical cells in module `\wavetable_synth'.
Computing hashes of 35 cells of `\wavetable_synth'.
Finding duplicate cells in `\wavetable_synth'.
Removed a total of 1 cells.

14.6. Executing OPT_DFF pass (perform DFF optimizations).
Adding SRST signal on $procdff$927 ($dff) from module top (D = $procmux$229_Y, Q = \led_counter, rval = 6'000000).
Adding EN signal on $auto$ff.cc:337:slice$1473 ($sdff) from module top (D = $procmux$229_Y, Q = \led_counter).
Adding SRST signal on $procdff$928 ($dff) from module $paramod\gain\DWIDTH=s32'00000000000000000000000000010000 (D = $procmux$241_Y, Q = \fifo_out_data, rval = 16'0000000000000000).
Adding EN signal on $auto$ff.cc:337:slice$1477 ($sdff) from module $paramod\gain\DWIDTH=s32'00000000000000000000000000010000 (D = $mul$../src/vol/gain.sv:25$221_Y [31:16], Q = \fifo_out_data).
Adding SRST signal on $procdff$929 ($dff) from module $paramod\gain\DWIDTH=s32'00000000000000000000000000010000 (D = $procmux$235_Y, Q = \prod_valid, rval = 1'0).
Adding EN signal on $procdff$961 ($dff) from module encoder (D = $add$../src/encoder/encoder.sv:98$107_Y, Q = \fe_count).
Adding EN signal on $procdff$966 ($adff) from module encoder (D = { \A_sync_ff [0] $reduce_or$../src/encoder/encoder.sv:78$99_Y }, Q = \A_sync_ff).
Adding EN signal on $procdff$971 ($adff) from module encoder (D = { \B_sync_ff [0] $reduce_or$../src/encoder/encoder.sv:79$100_Y }, Q = \B_sync_ff).
Adding EN signal on $procdff$949 ($adff) from module encoder (D = { \A_fe \C_fe }, Q = \dir_reg).
Adding EN signal on $procdff$976 ($adff) from module encoder (D = { \C_sync_ff [0] $reduce_or$../src/encoder/encoder.sv:80$101_Y }, Q = \C_sync_ff).
Adding EN signal on $procdff$954 ($adff) from module encoder (D = \dir_reg, Q = \prev_dir).
Adding EN signal on $procdff$1026 ($adff) from module $paramod$5ff65cac883644189a11f33c7731774bf2d6e2d2\clk_div (D = $not$../src/clk_div/clk_div.sv:21$216_Y, Q = \clk_1ms).
Adding EN signal on $procdff$1034 ($adff) from module $paramod\volume\DWIDTH=s32'00000000000000000000000000010000 (D = $procmux$284_Y, Q = \gain).
Adding EN signal on $procdff$1098 ($dff) from module $paramod$1719986e2d5dc43517b18f4e324b0f602a4474e9\fifo (D = \wr_data, Q = \mem[6]).
Adding EN signal on $procdff$1154 ($dff) from module $paramod$1719986e2d5dc43517b18f4e324b0f602a4474e9\fifo (D = \wr_data, Q = \mem[14]).
Adding EN signal on $procdff$1039 ($adff) from module $paramod$1719986e2d5dc43517b18f4e324b0f602a4474e9\fifo (D = $ternary$../src/misc/fifo.sv:40$200_Y, Q = \wr_ptr).
Adding EN signal on $procdff$1105 ($dff) from module $paramod$1719986e2d5dc43517b18f4e324b0f602a4474e9\fifo (D = \wr_data, Q = \mem[7]).
Adding EN signal on $procdff$1044 ($adff) from module $paramod$1719986e2d5dc43517b18f4e324b0f602a4474e9\fifo (D = $ternary$../src/misc/fifo.sv:44$203_Y, Q = \rd_ptr).
Adding EN signal on $procdff$1126 ($dff) from module $paramod$1719986e2d5dc43517b18f4e324b0f602a4474e9\fifo (D = \wr_data, Q = \mem[10]).
Adding EN signal on $procdff$1140 ($dff) from module $paramod$1719986e2d5dc43517b18f4e324b0f602a4474e9\fifo (D = \wr_data, Q = \mem[12]).
Adding EN signal on $procdff$1049 ($adff) from module $paramod$1719986e2d5dc43517b18f4e324b0f602a4474e9\fifo (D = $procmux$304_Y, Q = \count).
Adding EN signal on $procdff$1056 ($dff) from module $paramod$1719986e2d5dc43517b18f4e324b0f602a4474e9\fifo (D = \wr_data, Q = \mem[0]).
Adding EN signal on $procdff$1112 ($dff) from module $paramod$1719986e2d5dc43517b18f4e324b0f602a4474e9\fifo (D = \wr_data, Q = \mem[8]).
Adding EN signal on $procdff$1063 ($dff) from module $paramod$1719986e2d5dc43517b18f4e324b0f602a4474e9\fifo (D = \wr_data, Q = \mem[1]).
Adding EN signal on $procdff$1161 ($dff) from module $paramod$1719986e2d5dc43517b18f4e324b0f602a4474e9\fifo (D = \wr_data, Q = \mem[15]).
Adding EN signal on $procdff$1070 ($dff) from module $paramod$1719986e2d5dc43517b18f4e324b0f602a4474e9\fifo (D = \wr_data, Q = \mem[2]).
Adding EN signal on $procdff$1147 ($dff) from module $paramod$1719986e2d5dc43517b18f4e324b0f602a4474e9\fifo (D = \wr_data, Q = \mem[13]).
Adding EN signal on $procdff$1077 ($dff) from module $paramod$1719986e2d5dc43517b18f4e324b0f602a4474e9\fifo (D = \wr_data, Q = \mem[3]).
Adding EN signal on $procdff$1119 ($dff) from module $paramod$1719986e2d5dc43517b18f4e324b0f602a4474e9\fifo (D = \wr_data, Q = \mem[9]).
Adding EN signal on $procdff$1084 ($dff) from module $paramod$1719986e2d5dc43517b18f4e324b0f602a4474e9\fifo (D = \wr_data, Q = \mem[4]).
Adding EN signal on $procdff$1133 ($dff) from module $paramod$1719986e2d5dc43517b18f4e324b0f602a4474e9\fifo (D = \wr_data, Q = \mem[11]).
Adding EN signal on $procdff$1091 ($dff) from module $paramod$1719986e2d5dc43517b18f4e324b0f602a4474e9\fifo (D = \wr_data, Q = \mem[5]).
Setting constant 0-bit at position 0 on $procdff$1166 ($adff) from module $paramod$1719986e2d5dc43517b18f4e324b0f602a4474e9\fifo.
Setting constant 0-bit at position 1 on $procdff$1166 ($adff) from module $paramod$1719986e2d5dc43517b18f4e324b0f602a4474e9\fifo.
Setting constant 0-bit at position 2 on $procdff$1166 ($adff) from module $paramod$1719986e2d5dc43517b18f4e324b0f602a4474e9\fifo.
Setting constant 0-bit at position 3 on $procdff$1166 ($adff) from module $paramod$1719986e2d5dc43517b18f4e324b0f602a4474e9\fifo.
Setting constant 0-bit at position 0 on $procdff$1171 ($adff) from module $paramod$1719986e2d5dc43517b18f4e324b0f602a4474e9\fifo.
Setting constant 0-bit at position 1 on $procdff$1171 ($adff) from module $paramod$1719986e2d5dc43517b18f4e324b0f602a4474e9\fifo.
Setting constant 0-bit at position 2 on $procdff$1171 ($adff) from module $paramod$1719986e2d5dc43517b18f4e324b0f602a4474e9\fifo.
Setting constant 0-bit at position 3 on $procdff$1171 ($adff) from module $paramod$1719986e2d5dc43517b18f4e324b0f602a4474e9\fifo.
Setting constant 0-bit at position 4 on $procdff$1171 ($adff) from module $paramod$1719986e2d5dc43517b18f4e324b0f602a4474e9\fifo.
Setting constant 0-bit at position 5 on $procdff$1171 ($adff) from module $paramod$1719986e2d5dc43517b18f4e324b0f602a4474e9\fifo.
Setting constant 0-bit at position 6 on $procdff$1171 ($adff) from module $paramod$1719986e2d5dc43517b18f4e324b0f602a4474e9\fifo.
Setting constant 0-bit at position 7 on $procdff$1171 ($adff) from module $paramod$1719986e2d5dc43517b18f4e324b0f602a4474e9\fifo.
Setting constant 0-bit at position 8 on $procdff$1171 ($adff) from module $paramod$1719986e2d5dc43517b18f4e324b0f602a4474e9\fifo.
Setting constant 0-bit at position 9 on $procdff$1171 ($adff) from module $paramod$1719986e2d5dc43517b18f4e324b0f602a4474e9\fifo.
Setting constant 0-bit at position 10 on $procdff$1171 ($adff) from module $paramod$1719986e2d5dc43517b18f4e324b0f602a4474e9\fifo.
Setting constant 0-bit at position 11 on $procdff$1171 ($adff) from module $paramod$1719986e2d5dc43517b18f4e324b0f602a4474e9\fifo.
Setting constant 0-bit at position 12 on $procdff$1171 ($adff) from module $paramod$1719986e2d5dc43517b18f4e324b0f602a4474e9\fifo.
Setting constant 0-bit at position 13 on $procdff$1171 ($adff) from module $paramod$1719986e2d5dc43517b18f4e324b0f602a4474e9\fifo.
Setting constant 0-bit at position 14 on $procdff$1171 ($adff) from module $paramod$1719986e2d5dc43517b18f4e324b0f602a4474e9\fifo.
Setting constant 0-bit at position 15 on $procdff$1171 ($adff) from module $paramod$1719986e2d5dc43517b18f4e324b0f602a4474e9\fifo.
Adding EN signal on $procdff$1196 ($adff) from module $paramod$5785904fef3fb2a86d9b4a3d3a35d0648892543e\i2s_tx (D = $not$../src/i2s/i2s_tx.sv:85$178_Y, Q = \ws).
Adding EN signal on $procdff$1216 ($adff) from module $paramod$5785904fef3fb2a86d9b4a3d3a35d0648892543e\i2s_tx (D = $not$../src/i2s/i2s_tx.sv:40$168_Y, Q = \bclk_r).
Adding EN signal on $procdff$1186 ($adff) from module $paramod$5785904fef3fb2a86d9b4a3d3a35d0648892543e\i2s_tx (D = $procmux$568_Y, Q = \sdata).
Adding EN signal on $procdff$1191 ($adff) from module $paramod$5785904fef3fb2a86d9b4a3d3a35d0648892543e\i2s_tx (D = $procmux$557_Y, Q = \bit_cnt).
Adding EN signal on $procdff$1206 ($adff) from module $paramod$5785904fef3fb2a86d9b4a3d3a35d0648892543e\i2s_tx (D = $procmux$532_Y, Q = \sample_latch).
Adding EN signal on $procdff$1201 ($adff) from module $paramod$5785904fef3fb2a86d9b4a3d3a35d0648892543e\i2s_tx (D = $procmux$547_Y, Q = \shift_reg).
Adding EN signal on $procdff$1181 ($adff) from module $paramod$5785904fef3fb2a86d9b4a3d3a35d0648892543e\i2s_tx (D = $not$../src/i2s/i2s_tx.sv:84$177_Y, Q = \lrck).
Adding EN signal on $procdff$1240 ($adff) from module $paramod\i2s_rx\BIT_DEPTH=s32'00000000000000000000000000010000 (D = $procmux$624_Y, Q = \state).
Adding EN signal on $procdff$1228 ($dff) from module $paramod\i2s_rx\BIT_DEPTH=s32'00000000000000000000000000010000 (D = { \sample_l_reg \sample_r_reg }, Q = \fifo_wr_data).
Adding EN signal on $procdff$1245 ($adff) from module $paramod\i2s_rx\BIT_DEPTH=s32'00000000000000000000000000010000 (D = $2\sample_l[15:0], Q = \sample_l_reg).
Adding EN signal on $procdff$1235 ($dff) from module $paramod\i2s_rx\BIT_DEPTH=s32'00000000000000000000000000010000 (D = $procmux$638_Y, Q = \fifo_wr_en).
Adding EN signal on $procdff$1250 ($adff) from module $paramod\i2s_rx\BIT_DEPTH=s32'00000000000000000000000000010000 (D = $2\sample_r[15:0], Q = \sample_r_reg).
Adding EN signal on $procdff$1369 ($dff) from module $paramod$28704d8bf4447e08602ecae7770c77318b280126\fifo (D = \wr_data, Q = \mem[6]).
Adding EN signal on $procdff$1425 ($dff) from module $paramod$28704d8bf4447e08602ecae7770c77318b280126\fifo (D = \wr_data, Q = \mem[14]).
Adding EN signal on $procdff$1310 ($adff) from module $paramod$28704d8bf4447e08602ecae7770c77318b280126\fifo (D = $ternary$../src/misc/fifo.sv:40$143_Y, Q = \wr_ptr).
Adding EN signal on $procdff$1376 ($dff) from module $paramod$28704d8bf4447e08602ecae7770c77318b280126\fifo (D = \wr_data, Q = \mem[7]).
Adding EN signal on $procdff$1315 ($adff) from module $paramod$28704d8bf4447e08602ecae7770c77318b280126\fifo (D = $ternary$../src/misc/fifo.sv:44$146_Y, Q = \rd_ptr).
Adding EN signal on $procdff$1397 ($dff) from module $paramod$28704d8bf4447e08602ecae7770c77318b280126\fifo (D = \wr_data, Q = \mem[10]).
Adding EN signal on $procdff$1411 ($dff) from module $paramod$28704d8bf4447e08602ecae7770c77318b280126\fifo (D = \wr_data, Q = \mem[12]).
Adding EN signal on $procdff$1320 ($adff) from module $paramod$28704d8bf4447e08602ecae7770c77318b280126\fifo (D = $procmux$660_Y, Q = \count).
Adding EN signal on $procdff$1327 ($dff) from module $paramod$28704d8bf4447e08602ecae7770c77318b280126\fifo (D = \wr_data, Q = \mem[0]).
Adding EN signal on $procdff$1383 ($dff) from module $paramod$28704d8bf4447e08602ecae7770c77318b280126\fifo (D = \wr_data, Q = \mem[8]).
Adding EN signal on $procdff$1334 ($dff) from module $paramod$28704d8bf4447e08602ecae7770c77318b280126\fifo (D = \wr_data, Q = \mem[1]).
Adding EN signal on $procdff$1432 ($dff) from module $paramod$28704d8bf4447e08602ecae7770c77318b280126\fifo (D = \wr_data, Q = \mem[15]).
Adding EN signal on $procdff$1341 ($dff) from module $paramod$28704d8bf4447e08602ecae7770c77318b280126\fifo (D = \wr_data, Q = \mem[2]).
Adding EN signal on $procdff$1418 ($dff) from module $paramod$28704d8bf4447e08602ecae7770c77318b280126\fifo (D = \wr_data, Q = \mem[13]).
Adding EN signal on $procdff$1348 ($dff) from module $paramod$28704d8bf4447e08602ecae7770c77318b280126\fifo (D = \wr_data, Q = \mem[3]).
Adding EN signal on $procdff$1390 ($dff) from module $paramod$28704d8bf4447e08602ecae7770c77318b280126\fifo (D = \wr_data, Q = \mem[9]).
Adding EN signal on $procdff$1355 ($dff) from module $paramod$28704d8bf4447e08602ecae7770c77318b280126\fifo (D = \wr_data, Q = \mem[4]).
Adding EN signal on $procdff$1404 ($dff) from module $paramod$28704d8bf4447e08602ecae7770c77318b280126\fifo (D = \wr_data, Q = \mem[11]).
Adding EN signal on $procdff$1362 ($dff) from module $paramod$28704d8bf4447e08602ecae7770c77318b280126\fifo (D = \wr_data, Q = \mem[5]).
Setting constant 0-bit at position 0 on $procdff$1437 ($adff) from module $paramod$28704d8bf4447e08602ecae7770c77318b280126\fifo.
Setting constant 0-bit at position 1 on $procdff$1437 ($adff) from module $paramod$28704d8bf4447e08602ecae7770c77318b280126\fifo.
Setting constant 0-bit at position 2 on $procdff$1437 ($adff) from module $paramod$28704d8bf4447e08602ecae7770c77318b280126\fifo.
Setting constant 0-bit at position 3 on $procdff$1437 ($adff) from module $paramod$28704d8bf4447e08602ecae7770c77318b280126\fifo.
Setting constant 0-bit at position 0 on $procdff$1442 ($adff) from module $paramod$28704d8bf4447e08602ecae7770c77318b280126\fifo.
Setting constant 0-bit at position 1 on $procdff$1442 ($adff) from module $paramod$28704d8bf4447e08602ecae7770c77318b280126\fifo.
Setting constant 0-bit at position 2 on $procdff$1442 ($adff) from module $paramod$28704d8bf4447e08602ecae7770c77318b280126\fifo.
Setting constant 0-bit at position 3 on $procdff$1442 ($adff) from module $paramod$28704d8bf4447e08602ecae7770c77318b280126\fifo.
Setting constant 0-bit at position 4 on $procdff$1442 ($adff) from module $paramod$28704d8bf4447e08602ecae7770c77318b280126\fifo.
Setting constant 0-bit at position 5 on $procdff$1442 ($adff) from module $paramod$28704d8bf4447e08602ecae7770c77318b280126\fifo.
Setting constant 0-bit at position 6 on $procdff$1442 ($adff) from module $paramod$28704d8bf4447e08602ecae7770c77318b280126\fifo.
Setting constant 0-bit at position 7 on $procdff$1442 ($adff) from module $paramod$28704d8bf4447e08602ecae7770c77318b280126\fifo.
Setting constant 0-bit at position 8 on $procdff$1442 ($adff) from module $paramod$28704d8bf4447e08602ecae7770c77318b280126\fifo.
Setting constant 0-bit at position 9 on $procdff$1442 ($adff) from module $paramod$28704d8bf4447e08602ecae7770c77318b280126\fifo.
Setting constant 0-bit at position 10 on $procdff$1442 ($adff) from module $paramod$28704d8bf4447e08602ecae7770c77318b280126\fifo.
Setting constant 0-bit at position 11 on $procdff$1442 ($adff) from module $paramod$28704d8bf4447e08602ecae7770c77318b280126\fifo.
Setting constant 0-bit at position 12 on $procdff$1442 ($adff) from module $paramod$28704d8bf4447e08602ecae7770c77318b280126\fifo.
Setting constant 0-bit at position 13 on $procdff$1442 ($adff) from module $paramod$28704d8bf4447e08602ecae7770c77318b280126\fifo.
Setting constant 0-bit at position 14 on $procdff$1442 ($adff) from module $paramod$28704d8bf4447e08602ecae7770c77318b280126\fifo.
Setting constant 0-bit at position 15 on $procdff$1442 ($adff) from module $paramod$28704d8bf4447e08602ecae7770c77318b280126\fifo.
Setting constant 0-bit at position 16 on $procdff$1442 ($adff) from module $paramod$28704d8bf4447e08602ecae7770c77318b280126\fifo.
Setting constant 0-bit at position 17 on $procdff$1442 ($adff) from module $paramod$28704d8bf4447e08602ecae7770c77318b280126\fifo.
Setting constant 0-bit at position 18 on $procdff$1442 ($adff) from module $paramod$28704d8bf4447e08602ecae7770c77318b280126\fifo.
Setting constant 0-bit at position 19 on $procdff$1442 ($adff) from module $paramod$28704d8bf4447e08602ecae7770c77318b280126\fifo.
Setting constant 0-bit at position 20 on $procdff$1442 ($adff) from module $paramod$28704d8bf4447e08602ecae7770c77318b280126\fifo.
Setting constant 0-bit at position 21 on $procdff$1442 ($adff) from module $paramod$28704d8bf4447e08602ecae7770c77318b280126\fifo.
Setting constant 0-bit at position 22 on $procdff$1442 ($adff) from module $paramod$28704d8bf4447e08602ecae7770c77318b280126\fifo.
Setting constant 0-bit at position 23 on $procdff$1442 ($adff) from module $paramod$28704d8bf4447e08602ecae7770c77318b280126\fifo.
Setting constant 0-bit at position 24 on $procdff$1442 ($adff) from module $paramod$28704d8bf4447e08602ecae7770c77318b280126\fifo.
Setting constant 0-bit at position 25 on $procdff$1442 ($adff) from module $paramod$28704d8bf4447e08602ecae7770c77318b280126\fifo.
Setting constant 0-bit at position 26 on $procdff$1442 ($adff) from module $paramod$28704d8bf4447e08602ecae7770c77318b280126\fifo.
Setting constant 0-bit at position 27 on $procdff$1442 ($adff) from module $paramod$28704d8bf4447e08602ecae7770c77318b280126\fifo.
Setting constant 0-bit at position 28 on $procdff$1442 ($adff) from module $paramod$28704d8bf4447e08602ecae7770c77318b280126\fifo.
Setting constant 0-bit at position 29 on $procdff$1442 ($adff) from module $paramod$28704d8bf4447e08602ecae7770c77318b280126\fifo.
Setting constant 0-bit at position 30 on $procdff$1442 ($adff) from module $paramod$28704d8bf4447e08602ecae7770c77318b280126\fifo.
Setting constant 0-bit at position 31 on $procdff$1442 ($adff) from module $paramod$28704d8bf4447e08602ecae7770c77318b280126\fifo.
Adding EN signal on $procdff$1467 ($adff) from module wavetable_synth (D = $procmux$891_Y, Q = \phase_inc).
Adding EN signal on $procdff$1462 ($adff) from module wavetable_synth (D = $add$../src/synthesizer/hdl/wavetable_synth.sv:84$6_Y, Q = \phase_acc).
Adding EN signal on $procdff$1472 ($adff) from module wavetable_synth (D = $add$../src/synthesizer/hdl/wavetable_synth.sv:92$9_Y [9:0], Q = \wave_offset).

14.7. Executing OPT_CLEAN pass (remove unused cells and wires).
Finding unused cells or wires in module \top..
Finding unused cells or wires in module $paramod\gain\DWIDTH=s32'00000000000000000000000000010000..
Finding unused cells or wires in module \encoder..
Finding unused cells or wires in module $paramod$5ff65cac883644189a11f33c7731774bf2d6e2d2\clk_div..
Finding unused cells or wires in module $paramod\volume\DWIDTH=s32'00000000000000000000000000010000..
Finding unused cells or wires in module $paramod$1719986e2d5dc43517b18f4e324b0f602a4474e9\fifo..
Finding unused cells or wires in module $paramod$5785904fef3fb2a86d9b4a3d3a35d0648892543e\i2s_tx..
Finding unused cells or wires in module $paramod\i2s_rx\BIT_DEPTH=s32'00000000000000000000000000010000..
Finding unused cells or wires in module $paramod$28704d8bf4447e08602ecae7770c77318b280126\fifo..
Finding unused cells or wires in module \wavetable_synth..
Removed 156 unused cells and 653 unused wires.
<suppressed ~182 debug messages>

14.8. Executing OPT_EXPR pass (perform const folding).
Optimizing module top.
<suppressed ~1 debug messages>
Optimizing module $paramod\gain\DWIDTH=s32'00000000000000000000000000010000.
Optimizing module encoder.
Optimizing module $paramod$5ff65cac883644189a11f33c7731774bf2d6e2d2\clk_div.
Optimizing module $paramod\volume\DWIDTH=s32'00000000000000000000000000010000.
<suppressed ~1 debug messages>
Optimizing module $paramod$1719986e2d5dc43517b18f4e324b0f602a4474e9\fifo.
<suppressed ~1 debug messages>
Optimizing module $paramod$5785904fef3fb2a86d9b4a3d3a35d0648892543e\i2s_tx.
Optimizing module $paramod\i2s_rx\BIT_DEPTH=s32'00000000000000000000000000010000.
Optimizing module $paramod$28704d8bf4447e08602ecae7770c77318b280126\fifo.
<suppressed ~1 debug messages>
Optimizing module wavetable_synth.
<suppressed ~1 debug messages>

14.9. Rerunning OPT passes. (Maybe there is more to do..)

14.10. Executing OPT_MUXTREE pass (detect dead branches in mux trees).
Running muxtree optimizer on module \top..
  Creating internal representation of mux trees.
  Evaluating internal representation of mux trees.
  Analyzing evaluation results.
Running muxtree optimizer on module $paramod\gain\DWIDTH=s32'00000000000000000000000000010000..
  Creating internal representation of mux trees.
  Evaluating internal representation of mux trees.
  Analyzing evaluation results.
Running muxtree optimizer on module \encoder..
  Creating internal representation of mux trees.
  Evaluating internal representation of mux trees.
  Analyzing evaluation results.
Running muxtree optimizer on module $paramod$5ff65cac883644189a11f33c7731774bf2d6e2d2\clk_div..
  Creating internal representation of mux trees.
  Evaluating internal representation of mux trees.
  Analyzing evaluation results.
Running muxtree optimizer on module $paramod\volume\DWIDTH=s32'00000000000000000000000000010000..
  Creating internal representation of mux trees.
  Evaluating internal representation of mux trees.
  Analyzing evaluation results.
Running muxtree optimizer on module $paramod$1719986e2d5dc43517b18f4e324b0f602a4474e9\fifo..
  Creating internal representation of mux trees.
  Evaluating internal representation of mux trees.
  Analyzing evaluation results.
Running muxtree optimizer on module $paramod$5785904fef3fb2a86d9b4a3d3a35d0648892543e\i2s_tx..
  Creating internal representation of mux trees.
  Evaluating internal representation of mux trees.
  Analyzing evaluation results.
Running muxtree optimizer on module $paramod\i2s_rx\BIT_DEPTH=s32'00000000000000000000000000010000..
  Creating internal representation of mux trees.
  Evaluating internal representation of mux trees.
  Analyzing evaluation results.
Running muxtree optimizer on module $paramod$28704d8bf4447e08602ecae7770c77318b280126\fifo..
  Creating internal representation of mux trees.
  Evaluating internal representation of mux trees.
  Analyzing evaluation results.
Running muxtree optimizer on module \wavetable_synth..
  Creating internal representation of mux trees.
  Evaluating internal representation of mux trees.
  Analyzing evaluation results.
Removed 0 multiplexer ports.
<suppressed ~101 debug messages>

14.11. Executing OPT_REDUCE pass (consolidate $*mux and $reduce_* inputs).
  Optimizing cells in module \top.
  Optimizing cells in module $paramod\gain\DWIDTH=s32'00000000000000000000000000010000.
  Optimizing cells in module \encoder.
  Optimizing cells in module $paramod$5ff65cac883644189a11f33c7731774bf2d6e2d2\clk_div.
  Optimizing cells in module $paramod\volume\DWIDTH=s32'00000000000000000000000000010000.
  Optimizing cells in module $paramod$1719986e2d5dc43517b18f4e324b0f602a4474e9\fifo.
  Optimizing cells in module $paramod$5785904fef3fb2a86d9b4a3d3a35d0648892543e\i2s_tx.
  Optimizing cells in module $paramod\i2s_rx\BIT_DEPTH=s32'00000000000000000000000000010000.
    New ctrl vector for $pmux cell $procmux$624: { $auto$opt_reduce.cc:137:opt_pmux$1644 $procmux$607_CMP }
  Optimizing cells in module $paramod\i2s_rx\BIT_DEPTH=s32'00000000000000000000000000010000.
  Optimizing cells in module $paramod$28704d8bf4447e08602ecae7770c77318b280126\fifo.
  Optimizing cells in module \wavetable_synth.
Performed a total of 1 changes.

14.12. Executing OPT_MERGE pass (detect identical cells).
Finding identical cells in module `\top'.
Computing hashes of 16 cells of `\top'.
Finding duplicate cells in `\top'.
Finding identical cells in module `$paramod\gain\DWIDTH=s32'00000000000000000000000000010000'.
Computing hashes of 7 cells of `$paramod\gain\DWIDTH=s32'00000000000000000000000000010000'.
Finding duplicate cells in `$paramod\gain\DWIDTH=s32'00000000000000000000000000010000'.
Finding identical cells in module `\encoder'.
Computing hashes of 44 cells of `\encoder'.
Finding duplicate cells in `\encoder'.
Finding identical cells in module `$paramod$5ff65cac883644189a11f33c7731774bf2d6e2d2\clk_div'.
Computing hashes of 6 cells of `$paramod$5ff65cac883644189a11f33c7731774bf2d6e2d2\clk_div'.
Finding duplicate cells in `$paramod$5ff65cac883644189a11f33c7731774bf2d6e2d2\clk_div'.
Finding identical cells in module `$paramod\volume\DWIDTH=s32'00000000000000000000000000010000'.
Computing hashes of 9 cells of `$paramod\volume\DWIDTH=s32'00000000000000000000000000010000'.
Finding duplicate cells in `$paramod\volume\DWIDTH=s32'00000000000000000000000000010000'.
Finding identical cells in module `$paramod$1719986e2d5dc43517b18f4e324b0f602a4474e9\fifo'.
Computing hashes of 84 cells of `$paramod$1719986e2d5dc43517b18f4e324b0f602a4474e9\fifo'.
Finding duplicate cells in `$paramod$1719986e2d5dc43517b18f4e324b0f602a4474e9\fifo'.
Finding identical cells in module `$paramod$5785904fef3fb2a86d9b4a3d3a35d0648892543e\i2s_tx'.
Computing hashes of 34 cells of `$paramod$5785904fef3fb2a86d9b4a3d3a35d0648892543e\i2s_tx'.
Finding duplicate cells in `$paramod$5785904fef3fb2a86d9b4a3d3a35d0648892543e\i2s_tx'.
Computing hashes of 32 cells of `$paramod$5785904fef3fb2a86d9b4a3d3a35d0648892543e\i2s_tx'.
Finding duplicate cells in `$paramod$5785904fef3fb2a86d9b4a3d3a35d0648892543e\i2s_tx'.
Computing hashes of 31 cells of `$paramod$5785904fef3fb2a86d9b4a3d3a35d0648892543e\i2s_tx'.
Finding duplicate cells in `$paramod$5785904fef3fb2a86d9b4a3d3a35d0648892543e\i2s_tx'.
<suppressed ~9 debug messages>
Finding identical cells in module `$paramod\i2s_rx\BIT_DEPTH=s32'00000000000000000000000000010000'.
Computing hashes of 38 cells of `$paramod\i2s_rx\BIT_DEPTH=s32'00000000000000000000000000010000'.
Finding duplicate cells in `$paramod\i2s_rx\BIT_DEPTH=s32'00000000000000000000000000010000'.
Finding identical cells in module `$paramod$28704d8bf4447e08602ecae7770c77318b280126\fifo'.
Computing hashes of 84 cells of `$paramod$28704d8bf4447e08602ecae7770c77318b280126\fifo'.
Finding duplicate cells in `$paramod$28704d8bf4447e08602ecae7770c77318b280126\fifo'.
Finding identical cells in module `\wavetable_synth'.
Computing hashes of 35 cells of `\wavetable_synth'.
Finding duplicate cells in `\wavetable_synth'.
Computing hashes of 34 cells of `\wavetable_synth'.
Finding duplicate cells in `\wavetable_synth'.
<suppressed ~3 debug messages>
Removed a total of 4 cells.

14.13. Executing OPT_DFF pass (perform DFF optimizations).
Adding EN signal on $auto$ff.cc:337:slice$1562 ($adffe) from module $paramod\i2s_rx\BIT_DEPTH=s32'00000000000000000000000000010000 (D = \next_state, Q = \state).
Adding EN signal on $auto$ff.cc:337:slice$1568 ($adffe) from module $paramod\i2s_rx\BIT_DEPTH=s32'00000000000000000000000000010000 (D = { \sample_l_reg [14:0] \sdata_sync }, Q = \sample_l_reg).
Adding EN signal on $auto$ff.cc:337:slice$1570 ($adffe) from module $paramod\i2s_rx\BIT_DEPTH=s32'00000000000000000000000000010000 (D = { \sample_r_reg [14:0] \sdata_sync }, Q = \sample_r_reg).

14.14. Executing OPT_CLEAN pass (remove unused cells and wires).
Finding unused cells or wires in module \top..
Finding unused cells or wires in module $paramod\gain\DWIDTH=s32'00000000000000000000000000010000..
Finding unused cells or wires in module \encoder..
Finding unused cells or wires in module $paramod$5ff65cac883644189a11f33c7731774bf2d6e2d2\clk_div..
Finding unused cells or wires in module $paramod\volume\DWIDTH=s32'00000000000000000000000000010000..
Finding unused cells or wires in module $paramod$1719986e2d5dc43517b18f4e324b0f602a4474e9\fifo..
Finding unused cells or wires in module $paramod$5785904fef3fb2a86d9b4a3d3a35d0648892543e\i2s_tx..
Finding unused cells or wires in module $paramod\i2s_rx\BIT_DEPTH=s32'00000000000000000000000000010000..
Finding unused cells or wires in module $paramod$28704d8bf4447e08602ecae7770c77318b280126\fifo..
Finding unused cells or wires in module \wavetable_synth..
Removed 2 unused cells and 5 unused wires.
<suppressed ~5 debug messages>

14.15. Executing OPT_EXPR pass (perform const folding).
Optimizing module top.
Optimizing module $paramod\gain\DWIDTH=s32'00000000000000000000000000010000.
Optimizing module encoder.
Optimizing module $paramod$5ff65cac883644189a11f33c7731774bf2d6e2d2\clk_div.
Optimizing module $paramod\volume\DWIDTH=s32'00000000000000000000000000010000.
Optimizing module $paramod$1719986e2d5dc43517b18f4e324b0f602a4474e9\fifo.
Optimizing module $paramod$5785904fef3fb2a86d9b4a3d3a35d0648892543e\i2s_tx.
Optimizing module $paramod\i2s_rx\BIT_DEPTH=s32'00000000000000000000000000010000.
Optimizing module $paramod$28704d8bf4447e08602ecae7770c77318b280126\fifo.
Optimizing module wavetable_synth.

14.16. Rerunning OPT passes. (Maybe there is more to do..)

14.17. Executing OPT_MUXTREE pass (detect dead branches in mux trees).
Running muxtree optimizer on module \top..
  Creating internal representation of mux trees.
  Evaluating internal representation of mux trees.
  Analyzing evaluation results.
Running muxtree optimizer on module $paramod\gain\DWIDTH=s32'00000000000000000000000000010000..
  Creating internal representation of mux trees.
  Evaluating internal representation of mux trees.
  Analyzing evaluation results.
Running muxtree optimizer on module \encoder..
  Creating internal representation of mux trees.
  Evaluating internal representation of mux trees.
  Analyzing evaluation results.
Running muxtree optimizer on module $paramod$5ff65cac883644189a11f33c7731774bf2d6e2d2\clk_div..
  Creating internal representation of mux trees.
  Evaluating internal representation of mux trees.
  Analyzing evaluation results.
Running muxtree optimizer on module $paramod\volume\DWIDTH=s32'00000000000000000000000000010000..
  Creating internal representation of mux trees.
  Evaluating internal representation of mux trees.
  Analyzing evaluation results.
Running muxtree optimizer on module $paramod$1719986e2d5dc43517b18f4e324b0f602a4474e9\fifo..
  Creating internal representation of mux trees.
  Evaluating internal representation of mux trees.
  Analyzing evaluation results.
Running muxtree optimizer on module $paramod$5785904fef3fb2a86d9b4a3d3a35d0648892543e\i2s_tx..
  Creating internal representation of mux trees.
  Evaluating internal representation of mux trees.
  Analyzing evaluation results.
Running muxtree optimizer on module $paramod\i2s_rx\BIT_DEPTH=s32'00000000000000000000000000010000..
  Creating internal representation of mux trees.
  Evaluating internal representation of mux trees.
  Analyzing evaluation results.
Running muxtree optimizer on module $paramod$28704d8bf4447e08602ecae7770c77318b280126\fifo..
  Creating internal representation of mux trees.
  Evaluating internal representation of mux trees.
  Analyzing evaluation results.
Running muxtree optimizer on module \wavetable_synth..
  Creating internal representation of mux trees.
  Evaluating internal representation of mux trees.
  Analyzing evaluation results.
Removed 0 multiplexer ports.
<suppressed ~94 debug messages>

14.18. Executing OPT_REDUCE pass (consolidate $*mux and $reduce_* inputs).
  Optimizing cells in module \top.
  Optimizing cells in module $paramod\gain\DWIDTH=s32'00000000000000000000000000010000.
  Optimizing cells in module \encoder.
  Optimizing cells in module $paramod$5ff65cac883644189a11f33c7731774bf2d6e2d2\clk_div.
  Optimizing cells in module $paramod\volume\DWIDTH=s32'00000000000000000000000000010000.
  Optimizing cells in module $paramod$1719986e2d5dc43517b18f4e324b0f602a4474e9\fifo.
  Optimizing cells in module $paramod$5785904fef3fb2a86d9b4a3d3a35d0648892543e\i2s_tx.
  Optimizing cells in module $paramod\i2s_rx\BIT_DEPTH=s32'00000000000000000000000000010000.
  Optimizing cells in module $paramod$28704d8bf4447e08602ecae7770c77318b280126\fifo.
  Optimizing cells in module \wavetable_synth.
Performed a total of 0 changes.

14.19. Executing OPT_MERGE pass (detect identical cells).
Finding identical cells in module `\top'.
Computing hashes of 16 cells of `\top'.
Finding duplicate cells in `\top'.
Finding identical cells in module `$paramod\gain\DWIDTH=s32'00000000000000000000000000010000'.
Computing hashes of 7 cells of `$paramod\gain\DWIDTH=s32'00000000000000000000000000010000'.
Finding duplicate cells in `$paramod\gain\DWIDTH=s32'00000000000000000000000000010000'.
Finding identical cells in module `\encoder'.
Computing hashes of 44 cells of `\encoder'.
Finding duplicate cells in `\encoder'.
Finding identical cells in module `$paramod$5ff65cac883644189a11f33c7731774bf2d6e2d2\clk_div'.
Computing hashes of 6 cells of `$paramod$5ff65cac883644189a11f33c7731774bf2d6e2d2\clk_div'.
Finding duplicate cells in `$paramod$5ff65cac883644189a11f33c7731774bf2d6e2d2\clk_div'.
Finding identical cells in module `$paramod\volume\DWIDTH=s32'00000000000000000000000000010000'.
Computing hashes of 9 cells of `$paramod\volume\DWIDTH=s32'00000000000000000000000000010000'.
Finding duplicate cells in `$paramod\volume\DWIDTH=s32'00000000000000000000000000010000'.
Finding identical cells in module `$paramod$1719986e2d5dc43517b18f4e324b0f602a4474e9\fifo'.
Computing hashes of 84 cells of `$paramod$1719986e2d5dc43517b18f4e324b0f602a4474e9\fifo'.
Finding duplicate cells in `$paramod$1719986e2d5dc43517b18f4e324b0f602a4474e9\fifo'.
Finding identical cells in module `$paramod$5785904fef3fb2a86d9b4a3d3a35d0648892543e\i2s_tx'.
Computing hashes of 31 cells of `$paramod$5785904fef3fb2a86d9b4a3d3a35d0648892543e\i2s_tx'.
Finding duplicate cells in `$paramod$5785904fef3fb2a86d9b4a3d3a35d0648892543e\i2s_tx'.
Finding identical cells in module `$paramod\i2s_rx\BIT_DEPTH=s32'00000000000000000000000000010000'.
Computing hashes of 40 cells of `$paramod\i2s_rx\BIT_DEPTH=s32'00000000000000000000000000010000'.
Finding duplicate cells in `$paramod\i2s_rx\BIT_DEPTH=s32'00000000000000000000000000010000'.
Finding identical cells in module `$paramod$28704d8bf4447e08602ecae7770c77318b280126\fifo'.
Computing hashes of 84 cells of `$paramod$28704d8bf4447e08602ecae7770c77318b280126\fifo'.
Finding duplicate cells in `$paramod$28704d8bf4447e08602ecae7770c77318b280126\fifo'.
Finding identical cells in module `\wavetable_synth'.
Computing hashes of 34 cells of `\wavetable_synth'.
Finding duplicate cells in `\wavetable_synth'.
Removed a total of 0 cells.

14.20. Executing OPT_DFF pass (perform DFF optimizations).

14.21. Executing OPT_CLEAN pass (remove unused cells and wires).
Finding unused cells or wires in module \top..
Finding unused cells or wires in module $paramod\gain\DWIDTH=s32'00000000000000000000000000010000..
Finding unused cells or wires in module \encoder..
Finding unused cells or wires in module $paramod$5ff65cac883644189a11f33c7731774bf2d6e2d2\clk_div..
Finding unused cells or wires in module $paramod\volume\DWIDTH=s32'00000000000000000000000000010000..
Finding unused cells or wires in module $paramod$1719986e2d5dc43517b18f4e324b0f602a4474e9\fifo..
Finding unused cells or wires in module $paramod$5785904fef3fb2a86d9b4a3d3a35d0648892543e\i2s_tx..
Finding unused cells or wires in module $paramod\i2s_rx\BIT_DEPTH=s32'00000000000000000000000000010000..
Finding unused cells or wires in module $paramod$28704d8bf4447e08602ecae7770c77318b280126\fifo..
Finding unused cells or wires in module \wavetable_synth..

14.22. Executing OPT_EXPR pass (perform const folding).
Optimizing module top.
Optimizing module $paramod\gain\DWIDTH=s32'00000000000000000000000000010000.
Optimizing module encoder.
Optimizing module $paramod$5ff65cac883644189a11f33c7731774bf2d6e2d2\clk_div.
Optimizing module $paramod\volume\DWIDTH=s32'00000000000000000000000000010000.
Optimizing module $paramod$1719986e2d5dc43517b18f4e324b0f602a4474e9\fifo.
Optimizing module $paramod$5785904fef3fb2a86d9b4a3d3a35d0648892543e\i2s_tx.
Optimizing module $paramod\i2s_rx\BIT_DEPTH=s32'00000000000000000000000000010000.
Optimizing module $paramod$28704d8bf4447e08602ecae7770c77318b280126\fifo.
Optimizing module wavetable_synth.

14.23. Finished fast OPT passes. (There is nothing left to do.)

15. Executing TECHMAP pass (map to technology primitives).

15.1. Executing Verilog-2005 frontend: /opt/homebrew/bin/../share/yosys/techmap.v
Parsing Verilog input from `/opt/homebrew/bin/../share/yosys/techmap.v' to AST representation.
Generating RTLIL representation for module `\_90_simplemap_bool_ops'.
Generating RTLIL representation for module `\_90_simplemap_reduce_ops'.
Generating RTLIL representation for module `\_90_simplemap_logic_ops'.
Generating RTLIL representation for module `\_90_simplemap_compare_ops'.
Generating RTLIL representation for module `\_90_simplemap_various'.
Generating RTLIL representation for module `\_90_simplemap_registers'.
Generating RTLIL representation for module `\_90_shift_ops_shr_shl_sshl_sshr'.
Generating RTLIL representation for module `\_90_shift_shiftx'.
Generating RTLIL representation for module `\_90_fa'.
Generating RTLIL representation for module `\_90_lcu_brent_kung'.
Generating RTLIL representation for module `\_90_alu'.
Generating RTLIL representation for module `\_90_macc'.
Generating RTLIL representation for module `\_90_alumacc'.
Generating RTLIL representation for module `$__div_mod_u'.
Generating RTLIL representation for module `$__div_mod_trunc'.
Generating RTLIL representation for module `\_90_div'.
Generating RTLIL representation for module `\_90_mod'.
Generating RTLIL representation for module `$__div_mod_floor'.
Generating RTLIL representation for module `\_90_divfloor'.
Generating RTLIL representation for module `\_90_modfloor'.
Generating RTLIL representation for module `\_90_pow'.
Generating RTLIL representation for module `\_90_demux'.
Generating RTLIL representation for module `\_90_lut'.
Generating RTLIL representation for module `$connect'.
Generating RTLIL representation for module `$input_port'.
Successfully finished Verilog frontend.

15.2. Continuing TECHMAP pass.
Using extmapper simplemap for cells of type $reduce_and.
Using extmapper simplemap for cells of type $not.
Using extmapper simplemap for cells of type $adffe.
Using extmapper simplemap for cells of type $reduce_bool.
Running "alumacc" on wrapper $extern:wrap:$add:Y_WIDTH=10:B_WIDTH=10:A_WIDTH=8:B_SIGNED=0:A_SIGNED=0:394426c56d1a028ba8fdd5469b163e04011def47.
Using template $extern:wrap:$add:Y_WIDTH=10:B_WIDTH=10:A_WIDTH=8:B_SIGNED=0:A_SIGNED=0:394426c56d1a028ba8fdd5469b163e04011def47 for cells of type $extern:wrap:$add:Y_WIDTH=10:B_WIDTH=10:A_WIDTH=8:B_SIGNED=0:A_SIGNED=0:394426c56d1a028ba8fdd5469b163e04011def47.
Using extmapper simplemap for cells of type $logic_not.
Running "alumacc" on wrapper $extern:wrap:$add:Y_WIDTH=24:B_WIDTH=24:A_WIDTH=24:B_SIGNED=0:A_SIGNED=0:394426c56d1a028ba8fdd5469b163e04011def47.
Using template $extern:wrap:$add:Y_WIDTH=24:B_WIDTH=24:A_WIDTH=24:B_SIGNED=0:A_SIGNED=0:394426c56d1a028ba8fdd5469b163e04011def47 for cells of type $extern:wrap:$add:Y_WIDTH=24:B_WIDTH=24:A_WIDTH=24:B_SIGNED=0:A_SIGNED=0:394426c56d1a028ba8fdd5469b163e04011def47.
Running "alumacc" on wrapper $extern:wrap:$sub:Y_WIDTH=24:B_WIDTH=24:A_WIDTH=24:B_SIGNED=0:A_SIGNED=0:394426c56d1a028ba8fdd5469b163e04011def47.
Using template $extern:wrap:$sub:Y_WIDTH=24:B_WIDTH=24:A_WIDTH=24:B_SIGNED=0:A_SIGNED=0:394426c56d1a028ba8fdd5469b163e04011def47 for cells of type $extern:wrap:$sub:Y_WIDTH=24:B_WIDTH=24:A_WIDTH=24:B_SIGNED=0:A_SIGNED=0:394426c56d1a028ba8fdd5469b163e04011def47.
Running "alumacc" on wrapper $extern:wrap:$add:Y_WIDTH=32:B_WIDTH=32:A_WIDTH=10:B_SIGNED=0:A_SIGNED=0:394426c56d1a028ba8fdd5469b163e04011def47.
Using template $extern:wrap:$add:Y_WIDTH=32:B_WIDTH=32:A_WIDTH=10:B_SIGNED=0:A_SIGNED=0:394426c56d1a028ba8fdd5469b163e04011def47 for cells of type $extern:wrap:$add:Y_WIDTH=32:B_WIDTH=32:A_WIDTH=10:B_SIGNED=0:A_SIGNED=0:394426c56d1a028ba8fdd5469b163e04011def47.
Using extmapper simplemap for cells of type $mux.
Using extmapper simplemap for cells of type $adff.
Using template $paramod$21b43a343f2bc4ba62df8a2c90631d371d8e7ce8\_90_alu for cells of type $alu.
Using template $paramod$e82d3fc1811c5751348a3964470632b35a435fc7\_90_alu for cells of type $alu.
Using template $paramod$78648aff6d035ceca1e51be5292d8e9748cdc2be\_90_alu for cells of type $alu.
Using extmapper simplemap for cells of type $pos.
Using template $paramod\_90_fa\WIDTH=32'00000000000000000000000000001010 for cells of type $fa.
Using template $paramod\_90_lcu_brent_kung\WIDTH=32'00000000000000000000000000001010 for cells of type $lcu.
Using extmapper simplemap for cells of type $xor.
Using template $paramod\_90_fa\WIDTH=32'00000000000000000000000000011000 for cells of type $fa.
Using template $paramod\_90_lcu_brent_kung\WIDTH=32'00000000000000000000000000011000 for cells of type $lcu.
Using template $paramod\_90_fa\WIDTH=32'00000000000000000000000000100000 for cells of type $fa.
Using template $paramod\_90_lcu_brent_kung\WIDTH=32'00000000000000000000000000100000 for cells of type $lcu.
Using extmapper simplemap for cells of type $and.
Using extmapper simplemap for cells of type $or.
Using extmapper simplemap for cells of type $dffe.
Using extmapper simplemap for cells of type $eq.
Using extmapper simplemap for cells of type $logic_and.
Running "alumacc" on wrapper $extern:wrap:$add:Y_WIDTH=4:B_WIDTH=1:A_WIDTH=4:B_SIGNED=0:A_SIGNED=0:394426c56d1a028ba8fdd5469b163e04011def47.
Using template $extern:wrap:$add:Y_WIDTH=4:B_WIDTH=1:A_WIDTH=4:B_SIGNED=0:A_SIGNED=0:394426c56d1a028ba8fdd5469b163e04011def47 for cells of type $extern:wrap:$add:Y_WIDTH=4:B_WIDTH=1:A_WIDTH=4:B_SIGNED=0:A_SIGNED=0:394426c56d1a028ba8fdd5469b163e04011def47.
Running "alumacc" on wrapper $extern:wrap:$add:Y_WIDTH=5:B_WIDTH=1:A_WIDTH=5:B_SIGNED=0:A_SIGNED=0:394426c56d1a028ba8fdd5469b163e04011def47.
Using template $extern:wrap:$add:Y_WIDTH=5:B_WIDTH=1:A_WIDTH=5:B_SIGNED=0:A_SIGNED=0:394426c56d1a028ba8fdd5469b163e04011def47 for cells of type $extern:wrap:$add:Y_WIDTH=5:B_WIDTH=1:A_WIDTH=5:B_SIGNED=0:A_SIGNED=0:394426c56d1a028ba8fdd5469b163e04011def47.
Running "alumacc" on wrapper $extern:wrap:$sub:Y_WIDTH=5:B_WIDTH=1:A_WIDTH=5:B_SIGNED=0:A_SIGNED=0:394426c56d1a028ba8fdd5469b163e04011def47.
Using template $extern:wrap:$sub:Y_WIDTH=5:B_WIDTH=1:A_WIDTH=5:B_SIGNED=0:A_SIGNED=0:394426c56d1a028ba8fdd5469b163e04011def47 for cells of type $extern:wrap:$sub:Y_WIDTH=5:B_WIDTH=1:A_WIDTH=5:B_SIGNED=0:A_SIGNED=0:394426c56d1a028ba8fdd5469b163e04011def47.
Using extmapper simplemap for cells of type $pmux.
Using template $paramod$32a7b7b86c07519b7537abc18e96f0331f97914d\_90_alu for cells of type $alu.
Using template $paramod$672a140277c71df8314410f22acc08d55222c3c7\_90_alu for cells of type $alu.
Using template $paramod$dc04b7d98e503a7bab16fce2df70e6e2c5ca34d6\_90_alu for cells of type $alu.
Using template $paramod\_90_fa\WIDTH=32'00000000000000000000000000000100 for cells of type $fa.
Using template $paramod\_90_lcu_brent_kung\WIDTH=32'00000000000000000000000000000100 for cells of type $lcu.
Using template $paramod\_90_fa\WIDTH=32'00000000000000000000000000000101 for cells of type $fa.
Using template $paramod\_90_lcu_brent_kung\WIDTH=32'00000000000000000000000000000101 for cells of type $lcu.
Using extmapper simplemap for cells of type $ne.
Using extmapper simplemap for cells of type $reduce_or.
Running "alumacc" on wrapper $extern:wrap:$add:Y_WIDTH=32:B_WIDTH=32:A_WIDTH=16:B_SIGNED=0:A_SIGNED=0:394426c56d1a028ba8fdd5469b163e04011def47.
Using template $extern:wrap:$add:Y_WIDTH=32:B_WIDTH=32:A_WIDTH=16:B_SIGNED=0:A_SIGNED=0:394426c56d1a028ba8fdd5469b163e04011def47 for cells of type $extern:wrap:$add:Y_WIDTH=32:B_WIDTH=32:A_WIDTH=16:B_SIGNED=0:A_SIGNED=0:394426c56d1a028ba8fdd5469b163e04011def47.
Running "alumacc" on wrapper $extern:wrap:$gt:Y_WIDTH=1:B_WIDTH=32:A_WIDTH=16:B_SIGNED=0:A_SIGNED=0:394426c56d1a028ba8fdd5469b163e04011def47.
Using template $extern:wrap:$gt:Y_WIDTH=1:B_WIDTH=32:A_WIDTH=16:B_SIGNED=0:A_SIGNED=0:394426c56d1a028ba8fdd5469b163e04011def47 for cells of type $extern:wrap:$gt:Y_WIDTH=1:B_WIDTH=32:A_WIDTH=16:B_SIGNED=0:A_SIGNED=0:394426c56d1a028ba8fdd5469b163e04011def47.
Running "alumacc" on wrapper $extern:wrap:$sub:Y_WIDTH=32:B_WIDTH=32:A_WIDTH=16:B_SIGNED=0:A_SIGNED=0:394426c56d1a028ba8fdd5469b163e04011def47.
Using template $extern:wrap:$sub:Y_WIDTH=32:B_WIDTH=32:A_WIDTH=16:B_SIGNED=0:A_SIGNED=0:394426c56d1a028ba8fdd5469b163e04011def47 for cells of type $extern:wrap:$sub:Y_WIDTH=32:B_WIDTH=32:A_WIDTH=16:B_SIGNED=0:A_SIGNED=0:394426c56d1a028ba8fdd5469b163e04011def47.
Using template $paramod$2bd81f420048247ff6903399c560fe0f8bd48ccc\_90_alu for cells of type $alu.
Running "alumacc" on wrapper $extern:wrap:$add:Y_WIDTH=14:B_WIDTH=1:A_WIDTH=14:B_SIGNED=0:A_SIGNED=0:394426c56d1a028ba8fdd5469b163e04011def47.
Using template $extern:wrap:$add:Y_WIDTH=14:B_WIDTH=1:A_WIDTH=14:B_SIGNED=0:A_SIGNED=0:394426c56d1a028ba8fdd5469b163e04011def47 for cells of type $extern:wrap:$add:Y_WIDTH=14:B_WIDTH=1:A_WIDTH=14:B_SIGNED=0:A_SIGNED=0:394426c56d1a028ba8fdd5469b163e04011def47.
Using template $paramod$713617589782cfade849bb573b5c36106c4b708f\_90_alu for cells of type $alu.
Using template $paramod\_90_fa\WIDTH=32'00000000000000000000000000001110 for cells of type $fa.
Using template $paramod\_90_lcu_brent_kung\WIDTH=32'00000000000000000000000000001110 for cells of type $lcu.
Using extmapper simplemap for cells of type $logic_or.
Using extmapper simplemap for cells of type $sdff.
Using extmapper simplemap for cells of type $sdffe.
Running "alumacc" on wrapper $extern:wrap:$mul:Y_WIDTH=32:B_WIDTH=16:A_WIDTH=16:B_SIGNED=1:A_SIGNED=1:394426c56d1a028ba8fdd5469b163e04011def47.
Using template $extern:wrap:$mul:Y_WIDTH=32:B_WIDTH=16:A_WIDTH=16:B_SIGNED=1:A_SIGNED=1:394426c56d1a028ba8fdd5469b163e04011def47 for cells of type $extern:wrap:$mul:Y_WIDTH=32:B_WIDTH=16:A_WIDTH=16:B_SIGNED=1:A_SIGNED=1:394426c56d1a028ba8fdd5469b163e04011def47.
Using extmapper maccmap for cells of type $macc_v2.
  add \fifo_in_data * \gain (16x16 bits, signed)
Using template $paramod$fbc7873bff55778c0b3173955b7e4bce1d9d6834\_90_alu for cells of type $alu.
Running "alumacc" on wrapper $extern:wrap:$add:Y_WIDTH=6:B_WIDTH=1:A_WIDTH=6:B_SIGNED=0:A_SIGNED=0:394426c56d1a028ba8fdd5469b163e04011def47.
Using template $extern:wrap:$add:Y_WIDTH=6:B_WIDTH=1:A_WIDTH=6:B_SIGNED=0:A_SIGNED=0:394426c56d1a028ba8fdd5469b163e04011def47 for cells of type $extern:wrap:$add:Y_WIDTH=6:B_WIDTH=1:A_WIDTH=6:B_SIGNED=0:A_SIGNED=0:394426c56d1a028ba8fdd5469b163e04011def47.
Running "alumacc" on wrapper $extern:wrap:$sub:Y_WIDTH=6:B_WIDTH=1:A_WIDTH=6:B_SIGNED=0:A_SIGNED=0:394426c56d1a028ba8fdd5469b163e04011def47.
Using template $extern:wrap:$sub:Y_WIDTH=6:B_WIDTH=1:A_WIDTH=6:B_SIGNED=0:A_SIGNED=0:394426c56d1a028ba8fdd5469b163e04011def47 for cells of type $extern:wrap:$sub:Y_WIDTH=6:B_WIDTH=1:A_WIDTH=6:B_SIGNED=0:A_SIGNED=0:394426c56d1a028ba8fdd5469b163e04011def47.
Using template $paramod$32efbfac1c4dc57230cf86180788fdfd12e3b511\_90_alu for cells of type $alu.
Using template $paramod$a04dd9d4d8b430140c4ff94b50470fb380fda2a0\_90_alu for cells of type $alu.
Using template $paramod\_90_fa\WIDTH=32'00000000000000000000000000000110 for cells of type $fa.
Using template $paramod\_90_lcu_brent_kung\WIDTH=32'00000000000000000000000000000110 for cells of type $lcu.
No more expansions possible.
<suppressed ~3205 debug messages>

16. Executing OPT pass (performing simple optimizations).

16.1. Executing OPT_EXPR pass (perform const folding).
Optimizing module top.
<suppressed ~95 debug messages>
Optimizing module $paramod\gain\DWIDTH=s32'00000000000000000000000000010000.
<suppressed ~958 debug messages>
Optimizing module encoder.
<suppressed ~21 debug messages>
Optimizing module $paramod$5ff65cac883644189a11f33c7731774bf2d6e2d2\clk_div.
<suppressed ~145 debug messages>
Optimizing module $paramod\volume\DWIDTH=s32'00000000000000000000000000010000.
<suppressed ~1092 debug messages>
Optimizing module $paramod$1719986e2d5dc43517b18f4e324b0f602a4474e9\fifo.
<suppressed ~284 debug messages>
Optimizing module $paramod$5785904fef3fb2a86d9b4a3d3a35d0648892543e\i2s_tx.
<suppressed ~112 debug messages>
Optimizing module $paramod\i2s_rx\BIT_DEPTH=s32'00000000000000000000000000010000.
<suppressed ~14 debug messages>
Optimizing module $paramod$28704d8bf4447e08602ecae7770c77318b280126\fifo.
<suppressed ~284 debug messages>
Optimizing module wavetable_synth.
<suppressed ~960 debug messages>

16.2. Executing OPT_MERGE pass (detect identical cells).
Finding identical cells in module `\top'.
Computing hashes of 80 cells of `\top'.
Finding duplicate cells in `\top'.
Computing hashes of 67 cells of `\top'.
Finding duplicate cells in `\top'.
<suppressed ~39 debug messages>
Finding identical cells in module `$paramod\gain\DWIDTH=s32'00000000000000000000000000010000'.
Computing hashes of 2391 cells of `$paramod\gain\DWIDTH=s32'00000000000000000000000000010000'.
Finding duplicate cells in `$paramod\gain\DWIDTH=s32'00000000000000000000000000010000'.
Computing hashes of 2255 cells of `$paramod\gain\DWIDTH=s32'00000000000000000000000000010000'.
Finding duplicate cells in `$paramod\gain\DWIDTH=s32'00000000000000000000000000010000'.
Computing hashes of 2186 cells of `$paramod\gain\DWIDTH=s32'00000000000000000000000000010000'.
Finding duplicate cells in `$paramod\gain\DWIDTH=s32'00000000000000000000000000010000'.
Computing hashes of 2116 cells of `$paramod\gain\DWIDTH=s32'00000000000000000000000000010000'.
Finding duplicate cells in `$paramod\gain\DWIDTH=s32'00000000000000000000000000010000'.
Computing hashes of 2080 cells of `$paramod\gain\DWIDTH=s32'00000000000000000000000000010000'.
Finding duplicate cells in `$paramod\gain\DWIDTH=s32'00000000000000000000000000010000'.
Computing hashes of 2031 cells of `$paramod\gain\DWIDTH=s32'00000000000000000000000000010000'.
Finding duplicate cells in `$paramod\gain\DWIDTH=s32'00000000000000000000000000010000'.
Computing hashes of 2007 cells of `$paramod\gain\DWIDTH=s32'00000000000000000000000000010000'.
Finding duplicate cells in `$paramod\gain\DWIDTH=s32'00000000000000000000000000010000'.
Computing hashes of 1995 cells of `$paramod\gain\DWIDTH=s32'00000000000000000000000000010000'.
Finding duplicate cells in `$paramod\gain\DWIDTH=s32'00000000000000000000000000010000'.
Computing hashes of 1991 cells of `$paramod\gain\DWIDTH=s32'00000000000000000000000000010000'.
Finding duplicate cells in `$paramod\gain\DWIDTH=s32'00000000000000000000000000010000'.
Computing hashes of 1987 cells of `$paramod\gain\DWIDTH=s32'00000000000000000000000000010000'.
Finding duplicate cells in `$paramod\gain\DWIDTH=s32'00000000000000000000000000010000'.
Computing hashes of 1985 cells of `$paramod\gain\DWIDTH=s32'00000000000000000000000000010000'.
Finding duplicate cells in `$paramod\gain\DWIDTH=s32'00000000000000000000000000010000'.
Computing hashes of 1983 cells of `$paramod\gain\DWIDTH=s32'00000000000000000000000000010000'.
Finding duplicate cells in `$paramod\gain\DWIDTH=s32'00000000000000000000000000010000'.
Computing hashes of 1981 cells of `$paramod\gain\DWIDTH=s32'00000000000000000000000000010000'.
Finding duplicate cells in `$paramod\gain\DWIDTH=s32'00000000000000000000000000010000'.
Computing hashes of 1980 cells of `$paramod\gain\DWIDTH=s32'00000000000000000000000000010000'.
Finding duplicate cells in `$paramod\gain\DWIDTH=s32'00000000000000000000000000010000'.
<suppressed ~1233 debug messages>
Finding identical cells in module `\encoder'.
Computing hashes of 115 cells of `\encoder'.
Finding duplicate cells in `\encoder'.
Finding identical cells in module `$paramod$5ff65cac883644189a11f33c7731774bf2d6e2d2\clk_div'.
Computing hashes of 102 cells of `$paramod$5ff65cac883644189a11f33c7731774bf2d6e2d2\clk_div'.
Finding duplicate cells in `$paramod$5ff65cac883644189a11f33c7731774bf2d6e2d2\clk_div'.
Computing hashes of 92 cells of `$paramod$5ff65cac883644189a11f33c7731774bf2d6e2d2\clk_div'.
Finding duplicate cells in `$paramod$5ff65cac883644189a11f33c7731774bf2d6e2d2\clk_div'.
<suppressed ~30 debug messages>
Finding identical cells in module `$paramod\volume\DWIDTH=s32'00000000000000000000000000010000'.
Computing hashes of 320 cells of `$paramod\volume\DWIDTH=s32'00000000000000000000000000010000'.
Finding duplicate cells in `$paramod\volume\DWIDTH=s32'00000000000000000000000000010000'.
Computing hashes of 266 cells of `$paramod\volume\DWIDTH=s32'00000000000000000000000000010000'.
Finding duplicate cells in `$paramod\volume\DWIDTH=s32'00000000000000000000000000010000'.
Computing hashes of 251 cells of `$paramod\volume\DWIDTH=s32'00000000000000000000000000010000'.
Finding duplicate cells in `$paramod\volume\DWIDTH=s32'00000000000000000000000000010000'.
Computing hashes of 241 cells of `$paramod\volume\DWIDTH=s32'00000000000000000000000000010000'.
Finding duplicate cells in `$paramod\volume\DWIDTH=s32'00000000000000000000000000010000'.
Computing hashes of 233 cells of `$paramod\volume\DWIDTH=s32'00000000000000000000000000010000'.
Finding duplicate cells in `$paramod\volume\DWIDTH=s32'00000000000000000000000000010000'.
Computing hashes of 228 cells of `$paramod\volume\DWIDTH=s32'00000000000000000000000000010000'.
Finding duplicate cells in `$paramod\volume\DWIDTH=s32'00000000000000000000000000010000'.
Computing hashes of 219 cells of `$paramod\volume\DWIDTH=s32'00000000000000000000000000010000'.
Finding duplicate cells in `$paramod\volume\DWIDTH=s32'00000000000000000000000000010000'.
Computing hashes of 214 cells of `$paramod\volume\DWIDTH=s32'00000000000000000000000000010000'.
Finding duplicate cells in `$paramod\volume\DWIDTH=s32'00000000000000000000000000010000'.
Computing hashes of 207 cells of `$paramod\volume\DWIDTH=s32'00000000000000000000000000010000'.
Finding duplicate cells in `$paramod\volume\DWIDTH=s32'00000000000000000000000000010000'.
Computing hashes of 203 cells of `$paramod\volume\DWIDTH=s32'00000000000000000000000000010000'.
Finding duplicate cells in `$paramod\volume\DWIDTH=s32'00000000000000000000000000010000'.
Computing hashes of 199 cells of `$paramod\volume\DWIDTH=s32'00000000000000000000000000010000'.
Finding duplicate cells in `$paramod\volume\DWIDTH=s32'00000000000000000000000000010000'.
Computing hashes of 198 cells of `$paramod\volume\DWIDTH=s32'00000000000000000000000000010000'.
Finding duplicate cells in `$paramod\volume\DWIDTH=s32'00000000000000000000000000010000'.
Computing hashes of 197 cells of `$paramod\volume\DWIDTH=s32'00000000000000000000000000010000'.
Finding duplicate cells in `$paramod\volume\DWIDTH=s32'00000000000000000000000000010000'.
<suppressed ~369 debug messages>
Finding identical cells in module `$paramod$1719986e2d5dc43517b18f4e324b0f602a4474e9\fifo'.
Computing hashes of 1128 cells of `$paramod$1719986e2d5dc43517b18f4e324b0f602a4474e9\fifo'.
Finding duplicate cells in `$paramod$1719986e2d5dc43517b18f4e324b0f602a4474e9\fifo'.
Computing hashes of 1025 cells of `$paramod$1719986e2d5dc43517b18f4e324b0f602a4474e9\fifo'.
Finding duplicate cells in `$paramod$1719986e2d5dc43517b18f4e324b0f602a4474e9\fifo'.
Computing hashes of 988 cells of `$paramod$1719986e2d5dc43517b18f4e324b0f602a4474e9\fifo'.
Finding duplicate cells in `$paramod$1719986e2d5dc43517b18f4e324b0f602a4474e9\fifo'.
<suppressed ~420 debug messages>
Finding identical cells in module `$paramod$5785904fef3fb2a86d9b4a3d3a35d0648892543e\i2s_tx'.
Computing hashes of 170 cells of `$paramod$5785904fef3fb2a86d9b4a3d3a35d0648892543e\i2s_tx'.
Finding duplicate cells in `$paramod$5785904fef3fb2a86d9b4a3d3a35d0648892543e\i2s_tx'.
Computing hashes of 148 cells of `$paramod$5785904fef3fb2a86d9b4a3d3a35d0648892543e\i2s_tx'.
Finding duplicate cells in `$paramod$5785904fef3fb2a86d9b4a3d3a35d0648892543e\i2s_tx'.
<suppressed ~66 debug messages>
Finding identical cells in module `$paramod\i2s_rx\BIT_DEPTH=s32'00000000000000000000000000010000'.
Computing hashes of 131 cells of `$paramod\i2s_rx\BIT_DEPTH=s32'00000000000000000000000000010000'.
Finding duplicate cells in `$paramod\i2s_rx\BIT_DEPTH=s32'00000000000000000000000000010000'.
Computing hashes of 129 cells of `$paramod\i2s_rx\BIT_DEPTH=s32'00000000000000000000000000010000'.
Finding duplicate cells in `$paramod\i2s_rx\BIT_DEPTH=s32'00000000000000000000000000010000'.
Computing hashes of 127 cells of `$paramod\i2s_rx\BIT_DEPTH=s32'00000000000000000000000000010000'.
Finding duplicate cells in `$paramod\i2s_rx\BIT_DEPTH=s32'00000000000000000000000000010000'.
<suppressed ~12 debug messages>
Finding identical cells in module `$paramod$28704d8bf4447e08602ecae7770c77318b280126\fifo'.
Computing hashes of 1896 cells of `$paramod$28704d8bf4447e08602ecae7770c77318b280126\fifo'.
Finding duplicate cells in `$paramod$28704d8bf4447e08602ecae7770c77318b280126\fifo'.
Computing hashes of 1793 cells of `$paramod$28704d8bf4447e08602ecae7770c77318b280126\fifo'.
Finding duplicate cells in `$paramod$28704d8bf4447e08602ecae7770c77318b280126\fifo'.
Computing hashes of 1756 cells of `$paramod$28704d8bf4447e08602ecae7770c77318b280126\fifo'.
Finding duplicate cells in `$paramod$28704d8bf4447e08602ecae7770c77318b280126\fifo'.
<suppressed ~420 debug messages>
Finding identical cells in module `\wavetable_synth'.
Computing hashes of 600 cells of `\wavetable_synth'.
Finding duplicate cells in `\wavetable_synth'.
Computing hashes of 572 cells of `\wavetable_synth'.
Finding duplicate cells in `\wavetable_synth'.
<suppressed ~84 debug messages>
Removed a total of 891 cells.

16.3. Executing OPT_MUXTREE pass (detect dead branches in mux trees).
Running muxtree optimizer on module \top..
  Creating internal representation of mux trees.
  No muxes found in this module.
Running muxtree optimizer on module $paramod\gain\DWIDTH=s32'00000000000000000000000000010000..
  Creating internal representation of mux trees.
  No muxes found in this module.
Running muxtree optimizer on module \encoder..
  Creating internal representation of mux trees.
  No muxes found in this module.
Running muxtree optimizer on module $paramod$5ff65cac883644189a11f33c7731774bf2d6e2d2\clk_div..
  Creating internal representation of mux trees.
  No muxes found in this module.
Running muxtree optimizer on module $paramod\volume\DWIDTH=s32'00000000000000000000000000010000..
  Creating internal representation of mux trees.
  No muxes found in this module.
Running muxtree optimizer on module $paramod$1719986e2d5dc43517b18f4e324b0f602a4474e9\fifo..
  Creating internal representation of mux trees.
  No muxes found in this module.
Running muxtree optimizer on module $paramod$5785904fef3fb2a86d9b4a3d3a35d0648892543e\i2s_tx..
  Creating internal representation of mux trees.
  No muxes found in this module.
Running muxtree optimizer on module $paramod\i2s_rx\BIT_DEPTH=s32'00000000000000000000000000010000..
  Creating internal representation of mux trees.
  No muxes found in this module.
Running muxtree optimizer on module $paramod$28704d8bf4447e08602ecae7770c77318b280126\fifo..
  Creating internal representation of mux trees.
  No muxes found in this module.
Running muxtree optimizer on module \wavetable_synth..
  Creating internal representation of mux trees.
  No muxes found in this module.
Removed 0 multiplexer ports.

16.4. Executing OPT_REDUCE pass (consolidate $*mux and $reduce_* inputs).
  Optimizing cells in module \top.
  Optimizing cells in module $paramod\gain\DWIDTH=s32'00000000000000000000000000010000.
  Optimizing cells in module \encoder.
  Optimizing cells in module $paramod$5ff65cac883644189a11f33c7731774bf2d6e2d2\clk_div.
  Optimizing cells in module $paramod\volume\DWIDTH=s32'00000000000000000000000000010000.
  Optimizing cells in module $paramod$1719986e2d5dc43517b18f4e324b0f602a4474e9\fifo.
  Optimizing cells in module $paramod$5785904fef3fb2a86d9b4a3d3a35d0648892543e\i2s_tx.
  Optimizing cells in module $paramod\i2s_rx\BIT_DEPTH=s32'00000000000000000000000000010000.
  Optimizing cells in module $paramod$28704d8bf4447e08602ecae7770c77318b280126\fifo.
  Optimizing cells in module \wavetable_synth.
Performed a total of 0 changes.

16.5. Executing OPT_MERGE pass (detect identical cells).
Finding identical cells in module `\top'.
Computing hashes of 67 cells of `\top'.
Finding duplicate cells in `\top'.
Finding identical cells in module `$paramod\gain\DWIDTH=s32'00000000000000000000000000010000'.
Computing hashes of 1980 cells of `$paramod\gain\DWIDTH=s32'00000000000000000000000000010000'.
Finding duplicate cells in `$paramod\gain\DWIDTH=s32'00000000000000000000000000010000'.
Finding identical cells in module `\encoder'.
Computing hashes of 115 cells of `\encoder'.
Finding duplicate cells in `\encoder'.
Finding identical cells in module `$paramod$5ff65cac883644189a11f33c7731774bf2d6e2d2\clk_div'.
Computing hashes of 92 cells of `$paramod$5ff65cac883644189a11f33c7731774bf2d6e2d2\clk_div'.
Finding duplicate cells in `$paramod$5ff65cac883644189a11f33c7731774bf2d6e2d2\clk_div'.
Finding identical cells in module `$paramod\volume\DWIDTH=s32'00000000000000000000000000010000'.
Computing hashes of 197 cells of `$paramod\volume\DWIDTH=s32'00000000000000000000000000010000'.
Finding duplicate cells in `$paramod\volume\DWIDTH=s32'00000000000000000000000000010000'.
Finding identical cells in module `$paramod$1719986e2d5dc43517b18f4e324b0f602a4474e9\fifo'.
Computing hashes of 988 cells of `$paramod$1719986e2d5dc43517b18f4e324b0f602a4474e9\fifo'.
Finding duplicate cells in `$paramod$1719986e2d5dc43517b18f4e324b0f602a4474e9\fifo'.
Finding identical cells in module `$paramod$5785904fef3fb2a86d9b4a3d3a35d0648892543e\i2s_tx'.
Computing hashes of 148 cells of `$paramod$5785904fef3fb2a86d9b4a3d3a35d0648892543e\i2s_tx'.
Finding duplicate cells in `$paramod$5785904fef3fb2a86d9b4a3d3a35d0648892543e\i2s_tx'.
Finding identical cells in module `$paramod\i2s_rx\BIT_DEPTH=s32'00000000000000000000000000010000'.
Computing hashes of 127 cells of `$paramod\i2s_rx\BIT_DEPTH=s32'00000000000000000000000000010000'.
Finding duplicate cells in `$paramod\i2s_rx\BIT_DEPTH=s32'00000000000000000000000000010000'.
Finding identical cells in module `$paramod$28704d8bf4447e08602ecae7770c77318b280126\fifo'.
Computing hashes of 1756 cells of `$paramod$28704d8bf4447e08602ecae7770c77318b280126\fifo'.
Finding duplicate cells in `$paramod$28704d8bf4447e08602ecae7770c77318b280126\fifo'.
Finding identical cells in module `\wavetable_synth'.
Computing hashes of 572 cells of `\wavetable_synth'.
Finding duplicate cells in `\wavetable_synth'.
Removed a total of 0 cells.

16.6. Executing OPT_DFF pass (perform DFF optimizations).
Adding EN signal on $auto$ff.cc:337:slice$9117 ($_DFFE_PP0P_) from module $paramod\volume\DWIDTH=s32'00000000000000000000000000010000 (D = $0\gain[15:0] [0], Q = \gain [0]).
Adding EN signal on $auto$ff.cc:337:slice$9118 ($_DFFE_PP0P_) from module $paramod\volume\DWIDTH=s32'00000000000000000000000000010000 (D = $0\gain[15:0] [1], Q = \gain [1]).
Setting constant 0-bit at position 0 on $auto$ff.cc:337:slice$6913 ($_DFFE_PN0P_) from module $paramod$5785904fef3fb2a86d9b4a3d3a35d0648892543e\i2s_tx.
Adding EN signal on $auto$ff.cc:337:slice$1773 ($_DFFE_PN0P_) from module wavetable_synth (D = $procmux$891_Y [0], Q = \phase_inc [0]).
Adding EN signal on $auto$ff.cc:337:slice$1774 ($_DFFE_PN1P_) from module wavetable_synth (D = $procmux$891_Y [1], Q = \phase_inc [1]).

16.7. Executing OPT_CLEAN pass (remove unused cells and wires).
Finding unused cells or wires in module \top..
Finding unused cells or wires in module $paramod\gain\DWIDTH=s32'00000000000000000000000000010000..
Finding unused cells or wires in module \encoder..
Finding unused cells or wires in module $paramod$5ff65cac883644189a11f33c7731774bf2d6e2d2\clk_div..
Finding unused cells or wires in module $paramod\volume\DWIDTH=s32'00000000000000000000000000010000..
Finding unused cells or wires in module $paramod$1719986e2d5dc43517b18f4e324b0f602a4474e9\fifo..
Finding unused cells or wires in module $paramod$5785904fef3fb2a86d9b4a3d3a35d0648892543e\i2s_tx..
Finding unused cells or wires in module $paramod\i2s_rx\BIT_DEPTH=s32'00000000000000000000000000010000..
Finding unused cells or wires in module $paramod$28704d8bf4447e08602ecae7770c77318b280126\fifo..
Finding unused cells or wires in module \wavetable_synth..
Removed 182 unused cells and 2299 unused wires.
<suppressed ~192 debug messages>

16.8. Executing OPT_EXPR pass (perform const folding).
Optimizing module top.
Optimizing module $paramod\gain\DWIDTH=s32'00000000000000000000000000010000.
Optimizing module encoder.
Optimizing module $paramod$5ff65cac883644189a11f33c7731774bf2d6e2d2\clk_div.
Optimizing module $paramod\volume\DWIDTH=s32'00000000000000000000000000010000.
<suppressed ~6 debug messages>
Optimizing module $paramod$1719986e2d5dc43517b18f4e324b0f602a4474e9\fifo.
Optimizing module $paramod$5785904fef3fb2a86d9b4a3d3a35d0648892543e\i2s_tx.
Optimizing module $paramod\i2s_rx\BIT_DEPTH=s32'00000000000000000000000000010000.
Optimizing module $paramod$28704d8bf4447e08602ecae7770c77318b280126\fifo.
Optimizing module wavetable_synth.
<suppressed ~8 debug messages>

16.9. Rerunning OPT passes. (Maybe there is more to do..)

16.10. Executing OPT_MUXTREE pass (detect dead branches in mux trees).
Running muxtree optimizer on module \top..
  Creating internal representation of mux trees.
  No muxes found in this module.
Running muxtree optimizer on module $paramod\gain\DWIDTH=s32'00000000000000000000000000010000..
  Creating internal representation of mux trees.
  No muxes found in this module.
Running muxtree optimizer on module \encoder..
  Creating internal representation of mux trees.
  No muxes found in this module.
Running muxtree optimizer on module $paramod$5ff65cac883644189a11f33c7731774bf2d6e2d2\clk_div..
  Creating internal representation of mux trees.
  No muxes found in this module.
Running muxtree optimizer on module $paramod\volume\DWIDTH=s32'00000000000000000000000000010000..
  Creating internal representation of mux trees.
  No muxes found in this module.
Running muxtree optimizer on module $paramod$1719986e2d5dc43517b18f4e324b0f602a4474e9\fifo..
  Creating internal representation of mux trees.
  No muxes found in this module.
Running muxtree optimizer on module $paramod$5785904fef3fb2a86d9b4a3d3a35d0648892543e\i2s_tx..
  Creating internal representation of mux trees.
  No muxes found in this module.
Running muxtree optimizer on module $paramod\i2s_rx\BIT_DEPTH=s32'00000000000000000000000000010000..
  Creating internal representation of mux trees.
  No muxes found in this module.
Running muxtree optimizer on module $paramod$28704d8bf4447e08602ecae7770c77318b280126\fifo..
  Creating internal representation of mux trees.
  No muxes found in this module.
Running muxtree optimizer on module \wavetable_synth..
  Creating internal representation of mux trees.
  No muxes found in this module.
Removed 0 multiplexer ports.

16.11. Executing OPT_REDUCE pass (consolidate $*mux and $reduce_* inputs).
  Optimizing cells in module \top.
  Optimizing cells in module $paramod\gain\DWIDTH=s32'00000000000000000000000000010000.
  Optimizing cells in module \encoder.
  Optimizing cells in module $paramod$5ff65cac883644189a11f33c7731774bf2d6e2d2\clk_div.
  Optimizing cells in module $paramod\volume\DWIDTH=s32'00000000000000000000000000010000.
  Optimizing cells in module $paramod$1719986e2d5dc43517b18f4e324b0f602a4474e9\fifo.
  Optimizing cells in module $paramod$5785904fef3fb2a86d9b4a3d3a35d0648892543e\i2s_tx.
  Optimizing cells in module $paramod\i2s_rx\BIT_DEPTH=s32'00000000000000000000000000010000.
  Optimizing cells in module $paramod$28704d8bf4447e08602ecae7770c77318b280126\fifo.
  Optimizing cells in module \wavetable_synth.
Performed a total of 0 changes.

16.12. Executing OPT_MERGE pass (detect identical cells).
Finding identical cells in module `\top'.
Computing hashes of 60 cells of `\top'.
Finding duplicate cells in `\top'.
Finding identical cells in module `$paramod\gain\DWIDTH=s32'00000000000000000000000000010000'.
Computing hashes of 1884 cells of `$paramod\gain\DWIDTH=s32'00000000000000000000000000010000'.
Finding duplicate cells in `$paramod\gain\DWIDTH=s32'00000000000000000000000000010000'.
Finding identical cells in module `\encoder'.
Computing hashes of 115 cells of `\encoder'.
Finding duplicate cells in `\encoder'.
Finding identical cells in module `$paramod$5ff65cac883644189a11f33c7731774bf2d6e2d2\clk_div'.
Computing hashes of 85 cells of `$paramod$5ff65cac883644189a11f33c7731774bf2d6e2d2\clk_div'.
Finding duplicate cells in `$paramod$5ff65cac883644189a11f33c7731774bf2d6e2d2\clk_div'.
Finding identical cells in module `$paramod\volume\DWIDTH=s32'00000000000000000000000000010000'.
Computing hashes of 201 cells of `$paramod\volume\DWIDTH=s32'00000000000000000000000000010000'.
Finding duplicate cells in `$paramod\volume\DWIDTH=s32'00000000000000000000000000010000'.
Computing hashes of 198 cells of `$paramod\volume\DWIDTH=s32'00000000000000000000000000010000'.
Finding duplicate cells in `$paramod\volume\DWIDTH=s32'00000000000000000000000000010000'.
Computing hashes of 196 cells of `$paramod\volume\DWIDTH=s32'00000000000000000000000000010000'.
Finding duplicate cells in `$paramod\volume\DWIDTH=s32'00000000000000000000000000010000'.
Computing hashes of 194 cells of `$paramod\volume\DWIDTH=s32'00000000000000000000000000010000'.
Finding duplicate cells in `$paramod\volume\DWIDTH=s32'00000000000000000000000000010000'.
Computing hashes of 193 cells of `$paramod\volume\DWIDTH=s32'00000000000000000000000000010000'.
Finding duplicate cells in `$paramod\volume\DWIDTH=s32'00000000000000000000000000010000'.
Computing hashes of 192 cells of `$paramod\volume\DWIDTH=s32'00000000000000000000000000010000'.
Finding duplicate cells in `$paramod\volume\DWIDTH=s32'00000000000000000000000000010000'.
Computing hashes of 191 cells of `$paramod\volume\DWIDTH=s32'00000000000000000000000000010000'.
Finding duplicate cells in `$paramod\volume\DWIDTH=s32'00000000000000000000000000010000'.
<suppressed ~30 debug messages>
Finding identical cells in module `$paramod$1719986e2d5dc43517b18f4e324b0f602a4474e9\fifo'.
Computing hashes of 981 cells of `$paramod$1719986e2d5dc43517b18f4e324b0f602a4474e9\fifo'.
Finding duplicate cells in `$paramod$1719986e2d5dc43517b18f4e324b0f602a4474e9\fifo'.
Finding identical cells in module `$paramod$5785904fef3fb2a86d9b4a3d3a35d0648892543e\i2s_tx'.
Computing hashes of 141 cells of `$paramod$5785904fef3fb2a86d9b4a3d3a35d0648892543e\i2s_tx'.
Finding duplicate cells in `$paramod$5785904fef3fb2a86d9b4a3d3a35d0648892543e\i2s_tx'.
Finding identical cells in module `$paramod\i2s_rx\BIT_DEPTH=s32'00000000000000000000000000010000'.
Computing hashes of 127 cells of `$paramod\i2s_rx\BIT_DEPTH=s32'00000000000000000000000000010000'.
Finding duplicate cells in `$paramod\i2s_rx\BIT_DEPTH=s32'00000000000000000000000000010000'.
Finding identical cells in module `$paramod$28704d8bf4447e08602ecae7770c77318b280126\fifo'.
Computing hashes of 1749 cells of `$paramod$28704d8bf4447e08602ecae7770c77318b280126\fifo'.
Finding duplicate cells in `$paramod$28704d8bf4447e08602ecae7770c77318b280126\fifo'.
Finding identical cells in module `\wavetable_synth'.
Computing hashes of 530 cells of `\wavetable_synth'.
Finding duplicate cells in `\wavetable_synth'.
Computing hashes of 526 cells of `\wavetable_synth'.
Finding duplicate cells in `\wavetable_synth'.
Computing hashes of 524 cells of `\wavetable_synth'.
Finding duplicate cells in `\wavetable_synth'.
Computing hashes of 523 cells of `\wavetable_synth'.
Finding duplicate cells in `\wavetable_synth'.
<suppressed ~21 debug messages>
Removed a total of 17 cells.

16.13. Executing OPT_DFF pass (perform DFF optimizations).
Handling D = Q on $auto$ff.cc:337:slice$1734 ($_DFFE_PN0P_) from module wavetable_synth (removing D path).
Handling D = Q on $auto$ff.cc:337:slice$1735 ($_DFFE_PN0P_) from module wavetable_synth (removing D path).
Handling D = Q on $auto$ff.cc:337:slice$1736 ($_DFFE_PN0P_) from module wavetable_synth (removing D path).
Handling D = Q on $auto$ff.cc:337:slice$1737 ($_DFFE_PN0P_) from module wavetable_synth (removing D path).
Handling D = Q on $auto$ff.cc:337:slice$1738 ($_DFFE_PN0P_) from module wavetable_synth (removing D path).
Handling D = Q on $auto$ff.cc:337:slice$1739 ($_DFFE_PN0P_) from module wavetable_synth (removing D path).
Handling D = Q on $auto$ff.cc:337:slice$1740 ($_DFFE_PN0P_) from module wavetable_synth (removing D path).
Handling D = Q on $auto$ff.cc:337:slice$1741 ($_DFFE_PN0P_) from module wavetable_synth (removing D path).
Setting constant 0-bit at position 0 on $auto$ff.cc:337:slice$1741 ($_DLATCH_N_) from module wavetable_synth.
Setting constant 1-bit at position 0 on $auto$ff.cc:337:slice$15270 ($_DFFE_PN1P_) from module wavetable_synth.
Setting constant 0-bit at position 0 on $auto$ff.cc:337:slice$15251 ($_DFFE_PN0P_) from module wavetable_synth.
Setting constant 0-bit at position 0 on $auto$ff.cc:337:slice$1740 ($_DLATCH_N_) from module wavetable_synth.
Setting constant 0-bit at position 0 on $auto$ff.cc:337:slice$1739 ($_DLATCH_N_) from module wavetable_synth.
Setting constant 0-bit at position 0 on $auto$ff.cc:337:slice$1738 ($_DLATCH_N_) from module wavetable_synth.
Setting constant 0-bit at position 0 on $auto$ff.cc:337:slice$1737 ($_DLATCH_N_) from module wavetable_synth.
Setting constant 0-bit at position 0 on $auto$ff.cc:337:slice$1736 ($_DLATCH_N_) from module wavetable_synth.
Setting constant 0-bit at position 0 on $auto$ff.cc:337:slice$1735 ($_DLATCH_N_) from module wavetable_synth.
Setting constant 0-bit at position 0 on $auto$ff.cc:337:slice$1734 ($_DLATCH_N_) from module wavetable_synth.

16.14. Executing OPT_CLEAN pass (remove unused cells and wires).
Finding unused cells or wires in module \top..
Finding unused cells or wires in module $paramod\gain\DWIDTH=s32'00000000000000000000000000010000..
Finding unused cells or wires in module \encoder..
Finding unused cells or wires in module $paramod$5ff65cac883644189a11f33c7731774bf2d6e2d2\clk_div..
Finding unused cells or wires in module $paramod\volume\DWIDTH=s32'00000000000000000000000000010000..
Finding unused cells or wires in module $paramod$1719986e2d5dc43517b18f4e324b0f602a4474e9\fifo..
Finding unused cells or wires in module $paramod$5785904fef3fb2a86d9b4a3d3a35d0648892543e\i2s_tx..
Finding unused cells or wires in module $paramod\i2s_rx\BIT_DEPTH=s32'00000000000000000000000000010000..
Finding unused cells or wires in module $paramod$28704d8bf4447e08602ecae7770c77318b280126\fifo..
Finding unused cells or wires in module \wavetable_synth..
Removed 1 unused cells and 20 unused wires.
<suppressed ~3 debug messages>

16.15. Executing OPT_EXPR pass (perform const folding).
Optimizing module top.
Optimizing module $paramod\gain\DWIDTH=s32'00000000000000000000000000010000.
Optimizing module encoder.
Optimizing module $paramod$5ff65cac883644189a11f33c7731774bf2d6e2d2\clk_div.
Optimizing module $paramod\volume\DWIDTH=s32'00000000000000000000000000010000.
<suppressed ~1 debug messages>
Optimizing module $paramod$1719986e2d5dc43517b18f4e324b0f602a4474e9\fifo.
Optimizing module $paramod$5785904fef3fb2a86d9b4a3d3a35d0648892543e\i2s_tx.
Optimizing module $paramod\i2s_rx\BIT_DEPTH=s32'00000000000000000000000000010000.
Optimizing module $paramod$28704d8bf4447e08602ecae7770c77318b280126\fifo.
Optimizing module wavetable_synth.
<suppressed ~55 debug messages>

16.16. Rerunning OPT passes. (Maybe there is more to do..)

16.17. Executing OPT_MUXTREE pass (detect dead branches in mux trees).
Running muxtree optimizer on module \top..
  Creating internal representation of mux trees.
  No muxes found in this module.
Running muxtree optimizer on module $paramod\gain\DWIDTH=s32'00000000000000000000000000010000..
  Creating internal representation of mux trees.
  No muxes found in this module.
Running muxtree optimizer on module \encoder..
  Creating internal representation of mux trees.
  No muxes found in this module.
Running muxtree optimizer on module $paramod$5ff65cac883644189a11f33c7731774bf2d6e2d2\clk_div..
  Creating internal representation of mux trees.
  No muxes found in this module.
Running muxtree optimizer on module $paramod\volume\DWIDTH=s32'00000000000000000000000000010000..
  Creating internal representation of mux trees.
  No muxes found in this module.
Running muxtree optimizer on module $paramod$1719986e2d5dc43517b18f4e324b0f602a4474e9\fifo..
  Creating internal representation of mux trees.
  No muxes found in this module.
Running muxtree optimizer on module $paramod$5785904fef3fb2a86d9b4a3d3a35d0648892543e\i2s_tx..
  Creating internal representation of mux trees.
  No muxes found in this module.
Running muxtree optimizer on module $paramod\i2s_rx\BIT_DEPTH=s32'00000000000000000000000000010000..
  Creating internal representation of mux trees.
  No muxes found in this module.
Running muxtree optimizer on module $paramod$28704d8bf4447e08602ecae7770c77318b280126\fifo..
  Creating internal representation of mux trees.
  No muxes found in this module.
Running muxtree optimizer on module \wavetable_synth..
  Creating internal representation of mux trees.
  No muxes found in this module.
Removed 0 multiplexer ports.

16.18. Executing OPT_REDUCE pass (consolidate $*mux and $reduce_* inputs).
  Optimizing cells in module \top.
  Optimizing cells in module $paramod\gain\DWIDTH=s32'00000000000000000000000000010000.
  Optimizing cells in module \encoder.
  Optimizing cells in module $paramod$5ff65cac883644189a11f33c7731774bf2d6e2d2\clk_div.
  Optimizing cells in module $paramod\volume\DWIDTH=s32'00000000000000000000000000010000.
  Optimizing cells in module $paramod$1719986e2d5dc43517b18f4e324b0f602a4474e9\fifo.
  Optimizing cells in module $paramod$5785904fef3fb2a86d9b4a3d3a35d0648892543e\i2s_tx.
  Optimizing cells in module $paramod\i2s_rx\BIT_DEPTH=s32'00000000000000000000000000010000.
  Optimizing cells in module $paramod$28704d8bf4447e08602ecae7770c77318b280126\fifo.
  Optimizing cells in module \wavetable_synth.
Performed a total of 0 changes.

16.19. Executing OPT_MERGE pass (detect identical cells).
Finding identical cells in module `\top'.
Computing hashes of 60 cells of `\top'.
Finding duplicate cells in `\top'.
Finding identical cells in module `$paramod\gain\DWIDTH=s32'00000000000000000000000000010000'.
Computing hashes of 1884 cells of `$paramod\gain\DWIDTH=s32'00000000000000000000000000010000'.
Finding duplicate cells in `$paramod\gain\DWIDTH=s32'00000000000000000000000000010000'.
Finding identical cells in module `\encoder'.
Computing hashes of 115 cells of `\encoder'.
Finding duplicate cells in `\encoder'.
Finding identical cells in module `$paramod$5ff65cac883644189a11f33c7731774bf2d6e2d2\clk_div'.
Computing hashes of 85 cells of `$paramod$5ff65cac883644189a11f33c7731774bf2d6e2d2\clk_div'.
Finding duplicate cells in `$paramod$5ff65cac883644189a11f33c7731774bf2d6e2d2\clk_div'.
Finding identical cells in module `$paramod\volume\DWIDTH=s32'00000000000000000000000000010000'.
Computing hashes of 190 cells of `$paramod\volume\DWIDTH=s32'00000000000000000000000000010000'.
Finding duplicate cells in `$paramod\volume\DWIDTH=s32'00000000000000000000000000010000'.
Finding identical cells in module `$paramod$1719986e2d5dc43517b18f4e324b0f602a4474e9\fifo'.
Computing hashes of 981 cells of `$paramod$1719986e2d5dc43517b18f4e324b0f602a4474e9\fifo'.
Finding duplicate cells in `$paramod$1719986e2d5dc43517b18f4e324b0f602a4474e9\fifo'.
Finding identical cells in module `$paramod$5785904fef3fb2a86d9b4a3d3a35d0648892543e\i2s_tx'.
Computing hashes of 141 cells of `$paramod$5785904fef3fb2a86d9b4a3d3a35d0648892543e\i2s_tx'.
Finding duplicate cells in `$paramod$5785904fef3fb2a86d9b4a3d3a35d0648892543e\i2s_tx'.
Finding identical cells in module `$paramod\i2s_rx\BIT_DEPTH=s32'00000000000000000000000000010000'.
Computing hashes of 127 cells of `$paramod\i2s_rx\BIT_DEPTH=s32'00000000000000000000000000010000'.
Finding duplicate cells in `$paramod\i2s_rx\BIT_DEPTH=s32'00000000000000000000000000010000'.
Finding identical cells in module `$paramod$28704d8bf4447e08602ecae7770c77318b280126\fifo'.
Computing hashes of 1749 cells of `$paramod$28704d8bf4447e08602ecae7770c77318b280126\fifo'.
Finding duplicate cells in `$paramod$28704d8bf4447e08602ecae7770c77318b280126\fifo'.
Finding identical cells in module `\wavetable_synth'.
Computing hashes of 458 cells of `\wavetable_synth'.
Finding duplicate cells in `\wavetable_synth'.
Removed a total of 0 cells.

16.20. Executing OPT_DFF pass (perform DFF optimizations).

16.21. Executing OPT_CLEAN pass (remove unused cells and wires).
Finding unused cells or wires in module \top..
Finding unused cells or wires in module $paramod\gain\DWIDTH=s32'00000000000000000000000000010000..
Finding unused cells or wires in module \encoder..
Finding unused cells or wires in module $paramod$5ff65cac883644189a11f33c7731774bf2d6e2d2\clk_div..
Finding unused cells or wires in module $paramod\volume\DWIDTH=s32'00000000000000000000000000010000..
Finding unused cells or wires in module $paramod$1719986e2d5dc43517b18f4e324b0f602a4474e9\fifo..
Finding unused cells or wires in module $paramod$5785904fef3fb2a86d9b4a3d3a35d0648892543e\i2s_tx..
Finding unused cells or wires in module $paramod\i2s_rx\BIT_DEPTH=s32'00000000000000000000000000010000..
Finding unused cells or wires in module $paramod$28704d8bf4447e08602ecae7770c77318b280126\fifo..
Finding unused cells or wires in module \wavetable_synth..
Removed 5 unused cells and 24 unused wires.
<suppressed ~6 debug messages>

16.22. Executing OPT_EXPR pass (perform const folding).
Optimizing module top.
Optimizing module $paramod\gain\DWIDTH=s32'00000000000000000000000000010000.
Optimizing module encoder.
Optimizing module $paramod$5ff65cac883644189a11f33c7731774bf2d6e2d2\clk_div.
Optimizing module $paramod\volume\DWIDTH=s32'00000000000000000000000000010000.
Optimizing module $paramod$1719986e2d5dc43517b18f4e324b0f602a4474e9\fifo.
Optimizing module $paramod$5785904fef3fb2a86d9b4a3d3a35d0648892543e\i2s_tx.
Optimizing module $paramod\i2s_rx\BIT_DEPTH=s32'00000000000000000000000000010000.
Optimizing module $paramod$28704d8bf4447e08602ecae7770c77318b280126\fifo.
Optimizing module wavetable_synth.

16.23. Rerunning OPT passes. (Maybe there is more to do..)

16.24. Executing OPT_MUXTREE pass (detect dead branches in mux trees).
Running muxtree optimizer on module \top..
  Creating internal representation of mux trees.
  No muxes found in this module.
Running muxtree optimizer on module $paramod\gain\DWIDTH=s32'00000000000000000000000000010000..
  Creating internal representation of mux trees.
  No muxes found in this module.
Running muxtree optimizer on module \encoder..
  Creating internal representation of mux trees.
  No muxes found in this module.
Running muxtree optimizer on module $paramod$5ff65cac883644189a11f33c7731774bf2d6e2d2\clk_div..
  Creating internal representation of mux trees.
  No muxes found in this module.
Running muxtree optimizer on module $paramod\volume\DWIDTH=s32'00000000000000000000000000010000..
  Creating internal representation of mux trees.
  No muxes found in this module.
Running muxtree optimizer on module $paramod$1719986e2d5dc43517b18f4e324b0f602a4474e9\fifo..
  Creating internal representation of mux trees.
  No muxes found in this module.
Running muxtree optimizer on module $paramod$5785904fef3fb2a86d9b4a3d3a35d0648892543e\i2s_tx..
  Creating internal representation of mux trees.
  No muxes found in this module.
Running muxtree optimizer on module $paramod\i2s_rx\BIT_DEPTH=s32'00000000000000000000000000010000..
  Creating internal representation of mux trees.
  No muxes found in this module.
Running muxtree optimizer on module $paramod$28704d8bf4447e08602ecae7770c77318b280126\fifo..
  Creating internal representation of mux trees.
  No muxes found in this module.
Running muxtree optimizer on module \wavetable_synth..
  Creating internal representation of mux trees.
  No muxes found in this module.
Removed 0 multiplexer ports.

16.25. Executing OPT_REDUCE pass (consolidate $*mux and $reduce_* inputs).
  Optimizing cells in module \top.
  Optimizing cells in module $paramod\gain\DWIDTH=s32'00000000000000000000000000010000.
  Optimizing cells in module \encoder.
  Optimizing cells in module $paramod$5ff65cac883644189a11f33c7731774bf2d6e2d2\clk_div.
  Optimizing cells in module $paramod\volume\DWIDTH=s32'00000000000000000000000000010000.
  Optimizing cells in module $paramod$1719986e2d5dc43517b18f4e324b0f602a4474e9\fifo.
  Optimizing cells in module $paramod$5785904fef3fb2a86d9b4a3d3a35d0648892543e\i2s_tx.
  Optimizing cells in module $paramod\i2s_rx\BIT_DEPTH=s32'00000000000000000000000000010000.
  Optimizing cells in module $paramod$28704d8bf4447e08602ecae7770c77318b280126\fifo.
  Optimizing cells in module \wavetable_synth.
Performed a total of 0 changes.

16.26. Executing OPT_MERGE pass (detect identical cells).
Finding identical cells in module `\top'.
Computing hashes of 60 cells of `\top'.
Finding duplicate cells in `\top'.
Finding identical cells in module `$paramod\gain\DWIDTH=s32'00000000000000000000000000010000'.
Computing hashes of 1884 cells of `$paramod\gain\DWIDTH=s32'00000000000000000000000000010000'.
Finding duplicate cells in `$paramod\gain\DWIDTH=s32'00000000000000000000000000010000'.
Finding identical cells in module `\encoder'.
Computing hashes of 115 cells of `\encoder'.
Finding duplicate cells in `\encoder'.
Finding identical cells in module `$paramod$5ff65cac883644189a11f33c7731774bf2d6e2d2\clk_div'.
Computing hashes of 85 cells of `$paramod$5ff65cac883644189a11f33c7731774bf2d6e2d2\clk_div'.
Finding duplicate cells in `$paramod$5ff65cac883644189a11f33c7731774bf2d6e2d2\clk_div'.
Finding identical cells in module `$paramod\volume\DWIDTH=s32'00000000000000000000000000010000'.
Computing hashes of 190 cells of `$paramod\volume\DWIDTH=s32'00000000000000000000000000010000'.
Finding duplicate cells in `$paramod\volume\DWIDTH=s32'00000000000000000000000000010000'.
Finding identical cells in module `$paramod$1719986e2d5dc43517b18f4e324b0f602a4474e9\fifo'.
Computing hashes of 981 cells of `$paramod$1719986e2d5dc43517b18f4e324b0f602a4474e9\fifo'.
Finding duplicate cells in `$paramod$1719986e2d5dc43517b18f4e324b0f602a4474e9\fifo'.
Finding identical cells in module `$paramod$5785904fef3fb2a86d9b4a3d3a35d0648892543e\i2s_tx'.
Computing hashes of 141 cells of `$paramod$5785904fef3fb2a86d9b4a3d3a35d0648892543e\i2s_tx'.
Finding duplicate cells in `$paramod$5785904fef3fb2a86d9b4a3d3a35d0648892543e\i2s_tx'.
Finding identical cells in module `$paramod\i2s_rx\BIT_DEPTH=s32'00000000000000000000000000010000'.
Computing hashes of 127 cells of `$paramod\i2s_rx\BIT_DEPTH=s32'00000000000000000000000000010000'.
Finding duplicate cells in `$paramod\i2s_rx\BIT_DEPTH=s32'00000000000000000000000000010000'.
Finding identical cells in module `$paramod$28704d8bf4447e08602ecae7770c77318b280126\fifo'.
Computing hashes of 1749 cells of `$paramod$28704d8bf4447e08602ecae7770c77318b280126\fifo'.
Finding duplicate cells in `$paramod$28704d8bf4447e08602ecae7770c77318b280126\fifo'.
Finding identical cells in module `\wavetable_synth'.
Computing hashes of 453 cells of `\wavetable_synth'.
Finding duplicate cells in `\wavetable_synth'.
Removed a total of 0 cells.

16.27. Executing OPT_DFF pass (perform DFF optimizations).

16.28. Executing OPT_CLEAN pass (remove unused cells and wires).
Finding unused cells or wires in module \top..
Finding unused cells or wires in module $paramod\gain\DWIDTH=s32'00000000000000000000000000010000..
Finding unused cells or wires in module \encoder..
Finding unused cells or wires in module $paramod$5ff65cac883644189a11f33c7731774bf2d6e2d2\clk_div..
Finding unused cells or wires in module $paramod\volume\DWIDTH=s32'00000000000000000000000000010000..
Finding unused cells or wires in module $paramod$1719986e2d5dc43517b18f4e324b0f602a4474e9\fifo..
Finding unused cells or wires in module $paramod$5785904fef3fb2a86d9b4a3d3a35d0648892543e\i2s_tx..
Finding unused cells or wires in module $paramod\i2s_rx\BIT_DEPTH=s32'00000000000000000000000000010000..
Finding unused cells or wires in module $paramod$28704d8bf4447e08602ecae7770c77318b280126\fifo..
Finding unused cells or wires in module \wavetable_synth..

16.29. Executing OPT_EXPR pass (perform const folding).
Optimizing module top.
Optimizing module $paramod\gain\DWIDTH=s32'00000000000000000000000000010000.
Optimizing module encoder.
Optimizing module $paramod$5ff65cac883644189a11f33c7731774bf2d6e2d2\clk_div.
Optimizing module $paramod\volume\DWIDTH=s32'00000000000000000000000000010000.
Optimizing module $paramod$1719986e2d5dc43517b18f4e324b0f602a4474e9\fifo.
Optimizing module $paramod$5785904fef3fb2a86d9b4a3d3a35d0648892543e\i2s_tx.
Optimizing module $paramod\i2s_rx\BIT_DEPTH=s32'00000000000000000000000000010000.
Optimizing module $paramod$28704d8bf4447e08602ecae7770c77318b280126\fifo.
Optimizing module wavetable_synth.

16.30. Finished fast OPT passes. (There is nothing left to do.)

17. Executing Verilog backend.

17.1. Executing BMUXMAP pass.

17.2. Executing DEMUXMAP pass.
Dumping module `$paramod$1719986e2d5dc43517b18f4e324b0f602a4474e9\fifo'.
Dumping module `$paramod$28704d8bf4447e08602ecae7770c77318b280126\fifo'.
Dumping module `$paramod$5785904fef3fb2a86d9b4a3d3a35d0648892543e\i2s_tx'.
Dumping module `$paramod$5ff65cac883644189a11f33c7731774bf2d6e2d2\clk_div'.
Dumping module `$paramod\gain\DWIDTH=s32'00000000000000000000000000010000'.
Dumping module `$paramod\i2s_rx\BIT_DEPTH=s32'00000000000000000000000000010000'.
Dumping module `$paramod\volume\DWIDTH=s32'00000000000000000000000000010000'.
Dumping module `\encoder'.
Dumping module `\top'.
Dumping module `\wavetable_synth'.

18. Executing SYNTH_GOWIN pass.

18.1. Executing Verilog-2005 frontend: /opt/homebrew/bin/../share/yosys/gowin/cells_sim.v
Parsing Verilog input from `/opt/homebrew/bin/../share/yosys/gowin/cells_sim.v' to AST representation.
Generating RTLIL representation for module `\LUT1'.
Generating RTLIL representation for module `\LUT2'.
Generating RTLIL representation for module `\LUT3'.
Generating RTLIL representation for module `\LUT4'.
Generating RTLIL representation for module `\__APICULA_LUT5'.
Generating RTLIL representation for module `\__APICULA_LUT6'.
Generating RTLIL representation for module `\__APICULA_LUT7'.
Generating RTLIL representation for module `\__APICULA_LUT8'.
Generating RTLIL representation for module `\MUX2'.
Generating RTLIL representation for module `\MUX2_LUT5'.
Generating RTLIL representation for module `\MUX2_LUT6'.
Generating RTLIL representation for module `\MUX2_LUT7'.
Generating RTLIL representation for module `\MUX2_LUT8'.
Generating RTLIL representation for module `\DFF'.
Generating RTLIL representation for module `\DFFE'.
Generating RTLIL representation for module `\DFFS'.
Generating RTLIL representation for module `\DFFSE'.
Generating RTLIL representation for module `\DFFR'.
Generating RTLIL representation for module `\DFFRE'.
Generating RTLIL representation for module `\DFFP'.
Generating RTLIL representation for module `\DFFPE'.
Generating RTLIL representation for module `\DFFC'.
Generating RTLIL representation for module `\DFFCE'.
Generating RTLIL representation for module `\DFFN'.
Generating RTLIL representation for module `\DFFNE'.
Generating RTLIL representation for module `\DFFNS'.
Generating RTLIL representation for module `\DFFNSE'.
Generating RTLIL representation for module `\DFFNR'.
Generating RTLIL representation for module `\DFFNRE'.
Generating RTLIL representation for module `\DFFNP'.
Generating RTLIL representation for module `\DFFNPE'.
Generating RTLIL representation for module `\DFFNC'.
Generating RTLIL representation for module `\DFFNCE'.
Generating RTLIL representation for module `\DL'.
Generating RTLIL representation for module `\DLN'.
Generating RTLIL representation for module `\DLE'.
Generating RTLIL representation for module `\DLNE'.
Generating RTLIL representation for module `\DLC'.
Generating RTLIL representation for module `\DLCE'.
Generating RTLIL representation for module `\DLNC'.
Generating RTLIL representation for module `\DLNCE'.
Generating RTLIL representation for module `\DLP'.
Generating RTLIL representation for module `\DLPE'.
Generating RTLIL representation for module `\DLNP'.
Generating RTLIL representation for module `\DLNPE'.
Generating RTLIL representation for module `\VCC'.
Generating RTLIL representation for module `\GND'.
Generating RTLIL representation for module `\IBUF'.
Generating RTLIL representation for module `\OBUF'.
Generating RTLIL representation for module `\TBUF'.
Generating RTLIL representation for module `\IOBUF'.
Generating RTLIL representation for module `\ELVDS_OBUF'.
Generating RTLIL representation for module `\TLVDS_OBUF'.
Generating RTLIL representation for module `\OSER4'.
Generating RTLIL representation for module `\OSER4_MEM'.
Generating RTLIL representation for module `\OSER8'.
Generating RTLIL representation for module `\OSER10'.
Generating RTLIL representation for module `\OVIDEO'.
Generating RTLIL representation for module `\OSER16'.
Generating RTLIL representation for module `\IDES4'.
Generating RTLIL representation for module `\IDES4_MEM'.
Generating RTLIL representation for module `\IDES8'.
Generating RTLIL representation for module `\IDES10'.
Generating RTLIL representation for module `\IVIDEO'.
Generating RTLIL representation for module `\IDES16'.
Generating RTLIL representation for module `\IDDR'.
Generating RTLIL representation for module `\IDDRC'.
Generating RTLIL representation for module `\DQS'.
Generating RTLIL representation for module `\ODDR'.
Generating RTLIL representation for module `\ODDRC'.
Generating RTLIL representation for module `\GSR'.
Generating RTLIL representation for module `\BANDGAP'.
Generating RTLIL representation for module `\ALU'.
Generating RTLIL representation for module `\RAM16S1'.
Generating RTLIL representation for module `\RAM16S2'.
Generating RTLIL representation for module `\RAM16S4'.
Generating RTLIL representation for module `\RAM16SDP1'.
Generating RTLIL representation for module `\RAM16SDP2'.
Generating RTLIL representation for module `\RAM16SDP4'.
Generating RTLIL representation for module `\SP'.
Generating RTLIL representation for module `\SPX9'.
Generating RTLIL representation for module `\SDP'.
Generating RTLIL representation for module `\SDPX9'.
Generating RTLIL representation for module `\DP'.
Generating RTLIL representation for module `\DPX9'.
Generating RTLIL representation for module `\rPLL'.
Generating RTLIL representation for module `\PLLVR'.
Generating RTLIL representation for module `\OSC'.
Generating RTLIL representation for module `\OSCZ'.
Generating RTLIL representation for module `\OSCF'.
Generating RTLIL representation for module `\OSCH'.
Generating RTLIL representation for module `\OSCW'.
Generating RTLIL representation for module `\OSCO'.
Generating RTLIL representation for module `\EMCU'.
Successfully finished Verilog frontend.

18.2. Executing Verilog-2005 frontend: /opt/homebrew/bin/../share/yosys/gowin/cells_xtra_gw1n.v
Parsing Verilog input from `/opt/homebrew/bin/../share/yosys/gowin/cells_xtra_gw1n.v' to AST representation.
Generating RTLIL representation for module `\LUT5'.
Generating RTLIL representation for module `\LUT6'.
Generating RTLIL representation for module `\LUT7'.
Generating RTLIL representation for module `\LUT8'.
Generating RTLIL representation for module `\INV'.
Generating RTLIL representation for module `\IODELAY'.
Generating RTLIL representation for module `\IEM'.
Generating RTLIL representation for module `\ROM16'.
Generating RTLIL representation for module `\ROM'.
Generating RTLIL representation for module `\ROMX9'.
Generating RTLIL representation for module `\pROM'.
Generating RTLIL representation for module `\pROMX9'.
Generating RTLIL representation for module `\SDPB'.
Generating RTLIL representation for module `\SDPX9B'.
Generating RTLIL representation for module `\DPB'.
Generating RTLIL representation for module `\DPX9B'.
Generating RTLIL representation for module `\PADD18'.
Generating RTLIL representation for module `\PADD9'.
Generating RTLIL representation for module `\MULT9X9'.
Generating RTLIL representation for module `\MULT18X18'.
Generating RTLIL representation for module `\MULT36X36'.
Generating RTLIL representation for module `\MULTALU36X18'.
Generating RTLIL representation for module `\MULTADDALU18X18'.
Generating RTLIL representation for module `\MULTALU18X18'.
Generating RTLIL representation for module `\ALU54D'.
Generating RTLIL representation for module `\BUFG'.
Generating RTLIL representation for module `\BUFS'.
Generating RTLIL representation for module `\PLL'.
Generating RTLIL representation for module `\TLVDS_IBUF'.
Generating RTLIL representation for module `\TLVDS_TBUF'.
Generating RTLIL representation for module `\TLVDS_IOBUF'.
Generating RTLIL representation for module `\ELVDS_IBUF'.
Generating RTLIL representation for module `\ELVDS_TBUF'.
Generating RTLIL representation for module `\ELVDS_IOBUF'.
Generating RTLIL representation for module `\MIPI_IBUF'.
Generating RTLIL representation for module `\MIPI_IBUF_HS'.
Generating RTLIL representation for module `\MIPI_IBUF_LP'.
Generating RTLIL representation for module `\MIPI_OBUF'.
Generating RTLIL representation for module `\MIPI_OBUF_A'.
Generating RTLIL representation for module `\ELVDS_IBUF_MIPI'.
Generating RTLIL representation for module `\I3C_IOBUF'.
Generating RTLIL representation for module `\CLKDIV'.
Generating RTLIL representation for module `\DHCEN'.
Generating RTLIL representation for module `\DLLDLY'.
Generating RTLIL representation for module `\FLASH96K'.
Generating RTLIL representation for module `\FLASH256K'.
Generating RTLIL representation for module `\FLASH608K'.
Generating RTLIL representation for module `\DCS'.
Generating RTLIL representation for module `\DQCE'.
Generating RTLIL representation for module `\CLKDIV2'.
Generating RTLIL representation for module `\DHCENC'.
Generating RTLIL representation for module `\FLASH64K'.
Generating RTLIL representation for module `\FLASH64KZ'.
Successfully finished Verilog frontend.

18.3. Executing HIERARCHY pass (managing design hierarchy).

18.3.1. Analyzing design hierarchy..
Top module:  \top
Used module:     $paramod$1719986e2d5dc43517b18f4e324b0f602a4474e9\fifo
Used module:     $paramod$5ff65cac883644189a11f33c7731774bf2d6e2d2\clk_div
Used module:     \encoder
Used module:     $paramod$5785904fef3fb2a86d9b4a3d3a35d0648892543e\i2s_tx
Used module:     $paramod\volume\DWIDTH=s32'00000000000000000000000000010000
Used module:         $paramod\gain\DWIDTH=s32'00000000000000000000000000010000
Used module:     \wavetable_synth

18.3.2. Analyzing design hierarchy..
Top module:  \top
Used module:     $paramod$1719986e2d5dc43517b18f4e324b0f602a4474e9\fifo
Used module:     $paramod$5ff65cac883644189a11f33c7731774bf2d6e2d2\clk_div
Used module:     \encoder
Used module:     $paramod$5785904fef3fb2a86d9b4a3d3a35d0648892543e\i2s_tx
Used module:     $paramod\volume\DWIDTH=s32'00000000000000000000000000010000
Used module:         $paramod\gain\DWIDTH=s32'00000000000000000000000000010000
Used module:     \wavetable_synth
Removing unused module `$paramod$28704d8bf4447e08602ecae7770c77318b280126\fifo'.
Removing unused module `$paramod\i2s_rx\BIT_DEPTH=s32'00000000000000000000000000010000'.
Removed 2 unused modules.
Warning: Resizing cell port wavetable_synth.u_wavetable_rom.DO from 16 bits to 32 bits.

18.4. Executing PROC pass (convert processes to netlists).

18.4.1. Executing PROC_CLEAN pass (remove empty switches from decision trees).
Cleaned up 0 empty switches.

18.4.2. Executing PROC_RMDEAD pass (remove dead branches from decision trees).
Removed a total of 0 dead cases.

18.4.3. Executing PROC_PRUNE pass (remove redundant assignments in processes).
Removed 0 redundant assignments.
Promoted 0 assignments to connections.

18.4.4. Executing PROC_INIT pass (extract init attributes).

18.4.5. Executing PROC_ARST pass (detect async resets in processes).

18.4.6. Executing PROC_ROM pass (convert switches to ROMs).
Converted 0 switches.

18.4.7. Executing PROC_MUX pass (convert decision trees to multiplexers).

18.4.8. Executing PROC_DLATCH pass (convert process syncs to latches).

18.4.9. Executing PROC_DFF pass (convert process syncs to FFs).

18.4.10. Executing PROC_MEMWR pass (convert process memory writes to cells).

18.4.11. Executing PROC_CLEAN pass (remove empty switches from decision trees).
Cleaned up 0 empty switches.

18.4.12. Executing OPT_EXPR pass (perform const folding).
Optimizing module $paramod$1719986e2d5dc43517b18f4e324b0f602a4474e9\fifo.
Optimizing module $paramod$5785904fef3fb2a86d9b4a3d3a35d0648892543e\i2s_tx.
Optimizing module $paramod$5ff65cac883644189a11f33c7731774bf2d6e2d2\clk_div.
Optimizing module $paramod\gain\DWIDTH=s32'00000000000000000000000000010000.
Optimizing module $paramod\volume\DWIDTH=s32'00000000000000000000000000010000.
Optimizing module encoder.
Optimizing module top.
Optimizing module wavetable_synth.

18.5. Executing CHECK pass (checking for obvious problems).
Checking module $paramod$1719986e2d5dc43517b18f4e324b0f602a4474e9\fifo...
Checking module $paramod$5785904fef3fb2a86d9b4a3d3a35d0648892543e\i2s_tx...
Checking module $paramod$5ff65cac883644189a11f33c7731774bf2d6e2d2\clk_div...
Checking module $paramod\gain\DWIDTH=s32'00000000000000000000000000010000...
Checking module $paramod\volume\DWIDTH=s32'00000000000000000000000000010000...
Checking module encoder...
Checking module top...
Checking module wavetable_synth...
Found and reported 0 problems.

18.6. Executing FLATTEN pass (flatten design).
Deleting now unused module $paramod$1719986e2d5dc43517b18f4e324b0f602a4474e9\fifo.
Deleting now unused module $paramod$5785904fef3fb2a86d9b4a3d3a35d0648892543e\i2s_tx.
Deleting now unused module $paramod$5ff65cac883644189a11f33c7731774bf2d6e2d2\clk_div.
Deleting now unused module $paramod\gain\DWIDTH=s32'00000000000000000000000000010000.
Deleting now unused module $paramod\volume\DWIDTH=s32'00000000000000000000000000010000.
Deleting now unused module encoder.
Deleting now unused module wavetable_synth.
<suppressed ~9 debug messages>

18.7. Executing TRIBUF pass.

18.8. Executing DEMINOUT pass (demote inout ports to input or output).

18.9. Executing OPT_EXPR pass (perform const folding).
Optimizing module top.
<suppressed ~25 debug messages>

18.10. Executing OPT_CLEAN pass (remove unused cells and wires).
Finding unused cells or wires in module \top..
Removed 29 unused cells and 29 unused wires.
<suppressed ~46 debug messages>

18.11. Executing CHECK pass (checking for obvious problems).
Checking module top...
Found and reported 0 problems.

18.12. Executing OPT pass (performing simple optimizations).

18.12.1. Executing OPT_EXPR pass (perform const folding).
Optimizing module top.

18.12.2. Executing OPT_MERGE pass (detect identical cells).
Finding identical cells in module `\top'.
Computing hashes of 4971 cells of `\top'.
Finding duplicate cells in `\top'.
Computing hashes of 4953 cells of `\top'.
Finding duplicate cells in `\top'.
<suppressed ~54 debug messages>
Removed a total of 18 cells.

18.12.3. Executing OPT_MUXTREE pass (detect dead branches in mux trees).
Running muxtree optimizer on module \top..
  Creating internal representation of mux trees.
  No muxes found in this module.
Removed 0 multiplexer ports.

18.12.4. Executing OPT_REDUCE pass (consolidate $*mux and $reduce_* inputs).
  Optimizing cells in module \top.
Performed a total of 0 changes.

18.12.5. Executing OPT_MERGE pass (detect identical cells).
Finding identical cells in module `\top'.
Computing hashes of 4953 cells of `\top'.
Finding duplicate cells in `\top'.
Removed a total of 0 cells.

18.12.6. Executing OPT_DFF pass (perform DFF optimizations).

18.12.7. Executing OPT_CLEAN pass (remove unused cells and wires).
Finding unused cells or wires in module \top..
Removed 0 unused cells and 4 unused wires.
<suppressed ~1 debug messages>

18.12.8. Executing OPT_EXPR pass (perform const folding).
Optimizing module top.

18.12.9. Rerunning OPT passes. (Maybe there is more to do..)

18.12.10. Executing OPT_MUXTREE pass (detect dead branches in mux trees).
Running muxtree optimizer on module \top..
  Creating internal representation of mux trees.
  No muxes found in this module.
Removed 0 multiplexer ports.

18.12.11. Executing OPT_REDUCE pass (consolidate $*mux and $reduce_* inputs).
  Optimizing cells in module \top.
Performed a total of 0 changes.

18.12.12. Executing OPT_MERGE pass (detect identical cells).
Finding identical cells in module `\top'.
Computing hashes of 4953 cells of `\top'.
Finding duplicate cells in `\top'.
Removed a total of 0 cells.

18.12.13. Executing OPT_DFF pass (perform DFF optimizations).

18.12.14. Executing OPT_CLEAN pass (remove unused cells and wires).
Finding unused cells or wires in module \top..

18.12.15. Executing OPT_EXPR pass (perform const folding).
Optimizing module top.

18.12.16. Finished fast OPT passes. (There is nothing left to do.)

18.13. Executing FSM pass (extract and optimize FSM).

18.13.1. Executing FSM_DETECT pass (finding FSMs in design).

18.13.2. Executing FSM_EXTRACT pass (extracting FSM from design).

18.13.3. Executing FSM_OPT pass (simple optimizations of FSMs).

18.13.4. Executing OPT_CLEAN pass (remove unused cells and wires).
Finding unused cells or wires in module \top..

18.13.5. Executing FSM_OPT pass (simple optimizations of FSMs).

18.13.6. Executing FSM_RECODE pass (re-assigning FSM state encoding).

18.13.7. Executing FSM_INFO pass (dumping all available information on FSM cells).

18.13.8. Executing FSM_MAP pass (mapping FSMs to basic logic).

18.14. Executing OPT pass (performing simple optimizations).

18.14.1. Executing OPT_EXPR pass (perform const folding).
Optimizing module top.

18.14.2. Executing OPT_MERGE pass (detect identical cells).
Finding identical cells in module `\top'.
Computing hashes of 4953 cells of `\top'.
Finding duplicate cells in `\top'.
Removed a total of 0 cells.

18.14.3. Executing OPT_MUXTREE pass (detect dead branches in mux trees).
Running muxtree optimizer on module \top..
  Creating internal representation of mux trees.
  No muxes found in this module.
Removed 0 multiplexer ports.

18.14.4. Executing OPT_REDUCE pass (consolidate $*mux and $reduce_* inputs).
  Optimizing cells in module \top.
Performed a total of 0 changes.

18.14.5. Executing OPT_MERGE pass (detect identical cells).
Finding identical cells in module `\top'.
Computing hashes of 4953 cells of `\top'.
Finding duplicate cells in `\top'.
Removed a total of 0 cells.

18.14.6. Executing OPT_DFF pass (perform DFF optimizations).

18.14.7. Executing OPT_CLEAN pass (remove unused cells and wires).
Finding unused cells or wires in module \top..

18.14.8. Executing OPT_EXPR pass (perform const folding).
Optimizing module top.

18.14.9. Finished fast OPT passes. (There is nothing left to do.)

18.15. Executing WREDUCE pass (reducing word size of cells).
Removed top 1 bits (of 2) from wire top.$flatten\volume_inst.$auto$simplemap.cc:148:simplemap_reduce$9234.
Removed top 2 bits (of 4) from wire top.$flatten\volume_inst.$auto$simplemap.cc:148:simplemap_reduce$9229.
Removed top 4 bits (of 8) from wire top.$flatten\volume_inst.$auto$simplemap.cc:148:simplemap_reduce$9220.
Removed top 8 bits (of 16) from wire top.$flatten\volume_inst.$auto$simplemap.cc:148:simplemap_reduce$9203.

18.16. Executing PEEPOPT pass (run peephole optimizers).

18.17. Executing OPT_CLEAN pass (remove unused cells and wires).
Finding unused cells or wires in module \top..
Removed 0 unused cells and 4 unused wires.
<suppressed ~1 debug messages>

18.18. Executing SHARE pass (SAT-based resource sharing).

18.19. Executing TECHMAP pass (map to technology primitives).

18.19.1. Executing Verilog-2005 frontend: /opt/homebrew/bin/../share/yosys/mul2dsp.v
Parsing Verilog input from `/opt/homebrew/bin/../share/yosys/mul2dsp.v' to AST representation.
Generating RTLIL representation for module `\_80_mul'.
Generating RTLIL representation for module `\_90_soft_mul'.
Successfully finished Verilog frontend.

18.19.2. Continuing TECHMAP pass.
No more expansions possible.
<suppressed ~4 debug messages>

18.20. Executing TECHMAP pass (map to technology primitives).

18.20.1. Executing Verilog-2005 frontend: /opt/homebrew/bin/../share/yosys/mul2dsp.v
Parsing Verilog input from `/opt/homebrew/bin/../share/yosys/mul2dsp.v' to AST representation.
Generating RTLIL representation for module `\_80_mul'.
Generating RTLIL representation for module `\_90_soft_mul'.
Successfully finished Verilog frontend.

18.20.2. Continuing TECHMAP pass.
No more expansions possible.
<suppressed ~4 debug messages>

18.21. Executing TECHMAP pass (map to technology primitives).

18.21.1. Executing Verilog-2005 frontend: /opt/homebrew/bin/../share/yosys/mul2dsp.v
Parsing Verilog input from `/opt/homebrew/bin/../share/yosys/mul2dsp.v' to AST representation.
Generating RTLIL representation for module `\_80_mul'.
Generating RTLIL representation for module `\_90_soft_mul'.
Successfully finished Verilog frontend.

18.21.2. Continuing TECHMAP pass.
No more expansions possible.
<suppressed ~4 debug messages>

18.22. Executing TECHMAP pass (map to technology primitives).

18.22.1. Executing Verilog-2005 frontend: /opt/homebrew/bin/../share/yosys/mul2dsp.v
Parsing Verilog input from `/opt/homebrew/bin/../share/yosys/mul2dsp.v' to AST representation.
Generating RTLIL representation for module `\_80_mul'.
Generating RTLIL representation for module `\_90_soft_mul'.
Successfully finished Verilog frontend.

18.22.2. Continuing TECHMAP pass.
No more expansions possible.
<suppressed ~4 debug messages>

18.23. Executing TECHMAP pass (map to technology primitives).

18.23.1. Executing Verilog-2005 frontend: /opt/homebrew/bin/../share/yosys/gowin/dsp_map.v
Parsing Verilog input from `/opt/homebrew/bin/../share/yosys/gowin/dsp_map.v' to AST representation.
Generating RTLIL representation for module `$__MUL9X9'.
Generating RTLIL representation for module `$__MUL18X18'.
Generating RTLIL representation for module `$__MUL36X36'.
Successfully finished Verilog frontend.

18.23.2. Continuing TECHMAP pass.
No more expansions possible.
<suppressed ~5 debug messages>

18.24. Executing ALUMACC pass (create $alu and $macc cells).
Extracting $alu and $macc cells in module top:
  created 0 $alu and 0 $macc cells.

18.25. Executing OPT pass (performing simple optimizations).

18.25.1. Executing OPT_EXPR pass (perform const folding).
Optimizing module top.

18.25.2. Executing OPT_MERGE pass (detect identical cells).
Finding identical cells in module `\top'.
Computing hashes of 4953 cells of `\top'.
Finding duplicate cells in `\top'.
Removed a total of 0 cells.

18.25.3. Executing OPT_MUXTREE pass (detect dead branches in mux trees).
Running muxtree optimizer on module \top..
  Creating internal representation of mux trees.
  No muxes found in this module.
Removed 0 multiplexer ports.

18.25.4. Executing OPT_REDUCE pass (consolidate $*mux and $reduce_* inputs).
  Optimizing cells in module \top.
Performed a total of 0 changes.

18.25.5. Executing OPT_MERGE pass (detect identical cells).
Finding identical cells in module `\top'.
Computing hashes of 4953 cells of `\top'.
Finding duplicate cells in `\top'.
Removed a total of 0 cells.

18.25.6. Executing OPT_DFF pass (perform DFF optimizations).

18.25.7. Executing OPT_CLEAN pass (remove unused cells and wires).
Finding unused cells or wires in module \top..

18.25.8. Executing OPT_EXPR pass (perform const folding).
Optimizing module top.

18.25.9. Finished fast OPT passes. (There is nothing left to do.)

18.26. Executing MEMORY pass.

18.26.1. Executing OPT_MEM pass (optimize memories).
Performed a total of 0 transformations.

18.26.2. Executing OPT_MEM_PRIORITY pass (removing unnecessary memory write priority relations).
Performed a total of 0 transformations.

18.26.3. Executing OPT_MEM_FEEDBACK pass (finding memory read-to-write feedback paths).

18.26.4. Executing MEMORY_BMUX2ROM pass (converting muxes to ROMs).

18.26.5. Executing MEMORY_DFF pass (merging $dff cells to $memrd).

18.26.6. Executing OPT_CLEAN pass (remove unused cells and wires).
Finding unused cells or wires in module \top..

18.26.7. Executing MEMORY_SHARE pass (consolidating $memrd/$memwr cells).

18.26.8. Executing OPT_MEM_WIDEN pass (optimize memories where all ports are wide).
Performed a total of 0 transformations.

18.26.9. Executing OPT_CLEAN pass (remove unused cells and wires).
Finding unused cells or wires in module \top..

18.26.10. Executing MEMORY_COLLECT pass (generating $mem cells).

18.27. Executing OPT_CLEAN pass (remove unused cells and wires).
Finding unused cells or wires in module \top..

18.28. Executing MEMORY_LIBMAP pass (mapping memories to cells).

18.29. Executing TECHMAP pass (map to technology primitives).

18.29.1. Executing Verilog-2005 frontend: /opt/homebrew/bin/../share/yosys/gowin/lutrams_map.v
Parsing Verilog input from `/opt/homebrew/bin/../share/yosys/gowin/lutrams_map.v' to AST representation.
Generating RTLIL representation for module `$__GOWIN_LUTRAM_'.
Successfully finished Verilog frontend.

18.29.2. Executing Verilog-2005 frontend: /opt/homebrew/bin/../share/yosys/gowin/brams_map.v
Parsing Verilog input from `/opt/homebrew/bin/../share/yosys/gowin/brams_map.v' to AST representation.
Generating RTLIL representation for module `$__GOWIN_SP_'.
Generating RTLIL representation for module `$__GOWIN_DP_'.
Generating RTLIL representation for module `$__GOWIN_SDP_'.
Successfully finished Verilog frontend.

18.29.3. Continuing TECHMAP pass.
No more expansions possible.
<suppressed ~6 debug messages>

18.30. Executing OPT pass (performing simple optimizations).

18.30.1. Executing OPT_EXPR pass (perform const folding).
Optimizing module top.
<suppressed ~106 debug messages>

18.30.2. Executing OPT_MERGE pass (detect identical cells).
Finding identical cells in module `\top'.
Computing hashes of 4864 cells of `\top'.
Finding duplicate cells in `\top'.
Removed a total of 0 cells.

18.30.3. Executing OPT_DFF pass (perform DFF optimizations).
Setting constant 0-bit at position 0 on $flatten\volume_inst.$auto$ff.cc:337:slice$15228 ($_DFFE_PP0P_) from module top.

18.30.4. Executing OPT_CLEAN pass (remove unused cells and wires).
Finding unused cells or wires in module \top..
Removed 35 unused cells and 58 unused wires.
<suppressed ~36 debug messages>

18.30.5. Rerunning OPT passes. (Removed registers in this run.)

18.30.6. Executing OPT_EXPR pass (perform const folding).
Optimizing module top.
<suppressed ~206 debug messages>

18.30.7. Executing OPT_MERGE pass (detect identical cells).
Finding identical cells in module `\top'.
Computing hashes of 4622 cells of `\top'.
Finding duplicate cells in `\top'.
Removed a total of 0 cells.

18.30.8. Executing OPT_DFF pass (perform DFF optimizations).

18.30.9. Executing OPT_CLEAN pass (remove unused cells and wires).
Finding unused cells or wires in module \top..
Removed 8 unused cells and 16 unused wires.
<suppressed ~9 debug messages>

18.30.10. Finished fast OPT passes.

18.31. Executing MEMORY_MAP pass (converting memories to logic and flip-flops).

18.32. Executing OPT pass (performing simple optimizations).

18.32.1. Executing OPT_EXPR pass (perform const folding).
Optimizing module top.

18.32.2. Executing OPT_MERGE pass (detect identical cells).
Finding identical cells in module `\top'.
Computing hashes of 4614 cells of `\top'.
Finding duplicate cells in `\top'.
Removed a total of 0 cells.

18.32.3. Executing OPT_MUXTREE pass (detect dead branches in mux trees).
Running muxtree optimizer on module \top..
  Creating internal representation of mux trees.
  No muxes found in this module.
Removed 0 multiplexer ports.

18.32.4. Executing OPT_REDUCE pass (consolidate $*mux and $reduce_* inputs).
  Optimizing cells in module \top.
Performed a total of 0 changes.

18.32.5. Executing OPT_MERGE pass (detect identical cells).
Finding identical cells in module `\top'.
Computing hashes of 4614 cells of `\top'.
Finding duplicate cells in `\top'.
Removed a total of 0 cells.

18.32.6. Executing OPT_DFF pass (perform DFF optimizations).

18.32.7. Executing OPT_CLEAN pass (remove unused cells and wires).
Finding unused cells or wires in module \top..

18.32.8. Executing OPT_EXPR pass (perform const folding).
Optimizing module top.

18.32.9. Finished fast OPT passes. (There is nothing left to do.)

18.33. Executing TECHMAP pass (map to technology primitives).

18.33.1. Executing Verilog-2005 frontend: /opt/homebrew/bin/../share/yosys/techmap.v
Parsing Verilog input from `/opt/homebrew/bin/../share/yosys/techmap.v' to AST representation.
Generating RTLIL representation for module `\_90_simplemap_bool_ops'.
Generating RTLIL representation for module `\_90_simplemap_reduce_ops'.
Generating RTLIL representation for module `\_90_simplemap_logic_ops'.
Generating RTLIL representation for module `\_90_simplemap_compare_ops'.
Generating RTLIL representation for module `\_90_simplemap_various'.
Generating RTLIL representation for module `\_90_simplemap_registers'.
Generating RTLIL representation for module `\_90_shift_ops_shr_shl_sshl_sshr'.
Generating RTLIL representation for module `\_90_shift_shiftx'.
Generating RTLIL representation for module `\_90_fa'.
Generating RTLIL representation for module `\_90_lcu_brent_kung'.
Generating RTLIL representation for module `\_90_alu'.
Generating RTLIL representation for module `\_90_macc'.
Generating RTLIL representation for module `\_90_alumacc'.
Generating RTLIL representation for module `$__div_mod_u'.
Generating RTLIL representation for module `$__div_mod_trunc'.
Generating RTLIL representation for module `\_90_div'.
Generating RTLIL representation for module `\_90_mod'.
Generating RTLIL representation for module `$__div_mod_floor'.
Generating RTLIL representation for module `\_90_divfloor'.
Generating RTLIL representation for module `\_90_modfloor'.
Generating RTLIL representation for module `\_90_pow'.
Generating RTLIL representation for module `\_90_demux'.
Generating RTLIL representation for module `\_90_lut'.
Generating RTLIL representation for module `$connect'.
Generating RTLIL representation for module `$input_port'.
Successfully finished Verilog frontend.

18.33.2. Executing Verilog-2005 frontend: /opt/homebrew/bin/../share/yosys/gowin/arith_map.v
Parsing Verilog input from `/opt/homebrew/bin/../share/yosys/gowin/arith_map.v' to AST representation.
Generating RTLIL representation for module `\_80_gw1n_alu'.
Successfully finished Verilog frontend.

18.33.3. Continuing TECHMAP pass.
No more expansions possible.
<suppressed ~77 debug messages>

18.34. Executing OPT pass (performing simple optimizations).

18.34.1. Executing OPT_EXPR pass (perform const folding).
Optimizing module top.

18.34.2. Executing OPT_MERGE pass (detect identical cells).
Finding identical cells in module `\top'.
Computing hashes of 4614 cells of `\top'.
Finding duplicate cells in `\top'.
Removed a total of 0 cells.

18.34.3. Executing OPT_DFF pass (perform DFF optimizations).

18.34.4. Executing OPT_CLEAN pass (remove unused cells and wires).
Finding unused cells or wires in module \top..

18.34.5. Finished fast OPT passes.

18.35. Executing IOPADMAP pass (mapping inputs/outputs to IO-PAD cells).
Mapping port top.audio_in_i2s_bclk using IBUF.
Mapping port top.audio_in_i2s_din using IBUF.
Mapping port top.audio_in_i2s_lrck using IBUF.
Mapping port top.audio_out_i2s_bclk using OBUF.
Mapping port top.audio_out_i2s_dout using OBUF.
Mapping port top.audio_out_i2s_lrck using OBUF.
Mapping port top.freq_enc_A using IBUF.
Mapping port top.freq_enc_B using IBUF.
Mapping port top.freq_enc_C using IBUF.
Mapping port top.led using OBUF.
Mapping port top.sys_clk using IBUF.
Mapping port top.sys_rst_n using IBUF.
Mapping port top.vol_enc_A using IBUF.
Mapping port top.vol_enc_B using IBUF.
Mapping port top.vol_enc_C using IBUF.

18.36. Executing OPT_CLEAN pass (remove unused cells and wires).
Finding unused cells or wires in module \top..
Removed 0 unused cells and 11 unused wires.
<suppressed ~1 debug messages>

18.37. Executing DFFLEGALIZE pass (convert FFs and LATCHes to types supported by the target).

18.38. Executing TECHMAP pass (map to technology primitives).

18.38.1. Executing Verilog-2005 frontend: /opt/homebrew/bin/../share/yosys/gowin/cells_map.v
Parsing Verilog input from `/opt/homebrew/bin/../share/yosys/gowin/cells_map.v' to AST representation.
Generating RTLIL representation for module `$_DFF_N_'.
Generating RTLIL representation for module `$_DFF_P_'.
Generating RTLIL representation for module `$_DFFE_PP_'.
Generating RTLIL representation for module `$_DFFE_NP_'.
Generating RTLIL representation for module `$_SDFF_PP0_'.
Generating RTLIL representation for module `$_SDFF_NP0_'.
Generating RTLIL representation for module `$_SDFFE_PP0P_'.
Generating RTLIL representation for module `$_SDFFE_NP0P_'.
Generating RTLIL representation for module `$_SDFF_PP1_'.
Generating RTLIL representation for module `$_SDFF_NP1_'.
Generating RTLIL representation for module `$_SDFFE_PP1P_'.
Generating RTLIL representation for module `$_SDFFE_NP1P_'.
Generating RTLIL representation for module `$_DFF_PP1_'.
Generating RTLIL representation for module `$_DFF_NP1_'.
Generating RTLIL representation for module `$_DFF_PP0_'.
Generating RTLIL representation for module `$_DFF_NP0_'.
Generating RTLIL representation for module `$_DFFE_PP1P_'.
Generating RTLIL representation for module `$_DFFE_NP1P_'.
Generating RTLIL representation for module `$_DFFE_PP0P_'.
Generating RTLIL representation for module `$_DFFE_NP0P_'.
Generating RTLIL representation for module `$lut'.
Successfully finished Verilog frontend.

18.38.2. Continuing TECHMAP pass.
Using template $_SDFFE_PP0P_ for cells of type $_SDFFE_PP0P_.
Using template $_DFF_PP0_ for cells of type $_DFF_PP0_.
Using template $_DFFE_PP0P_ for cells of type $_DFFE_PP0P_.
Using template $_DFFE_PP1P_ for cells of type $_DFFE_PP1P_.
Using template $_SDFF_PP0_ for cells of type $_SDFF_PP0_.
Using template $_DFFE_PP_ for cells of type $_DFFE_PP_.
Using template $_DFF_PP1_ for cells of type $_DFF_PP1_.
No more expansions possible.
<suppressed ~791 debug messages>

18.39. Executing TECHMAP pass (map to technology primitives).

18.39.1. Executing Verilog-2005 frontend: /opt/homebrew/bin/../share/yosys/gowin/cells_latch.v
Parsing Verilog input from `/opt/homebrew/bin/../share/yosys/gowin/cells_latch.v' to AST representation.
Generating RTLIL representation for module `$_DLATCH_P_'.
Generating RTLIL representation for module `$_DLATCH_N_'.
Generating RTLIL representation for module `$_DLATCH_PP0_'.
Generating RTLIL representation for module `$_DLATCH_NP0_'.
Generating RTLIL representation for module `$_DLATCH_PP1_'.
Generating RTLIL representation for module `$_DLATCH_NP1_'.
Successfully finished Verilog frontend.

18.39.2. Continuing TECHMAP pass.
No more expansions possible.
<suppressed ~8 debug messages>

18.40. Executing OPT_EXPR pass (perform const folding).
Optimizing module top.
<suppressed ~23 debug messages>

18.41. Executing SIMPLEMAP pass (map simple cells to gate primitives).

18.42. Executing SORT pass.

18.43. Executing Verilog-2005 frontend: /opt/homebrew/bin/../share/yosys/abc9_model.v
Parsing Verilog input from `/opt/homebrew/bin/../share/yosys/abc9_model.v' to AST representation.
Generating RTLIL representation for module `$__ABC9_DELAY'.
Generating RTLIL representation for module `$__ABC9_SCC_BREAKER'.
Generating RTLIL representation for module `$__DFF_N__$abc9_flop'.
Generating RTLIL representation for module `$__DFF_P__$abc9_flop'.
Successfully finished Verilog frontend.

18.44. Executing ABC9 pass.

18.44.1. Executing ABC9_OPS pass (helper functions for ABC9).

18.44.2. Executing ABC9_OPS pass (helper functions for ABC9).

18.44.3. Executing PROC pass (convert processes to netlists).

18.44.3.1. Executing PROC_CLEAN pass (remove empty switches from decision trees).
Cleaned up 0 empty switches.

18.44.3.2. Executing PROC_RMDEAD pass (remove dead branches from decision trees).
Marked 1 switch rules as full_case in process $proc$/opt/homebrew/bin/../share/yosys/gowin/cells_sim.v:348$15518 in module DFFCE.
Removed a total of 0 dead cases.

18.44.3.3. Executing PROC_PRUNE pass (remove redundant assignments in processes).
Removed 0 redundant assignments.
Promoted 1 assignment to connection.

18.44.3.4. Executing PROC_INIT pass (extract init attributes).
Found init rule in `\DFFCE.$proc$/opt/homebrew/bin/../share/yosys/gowin/cells_sim.v:339$15519'.
  Set init value: \Q = 1'0

18.44.3.5. Executing PROC_ARST pass (detect async resets in processes).
Found async reset \CLEAR in `\DFFCE.$proc$/opt/homebrew/bin/../share/yosys/gowin/cells_sim.v:348$15518'.

18.44.3.6. Executing PROC_ROM pass (convert switches to ROMs).
Converted 0 switches.
<suppressed ~1 debug messages>

18.44.3.7. Executing PROC_MUX pass (convert decision trees to multiplexers).
Creating decoders for process `\DFFCE.$proc$/opt/homebrew/bin/../share/yosys/gowin/cells_sim.v:339$15519'.
Creating decoders for process `\DFFCE.$proc$/opt/homebrew/bin/../share/yosys/gowin/cells_sim.v:348$15518'.
     1/1: $0\Q[0:0]

18.44.3.8. Executing PROC_DLATCH pass (convert process syncs to latches).

18.44.3.9. Executing PROC_DFF pass (convert process syncs to FFs).
Creating register for signal `\DFFCE.\Q' using process `\DFFCE.$proc$/opt/homebrew/bin/../share/yosys/gowin/cells_sim.v:348$15518'.
  created $adff cell `$procdff$17218' with positive edge clock and positive level reset.

18.44.3.10. Executing PROC_MEMWR pass (convert process memory writes to cells).

18.44.3.11. Executing PROC_CLEAN pass (remove empty switches from decision trees).
Removing empty process `DFFCE.$proc$/opt/homebrew/bin/../share/yosys/gowin/cells_sim.v:339$15519'.
Found and cleaned up 1 empty switch in `\DFFCE.$proc$/opt/homebrew/bin/../share/yosys/gowin/cells_sim.v:348$15518'.
Removing empty process `DFFCE.$proc$/opt/homebrew/bin/../share/yosys/gowin/cells_sim.v:348$15518'.
Cleaned up 1 empty switch.

18.44.4. Executing PROC pass (convert processes to netlists).

18.44.4.1. Executing PROC_CLEAN pass (remove empty switches from decision trees).
Cleaned up 0 empty switches.

18.44.4.2. Executing PROC_RMDEAD pass (remove dead branches from decision trees).
Marked 1 switch rules as full_case in process $proc$/opt/homebrew/bin/../share/yosys/gowin/cells_sim.v:328$15516 in module DFFC.
Removed a total of 0 dead cases.

18.44.4.3. Executing PROC_PRUNE pass (remove redundant assignments in processes).
Removed 1 redundant assignment.
Promoted 1 assignment to connection.

18.44.4.4. Executing PROC_INIT pass (extract init attributes).
Found init rule in `\DFFC.$proc$/opt/homebrew/bin/../share/yosys/gowin/cells_sim.v:320$15517'.
  Set init value: \Q = 1'0

18.44.4.5. Executing PROC_ARST pass (detect async resets in processes).
Found async reset \CLEAR in `\DFFC.$proc$/opt/homebrew/bin/../share/yosys/gowin/cells_sim.v:328$15516'.

18.44.4.6. Executing PROC_ROM pass (convert switches to ROMs).
Converted 0 switches.

18.44.4.7. Executing PROC_MUX pass (convert decision trees to multiplexers).
Creating decoders for process `\DFFC.$proc$/opt/homebrew/bin/../share/yosys/gowin/cells_sim.v:320$15517'.
Creating decoders for process `\DFFC.$proc$/opt/homebrew/bin/../share/yosys/gowin/cells_sim.v:328$15516'.
     1/1: $0\Q[0:0]

18.44.4.8. Executing PROC_DLATCH pass (convert process syncs to latches).

18.44.4.9. Executing PROC_DFF pass (convert process syncs to FFs).
Creating register for signal `\DFFC.\Q' using process `\DFFC.$proc$/opt/homebrew/bin/../share/yosys/gowin/cells_sim.v:328$15516'.
  created $adff cell `$procdff$17221' with positive edge clock and positive level reset.

18.44.4.10. Executing PROC_MEMWR pass (convert process memory writes to cells).

18.44.4.11. Executing PROC_CLEAN pass (remove empty switches from decision trees).
Removing empty process `DFFC.$proc$/opt/homebrew/bin/../share/yosys/gowin/cells_sim.v:320$15517'.
Removing empty process `DFFC.$proc$/opt/homebrew/bin/../share/yosys/gowin/cells_sim.v:328$15516'.
Cleaned up 0 empty switches.

18.44.5. Executing PROC pass (convert processes to netlists).

18.44.5.1. Executing PROC_CLEAN pass (remove empty switches from decision trees).
Cleaned up 0 empty switches.

18.44.5.2. Executing PROC_RMDEAD pass (remove dead branches from decision trees).
Marked 1 switch rules as full_case in process $proc$/opt/homebrew/bin/../share/yosys/gowin/cells_sim.v:309$15514 in module DFFPE.
Removed a total of 0 dead cases.

18.44.5.3. Executing PROC_PRUNE pass (remove redundant assignments in processes).
Removed 0 redundant assignments.
Promoted 1 assignment to connection.

18.44.5.4. Executing PROC_INIT pass (extract init attributes).
Found init rule in `\DFFPE.$proc$/opt/homebrew/bin/../share/yosys/gowin/cells_sim.v:300$15515'.
  Set init value: \Q = 1'1

18.44.5.5. Executing PROC_ARST pass (detect async resets in processes).
Found async reset \PRESET in `\DFFPE.$proc$/opt/homebrew/bin/../share/yosys/gowin/cells_sim.v:309$15514'.

18.44.5.6. Executing PROC_ROM pass (convert switches to ROMs).
Converted 0 switches.
<suppressed ~1 debug messages>

18.44.5.7. Executing PROC_MUX pass (convert decision trees to multiplexers).
Creating decoders for process `\DFFPE.$proc$/opt/homebrew/bin/../share/yosys/gowin/cells_sim.v:300$15515'.
Creating decoders for process `\DFFPE.$proc$/opt/homebrew/bin/../share/yosys/gowin/cells_sim.v:309$15514'.
     1/1: $0\Q[0:0]

18.44.5.8. Executing PROC_DLATCH pass (convert process syncs to latches).

18.44.5.9. Executing PROC_DFF pass (convert process syncs to FFs).
Creating register for signal `\DFFPE.\Q' using process `\DFFPE.$proc$/opt/homebrew/bin/../share/yosys/gowin/cells_sim.v:309$15514'.
  created $adff cell `$procdff$17226' with positive edge clock and positive level reset.

18.44.5.10. Executing PROC_MEMWR pass (convert process memory writes to cells).

18.44.5.11. Executing PROC_CLEAN pass (remove empty switches from decision trees).
Removing empty process `DFFPE.$proc$/opt/homebrew/bin/../share/yosys/gowin/cells_sim.v:300$15515'.
Found and cleaned up 1 empty switch in `\DFFPE.$proc$/opt/homebrew/bin/../share/yosys/gowin/cells_sim.v:309$15514'.
Removing empty process `DFFPE.$proc$/opt/homebrew/bin/../share/yosys/gowin/cells_sim.v:309$15514'.
Cleaned up 1 empty switch.

18.44.6. Executing PROC pass (convert processes to netlists).

18.44.6.1. Executing PROC_CLEAN pass (remove empty switches from decision trees).
Cleaned up 0 empty switches.

18.44.6.2. Executing PROC_RMDEAD pass (remove dead branches from decision trees).
Marked 1 switch rules as full_case in process $proc$/opt/homebrew/bin/../share/yosys/gowin/cells_sim.v:289$15512 in module DFFP.
Removed a total of 0 dead cases.

18.44.6.3. Executing PROC_PRUNE pass (remove redundant assignments in processes).
Removed 1 redundant assignment.
Promoted 1 assignment to connection.

18.44.6.4. Executing PROC_INIT pass (extract init attributes).
Found init rule in `\DFFP.$proc$/opt/homebrew/bin/../share/yosys/gowin/cells_sim.v:281$15513'.
  Set init value: \Q = 1'1

18.44.6.5. Executing PROC_ARST pass (detect async resets in processes).
Found async reset \PRESET in `\DFFP.$proc$/opt/homebrew/bin/../share/yosys/gowin/cells_sim.v:289$15512'.

18.44.6.6. Executing PROC_ROM pass (convert switches to ROMs).
Converted 0 switches.

18.44.6.7. Executing PROC_MUX pass (convert decision trees to multiplexers).
Creating decoders for process `\DFFP.$proc$/opt/homebrew/bin/../share/yosys/gowin/cells_sim.v:281$15513'.
Creating decoders for process `\DFFP.$proc$/opt/homebrew/bin/../share/yosys/gowin/cells_sim.v:289$15512'.
     1/1: $0\Q[0:0]

18.44.6.8. Executing PROC_DLATCH pass (convert process syncs to latches).

18.44.6.9. Executing PROC_DFF pass (convert process syncs to FFs).
Creating register for signal `\DFFP.\Q' using process `\DFFP.$proc$/opt/homebrew/bin/../share/yosys/gowin/cells_sim.v:289$15512'.
  created $adff cell `$procdff$17229' with positive edge clock and positive level reset.

18.44.6.10. Executing PROC_MEMWR pass (convert process memory writes to cells).

18.44.6.11. Executing PROC_CLEAN pass (remove empty switches from decision trees).
Removing empty process `DFFP.$proc$/opt/homebrew/bin/../share/yosys/gowin/cells_sim.v:281$15513'.
Removing empty process `DFFP.$proc$/opt/homebrew/bin/../share/yosys/gowin/cells_sim.v:289$15512'.
Cleaned up 0 empty switches.

18.44.7. Executing SCC pass (detecting logic loops).
Found 0 SCCs in module top.
Found 0 SCCs.

18.44.8. Executing ABC9_OPS pass (helper functions for ABC9).

18.44.9. Executing TECHMAP pass (map to technology primitives).

18.44.9.1. Executing Verilog-2005 frontend: /opt/homebrew/bin/../share/yosys/techmap.v
Parsing Verilog input from `/opt/homebrew/bin/../share/yosys/techmap.v' to AST representation.
Generating RTLIL representation for module `\_90_simplemap_bool_ops'.
Generating RTLIL representation for module `\_90_simplemap_reduce_ops'.
Generating RTLIL representation for module `\_90_simplemap_logic_ops'.
Generating RTLIL representation for module `\_90_simplemap_compare_ops'.
Generating RTLIL representation for module `\_90_simplemap_various'.
Generating RTLIL representation for module `\_90_simplemap_registers'.
Generating RTLIL representation for module `\_90_shift_ops_shr_shl_sshl_sshr'.
Generating RTLIL representation for module `\_90_shift_shiftx'.
Generating RTLIL representation for module `\_90_fa'.
Generating RTLIL representation for module `\_90_lcu_brent_kung'.
Generating RTLIL representation for module `\_90_alu'.
Generating RTLIL representation for module `\_90_macc'.
Generating RTLIL representation for module `\_90_alumacc'.
Generating RTLIL representation for module `$__div_mod_u'.
Generating RTLIL representation for module `$__div_mod_trunc'.
Generating RTLIL representation for module `\_90_div'.
Generating RTLIL representation for module `\_90_mod'.
Generating RTLIL representation for module `$__div_mod_floor'.
Generating RTLIL representation for module `\_90_divfloor'.
Generating RTLIL representation for module `\_90_modfloor'.
Generating RTLIL representation for module `\_90_pow'.
Generating RTLIL representation for module `\_90_demux'.
Generating RTLIL representation for module `\_90_lut'.
Generating RTLIL representation for module `$connect'.
Generating RTLIL representation for module `$input_port'.
Successfully finished Verilog frontend.

18.44.9.2. Continuing TECHMAP pass.
No more expansions possible.
<suppressed ~233 debug messages>

18.44.10. Executing OPT pass (performing simple optimizations).

18.44.10.1. Executing OPT_EXPR pass (perform const folding).
Optimizing module DFFCE.
Optimizing module DFFC.
Optimizing module DFFPE.
Optimizing module DFFP.

18.44.10.2. Executing OPT_MERGE pass (detect identical cells).
Finding identical cells in module `\DFFCE'.
Computing hashes of 2 cells of `\DFFCE'.
Finding duplicate cells in `\DFFCE'.
Finding identical cells in module `\DFFC'.
Computing hashes of 2 cells of `\DFFC'.
Finding duplicate cells in `\DFFC'.
Finding identical cells in module `\DFFPE'.
Computing hashes of 2 cells of `\DFFPE'.
Finding duplicate cells in `\DFFPE'.
Finding identical cells in module `\DFFP'.
Computing hashes of 2 cells of `\DFFP'.
Finding duplicate cells in `\DFFP'.
Removed a total of 0 cells.

18.44.10.3. Executing OPT_MUXTREE pass (detect dead branches in mux trees).
Running muxtree optimizer on module \DFFCE..
  Creating internal representation of mux trees.
  No muxes found in this module.
Running muxtree optimizer on module \DFFC..
  Creating internal representation of mux trees.
  No muxes found in this module.
Running muxtree optimizer on module \DFFPE..
  Creating internal representation of mux trees.
  No muxes found in this module.
Running muxtree optimizer on module \DFFP..
  Creating internal representation of mux trees.
  No muxes found in this module.
Removed 0 multiplexer ports.

18.44.10.4. Executing OPT_REDUCE pass (consolidate $*mux and $reduce_* inputs).
  Optimizing cells in module \DFFCE.
  Optimizing cells in module \DFFC.
  Optimizing cells in module \DFFPE.
  Optimizing cells in module \DFFP.
Performed a total of 0 changes.

18.44.10.5. Executing OPT_MERGE pass (detect identical cells).
Finding identical cells in module `\DFFCE'.
Computing hashes of 2 cells of `\DFFCE'.
Finding duplicate cells in `\DFFCE'.
Finding identical cells in module `\DFFC'.
Computing hashes of 2 cells of `\DFFC'.
Finding duplicate cells in `\DFFC'.
Finding identical cells in module `\DFFPE'.
Computing hashes of 2 cells of `\DFFPE'.
Finding duplicate cells in `\DFFPE'.
Finding identical cells in module `\DFFP'.
Computing hashes of 2 cells of `\DFFP'.
Finding duplicate cells in `\DFFP'.
Removed a total of 0 cells.

18.44.10.6. Executing OPT_DFF pass (perform DFF optimizations).

18.44.10.7. Executing OPT_CLEAN pass (remove unused cells and wires).
Finding unused cells or wires in module \DFFCE..
Finding unused cells or wires in module \DFFC..
Finding unused cells or wires in module \DFFPE..
Finding unused cells or wires in module \DFFP..

18.44.10.8. Executing OPT_EXPR pass (perform const folding).
Optimizing module DFFCE.
Optimizing module DFFC.
Optimizing module DFFPE.
Optimizing module DFFP.

18.44.10.9. Finished fast OPT passes. (There is nothing left to do.)

18.44.11. Executing TECHMAP pass (map to technology primitives).

18.44.11.1. Executing Verilog-2005 frontend: /opt/homebrew/bin/../share/yosys/abc9_map.v
Parsing Verilog input from `/opt/homebrew/bin/../share/yosys/abc9_map.v' to AST representation.
Successfully finished Verilog frontend.

18.44.11.2. Continuing TECHMAP pass.
Using template DFFC for cells of type DFFC.
Using template DFFCE for cells of type DFFCE.
Using template DFFPE for cells of type DFFPE.
Using template DFFP for cells of type DFFP.
No more expansions possible.
<suppressed ~239 debug messages>

18.44.12. Executing Verilog-2005 frontend: /opt/homebrew/bin/../share/yosys/abc9_model.v
Parsing Verilog input from `/opt/homebrew/bin/../share/yosys/abc9_model.v' to AST representation.
Replacing existing blackbox module `$__ABC9_DELAY' at /opt/homebrew/bin/../share/yosys/abc9_model.v:2.1-7.10.
Generating RTLIL representation for module `$__ABC9_DELAY'.
Replacing existing blackbox module `$__ABC9_SCC_BREAKER' at /opt/homebrew/bin/../share/yosys/abc9_model.v:9.1-11.10.
Generating RTLIL representation for module `$__ABC9_SCC_BREAKER'.
Replacing existing module `$__DFF_N__$abc9_flop' at /opt/homebrew/bin/../share/yosys/abc9_model.v:14.1-20.10.
Generating RTLIL representation for module `$__DFF_N__$abc9_flop'.
Replacing existing module `$__DFF_P__$abc9_flop' at /opt/homebrew/bin/../share/yosys/abc9_model.v:23.1-29.10.
Generating RTLIL representation for module `$__DFF_P__$abc9_flop'.
Successfully finished Verilog frontend.

18.44.13. Executing ABC9_OPS pass (helper functions for ABC9).
<suppressed ~1094 debug messages>

18.44.14. Executing ABC9_OPS pass (helper functions for ABC9).

18.44.15. Executing ABC9_OPS pass (helper functions for ABC9).
<suppressed ~2 debug messages>

18.44.16. Executing TECHMAP pass (map to technology primitives).

18.44.16.1. Executing Verilog-2005 frontend: /opt/homebrew/bin/../share/yosys/techmap.v
Parsing Verilog input from `/opt/homebrew/bin/../share/yosys/techmap.v' to AST representation.
Generating RTLIL representation for module `\_90_simplemap_bool_ops'.
Generating RTLIL representation for module `\_90_simplemap_reduce_ops'.
Generating RTLIL representation for module `\_90_simplemap_logic_ops'.
Generating RTLIL representation for module `\_90_simplemap_compare_ops'.
Generating RTLIL representation for module `\_90_simplemap_various'.
Generating RTLIL representation for module `\_90_simplemap_registers'.
Generating RTLIL representation for module `\_90_shift_ops_shr_shl_sshl_sshr'.
Generating RTLIL representation for module `\_90_shift_shiftx'.
Generating RTLIL representation for module `\_90_fa'.
Generating RTLIL representation for module `\_90_lcu_brent_kung'.
Generating RTLIL representation for module `\_90_alu'.
Generating RTLIL representation for module `\_90_macc'.
Generating RTLIL representation for module `\_90_alumacc'.
Generating RTLIL representation for module `$__div_mod_u'.
Generating RTLIL representation for module `$__div_mod_trunc'.
Generating RTLIL representation for module `\_90_div'.
Generating RTLIL representation for module `\_90_mod'.
Generating RTLIL representation for module `$__div_mod_floor'.
Generating RTLIL representation for module `\_90_divfloor'.
Generating RTLIL representation for module `\_90_modfloor'.
Generating RTLIL representation for module `\_90_pow'.
Generating RTLIL representation for module `\_90_demux'.
Generating RTLIL representation for module `\_90_lut'.
Generating RTLIL representation for module `$connect'.
Generating RTLIL representation for module `$input_port'.
Successfully finished Verilog frontend.

18.44.16.2. Continuing TECHMAP pass.
No more expansions possible.
<suppressed ~235 debug messages>

18.44.17. Executing OPT pass (performing simple optimizations).

18.44.17.1. Executing OPT_EXPR pass (perform const folding).
Optimizing module top.

18.44.17.2. Executing OPT_MERGE pass (detect identical cells).
Finding identical cells in module `\top'.
Computing hashes of 0 cells of `\top'.
Finding duplicate cells in `\top'.
Removed a total of 0 cells.

18.44.17.3. Executing OPT_MUXTREE pass (detect dead branches in mux trees).
Running muxtree optimizer on module \top..
  Creating internal representation of mux trees.
  No muxes found in this module.
Removed 0 multiplexer ports.

18.44.17.4. Executing OPT_REDUCE pass (consolidate $*mux and $reduce_* inputs).
  Optimizing cells in module \top.
Performed a total of 0 changes.

18.44.17.5. Executing OPT_MERGE pass (detect identical cells).
Finding identical cells in module `\top'.
Computing hashes of 0 cells of `\top'.
Finding duplicate cells in `\top'.
Removed a total of 0 cells.

18.44.17.6. Executing OPT_DFF pass (perform DFF optimizations).

18.44.17.7. Executing OPT_CLEAN pass (remove unused cells and wires).
Finding unused cells or wires in module \top..

18.44.17.8. Executing OPT_EXPR pass (perform const folding).
Optimizing module top.

18.44.17.9. Finished fast OPT passes. (There is nothing left to do.)

18.44.18. Executing AIGMAP pass (map logic to AIG).

18.44.19. Executing AIGMAP pass (map logic to AIG).
Module top: replaced 1946 cells with 10457 new cells, skipped 4238 cells.
  replaced 3 cell types:
     163 $_MUX_
    1055 $_OR_
     728 $_XOR_
  not replaced 19 cell types:
    1673 $_AND_
     442 $_NOT_
       9 $scopeinfo
      11 IBUF
       1 pROM
       9 OBUF
     124 DFFCE
      39 DFFC
      20 DFFPE
      50 DFFP
      22 DFFRE
       1 DFFR
     512 DFFE
     124 DFFCE_$abc9_byp
      39 DFFC_$abc9_byp
      20 DFFPE_$abc9_byp
      50 DFFP_$abc9_byp
     557 $paramod$__ABC9_DELAY\DELAY=32'00000000000000000000000000111111
     535 $paramod$__ABC9_DELAY\DELAY=32'00000000000000000000001001000000

18.44.19.1. Executing ABC9_OPS pass (helper functions for ABC9).

18.44.19.2. Executing ABC9_OPS pass (helper functions for ABC9).

18.44.19.3. Executing XAIGER backend.
<suppressed ~779 debug messages>
Extracted 5401 AND gates and 14937 wires from module `top' to a netlist network with 811 inputs and 1611 outputs.

18.44.19.4. Executing ABC9_EXE pass (technology mapping using ABC9).

18.44.19.5. Executing ABC9.
Running ABC command: "<yosys-exe-dir>/yosys-abc" -s -f <abc-temp-dir>/abc.script 2>&1
ABC: ======== ABC command line "source <abc-temp-dir>/abc.script"
ABC: + read_lut <abc-temp-dir>/input.lut 
ABC: + read_box <abc-temp-dir>/input.box 
ABC: + &read <abc-temp-dir>/input.xaig 
ABC: + &ps 
ABC: <abc-temp-dir>/input : i/o =    811/   1611  and =    4577  lev =   49 (1.61)  mem = 0.13 MB  box = 1325  bb = 1325
ABC: + &scorr 
ABC: Warning: The network is combinational.
ABC: + &sweep 
ABC: + &dc2 
ABC: + &dch -f -r 
ABC: + &ps 
ABC: <abc-temp-dir>/input : i/o =    811/   1611  and =    5364  lev =   67 (2.13)  mem = 0.14 MB  ch =  355  box = 1325  bb = 1325
ABC: cst =       0  cls =    314  lit =     355  unused =    6831  proof =     0
ABC: + &if -W 500 -v 
ABC: K = 8. Memory (bytes): Truth =    0. Cut =   80. Obj =  160. Set =  816. CutMin = no
ABC: Node =    5364.  Ch =   314.  Total mem =    1.79 MB. Peak cut mem =    0.12 MB.
ABC: P:  Del = 25882.00.  Ar =   10782.0.  Edge =     7140.  Cut =    86737.  T =     0.01 sec
ABC: P:  Del = 23436.00.  Ar =   11306.0.  Edge =     7165.  Cut =    86027.  T =     0.01 sec
ABC: P:  Del = 23436.00.  Ar =    7556.0.  Edge =     6617.  Cut =   198475.  T =     0.03 sec
ABC: F:  Del = 23434.00.  Ar =    4090.0.  Edge =     5517.  Cut =   157826.  T =     0.02 sec
ABC: A:  Del = 23434.00.  Ar =    3611.0.  Edge =     5171.  Cut =   151007.  T =     0.03 sec
ABC: A:  Del = 23434.00.  Ar =    3531.0.  Edge =     5129.  Cut =   150463.  T =     0.03 sec
ABC: Total time =     0.14 sec
ABC: + &write -n <abc-temp-dir>/output.aig 
ABC: + &mfs 
ABC: + &ps -l 
ABC: <abc-temp-dir>/input : i/o =    811/   1611  and =    9677  lev =   81 (1.94)  mem = 0.19 MB  box = 1325  bb = 1325
ABC: Mapping (K=8)  :  lut =   1168  edge =    4913  lev =   15 (1.07)  levB =   17  mem = 0.08 MB
ABC: LUT = 1168 : 2=158 13.5 %  3=253 21.7 %  4=378 32.4 %  5=192 16.4 %  6=51 4.4 %  7=28 2.4 %  8=108 9.2 %  Ave = 4.21
ABC: + &write -n <abc-temp-dir>/output.aig 
ABC: + &verify 
ABC: Networks are equivalent.  Time =     0.36 sec
ABC: + time 
ABC: elapse: 7.46 seconds, total: 7.46 seconds

18.44.19.6. Executing AIGER frontend.
<suppressed ~12 debug messages>
Removed 16245 unused cells and 21293 unused wires.

18.44.19.7. Executing ABC_OPS_REINTEGRATE pass (reintegrate ABC mapped design into module).
ABC RESULTS:              $lut cells:     1187
ABC RESULTS:   \DFFCE_$abc9_byp cells:      124
ABC RESULTS:   \DFFC_$abc9_byp cells:       39
ABC RESULTS:   \DFFPE_$abc9_byp cells:       20
ABC RESULTS:   \DFFP_$abc9_byp cells:       50
ABC RESULTS:           input signals:      282
ABC RESULTS:          output signals:     1429
<suppressed ~4844 debug messages>
Removing temp directory.

18.44.20. Executing TECHMAP pass (map to technology primitives).

18.44.20.1. Executing Verilog-2005 frontend: /opt/homebrew/bin/../share/yosys/abc9_unmap.v
Parsing Verilog input from `/opt/homebrew/bin/../share/yosys/abc9_unmap.v' to AST representation.
Generating RTLIL representation for module `$__DFF_x__$abc9_flop'.
Generating RTLIL representation for module `$__ABC9_SCC_BREAKER'.
Successfully finished Verilog frontend.

18.44.20.2. Continuing TECHMAP pass.
Using template DFFCE_$abc9_byp for cells of type DFFCE_$abc9_byp.
Using template DFFPE_$abc9_byp for cells of type DFFPE_$abc9_byp.
Using template DFFP_$abc9_byp for cells of type DFFP_$abc9_byp.
Using template DFFC_$abc9_byp for cells of type DFFC_$abc9_byp.
No more expansions possible.
<suppressed ~242 debug messages>
Removed 106 unused cells and 22463 unused wires.

18.45. Executing TECHMAP pass (map to technology primitives).

18.45.1. Executing Verilog-2005 frontend: /opt/homebrew/bin/../share/yosys/gowin/cells_map.v
Parsing Verilog input from `/opt/homebrew/bin/../share/yosys/gowin/cells_map.v' to AST representation.
Generating RTLIL representation for module `$_DFF_N_'.
Generating RTLIL representation for module `$_DFF_P_'.
Generating RTLIL representation for module `$_DFFE_PP_'.
Generating RTLIL representation for module `$_DFFE_NP_'.
Generating RTLIL representation for module `$_SDFF_PP0_'.
Generating RTLIL representation for module `$_SDFF_NP0_'.
Generating RTLIL representation for module `$_SDFFE_PP0P_'.
Generating RTLIL representation for module `$_SDFFE_NP0P_'.
Generating RTLIL representation for module `$_SDFF_PP1_'.
Generating RTLIL representation for module `$_SDFF_NP1_'.
Generating RTLIL representation for module `$_SDFFE_PP1P_'.
Generating RTLIL representation for module `$_SDFFE_NP1P_'.
Generating RTLIL representation for module `$_DFF_PP1_'.
Generating RTLIL representation for module `$_DFF_NP1_'.
Generating RTLIL representation for module `$_DFF_PP0_'.
Generating RTLIL representation for module `$_DFF_NP0_'.
Generating RTLIL representation for module `$_DFFE_PP1P_'.
Generating RTLIL representation for module `$_DFFE_NP1P_'.
Generating RTLIL representation for module `$_DFFE_PP0P_'.
Generating RTLIL representation for module `$_DFFE_NP0P_'.
Generating RTLIL representation for module `$lut'.
Successfully finished Verilog frontend.

18.45.2. Continuing TECHMAP pass.
Using template $paramod$658b9ed803f0d3d335616d3858b53e0a2522f1e8$lut for cells of type $lut.
Using template $paramod$fe9a0158d0352193457c4f5b6282ac86d35fb3ee$lut for cells of type $lut.
Using template $paramod$571404c0889eaf57f492cb5e37f8acb5df5852f9$lut for cells of type $lut.
Using template $paramod$lut\WIDTH=32'00000000000000000000000000000010\LUT=4'0100 for cells of type $lut.
Using template $paramod$lut\WIDTH=32'00000000000000000000000000000011\LUT=8'10001100 for cells of type $lut.
Using template $paramod$101238f3d8d49ab12a9b49a2f01cd503b26e9c61$lut for cells of type $lut.
Using template $paramod$6d6beead1425af15cf78b27fd9b11b41b5d4bce8$lut for cells of type $lut.
Using template $paramod$a5516fc31d1e552de2435200bb732b4d4ad63a9c$lut for cells of type $lut.
Using template $paramod$873c285bdccf0ac2b60d2304ea5cd14bf211d2a6$lut for cells of type $lut.
Using template $paramod$e51a8a571bee774247b38f52d6e85fd62ae52cea$lut for cells of type $lut.
Using template $paramod$6e238df02989b317f10820a22773676e71120644$lut for cells of type $lut.
Using template $paramod$f8f63b209b7230e81958663ff24fef1613156af7$lut for cells of type $lut.
Using template $paramod$bba54c1ef87367812b4c15f4aed5ac70773df775$lut for cells of type $lut.
Using template $paramod$c28a8b7ce0535d090c4cfb52e9c74affd52b110c$lut for cells of type $lut.
Using template $paramod$30305e55a780880b9c824fe3509a4d981acb0f2b$lut for cells of type $lut.
Using template $paramod$47a8214374025465e226fa66bee690ff33268a25$lut for cells of type $lut.
Using template $paramod$8e44661def013b6bf9fe6f8b049ef2c838d749f9$lut for cells of type $lut.
Using template $paramod$364c9ffbffac467d60dfec81bba4e18476c15602$lut for cells of type $lut.
Using template $paramod$f9813472aa48e533b3838c6f2316dc2e78c66111$lut for cells of type $lut.
Using template $paramod$d6ca727e39f31d51d29072e0f33aa09c65e37336$lut for cells of type $lut.
Using template $paramod$272652f6c6fbe9a75eff76e45cc7e2788835518b$lut for cells of type $lut.
Using template $paramod$5e9374f44a27c3f8a1c38af244ec43ceb4fb8d4f$lut for cells of type $lut.
Using template $paramod$lut\WIDTH=32'00000000000000000000000000000011\LUT=8'01110000 for cells of type $lut.
Using template $paramod$20235ca863361fbc253329cfc7eeea38c77404dc$lut for cells of type $lut.
Using template $paramod$b600d182ae966d09f33a746441e104587fe7a58f$lut for cells of type $lut.
Using template $paramod$lut\WIDTH=32'00000000000000000000000000000011\LUT=8'11110010 for cells of type $lut.
Using template $paramod$359fe4e746656bf9c72aecaff84fc7bdea9f55a5$lut for cells of type $lut.
Using template $paramod$lut\WIDTH=32'00000000000000000000000000000010\LUT=4'0111 for cells of type $lut.
Using template $paramod$lut\WIDTH=32'00000000000000000000000000000011\LUT=8'00000111 for cells of type $lut.
Using template $paramod$e85b6eba0dacefc5f73f8748159b8b9599212afc$lut for cells of type $lut.
Using template $paramod$lut\WIDTH=32'00000000000000000000000000000010\LUT=4'0010 for cells of type $lut.
Using template $paramod$lut\WIDTH=32'00000000000000000000000000000010\LUT=4'1110 for cells of type $lut.
Using template $paramod$a3a543aa809791a8902e5a7d88b5affec70d5910$lut for cells of type $lut.
Using template $paramod$lut\WIDTH=32'00000000000000000000000000000010\LUT=4'0110 for cells of type $lut.
Using template $paramod$lut\WIDTH=32'00000000000000000000000000000011\LUT=8'00101010 for cells of type $lut.
Using template $paramod$8fd66b744e06ff6b1a5a329d1f0371c25a5273aa$lut for cells of type $lut.
Using template $paramod$lut\WIDTH=32'00000000000000000000000000000011\LUT=8'10010110 for cells of type $lut.
Using template $paramod$lut\WIDTH=32'00000000000000000000000000000011\LUT=8'01101010 for cells of type $lut.
Using template $paramod$lut\WIDTH=32'00000000000000000000000000000010\LUT=4'1000 for cells of type $lut.
Using template $paramod$1593cadfde513647a348c8655b648a8a9c03383a$lut for cells of type $lut.
Using template $paramod$lut\WIDTH=32'00000000000000000000000000000011\LUT=8'01111000 for cells of type $lut.
Using template $paramod$lut\WIDTH=32'00000000000000000000000000000011\LUT=8'00010101 for cells of type $lut.
Using template $paramod$ee6944635a66b35a2c008244d1b98fdaec97fc5f$lut for cells of type $lut.
Using template $paramod$4ebbe0f6e12b81a334724402291f27e3a12d6cde$lut for cells of type $lut.
Using template $paramod$lut\WIDTH=32'00000000000000000000000000000011\LUT=8'11101000 for cells of type $lut.
Using template $paramod$384ca820697864e5f2b9b7570e4569b99724b771$lut for cells of type $lut.
Using template $paramod$7bcf5f70986487920c848507d659d29b9546545c$lut for cells of type $lut.
Using template $paramod$5a05aceb4b3a5e65f91bcffb0fccca72a8307af8$lut for cells of type $lut.
Using template $paramod$lut\WIDTH=32'00000000000000000000000000000011\LUT=8'11011100 for cells of type $lut.
Using template $paramod$b386beeb2114f85b641567d08ceda4ebd6492c7b$lut for cells of type $lut.
Using template $paramod$0e25b1ebdcb0e69b925ce03733a000610e0759ea$lut for cells of type $lut.
Using template $paramod$842d4b2fe22949669eac276c9bebad3774bb02a1$lut for cells of type $lut.
Using template $paramod$bfe22c8b84d59da01a0d5f64a43ce85bbe441179$lut for cells of type $lut.
Using template $paramod$d6a246575d0ba3dcbbccd768ad41b602f82ff057$lut for cells of type $lut.
Using template $paramod$lut\WIDTH=32'00000000000000000000000000000010\LUT=4'0001 for cells of type $lut.
Using template $paramod$lut\WIDTH=32'00000000000000000000000000000011\LUT=8'00000001 for cells of type $lut.
Using template $paramod$bcbe38b900c9c8b6eeaf484b1a617ff9b20b1a5b$lut for cells of type $lut.
Using template $paramod$ee20458ad08b113ce438a814819c4179b6bb5eac$lut for cells of type $lut.
Using template $paramod$lut\WIDTH=32'00000000000000000000000000000011\LUT=8'10000000 for cells of type $lut.
Using template $paramod$c8dc8f68ff48481a1614657ee54d6b65cbdfdbe5$lut for cells of type $lut.
Using template $paramod$68f8a3050868da669d94d4e494c893d3dce59229$lut for cells of type $lut.
Using template $paramod$072c5e3ccda79fd9894df662960d670043a3dc1c$lut for cells of type $lut.
Using template $paramod$lut\WIDTH=32'00000000000000000000000000000011\LUT=8'00001000 for cells of type $lut.
Using template $paramod$05e1115912393c1d4eb1e5490f3ecf172aa5a72c$lut for cells of type $lut.
Using template $paramod$28db59e78683cbb216f667eb2b1ec384c5ceace7$lut for cells of type $lut.
Using template $paramod$ddace04fba544e6adc4cdda6a50048ddd7c111af$lut for cells of type $lut.
Using template $paramod$f3ada871809f362efd8eb0c4fb952bb5c98f0750$lut for cells of type $lut.
Using template $paramod$784f4711405f84982df518be1f8d295ab4d5b427$lut for cells of type $lut.
Using template $paramod$lut\WIDTH=32'00000000000000000000000000000011\LUT=8'00010000 for cells of type $lut.
Using template $paramod$5185d15885fb56f4d639a56173800a4fa3a7a174$lut for cells of type $lut.
Using template $paramod$8f464c687aaa0d64779690eb3e325c3df2ddf597$lut for cells of type $lut.
Using template $paramod$51599577e92cd2756c2272cd36d7c29221c56d2f$lut for cells of type $lut.
Using template $paramod$3ff6a1fff32547966eb80e0eede4847129513708$lut for cells of type $lut.
Using template $paramod$6d4302044f1915853df2a335c747ba9168fc127c$lut for cells of type $lut.
Using template $paramod$fedc9dd49dc77948bb3b96048b3e9c4cb551096b$lut for cells of type $lut.
Using template $paramod$6e98fea82e288eb70fa7833e8442d9b57c9d67e7$lut for cells of type $lut.
Using template $paramod$lut\WIDTH=32'00000000000000000000000000000011\LUT=8'11111000 for cells of type $lut.
Using template $paramod$eba7de026ff587370e320127e266317dae097a89$lut for cells of type $lut.
Using template $paramod$251994398653c4cf8de320f1e306e535d5d2d624$lut for cells of type $lut.
Using template $paramod$c5d59de8f217863cd6151e007536282f8bfe41d6$lut for cells of type $lut.
Using template $paramod$68c15767374795288fa7470a098c148a17ce5d54$lut for cells of type $lut.
Using template $paramod$lut\WIDTH=32'00000000000000000000000000000011\LUT=8'01101001 for cells of type $lut.
Using template $paramod$0b588377ba3185d211eb64f5b1be0e71dc379db8$lut for cells of type $lut.
Using template $paramod$efbcee56054525cfafa17d017d34cd41a27dc15b$lut for cells of type $lut.
Using template $paramod$lut\WIDTH=32'00000000000000000000000000000011\LUT=8'10001110 for cells of type $lut.
Using template $paramod$9ba917cdde26ca00911948b88aa4a0f9c4ffde40$lut for cells of type $lut.
Using template $paramod$5c24efb1ef00c2fbe6898cb18002d4748c418328$lut for cells of type $lut.
Using template $paramod$121f66828c71d3c18a58c99e9f44b94525cfca81$lut for cells of type $lut.
Using template $paramod$4565e305e6a049656760b911a33aac5cd766c090$lut for cells of type $lut.
Using template $paramod$b1d41c251992348e752b19c12db8a58434359feb$lut for cells of type $lut.
Using template $paramod$eafbcf8223decbf78094dfada9519377f9c11f37$lut for cells of type $lut.
Using template $paramod$63253b2c5dd848cb39cf19d76b96539e48982cc7$lut for cells of type $lut.
Using template $paramod$286d6b18e782cb14d345c8422500571fedf77570$lut for cells of type $lut.
Using template $paramod$lut\WIDTH=32'00000000000000000000000000000010\LUT=4'1001 for cells of type $lut.
Using template $paramod$e6b4c28570cdcdf73b308e2cf909f06076455224$lut for cells of type $lut.
Using template $paramod$lut\WIDTH=32'00000000000000000000000000000011\LUT=8'11011000 for cells of type $lut.
Using template $paramod$9c22ae69fe7154d872b54c4f98b9ac143f79a3b0$lut for cells of type $lut.
Using template $paramod$bb74623f36a3b8e72cd793ac21892a7fe0f2d9aa$lut for cells of type $lut.
Using template $paramod$c99909b0661e592bb9701b15671a24d993e3be48$lut for cells of type $lut.
Using template $paramod$00b8dd8b73561ad6988b03b6600fc178778f4822$lut for cells of type $lut.
Using template $paramod$36fea9c5869a0803f52e65a9512ceed7fef994c7$lut for cells of type $lut.
Using template $paramod$lut\WIDTH=32'00000000000000000000000000000011\LUT=8'00100000 for cells of type $lut.
Using template $paramod$ce15874c299a587dd16825ec2d2d2759b547554e$lut for cells of type $lut.
Using template $paramod$865395c0228487a64a8e4011cecafc2c64b79f2b$lut for cells of type $lut.
Using template $paramod$63dfb5d507c3c0842cdb02014ffa50dbe5770b84$lut for cells of type $lut.
Using template $paramod$179512a187da069f3b79ef6612a41e494e7d54b6$lut for cells of type $lut.
Using template $paramod$9ab494594f178f1b2722725c1a755ee5c002129c$lut for cells of type $lut.
Using template $paramod$f8fac4090406134f9dc7d61926209d22431f2864$lut for cells of type $lut.
Using template $paramod$5acc655fca44813f4e2443a8c3bce70a26e0efd7$lut for cells of type $lut.
Using template $paramod$663a5339e93a32aebc24afb75ae3da1f584670d5$lut for cells of type $lut.
Using template $paramod$7661031e31ead09653714c38ee716b422a422fb1$lut for cells of type $lut.
Using template $paramod$df6bfa6d537842034feee680e5b133e77f2c4d0e$lut for cells of type $lut.
Using template $paramod$335c6eb1ec9ffe6eacd5e6feedb0125b3dac4a5a$lut for cells of type $lut.
Using template $paramod$14d4fcb225c7ced4584cc02441941425e7ea2c9e$lut for cells of type $lut.
Using template $paramod$992e72d02d90a108b40a964f98fbc41305de17bb$lut for cells of type $lut.
Using template $paramod$ac0e25d103f0828cc6acd28475b9022e93678fb5$lut for cells of type $lut.
Using template $paramod$60e7fd829c077f45f0e6d22d39bdec6d9c66d7e8$lut for cells of type $lut.
Using template $paramod$8e45dc38414e8839912a89894c58ee412e2a4e65$lut for cells of type $lut.
Using template $paramod$34923d4866723b2ef513c290beefe5bf004a1522$lut for cells of type $lut.
Using template $paramod$7a50a16ee76407c3d71764603d149cf08a6eb8c1$lut for cells of type $lut.
Using template $paramod$b60aa300b800ac0651a8f1c3cecb2fa9a71138b0$lut for cells of type $lut.
Using template $paramod$68a12978f275f12de2dea1436a9698d928d945d6$lut for cells of type $lut.
Using template $paramod$f72adea4079fc83d9a23745aebe7501f2b8f741d$lut for cells of type $lut.
Using template $paramod$lut\WIDTH=32'00000000000000000000000000000011\LUT=8'11000110 for cells of type $lut.
Using template $paramod$5aed1227280e4370a190856da6246d4da81eb3a6$lut for cells of type $lut.
Using template $paramod$976257db0c3c77fcc910800d4be9265a657275a7$lut for cells of type $lut.
Using template $paramod$b969d6e2d96e70454a8fef0405072c84a74267e1$lut for cells of type $lut.
Using template $paramod$8b5741c0f13a4e07faa2e417bfaba2e1638bf0ac$lut for cells of type $lut.
Using template $paramod$a8b50277095531d3dcbeb43820bdf0688eb90cf8$lut for cells of type $lut.
Using template $paramod$04acb701b613ff355cb29ce8bb6dac1e946e185a$lut for cells of type $lut.
Using template $paramod$c4547470454f3d1f057c3072a5036893399a7345$lut for cells of type $lut.
Using template $paramod$127f5ecaa8a1e884141a0f636a9e33240e78d946$lut for cells of type $lut.
Using template $paramod$7b30ddae6769535bf7a7274f6400636c6a98a10c$lut for cells of type $lut.
Using template $paramod$aef432db83fe24ddc2dc98412d576ed5f79776e9$lut for cells of type $lut.
Using template $paramod$5178283aa8894dee826f6fedc703405e49953070$lut for cells of type $lut.
Using template $paramod$9a3e78b3c7a189ee6990f68ad3c6431aa87d25ba$lut for cells of type $lut.
Using template $paramod$037ad50caacf7f76a7c678c3d1ae33d31e76a076$lut for cells of type $lut.
Using template $paramod$lut\WIDTH=32'00000000000000000000000000000011\LUT=8'00010111 for cells of type $lut.
Using template $paramod$ce5bee0aa066df4d844941bacfb3eb6c98d77a37$lut for cells of type $lut.
Using template $paramod$e3f0f1b1a91dadf82d87013c252f9f5fc0dc6888$lut for cells of type $lut.
Using template $paramod$ecf2a17c061c17763d12592309f482d512af5e13$lut for cells of type $lut.
Using template $paramod$524fecaae0e34fa5544d5dbffe16e310e1cf7ad9$lut for cells of type $lut.
Using template $paramod$03016c486f3e928dfc62df863e7ffef07dc9f3d3$lut for cells of type $lut.
Using template $paramod$776ca4a90ff248354af69600b4399bb55da98719$lut for cells of type $lut.
Using template $paramod$6e92b2062cfd0de2d1ad08b0e9b9781fa352c6a2$lut for cells of type $lut.
Using template $paramod$c50a8edc93e86c46b8eb95ea344af17aaac1b51a$lut for cells of type $lut.
Using template $paramod$baa8e6ea9435091eb9e700a84d3b804842935493$lut for cells of type $lut.
Using template $paramod$e541e314d753ca342c3905671525da3c4d123ae2$lut for cells of type $lut.
Using template $paramod$2996d85a92b2b10aa95c378e7aaaf674853f2346$lut for cells of type $lut.
Using template $paramod$3e2cc5bf5196573fe2148031d0fe1490f80a7cf5$lut for cells of type $lut.
Using template $paramod$149d62fd7fbcadc1cbf84c8f1c7523394125f5ce$lut for cells of type $lut.
Using template $paramod$56977ac62b822af954e4551aa8a6cf468f27d136$lut for cells of type $lut.
Using template $paramod$12a198b99b53af70856a54be8c2b07c42c287f1e$lut for cells of type $lut.
Using template $paramod$a3176378bb5b561503f1e4a6057ccc662a9d723f$lut for cells of type $lut.
Using template $paramod$79fc7160445597ffe77b039979ab20713681782c$lut for cells of type $lut.
Using template $paramod$20027ea914dd29dc20cb30724699f5adc29a1156$lut for cells of type $lut.
Using template $paramod$eb278b9bd7b0e1caf3be3393b1e5a18305cda9ce$lut for cells of type $lut.
Using template $paramod$780670ff6e6118c8f623fb8ad9f81b1d2994dce6$lut for cells of type $lut.
Using template $paramod$39adcbb9a4652020a44bcd0daa743a434813a52f$lut for cells of type $lut.
Using template $paramod$60fae157acf69a3c56cfc4a28c967357fa3e3fc8$lut for cells of type $lut.
Using template $paramod$b2bcca680e2dbc9591eeb4966357efc645d630bc$lut for cells of type $lut.
Using template $paramod$ac46bbabd0f019bf5ef27e65ca794dd967f2d6df$lut for cells of type $lut.
Using template $paramod$98a5c3d095dc6991437287c213b0186193f2fd80$lut for cells of type $lut.
Using template $paramod$239a649c3c5dcff42e28a38401931acf401ef810$lut for cells of type $lut.
Using template $paramod$0e6df4f7a9db2f07237fc1362618af2778d5d2e5$lut for cells of type $lut.
Using template $paramod$a91d6e256f0673202e5e1af1e87955a4b9f44131$lut for cells of type $lut.
Using template $paramod$a4dc042990bf0f48722f562498103f0e30d86f49$lut for cells of type $lut.
Using template $paramod$lut\WIDTH=32'00000000000000000000000000000011\LUT=8'11010010 for cells of type $lut.
Using template $paramod$d6b00b06719051e8e0d21d321c25f50651e7dd46$lut for cells of type $lut.
Using template $paramod$lut\WIDTH=32'00000000000000000000000000000011\LUT=8'01001101 for cells of type $lut.
Using template $paramod$704cad882e2bedddf5c55ef18de55c67afe1e0ec$lut for cells of type $lut.
Using template $paramod$lut\WIDTH=32'00000000000000000000000000000011\LUT=8'00000010 for cells of type $lut.
Using template $paramod$3f0549729b9cf7d6fa6533d688d092bceca9764e$lut for cells of type $lut.
Using template $paramod$3d1b05f85325cc532c30d062c5f6e29b1d940bd3$lut for cells of type $lut.
Using template $paramod$lut\WIDTH=32'00000000000000000000000000000011\LUT=8'00101011 for cells of type $lut.
Using template $paramod$ef14303192218c8dd28cb97c03357085cb7c4d4d$lut for cells of type $lut.
Using template $paramod$b2077130d89736f5191d0d24f7f6ffd3bddb0a2d$lut for cells of type $lut.
Using template $paramod$5851298b738b9a03c85f4123e5ca9f86149870c2$lut for cells of type $lut.
Using template $paramod$37275f9005096a8b3beded7be16e5d19f7397fa0$lut for cells of type $lut.
Using template $paramod$be5308abcd11e5d87888ef8da44ef0b0d06a59e3$lut for cells of type $lut.
Using template $paramod$fd904e9e35cfd343a9df248824bd3f1408724879$lut for cells of type $lut.
Using template $paramod$21a9cf1c7cffed4ea7970972274e8bcced7c7005$lut for cells of type $lut.
Using template $paramod$8dfede4e56492f1d0885b2918745fe2a5976c62b$lut for cells of type $lut.
Using template $paramod$ae67ba4b71ca3733463d52c7bb464adbd7d68367$lut for cells of type $lut.
Using template $paramod$c9b0575a0504c388359ae9fefc46ea2cd4e17aa9$lut for cells of type $lut.
Using template $paramod$00650407a26f66958f37f2de26bf65dff9fbb733$lut for cells of type $lut.
Using template $paramod$aa5939edb3947ae62b9fc858abe5c7a0ebe043ec$lut for cells of type $lut.
Using template $paramod$4c8e4fc86a64cb239f7256fb953eefedece94d92$lut for cells of type $lut.
Using template $paramod$ccd1a55ba8304b983c048b640bf3b91902d22ec7$lut for cells of type $lut.
Using template $paramod$05896c1110f557c6a9f9e7ecbe71099ef8aa8d6b$lut for cells of type $lut.
Using template $paramod$718208d0d7c444e4924e09c40d40e7ac2bd4dfe6$lut for cells of type $lut.
Using template $paramod$1e9d31fd9d29ec2b288c09d6ff4a2646e026682e$lut for cells of type $lut.
Using template $paramod$1e9293a24ea166516c118dac83c9fc5510b473fd$lut for cells of type $lut.
Using template $paramod$6100b7bb55ca0d268b8c6c13d0fce051de8aae98$lut for cells of type $lut.
Using template $paramod$af2b970363478c934f632261f05f42c59b0d7a99$lut for cells of type $lut.
Using template $paramod$2c637120c6d9fc5c5bf88b8f5959bb09ad31cbae$lut for cells of type $lut.
Using template $paramod$848f0450b4c1911d92229377286eff1dd3d46a0a$lut for cells of type $lut.
Using template $paramod$db0c428f801b59860ea43569d6e7b8b6d98717ee$lut for cells of type $lut.
Using template $paramod$lut\WIDTH=32'00000000000000000000000000000011\LUT=8'11010100 for cells of type $lut.
Using template $paramod$141ce5216f9e3310e4500a8914acb314f87c082b$lut for cells of type $lut.
Using template $paramod$f05d4b8888c79762c43743d193b4196209b4613e$lut for cells of type $lut.
Using template $paramod$632def812b8b6763ae81bf8e3a67e48c61fcbeb2$lut for cells of type $lut.
Using template $paramod$66caeb00a39d236782a97659e3bd99621b74681b$lut for cells of type $lut.
Using template $paramod$5e1edc7204f8f9a5ebe2c015cb53187c29f99961$lut for cells of type $lut.
Using template $paramod$c0299cd13fe54fb49b3e5333b09242bf6664f4d4$lut for cells of type $lut.
Using template $paramod$d6eac091cf68e9b461da6f0abba55dadbaac43d3$lut for cells of type $lut.
Using template $paramod$cfe3ceab1ea50bd0165884965062a78fff9c9759$lut for cells of type $lut.
Using template $paramod$38f7709796c9c596016dcc8de8f2dc049a9a1ed0$lut for cells of type $lut.
Using template $paramod$325bbddfe70acd571d9977f5bc18906528de89c1$lut for cells of type $lut.
Using template $paramod$140dc89f3398188bf6836886dec64556048cc4c4$lut for cells of type $lut.
Using template $paramod$16bf86317bf83224c9275ebbb10e2fb1a02fc4e3$lut for cells of type $lut.
Using template $paramod$1c33a0fbda56f2d8477e21440c6b7bcb9eadf980$lut for cells of type $lut.
Using template $paramod$75cfd4b510da08b37818870d205d1ec51ebb4107$lut for cells of type $lut.
Using template $paramod$a41d0e3b97911dca5b893a7d849ab04257ab9d97$lut for cells of type $lut.
Using template $paramod$e57dc1cede992b8185c4997780171c27cc6c58cb$lut for cells of type $lut.
Using template $paramod$6f625205336ac6ce7b8747324becdbce1049bc9c$lut for cells of type $lut.
Using template $paramod$d2951544fdc49e53b00d7287d97656f8d7bae4be$lut for cells of type $lut.
Using template $paramod$733295c44420090220fbd0b13e4779ba2d0b5b98$lut for cells of type $lut.
Using template $paramod$1e4c65f0ad7e1eb28de754fbc6b2b8fa5c04acdc$lut for cells of type $lut.
Using template $paramod$560f04844169a4521653defa4eda4dfc25a7c829$lut for cells of type $lut.
Using template $paramod$c6705c2d9a5ca1e5236b47844e83005fc173deff$lut for cells of type $lut.
Using template $paramod$lut\WIDTH=32'00000000000000000000000000000011\LUT=8'01110001 for cells of type $lut.
Using template $paramod$3423083ae5d505b984fd6a110afae02e538e9df1$lut for cells of type $lut.
Using template $paramod$f13e7f3fa9da6b49380b81534660d73d049a1e34$lut for cells of type $lut.
Using template $paramod$cc0211f54155d7a0105c7ff738389cbc8d9e7edf$lut for cells of type $lut.
Using template $paramod$ebe0209731867b08386f2a3ab67435e6a496d082$lut for cells of type $lut.
Using template $paramod$e1a11d118b739d13604b4866aaa2133957f8da18$lut for cells of type $lut.
Using template $paramod$65114a1a8deea1b23cdf5261c0e98f2d3259c979$lut for cells of type $lut.
Using template $paramod$f03d7010e8026e4fa723f39bc0181a34a4fd2d04$lut for cells of type $lut.
Using template $paramod$655782bc30c333f93ae53797f6b67d2405425642$lut for cells of type $lut.
Using template $paramod$b84ee52cdb9d46b2f00804545f11b0d08f850e14$lut for cells of type $lut.
Using template $paramod$30fd89a6aa5c25f036359e46b00a649b754897f2$lut for cells of type $lut.
Using template $paramod$caa14d1726be1eb46c825fcee85b94cd1811a732$lut for cells of type $lut.
Using template $paramod$610895a8fdbf27a4d2da55f6513bb969354802ea$lut for cells of type $lut.
Using template $paramod$63141d4609a617eb27973a4be1982a18564b621c$lut for cells of type $lut.
Using template $paramod$f3e5671b18db5809550ef75b5103a380defb2cc7$lut for cells of type $lut.
Using template $paramod$lut\WIDTH=32'00000000000000000000000000000011\LUT=8'00101101 for cells of type $lut.
Using template $paramod$f6d06325e561f8d7aa62bb6b3447283e495d3f4f$lut for cells of type $lut.
Using template $paramod$ec4b3fca00a5bc379785dc3b8c458237bdc15db6$lut for cells of type $lut.
Using template $paramod$359edf4bcf7f6799cfcec8bac783b91368f05d5e$lut for cells of type $lut.
Using template $paramod$947cf4735af59bd90874c29dd7a3ac14c4f8b8f8$lut for cells of type $lut.
Using template $paramod$4c95bb370b919e976440eb47db6e85ac13eb2029$lut for cells of type $lut.
Using template $paramod$18c3c9cf5e1fa93d1b8229dd0220596e9f322fef$lut for cells of type $lut.
Using template $paramod$dd8951a2683a0c62cc1ef96ff6bd12a94a996c6b$lut for cells of type $lut.
Using template $paramod$00ffcc628ccb870304683cac36ad3a16cc41b6a4$lut for cells of type $lut.
Using template $paramod$5a939f342a3be47b1635eab5509b820e283c9b23$lut for cells of type $lut.
Using template $paramod$a05742981be8ecf2f41bf748ee726aa7ff24a221$lut for cells of type $lut.
Using template $paramod$4282def8dbd6df3d1248ad282c629bee684502c2$lut for cells of type $lut.
Using template $paramod$3f6fe0730f7978b946a57d55a78e206b053e637b$lut for cells of type $lut.
Using template $paramod$9804a5cdec2a4c56f46ee9ba0df14cdbb6a3a118$lut for cells of type $lut.
Using template $paramod$1327461cbaa334509a2db32d39afc48369991345$lut for cells of type $lut.
Using template $paramod$835b16186389722bc3c0e8b36587a93aa68051bd$lut for cells of type $lut.
Using template $paramod$f51f95a03b46b50cb28586fe9b77484fd50237ca$lut for cells of type $lut.
Using template $paramod$1632c1c0242796acfc963a05742c4acd2f475c4e$lut for cells of type $lut.
Using template $paramod$c01d1f1a2c22a23f58c65a92a9c94eaeebcde834$lut for cells of type $lut.
Using template $paramod$e4857636d35dc9b5293045a985a317a436a4713f$lut for cells of type $lut.
Using template $paramod$4de0221223e0933195b135457917d29e0cdece5e$lut for cells of type $lut.
Using template $paramod$054ed57e5dcca76e2c3a3834b394c52525d949ec$lut for cells of type $lut.
Using template $paramod$71923fbcd4bfda101a495ad186409e3771ed0105$lut for cells of type $lut.
Using template $paramod$ab4e59e5ac09f62d1a6f1df9d53199f9924c0747$lut for cells of type $lut.
Using template $paramod$5f1d3a143c9c87ab46abfde5f2b7762cf4000f70$lut for cells of type $lut.
Using template $paramod$5829f5d2a4c5757263ee6385c6142d3c7cf9e5be$lut for cells of type $lut.
Using template $paramod$bb401d3134075b225c8e432e9dd8638685db5de8$lut for cells of type $lut.
Using template $paramod$20bc9e53354073c34cfc61785a7563804d05e00a$lut for cells of type $lut.
Using template $paramod$fddb965afbfa9c305d48492fbdab0ec6e2f2744e$lut for cells of type $lut.
Using template $paramod$7214be581bb52fd975e00178baea49ae29e3daac$lut for cells of type $lut.
Using template $paramod$c508ffccf3cb0d44491eb1a488b3e92b1375f011$lut for cells of type $lut.
Using template $paramod$8849b17e0f9a1265efe0c6f5e4943ee65d76f307$lut for cells of type $lut.
Using template $paramod$cd38dd330d700016f14998ef19ebaf96246fa764$lut for cells of type $lut.
Using template $paramod$0f60cccb63b904d9c7992ebe1076ff4a0f929265$lut for cells of type $lut.
Using template $paramod$f2246be0e1670b2c230e6ac3351112595108c5fc$lut for cells of type $lut.
Using template $paramod$lut\WIDTH=32'00000000000000000000000000000011\LUT=8'11000101 for cells of type $lut.
Using template $paramod$b72f56b176596504efef3f3a60485bffc6d8b35d$lut for cells of type $lut.
Using template $paramod$212d01c33c9542c7ef9b159fe222857c84b59896$lut for cells of type $lut.
Using template $paramod$745fda66fa052e11477ec2fb41cc3319e412afe0$lut for cells of type $lut.
Using template $paramod$9d4061b878a1888cb27ff04da9e469557548d1bd$lut for cells of type $lut.
Using template $paramod$1b985a9ae52778d1dcee696920da7c3fc3b9af24$lut for cells of type $lut.
Using template $paramod$72b545df9dc4e68fde54e7ce794edb1da0ba9275$lut for cells of type $lut.
Using template $paramod$9ca330ed12b40a064e7e977a60b03ac0299b910d$lut for cells of type $lut.
Using template $paramod$46359f0f94292fe5f85088a32a78c7aa9ee35ead$lut for cells of type $lut.
Using template $paramod$d4d587f51bd0c81ce62aee130060538067da2868$lut for cells of type $lut.
Using template $paramod$e2c57d121dd5d2e8dd61c48ae24cf107b837d53a$lut for cells of type $lut.
Using template $paramod$853748f27a9e9b4dc63bcb3f51ceafa043119bef$lut for cells of type $lut.
Using template $paramod$cfe66fe86c48c2e6eb43a45c6f6eaefa639542d9$lut for cells of type $lut.
Using template $paramod$lut\WIDTH=32'00000000000000000000000000000011\LUT=8'00010010 for cells of type $lut.
Using template $paramod$3a0c51354cf12d51ba4844a28348e1422e6b983d$lut for cells of type $lut.
Using template $paramod$96b2ba31d0677beb2287ad0b28c7c79ff872b97d$lut for cells of type $lut.
Using template $paramod$7b7d7bef36b3fc98422a6f3c91377d7629060a9e$lut for cells of type $lut.
Using template $paramod$9547d04433e8a2e1afe6916026baaccc3e28f065$lut for cells of type $lut.
Using template $paramod$87360f2992492ddf49011eceb608ad738965b138$lut for cells of type $lut.
Using template $paramod$5557952ff2fbcd8fe424e7e9f73c8f906a33a518$lut for cells of type $lut.
Using template $paramod$eadcd38d19cffee85d3daff5fde8b9090b378a43$lut for cells of type $lut.
Using template $paramod$d10d21145322ceb6e94a8da645bc39736dcadfe3$lut for cells of type $lut.
Using template $paramod$3f8bddb26a8905ea147acf4247acf6d000ca20f7$lut for cells of type $lut.
Using template $paramod$4f23d286b7a4d458bc1a5d76e691e10cde4ea193$lut for cells of type $lut.
Using template $paramod$3b011b76825884107f5baa28dfc6d5c9f687974e$lut for cells of type $lut.
Using template $paramod$92ae8cf9291da386060b54ece8d2ebc234f6e27d$lut for cells of type $lut.
Using template $paramod$35097d7d6ad78dd5cba8a4546a7fa9b363fc66ef$lut for cells of type $lut.
Using template $paramod$1048ba9039ee447351abd87b6bd4292ed132208a$lut for cells of type $lut.
Using template $paramod$16fb553adeeea79aaf4ab900eafc34f3e8ce89f8$lut for cells of type $lut.
Using template $paramod$7620e2ea3b1107103ff0047f9f64075ad050d3df$lut for cells of type $lut.
Using template $paramod$7bab94ce6374eaa77f565c6082efad87572587f6$lut for cells of type $lut.
Using template $paramod$ce41fdf20c585fbb1fe87791f836e95036f6eeb6$lut for cells of type $lut.
Using template $paramod$96c38c78268e31a2f41e916e7e8763240026fb6a$lut for cells of type $lut.
Using template $paramod$c97b4f6cbb9e557049339b4942294e865df83bab$lut for cells of type $lut.
Using template $paramod$1e5a087a342342b3c15c2dd90c8b8b67fe35d246$lut for cells of type $lut.
Using template $paramod$9c21f438d49e448588971d8535cb82b06a6aae58$lut for cells of type $lut.
Using template $paramod$bd38e7a3177792c046e95b3a0aec716e2031fe6d$lut for cells of type $lut.
Using template $paramod$fc2e81056ac236f158f24fe5883b1383e1fcc627$lut for cells of type $lut.
Using template $paramod$9f6e5a164bd392e913b309507410922801688c11$lut for cells of type $lut.
Using template $paramod$514a3911060fb980dd078532320cd172e1e80625$lut for cells of type $lut.
Using template $paramod$5be8f7c48766280f8e873318e99301fabfe42842$lut for cells of type $lut.
Using template $paramod$4964111327c9d0c4614e2069bafff0e4839e1e4e$lut for cells of type $lut.
Using template $paramod$dcac396207351482f119da0a37647d4ec0143d5d$lut for cells of type $lut.
Using template $paramod$bab2e700faea91bdbe1d7b4239a470baaf28c14b$lut for cells of type $lut.
Using template $paramod$6e4421b7c14171dd482881dac43c57fe80a187ff$lut for cells of type $lut.
Using template $paramod$c8ed3f0dffbc22da9ff1e5d4c28ed6a424e1f997$lut for cells of type $lut.
Using template $paramod$6a1bbc6994afc4a8527f0448f1b52cfa79536c85$lut for cells of type $lut.
Using template $paramod$ee3a35857744cd9c38ac5f4043e84ca39ce9b2ac$lut for cells of type $lut.
Using template $paramod$a68601680f4cf47fa45e0d335879a46dae523260$lut for cells of type $lut.
Using template $paramod$48858a0cdda2de6934604a272e0a7e64a67fda48$lut for cells of type $lut.
Using template $paramod$0e9a70c8597504bfb8186e0a9fece452b111d791$lut for cells of type $lut.
Using template $paramod$13dc2feee2414440f4249cb9e97537a01bfe9e56$lut for cells of type $lut.
Using template $paramod$a6bdcec282519f38d072fa14577056c1d2240b89$lut for cells of type $lut.
Using template $paramod$bf63bdfc0b80b72f674c9886070e28a113207f69$lut for cells of type $lut.
Using template $paramod$c9cc2f0c3e159283f444719181bddcad9de9972f$lut for cells of type $lut.
Using template $paramod$a071f14b60bdbdeac62762f8859d2e577a8dd40b$lut for cells of type $lut.
Using template $paramod$0b16fb1e973ff9c03c5465f4c714edceff4a4278$lut for cells of type $lut.
Using template $paramod$2f032166d09585e2c09f531bf2c8890145050014$lut for cells of type $lut.
Using template $paramod$32f6a10401ab219d6bf39fab513a4836e76f9b69$lut for cells of type $lut.
Using template $paramod$bcb6f368281a6a91e9eb4b514832e40bb3a0a8bd$lut for cells of type $lut.
Using template $paramod$lut\WIDTH=32'00000000000000000000000000000011\LUT=8'10110010 for cells of type $lut.
Using template $paramod$f50e200f883295009ff48f4783501a474fe000f8$lut for cells of type $lut.
Using template $paramod$f87fb6314b34c6622531b63eee5f8db80e0dd0d7$lut for cells of type $lut.
Using template $paramod$748e79bcd73e29f7e0bc2ac218de4488f3756cea$lut for cells of type $lut.
Using template $paramod$206092a30017a797688699aaa3435eb90ae93212$lut for cells of type $lut.
Using template $paramod$144439a1634578eec2cd80cc7f7c4371122fa027$lut for cells of type $lut.
Using template $paramod$4ddb9834ae8a094fcef71926f1b668698fc85a8e$lut for cells of type $lut.
Using template $paramod$15b52849d209f8a6a6e20f3a6fee8de798d84d70$lut for cells of type $lut.
Using template $paramod$c410a43376ac726b6cf647af9c1c39b59569e4d9$lut for cells of type $lut.
Using template $paramod$4a46aecb8e97a36542f8286c398d99637cb9c95a$lut for cells of type $lut.
Using template $paramod$d478974fff5cf77767ee886178af8ba13b51c89a$lut for cells of type $lut.
Using template $paramod$c86e93638edea06d907be8862526eeb669d8173b$lut for cells of type $lut.
Using template $paramod$a36ae1d9991d88f3c5e00e39c0d0d4271daad563$lut for cells of type $lut.
Using template $paramod$0d0b3a26e7e911c5d097d892fe5d0bba7f82ab0d$lut for cells of type $lut.
Using template $paramod$196ea853cd2c0665e8953aecdc9652416758de30$lut for cells of type $lut.
Using template $paramod$afe3d3c3331d7428f40046dcf04e72400c07a7da$lut for cells of type $lut.
Using template $paramod$dd3fb0b6061f2daaaedd5e300347a303c89566f9$lut for cells of type $lut.
Using template $paramod$01f2ca81ab98d1ba14b0568e24e85134f57e132e$lut for cells of type $lut.
Using template $paramod$4a714c3af7c9a6440c67e70eafc1a848a0adbfb6$lut for cells of type $lut.
Using template $paramod$4b646d75ba9c9f4cea8f301450e5f2118c90173b$lut for cells of type $lut.
Using template $paramod$0c38ebdfad9fa4113dcad18bd1b4a147b5bb3488$lut for cells of type $lut.
Using template $paramod$e701ba101ee428e47b9ab688d073425d3b07ec4f$lut for cells of type $lut.
Using template $paramod$f3d61162ae96bf57c7a3ced00299ee3aa3ae2194$lut for cells of type $lut.
Using template $paramod$27511692514cc5843bab9846bb3763b80f97e582$lut for cells of type $lut.
Using template $paramod$eb9373cfa3c459612f42f2de523fa00d69d50a80$lut for cells of type $lut.
Using template $paramod$ed44d9a35bed73b4bd40ece8c474d2dd1b4391a7$lut for cells of type $lut.
Using template $paramod$108afd50c806d1fd1226173383a564ed66d41b78$lut for cells of type $lut.
Using template $paramod$43efb39e293e9c924efca29717547300da1c0766$lut for cells of type $lut.
Using template $paramod$b21ff8f21fe459e0a28aafc4442e0af62d3599b5$lut for cells of type $lut.
Using template $paramod$699e58b7307a88c4522048d3f976f917dba51919$lut for cells of type $lut.
Using template $paramod$f5c97e291c8b48d9f1b4239d871ab7639e5a24ac$lut for cells of type $lut.
Using template $paramod$c7e4bf998eeab6548045333606af31dbf8767662$lut for cells of type $lut.
Using template $paramod$2d960eec3f3c43e507b44a60506828303d393c3c$lut for cells of type $lut.
Using template $paramod$fee4b963c4da38f36b75cc4ac63f64f106d4e87a$lut for cells of type $lut.
Using template $paramod$43bb5b41b34be48663dd414a7329611607f4982d$lut for cells of type $lut.
Using template $paramod$a50d8417db0f3a51891af8670e611f7f89ddeef4$lut for cells of type $lut.
Using template $paramod$45bc8a035811672fb24512b03898abf475979d07$lut for cells of type $lut.
Using template $paramod$3abd4b14216dec97c5ab7abf254a8661dbde2522$lut for cells of type $lut.
Using template $paramod$f32f248ebe0da091be2d3fc64f84aa52f5287d1b$lut for cells of type $lut.
Using template $paramod$27f994203f812bb65d36eec63c938ad2da9db6c5$lut for cells of type $lut.
Using template $paramod$5696a47bc454fd52a8f7de8c0dc67806adfe531a$lut for cells of type $lut.
Using template $paramod$d06b28b50cfc951ae69b861a83bb86a1976f4e9d$lut for cells of type $lut.
Using template $paramod$72c9d2c4c8b35236f75b521f288a289ae9d01fe2$lut for cells of type $lut.
Using template $paramod$4b8fe5368fa3e251a5da0c246d27835185d8fe93$lut for cells of type $lut.
Using template $paramod$943dc6904de9a935f9c15d56972ab44fb72c218d$lut for cells of type $lut.
Using template $paramod$1bb68bfaa59585d062d7294c18047a447a096695$lut for cells of type $lut.
Using template $paramod$ed385fa499838c0d1872d3e2b1580342f3b9961b$lut for cells of type $lut.
Using template $paramod$5769efe7c60e90421ca1d855d4f75e6f0cf1ac94$lut for cells of type $lut.
Using template $paramod$2d0851aaf69d987e6e98f82ee90958b71216e885$lut for cells of type $lut.
Using template $paramod$c29773f13ca78bec32fd5f47e00ac93defb0e2c1$lut for cells of type $lut.
Using template $paramod$456d59706a6b79f30784d135401df0094470c74c$lut for cells of type $lut.
Using template $paramod$981f21f89d47aae73365c2a2d4f79c23b7bd42e7$lut for cells of type $lut.
Using template $paramod$af0d1bd0bc59880e4a0456d35153b9ac5833e666$lut for cells of type $lut.
Using template $paramod$2ca8c3c3cc9543dd8be11d70a8445713b73a0008$lut for cells of type $lut.
Using template $paramod$efadf1b47d1937f5bb662e8c969e60eac44e0203$lut for cells of type $lut.
Using template $paramod$2395a393c566ac431eb1dd849b6cc69778c58792$lut for cells of type $lut.
Using template $paramod$c7a2f836105dbcb0ba5009b39f43dcf71d3a5aa1$lut for cells of type $lut.
Using template $paramod$1bd458294234984e544f3d8a9730c5cbf0536c1e$lut for cells of type $lut.
Using template $paramod$e6c2f84b29bee64f450d97e51b4fe307777f0652$lut for cells of type $lut.
Using template $paramod$f39b52804578b32bf9777befbcdcee443c4ee2ff$lut for cells of type $lut.
Using template $paramod$72fae6e418d859ff8d4763e11a6a867d85e64854$lut for cells of type $lut.
Using template $paramod$280b0c0096b0550dec0bc2d5be13ad653351c2fb$lut for cells of type $lut.
Using template $paramod$b2e4693488a53f8c510ab70db681cb473ffb2940$lut for cells of type $lut.
Using template $paramod$b29a68ae60e1b524cd1cc22cbad3dd6a6e3ef7a4$lut for cells of type $lut.
Using template $paramod$ca659e8e699ad3323aa8c2daa7cea101496d0d59$lut for cells of type $lut.
Using template $paramod$77438f023841a79f9eca7bce322e733d3b295ea3$lut for cells of type $lut.
Using template $paramod$7a15a5c10dc11d628f2abd2eba22c5d0192ddf9a$lut for cells of type $lut.
Using template $paramod$9a81f9a0f3d451f03b9022fe16fd112698c47877$lut for cells of type $lut.
Using template $paramod$11ec175d2913975b7d5d7054e1e4f7e23df3be57$lut for cells of type $lut.
Using template $paramod$9382327ae23a3ba6c2b834f9d503b5707bee6143$lut for cells of type $lut.
Using template $paramod$b61e0fdba4a735ed16d21e65fc617fc083973f6d$lut for cells of type $lut.
Using template $paramod$587a9b77aa080f1c4300aaf95b8dfe110df0e265$lut for cells of type $lut.
Using template $paramod$lut\WIDTH=32'00000000000000000000000000000011\LUT=8'11001001 for cells of type $lut.
Using template $paramod$a45652774d19e46f687136d6d6c543d48edd2193$lut for cells of type $lut.
Using template $paramod$c0abd5415ec17a26450be53d095fc7fb27338a7d$lut for cells of type $lut.
Using template $paramod$d2e6b54c89dd4589dbda0c8ae00aff45c46acc75$lut for cells of type $lut.
Using template $paramod$lut\WIDTH=32'00000000000000000000000000000001\LUT=2'01 for cells of type $lut.
Using template $paramod$78fada0979e8d27a72776e275ca488aaf1042846$lut for cells of type $lut.
Using template $paramod$lut\WIDTH=32'00000000000000000000000000000011\LUT=8'00001110 for cells of type $lut.
Using template $paramod$lut\WIDTH=32'00000000000000000000000000000011\LUT=8'00101110 for cells of type $lut.
Using template $paramod$lut\WIDTH=32'00000000000000000000000000000011\LUT=8'01010110 for cells of type $lut.
Using template $paramod$lut\WIDTH=32'00000000000000000000000000000011\LUT=8'11100000 for cells of type $lut.
Using template $paramod$lut\WIDTH=32'00000000000000000000000000000011\LUT=8'01000000 for cells of type $lut.
Using template $paramod$525575ae6d5c6d5ba5f6850daea8ac176ed1f7c0$lut for cells of type $lut.
Using template $paramod$b9d8b7e91a2c68da033af948ea0bd8bdebbaf6b2$lut for cells of type $lut.
Using template $paramod$bf3a7fb036937e088229791a97db13b42d424f05$lut for cells of type $lut.
Using template $paramod$0a0f5a94a768523136df88b6cd7257c38e61e5de$lut for cells of type $lut.
Using template $paramod$lut\WIDTH=32'00000000000000000000000000000011\LUT=8'00000110 for cells of type $lut.
Using template $paramod$lut\WIDTH=32'00000000000000000000000000000011\LUT=8'01100000 for cells of type $lut.
Using template $paramod$c6df4b783fa81f82ddf327c2925bbae90c2f17ba$lut for cells of type $lut.
Using template $paramod$80e19482f0e7074284f9a6490571fbc82cd9befc$lut for cells of type $lut.
Using template $paramod$20f3f4b8e32f8a8b038b0056872dc94926194798$lut for cells of type $lut.
Using template $paramod$a56a39c0f6a5a7dc6beed165205ecc9aaf916f10$lut for cells of type $lut.
Using template $paramod$428f5e46463b80a3eddc52d38deced068f2e8dce$lut for cells of type $lut.
Using template $paramod$lut\WIDTH=32'00000000000000000000000000000011\LUT=8'10111000 for cells of type $lut.
Using template $paramod$52b6c49baa2aa7ed4bb1ffa90e1954f18acb1676$lut for cells of type $lut.
Using template $paramod$619b7c9a4d44585e10b42f7fb79b16304cca97c5$lut for cells of type $lut.
Using template $paramod$lut\WIDTH=32'00000000000000000000000000000011\LUT=8'01101100 for cells of type $lut.
Using template $paramod$415b9dd3a15783ae56c103f189fd8e182f997441$lut for cells of type $lut.
Using template $paramod$ffbdf3001f0d2972a014e8e8948b59dcda97f633$lut for cells of type $lut.
Using template $paramod$36b7d8209200ca95c844934f9e4add2d5121b073$lut for cells of type $lut.
Using template $paramod$030341c742485f6555555dfb68dd36dc0741850d$lut for cells of type $lut.
Using template $paramod$1343edce7d3a957b4ed0f1f83825df9a2e0b3f18$lut for cells of type $lut.
Using template $paramod$7c62394fc9dcd57450f98f8754db0e3c7b377a8c$lut for cells of type $lut.
Using template $paramod$lut\WIDTH=32'00000000000000000000000000000011\LUT=8'01000101 for cells of type $lut.
Using template $paramod$d6254009073bc9ae71bcc830f45b0eef663abc67$lut for cells of type $lut.
Using template $paramod$d94893256d21a0ee2c65d7177ece4d7768cb30be$lut for cells of type $lut.
Using template $paramod$1a68958bb4adc2ec2ba83bf40f3e8c81e7bc45a8$lut for cells of type $lut.
Using template $paramod$2acc56796dae1e7bbd8d34441a24f749523f3d30$lut for cells of type $lut.
Using template $paramod$9664483609d9e726df9697364de1aad825ad3979$lut for cells of type $lut.
Using template $paramod$922c9d51250447408e4eb21c37593ddfd4cdfd12$lut for cells of type $lut.
Using template $paramod$d5111aac42f4ee580f575d1b8c96983b83b98fda$lut for cells of type $lut.
Using template $paramod$9f18f1fe9efe630955a9cd3a986ff680b7e411fe$lut for cells of type $lut.
Using template $paramod$8b9634e7dfa008c33d9ee399743b05f598f2abc6$lut for cells of type $lut.
Using template $paramod$d764887bc394a3134b7e8a59b5d9428fe48cd8ce$lut for cells of type $lut.
Using template $paramod$cd0c9bbbf94abd2596aaae9976827f6c56fb4967$lut for cells of type $lut.
Using template $paramod$8461a38da2644081983cd5b082d7f6c55a8dc5b7$lut for cells of type $lut.
Using template $paramod$ee6682f13f4058ad3f1adfcfc64fc4b737208600$lut for cells of type $lut.
Using template $paramod$44b52ad0e4fcd43bf6a2f7c4bfd88a3d27853a63$lut for cells of type $lut.
Using template $paramod$f9a5ee8cccc9e5ee5ea912cafd4f5557f40a3d58$lut for cells of type $lut.
Using template $paramod$c7bf8ca587dc23aa13aba25de0f3582cd7326e20$lut for cells of type $lut.
Using template $paramod$aeccef0d1be3f31762b2bf5bea507175481b3e79$lut for cells of type $lut.
Using template $paramod$9288c79726a420b06d052d93cac5d8eb2e762fd4$lut for cells of type $lut.
Using template $paramod$26bc612ba1b783481caeec52f1dfce14f315ed79$lut for cells of type $lut.
Using template $paramod$bffa98d04b58a12bc74cf41e922a4b162e56ac7e$lut for cells of type $lut.
Using template $paramod$39778acdffedf2cf8b245c5ca1888036bc86e062$lut for cells of type $lut.
Using template $paramod$77103f2c2db585de6069f95deecf54fe645ed95b$lut for cells of type $lut.
Using template $paramod$fb46c0816257e9b2b40094a8250555238cb1de21$lut for cells of type $lut.
Using template $paramod$3e4c59084f0ebce33c277e53ecdf7642f80632eb$lut for cells of type $lut.
Using template $paramod$ea24f7c51108d0fea3b99283e0efea089b14abb9$lut for cells of type $lut.
Using template $paramod$01496f112963e8de77e86eb8ba1537b222a78350$lut for cells of type $lut.
Using template $paramod$bd8b130ccd436ee87bc41f5cb8e6938d45df95ee$lut for cells of type $lut.
Using template $paramod$e266855316c6db3a72afcba443a670907e1a6f58$lut for cells of type $lut.
Using template $paramod$2789389b49cb3fdd2f3ca80c01c92ac229d872cd$lut for cells of type $lut.
Using template $paramod$f23dcfa56e2ebcf9ea75aa1bf09fc718f94e223a$lut for cells of type $lut.
Using template $paramod$d192f05b58d1c7c797899527d4480357a5b61236$lut for cells of type $lut.
Using template $paramod$64d410e57eeccfcb47bc64b8283dbdaae4e4fcf0$lut for cells of type $lut.
Using template $paramod$1e31a443d0ba8e1fe3ee44303f52a606dd52fc02$lut for cells of type $lut.
Using template $paramod$4030becd6ef8413d0c1a566944aa77686b13a4c8$lut for cells of type $lut.
Using template $paramod$6c7748c056bc4f9da6136b9b394d6a5d89d953b9$lut for cells of type $lut.
Using template $paramod$93465090432d10cd7f88570487a625c3a1b44ee4$lut for cells of type $lut.
Using template $paramod$41a92c7c14fa5c4dbe744d57d7df7b28c17fb610$lut for cells of type $lut.
Using template $paramod$4aad859f00965d64a05528a5edf0d0c1cffd5b0d$lut for cells of type $lut.
Using template $paramod$12487aeb46c77602cdc63ccff5c05684e2bc1db8$lut for cells of type $lut.
Using template $paramod$8a6c216ddb3e3aefaf8e994e3010283229599231$lut for cells of type $lut.
Using template $paramod$d2013e3af5679a7467fdc076d498028fe8e02dca$lut for cells of type $lut.
Using template $paramod$7a2d9bd66f4b843d5cf2a1f95a448371a8b538df$lut for cells of type $lut.
Using template $paramod$ee6d216f1c5624e0826cab42dec2d735e3d525bf$lut for cells of type $lut.
Using template $paramod$6b94709ea90c930717fb3d9407a6781ca5d10de9$lut for cells of type $lut.
Using template $paramod$b117a5293ed8ad1ef116a47d78e04029f15bdd1b$lut for cells of type $lut.
Using template $paramod$415397a85814c36e0999234f0d81c7396dfd6a8c$lut for cells of type $lut.
Using template $paramod$8fbde3ac03d9f726e2cf4fe39cfe5fa5614109ef$lut for cells of type $lut.
Using template $paramod$2e76dae3d8dfdf5828d1d9cce9ebb13d8441daec$lut for cells of type $lut.
Using template $paramod$8c76cbe8e54ef9e822b3f41df16b6ebfc7c64380$lut for cells of type $lut.
Using template $paramod$3a32a7587b9f95b908af04fb9b75cd3eae00b58e$lut for cells of type $lut.
Using template $paramod$bf0d0292861bdee659ef5cbc5e58b330ac5871f9$lut for cells of type $lut.
Using template $paramod$32da94e930967cea74de5c439b0420b03dd5d46c$lut for cells of type $lut.
Using template $paramod$fed8e627f8a043eaf631f9e0e2ea4ea226b90cab$lut for cells of type $lut.
Using template $paramod$252570004461c8c6391baf0b7079fe94e3830171$lut for cells of type $lut.
Using template $paramod$d3137016c5c9ff22e59828df8daad1a2a4e9dd8a$lut for cells of type $lut.
Using template $paramod$29587845c6db4b43f84501e8f84b5e3747f4c22b$lut for cells of type $lut.
Using template $paramod$8564c04aa2ce41e21f844332aad0c23aa1ef6d6f$lut for cells of type $lut.
Using template $paramod$5e12fb87d47a0ccdfa7abb22e815bf7548f2bca7$lut for cells of type $lut.
Using template $paramod$00fb802f7ad7e2202437695c494002c7739eec04$lut for cells of type $lut.
Using template $paramod$a319f80c546ea8d9e4d7a0e313367aec1f9770f0$lut for cells of type $lut.
Using template $paramod$2966b99191b11b6e8f9eacdf239d2f5e4450a5d2$lut for cells of type $lut.
Using template $paramod$e061202f34be393d20d010658822307cbc73ddad$lut for cells of type $lut.
Using template $paramod$106821b8b538b302b8740da5a0144582569879e5$lut for cells of type $lut.
Using template $paramod$5ef17eed31d401d261147ea876d6418c8f7f23c3$lut for cells of type $lut.
Using template $paramod$37cbc00e2d257d354c26d441e97d0c8b74c4e7c7$lut for cells of type $lut.
Using template $paramod$f90fc34ce4726b5814bcd4ba16e3781e233e231a$lut for cells of type $lut.
Using template $paramod$1c7a02d297506307bc0700d04945159846640302$lut for cells of type $lut.
Using template $paramod$f60a3fa9be368539bf6ee53c3c063d997f95e376$lut for cells of type $lut.
Using template $paramod$477ec8eae592c55bd6785251d0ae9b0af858108a$lut for cells of type $lut.
Using template $paramod$c6ee7780c249e55aabcebd53f5469236e67c3728$lut for cells of type $lut.
Using template $paramod$3a036cf61ed65488894a7139cff812cc4f7c7c91$lut for cells of type $lut.
Using template $paramod$349503882c960c756a546879558d2c70a06e81c4$lut for cells of type $lut.
Using template $paramod$a87b82880930236104defd2c19a44f61f5d708fd$lut for cells of type $lut.
Using template $paramod$fa5e428a87e9c48c2d9ad90e41b990948b66a6dd$lut for cells of type $lut.
Using template $paramod$4f45030909eb85e8f6976162bfed3065782b6dba$lut for cells of type $lut.
Using template $paramod$c687d1681f8178eea861b957b873c7d0be6e36a6$lut for cells of type $lut.
Using template $paramod$5c372bbcdc24b58d20418e3f8034394a7e050e20$lut for cells of type $lut.
Using template $paramod$a70e9fd2baf091eee39edf8ffcbbd4474126838b$lut for cells of type $lut.
Using template $paramod$ae6b7d4a33f51ad902ca71716e9ca94c35e5eae7$lut for cells of type $lut.
Using template $paramod$d01b32d8d6186b8b7c66412f89cd7390d7282d9f$lut for cells of type $lut.
Using template $paramod$48855b29762e8f267fa8f75295b7b4e57bdb1533$lut for cells of type $lut.
Using template $paramod$e92a1aa58d5e1d589b6d69d2017200cf98c1a4f8$lut for cells of type $lut.
Using template $paramod$4746a60bfc10be9bfa0a4391d6758dbe5fca4cc6$lut for cells of type $lut.
Using template $paramod$1db98ea737a1912e582f685120d0e2d33bb689c1$lut for cells of type $lut.
Using template $paramod$839a59d08dd1ed6591131f6e865a2ee079f96fd7$lut for cells of type $lut.
Using template $paramod$203408aa991dc2d95e886ccc7d23fe1f9d5cf55c$lut for cells of type $lut.
Using template $paramod$ed4efdfde6111004aab215cbedf6b7715e045f89$lut for cells of type $lut.
Using template $paramod$3fb1a226d69311d19e361961b7552a59f0ef582e$lut for cells of type $lut.
Using template $paramod$63b668b8b359db978a2fe7e7f2371bbb653a42d6$lut for cells of type $lut.
Using template $paramod$d9144e7346be2f4c60513371d96edd360c1f0278$lut for cells of type $lut.
Using template $paramod$3fe4a6ba60b91f0ef014064026cd35748930d971$lut for cells of type $lut.
Using template $paramod$8745c88d5b6ebde8381fee5456c6b6638df97c19$lut for cells of type $lut.
Using template $paramod$512b3d1916772546bedf2fa68d7129aa16c1297a$lut for cells of type $lut.
Using template $paramod$0a423e542916312a1b20c8bdf56e78b6681c8d6d$lut for cells of type $lut.
Using template $paramod$65aad49a556ad4a27e8b537f233b526443bba23d$lut for cells of type $lut.
Using template $paramod$eba7b39db27a3d53d0aec16a60c26e02f72c97c5$lut for cells of type $lut.
Using template $paramod$23958743e48777feac787f9eff37c34d8809c305$lut for cells of type $lut.
Using template $paramod$681c9dae601624d882a736a1a020914dbb5790a8$lut for cells of type $lut.
Using template $paramod$5644a0e05933d9ade57cdd27d9939c2be5beb5d7$lut for cells of type $lut.
Using template $paramod$2e31f4044d7bd0157082c0cf6cd31540e3a6c8be$lut for cells of type $lut.
Using template $paramod$356ed9552030abeda451520fc320b103144cadbb$lut for cells of type $lut.
Using template $paramod$257d9a0729cbf9e36c1dbfe0b360e1af55eb17bd$lut for cells of type $lut.
Using template $paramod$e41bdc3e3daabd9b27ad2886ec070870227d7609$lut for cells of type $lut.
Using template $paramod$a2b4ddfa3906001b2ef9f2414d79c3048f2a3a6e$lut for cells of type $lut.
Using template $paramod$c79335a69171557724f4438d44770c0984e2561b$lut for cells of type $lut.
Using template $paramod$018e36acafd8efb2e1b8b62daf7c428fbf119726$lut for cells of type $lut.
Using template $paramod$692927e279b3d5c42ee4aacb287247c0b34943ed$lut for cells of type $lut.
Using template $paramod$71b88c24de43eaaf3ea2608e9d17668c094dd137$lut for cells of type $lut.
Using template $paramod$ead9d98d6ce3f45996ee0f71501f30737b616f4e$lut for cells of type $lut.
Using template $paramod$d8911e64cb4045dc439d1d627a07c64a699244cf$lut for cells of type $lut.
Using template $paramod$dfc2909cb07811c5229a4af8c8135bd8b31f7bae$lut for cells of type $lut.
Using template $paramod$b94cdd8d43006851d7ff25987b59d71de446e984$lut for cells of type $lut.
Using template $paramod$888b103bdd3447a555dd364d0d3c9de37666ea36$lut for cells of type $lut.
Using template $paramod$d5dbcc2d47e1f87eb236e0e4f507a54df56283f8$lut for cells of type $lut.
Using template $paramod$d4c4fd210a810158aa42710c522e221cc6588b42$lut for cells of type $lut.
Using template $paramod$141f4cae23522b8745c093caa6ef27db9b7d0a97$lut for cells of type $lut.
Using template $paramod$3454e8313254614e81216029ed51a65924a9b6a0$lut for cells of type $lut.
Using template $paramod$85c89cd30bcf2dfe692fa4a3528a4df90a4d8566$lut for cells of type $lut.
Using template $paramod$0c355a14baa6ee2ab34a52afe49737dc1a1dc0dc$lut for cells of type $lut.
Using template $paramod$d3625310a7214f0761995c83da6b841f60fcb4c8$lut for cells of type $lut.
Using template $paramod$6d9b62dddff5ef0e9bb7aef9d3cedc57d45e9377$lut for cells of type $lut.
Using template $paramod$3456caf264ee95ed6f4c0c6be514e326d0e9d708$lut for cells of type $lut.
Using template $paramod$3a3786561285df30217f0354ebe3793827357be7$lut for cells of type $lut.
Using template $paramod$a1350a139abd93cc9a42e9c8e8c7ffa194fe46e6$lut for cells of type $lut.
Using template $paramod$361688ee3cbab3e82597ed30a296b37158eba402$lut for cells of type $lut.
Using template $paramod$7a6e18ef91bcea662de2e37835994780c8b5a746$lut for cells of type $lut.
Using template $paramod$0fe28b544ba00887dda02c9a9b550d9b87a34d6d$lut for cells of type $lut.
Using template $paramod$209e9d8f634d764648eaf0f91790e0d049f41b07$lut for cells of type $lut.
Using template $paramod$5d0d43d0c028c98128af04a022c46219310dfbcf$lut for cells of type $lut.
Using template $paramod$0fbe8d71b90b8d21becf01cab93f5cc27e54c28c$lut for cells of type $lut.
Using template $paramod$c9e1aa921a110f093f88d83e26b6911cadd4c119$lut for cells of type $lut.
Using template $paramod$980a10d2ef6e6400690594f4fde5f1f34d2ea846$lut for cells of type $lut.
Using template $paramod$53a4aed5f549d562ef0893b479f3277d54cb4bd2$lut for cells of type $lut.
Using template $paramod$695519bc5448dc87e2c49dd2333686066c28e63c$lut for cells of type $lut.
Using template $paramod$d5991e5ae7ab1571af4c2cc9ac9c8e79eb073b63$lut for cells of type $lut.
Using template $paramod$f209c3e67188c0689800262efede8148fee4d761$lut for cells of type $lut.
Using template $paramod$bf6ed567e7aa2eb99e77be571c2d0362465e4a7d$lut for cells of type $lut.
Using template $paramod$51dbdb3faf398dfc888dc7ec0ecf92012286cc86$lut for cells of type $lut.
Using template $paramod$01751bdb30629c5e74b33f557a091d1ba8a7f892$lut for cells of type $lut.
Using template $paramod$70593c84a2d3534380c55cab88913425b0d6d9f8$lut for cells of type $lut.
Using template $paramod$b0c582a15fc3b0991310cff8026d8cdf470bd314$lut for cells of type $lut.
Using template $paramod$b6bb3e8683336b6d9d004167ef69c43b8677e25e$lut for cells of type $lut.
Using template $paramod$a5268a59e1cd8721dfee4280add5c80776be33dd$lut for cells of type $lut.
Using template $paramod$9c889689a16a60aa43991b600bb56191c9ce1f80$lut for cells of type $lut.
Using template $paramod$58851f75acdceda07433df562b02b879bd2ace36$lut for cells of type $lut.
Using template $paramod$dc90a44b1c5c15d5029daa2d5bbc7fa553beed0f$lut for cells of type $lut.
Using template $paramod$ca815d13cc75b79142334f067f2171a7b5958800$lut for cells of type $lut.
Using template $paramod$125829d1ff003e225719824fbd04586a990de54f$lut for cells of type $lut.
Using template $paramod$a6d81fe700239188e5098450f5c5544c0335ebc1$lut for cells of type $lut.
Using template $paramod$819727ed669681ebfae61cc952f64d04791542b0$lut for cells of type $lut.
Using template $paramod$6de198669959834fd793335cccebebc05941ec79$lut for cells of type $lut.
Using template $paramod$fde7a71361f69ade2f30ed355c1c0b18d0d5e915$lut for cells of type $lut.
Using template $paramod$b5f306ae4f965ca621d2b8d75fbda95d27caac9f$lut for cells of type $lut.
Using template $paramod$5b453ddb55d25eddbcd36f597b575786ea0b1c57$lut for cells of type $lut.
Using template $paramod$1fb03c62c438a95b42d040b984cc12e20a6c2cfe$lut for cells of type $lut.
Using template $paramod$1e079a8a2ad73515938fda7695d4fdeabe62edaa$lut for cells of type $lut.
Using template $paramod$69efb1e0c4a02c87f7dc6add64c2cf6c6cf8cfbf$lut for cells of type $lut.
Using template $paramod$b911a5664ebfff281d7284ceedd027d8cff2bb70$lut for cells of type $lut.
Using template $paramod$856a1f810ab4b155a5848f2fe2d1274e48cc5ed8$lut for cells of type $lut.
Using template $paramod$079c00e874bea79fcc811dd07eac6d1d43fcbe49$lut for cells of type $lut.
Using template $paramod$4380dee6debe11fca74fe764fa803a9ed3cfe7d6$lut for cells of type $lut.
Using template $paramod$c9ff5e224d4c0863a5c42ed8d0cadfdaa9c15ac9$lut for cells of type $lut.
Using template $paramod$960169a1ab0af47a77a00a9c360ac770d408ebb4$lut for cells of type $lut.
Using template $paramod$ea60670e529359258f932d74b3592f484a7a708d$lut for cells of type $lut.
Using template $paramod$0e6e2c2f27aa692c572a0f95fa737ada9b8194fb$lut for cells of type $lut.
Using template $paramod$79ca32df51a492dfe99c9001d7357ed2fdb1446e$lut for cells of type $lut.
Using template $paramod$e999ce54e2b3ee6b3f6c4e24025ab35f1b565780$lut for cells of type $lut.
Using template $paramod$d640f7cf90ea7e706ea227d20aaf061cd9134f1a$lut for cells of type $lut.
Using template $paramod$b18693458c0912765d2ae2999a2290e7524f7e07$lut for cells of type $lut.
Using template $paramod$23cf7ab8a37112c9947543704fefcb5e531b297f$lut for cells of type $lut.
Using template $paramod$a90472d46a77427097f42ceb6e508303d3d46143$lut for cells of type $lut.
Using template $paramod$3ebd650ff636facf3c394b226abe651b3b661f47$lut for cells of type $lut.
Using template $paramod$88174595afd075b1e3338590ca26d90ac5dac462$lut for cells of type $lut.
Using template $paramod$eea7e6ab572d61c76557ad05126558c28663e1e9$lut for cells of type $lut.
Using template $paramod$2aaead6c643bb49bc09f232073aa8238d1b6debf$lut for cells of type $lut.
Using template $paramod$ce66e4a997c943b289d0a4c6be54cbb7a0efb128$lut for cells of type $lut.
Using template $paramod$541102ce21b7f063e66a1a26139cb433fe02701b$lut for cells of type $lut.
Using template $paramod$4ebe8fbe48189ff8cd12add1bef774fbe6ea3d31$lut for cells of type $lut.
Using template $paramod$f5361011036da737bc15d08c0fd2dcb2a059c9c8$lut for cells of type $lut.
Using template $paramod$76b68161608740a2d5d3da11d285c3bd3429c19e$lut for cells of type $lut.
Using template $paramod$9f7e27843acc59fa1e90aed714762609d1969819$lut for cells of type $lut.
Using template $paramod$4b0353a1ced4034d6e4421c5fa95a2638519e00e$lut for cells of type $lut.
Using template $paramod$b3dcfc692d79c1672f508abd31ae64fd0e78a37c$lut for cells of type $lut.
Using template $paramod$428b484da6f749c29ab2d6053035971d451ca241$lut for cells of type $lut.
Using template $paramod$92fa921f48a6eae20f3a64b50ead763816c216d4$lut for cells of type $lut.
Using template $paramod$2c0408149d69ca6feeae6f4bc5fe26e2705e21f8$lut for cells of type $lut.
Using template $paramod$fa9c6525f4513d5add182d1510acee0b49c32ce1$lut for cells of type $lut.
Using template $paramod$a943f5c0e2ce77f336e6a26bd9f47792c226605f$lut for cells of type $lut.
Using template $paramod$c4a4153251957fda581107064f7b06facfd9b482$lut for cells of type $lut.
Using template $paramod$19dc98ef525593a22c5594ab8bdfd2b0a2a22418$lut for cells of type $lut.
Using template $paramod$ec6dbaf48f221c87dadde2e131337e73a9db4119$lut for cells of type $lut.
Using template $paramod$f8cbb223a1fbc1715461db8ccd5c91a06c924fbf$lut for cells of type $lut.
Using template $paramod$ac071c3a58965a1b9ff9fbad40428accdb4d8372$lut for cells of type $lut.
Using template $paramod$03af3616f4096c0f43fd984dd174aacfe56c55af$lut for cells of type $lut.
Using template $paramod$308a4625d641b1b20d51d83b41e6a95e3c7b53f7$lut for cells of type $lut.
Using template $paramod$ca4411f832540a957dd66ade1102a20283774736$lut for cells of type $lut.
Using template $paramod$1405e542d420c39ce4de743933e91894a9155ae4$lut for cells of type $lut.
Using template $paramod$bc706ba1d8d3847ce7d892653bc987984a2837b8$lut for cells of type $lut.
Using template $paramod$2e0c2bb5c843ac16714da7cc4aae1cef0983beaa$lut for cells of type $lut.
Using template $paramod$3f5f7dfef62bbc85223bb1596615f48c6be90b56$lut for cells of type $lut.
Using template $paramod$b248cd7892d578e7f780d4406bf62ee07af5029c$lut for cells of type $lut.
Using template $paramod$9ed2598ae274a1e2267b778f931f47164d7cbf99$lut for cells of type $lut.
Using template $paramod$77c1c6454171cee9b2a00b5ed1e65580c2d45d8d$lut for cells of type $lut.
Using template $paramod$70c99b7375104f409b13ea1f97ec21bc127790bc$lut for cells of type $lut.
Using template $paramod$0b7d81ff28efc2f21972b5968fb42f63121403ef$lut for cells of type $lut.
Using template $paramod$f31bf2655965ee2d99a91f7ce61075bd5a16a8f0$lut for cells of type $lut.
Using template $paramod$08aa66c0e0871c21ba3a49eaa5deb6fa76637979$lut for cells of type $lut.
Using template $paramod$18fdbf3ed6034ea28ddd9f2b97f5640a82c56057$lut for cells of type $lut.
Using template $paramod$7213866af7000ca61ada5fd1b8e142d2655b00b9$lut for cells of type $lut.
Using template $paramod$829a5621633f68826b795ec6953908faebbb7d06$lut for cells of type $lut.
Using template $paramod$83290ae3f0c4ae45e71e38985ec9ff4e6f85c60a$lut for cells of type $lut.
Using template $paramod$6767bdc5ffb0d7d4de1412689f93dc12d19c9d8d$lut for cells of type $lut.
Using template $paramod$3c461b0f68be435bb20fbf8d0a0752f89eaa614c$lut for cells of type $lut.
Using template $paramod$6acdd8cca879a96019630f0d284f933957c6c51b$lut for cells of type $lut.
Using template $paramod$8a35171d96b773c8e5f0cfce7f46834e2dd2f56d$lut for cells of type $lut.
Using template $paramod$60488a09eb41a68f4b817a2fb5694da022a667eb$lut for cells of type $lut.
Using template $paramod$b6028dd9030feac55ca45b4d0f3c4f9b8fc294f9$lut for cells of type $lut.
Using template $paramod$c9915b9ed0fbb4e90e14aa93d464d8903b6277e9$lut for cells of type $lut.
Using template $paramod$23df24b45f8f3e2d8ac339634208bc3d4cedf2b7$lut for cells of type $lut.
Using template $paramod$66121e987fc6ba749907b34d961c717ddd7a2113$lut for cells of type $lut.
Using template $paramod$c92eb431bc3567995aa64809768e82cbcaedc498$lut for cells of type $lut.
Using template $paramod$a91bc04c3c41076234dc420053442b217674cb5f$lut for cells of type $lut.
Using template $paramod$d9f2ee859eb1e2aa3cfd6f8f39ea1fd3c3d57f88$lut for cells of type $lut.
Using template $paramod$e335e505b925b59f6d2bf8017538a5001ac538c6$lut for cells of type $lut.
Using template $paramod$fa2f57763dd7d8258f5ea0d7cb13e311ebfddbac$lut for cells of type $lut.
Using template $paramod$cf8ab09f382f7f94eb503242dc99a88e058a94db$lut for cells of type $lut.
Using template $paramod$7a469cdde4bf012cf5d491bbe7a822c0a3bb5e21$lut for cells of type $lut.
Using template $paramod$f6aa725215a1450c05e9668c72bfbe2e6267dfc7$lut for cells of type $lut.
Using template $paramod$c752a0971580a1d5f5f00b3edb1f28530f8a180b$lut for cells of type $lut.
Using template $paramod$ad2aae2ae6de51c2782c8a446bc49ed2d756ada3$lut for cells of type $lut.
Using template $paramod$76ed2b5c1e768fd2ac051451ac03f57302538de4$lut for cells of type $lut.
Using template $paramod$71aae17cd127e570c68e4363d36120741d52bacf$lut for cells of type $lut.
Using template $paramod$f080381c2acf2661314f917e23ba9bbb0b8152cd$lut for cells of type $lut.
Using template $paramod$2eceb9c5668281254b9bb78902a9d6d610187343$lut for cells of type $lut.
Using template $paramod$aff13b336a3da9029a1cb1e470ecee3e3c4ff192$lut for cells of type $lut.
Using template $paramod$2c97abd8fb9b28cef69bac0f87760b4fbeb663d9$lut for cells of type $lut.
Using template $paramod$4055f65aaabfb1ab8ef817b148ba9f0d738ae410$lut for cells of type $lut.
Using template $paramod$bb7b6e37fb8d8749cf64eacff893729baf482ba5$lut for cells of type $lut.
Using template $paramod$364e437cd6efa931b108e0e935c9bc6c719a4f0a$lut for cells of type $lut.
Using template $paramod$70b6d2d959a43a1d4a83276e2470cf916ed6bf17$lut for cells of type $lut.
Using template $paramod$37b3c97250fab19311318d2b1de0573644e0f226$lut for cells of type $lut.
Using template $paramod$4f6ab793fb9dafa3eebec7500741541da3440747$lut for cells of type $lut.
Using template $paramod$389c91093a17538b2bcf874a7be462d223ac1fac$lut for cells of type $lut.
Using template $paramod$d1d9df3f7ceb988c1520effc7f0c89ab9569da31$lut for cells of type $lut.
Using template $paramod$c6eed66ea45594ca52dce473973f68726287795d$lut for cells of type $lut.
Using template $paramod$06611f94a71db1181098c651c96065874587716a$lut for cells of type $lut.
Using template $paramod$ca2ca9553e69991f9b66ccf68006f1b3a1d1d1a9$lut for cells of type $lut.
Using template $paramod$06af3202c99a8199ce8786e0a1e018c71b522268$lut for cells of type $lut.
Using template $paramod$1ae6a895ea90026204476009bebda0c3aab60490$lut for cells of type $lut.
Using template $paramod$bfed80fff028d6a9c1a598c204ceb33fe4527111$lut for cells of type $lut.
Using template $paramod$66b894473192fccb5e95ba7298fc459ced208af1$lut for cells of type $lut.
Using template $paramod$f97f829446efac6577d59d3cd7b504ba49c63dfd$lut for cells of type $lut.
Using template $paramod$8161bbffce07a3b111e7a2c5974fc09ec7634c82$lut for cells of type $lut.
Using template $paramod$fd9671a29309b49d7e5bf019574509212982d9bf$lut for cells of type $lut.
Using template $paramod$75e09725d2df5342181cecb772baf56a3ba29510$lut for cells of type $lut.
Using template $paramod$38fa2ffa3d9e1e5e854d9faff8e53b1eb6efe6be$lut for cells of type $lut.
Using template $paramod$c95be6af203793d6f6b14295e1be7797af85dc95$lut for cells of type $lut.
Using template $paramod$1b64bedc42e99aabf5b90c7bcecc132cbdd3cdd4$lut for cells of type $lut.
Using template $paramod$f5dc18b5fe541b9bb59e9b9dac4747169902f3a8$lut for cells of type $lut.
Using template $paramod$55a21902945f44a010c4f8000147f5e7568f6233$lut for cells of type $lut.
Using template $paramod$57c6dc249a0f9d8db45b025fe9c3ecdcd3a8b39b$lut for cells of type $lut.
Using template $paramod$f6ecf83748ae922c45fae6e9bd643dd63a13e12b$lut for cells of type $lut.
Using template $paramod$673430ad54ffb0169247e6cc09ece852b115dd11$lut for cells of type $lut.
Using template $paramod$79678032155c050ebfa6021379722f0b392c3c81$lut for cells of type $lut.
Using template $paramod$a5203cc7630f2f14edf86b791300dd00933bad6a$lut for cells of type $lut.
Using template $paramod$2f10371eecf180dd3e600a69f3f18ac29b2da01e$lut for cells of type $lut.
Using template $paramod$0d6825b4474ca2d4e5f35bb3f331b7d49f34d0b4$lut for cells of type $lut.
Using template $paramod$c706a3210de27d3c3437a6ec591f5610d703b285$lut for cells of type $lut.
Using template $paramod$01b6de559264ac0260f79f3edae413ade0318a9a$lut for cells of type $lut.
Using template $paramod$3d2023f523c42e143dcfc62dbaaae52b2d29f906$lut for cells of type $lut.
Using template $paramod$1a0042504d9b059f62bb38dc47eca9520730ebe5$lut for cells of type $lut.
Using template $paramod$f94f6b9d03af0ac25fdc94631c6222b57138aa10$lut for cells of type $lut.
Using template $paramod$c44bc2656720a164eb8c43b31bf08fff336dccc8$lut for cells of type $lut.
Using template $paramod$16f141d68df52e7fa0f821255894cefba36569d7$lut for cells of type $lut.
Using template $paramod$96f1173728f06046a8d9b0ea8ff4209078c37248$lut for cells of type $lut.
Using template $paramod$04b1d2d96ab6315b3edb16b6532799413e8b0be6$lut for cells of type $lut.
Using template $paramod$769ff7c90622a85e16257252da2162a88d7960f2$lut for cells of type $lut.
Using template $paramod$f7066ad205b3e2f5afaaf846911820fdb8302fb1$lut for cells of type $lut.
Using template $paramod$3569b6364e5032f086bdce35bc3451e36d1cc141$lut for cells of type $lut.
Using template $paramod$a28afa0d6abbf1522ceb46d083e929acf76a504f$lut for cells of type $lut.
Using template $paramod$4101f7a61e432882cc136acaae206f573b7cd3db$lut for cells of type $lut.
Using template $paramod$d34208e7c7fae3fc64f84d1c966da9062f54ec80$lut for cells of type $lut.
Using template $paramod$1463ab8ab2b982643a28a25f667d94d9ea020d04$lut for cells of type $lut.
Using template $paramod$beb8a881bd196ccff140cd8fd13eb02db4a25fcc$lut for cells of type $lut.
Using template $paramod$ad0c1815587e19722557d2fa4e9a04bf25c3bab7$lut for cells of type $lut.
Using template $paramod$61b561a9604edd2e90728d80aebd2dd86863dc38$lut for cells of type $lut.
Using template $paramod$4099203d33f9128ee81ba0de84e9ab0d92fe10d0$lut for cells of type $lut.
Using template $paramod$7e7e390b6422edfe129a870668dde29e7bfd1ef2$lut for cells of type $lut.
Using template $paramod$15cf44c4455bd810438569d962e9363745008369$lut for cells of type $lut.
Using template $paramod$ea637950edc56a9710d39e08d05e63d572ae8ecc$lut for cells of type $lut.
Using template $paramod$d9298eadff4dd5c454aadab15e6056a68af744ab$lut for cells of type $lut.
Using template $paramod$b69ee3731ac22af905f4a935f857daa870720976$lut for cells of type $lut.
Using template $paramod$98f3f113d002ad52764e2754d4b06e66534fd7fe$lut for cells of type $lut.
Using template $paramod$5e29804191a935320270abc01c96a79ace5aeb65$lut for cells of type $lut.
Using template $paramod$f7389e0dcb6198edb64d706603b114f3d1636473$lut for cells of type $lut.
Using template $paramod$fef381c964f1ffd77b46bd93d9f54c4382dc1eb7$lut for cells of type $lut.
Using template $paramod$67b3c947c821493eedebac6fead32a14bd84a2aa$lut for cells of type $lut.
Using template $paramod$2d9d1f51ecc08bad41dad21427abeafcdc1b1794$lut for cells of type $lut.
Using template $paramod$9261398b6fc120efc02bbe6ded569d0d87eaa6bf$lut for cells of type $lut.
Using template $paramod$48785f088eed1b91cf36326d54ab50a3ff009605$lut for cells of type $lut.
Using template $paramod$31a99afb22483361a3b188e9b2878f45304cded7$lut for cells of type $lut.
Using template $paramod$c7c5d18c2a2fcbb10e2d540412d27a1cf9394e63$lut for cells of type $lut.
Using template $paramod$1aa155f586395fd83c3fd3156d0daa1fa9503242$lut for cells of type $lut.
Using template $paramod$3c210849d81c4e13f61223068dd0322f36516377$lut for cells of type $lut.
Using template $paramod$68332e05225f6fb7463f1584400864792143b623$lut for cells of type $lut.
Using template $paramod$24edbb0e94be536399e6c7da3e71bea5ab27d6cb$lut for cells of type $lut.
Using template $paramod$7f0f527c10f443c282cbb95778694cfd322f7500$lut for cells of type $lut.
Using template $paramod$744e46c32e74eb1b19ed14b92a3fc7105d13ffae$lut for cells of type $lut.
Using template $paramod$c7345e1b351aa2b6945be1432df5016c2bd4e5a4$lut for cells of type $lut.
Using template $paramod$853eff2d9669477fb0ebfe4be528fd006b202562$lut for cells of type $lut.
Using template $paramod$6d73c61e0cce5db01429c22e8f340465e8e9115e$lut for cells of type $lut.
Using template $paramod$fb4c524be7c41b0fb676993d92326864ebc96949$lut for cells of type $lut.
Using template $paramod$1f151524aa7ba1fccef9700ebc85eda6b284f862$lut for cells of type $lut.
Using template $paramod$445dc861fc39fd1d3666ede0c0020f2bd92a32d0$lut for cells of type $lut.
Using template $paramod$ebd15da96647e4e4150313f5b3c16246e7ff9351$lut for cells of type $lut.
Using template $paramod$04618a0dd2b2dc473978840b517ef642cfa43ed2$lut for cells of type $lut.
Using template $paramod$f5e5bffe8d63a7afd50bc4ed9101de78b636141d$lut for cells of type $lut.
Using template $paramod$1c124fd703eb11de717a3978d37831167f1965cd$lut for cells of type $lut.
Using template $paramod$8ae75c3890d62ee2a2254b93336364bb763bf6ea$lut for cells of type $lut.
Using template $paramod$10f9ec10907e3614f4091bb6c69006195a5f5733$lut for cells of type $lut.
Using template $paramod$2c3c237685ce35ec0fd7c2ae6dc2ff4bb6589927$lut for cells of type $lut.
Using template $paramod$3951fa406fc14e0514d00cdd7bc9ebb4e6dcf5bc$lut for cells of type $lut.
Using template $paramod$6c3ebaa17fd58aaf39cede75c39ec9ccacbe9e05$lut for cells of type $lut.
Using template $paramod$b80719602e5aa541d43e9c86aa7f1b21bd059db0$lut for cells of type $lut.
Using template $paramod$c2db9efe1300743ed8ad49b4e748f569deece846$lut for cells of type $lut.
Using template $paramod$e1c2836e94ec58b0ec41ea79c9b80d3827e0efa9$lut for cells of type $lut.
Using template $paramod$9427a87075f801c7f573a6db7076c214693761c3$lut for cells of type $lut.
Using template $paramod$615daf8c92c1e8e8c0dae6880b8755998e89bce3$lut for cells of type $lut.
Using template $paramod$221f3b65a98c90e69f6bf16fff3c36a7b3b11dbc$lut for cells of type $lut.
Using template $paramod$c43507bc97a704230adbf331836e50aaa33573a7$lut for cells of type $lut.
Using template $paramod$1f8be4ce008e10fb9b0017528c635aa44d8394cf$lut for cells of type $lut.
Using template $paramod$2b4240b2e161c81399b90605d0823655e82d9044$lut for cells of type $lut.
Using template $paramod$036dc680b0696701e836b0cb0e3185bcd7bb673d$lut for cells of type $lut.
Using template $paramod$acbdbe13cd52bbb1ee7dcb82027ef385a89a17ae$lut for cells of type $lut.
Using template $paramod$c23462377aa1aa55b9858549c2ad6a085bb4d55d$lut for cells of type $lut.
Using template $paramod$cd44590f01a1fc29c220fcb1491229552440fc01$lut for cells of type $lut.
Using template $paramod$8c8ff3a178cd5211c74be78aaf7fa72227f7ba93$lut for cells of type $lut.
Using template $paramod$26dd3a7c025305839b7c8008371a2d0695056b07$lut for cells of type $lut.
Using template $paramod$e9785980784d28d70dd562c44b435a2f65f779a1$lut for cells of type $lut.
Using template $paramod$0c68694ad985ff128824a7f68f070a29cf1248a8$lut for cells of type $lut.
Using template $paramod$573e269db43f3662a5d529eae26746970475b228$lut for cells of type $lut.
Using template $paramod$7b4dc1bb22dafcd44a4242b3e21d5f8ef09b20e1$lut for cells of type $lut.
Using template $paramod$9a568b1c5afa1eaa933318c9ab99bcba70dbd12b$lut for cells of type $lut.
Using template $paramod$77814e20215147d412dde4b9ffe9377f730ab38d$lut for cells of type $lut.
Using template $paramod$a0cf25a462775f827a095ab1cfae41bffe2a7b04$lut for cells of type $lut.
Using template $paramod$b65fc526c2a8e65d5641415428419b41d972a91f$lut for cells of type $lut.
Using template $paramod$58968386210b39968450d0823e1b1daf91cd0935$lut for cells of type $lut.
Using template $paramod$90443f88e3cd6b8e9273245715547f45b4720838$lut for cells of type $lut.
Using template $paramod$37cce4d2f1edf968ca0147eb8a4610c1dc98d6a2$lut for cells of type $lut.
Using template $paramod$b1491458ec3b44f2b80d373930283fcf789ccae4$lut for cells of type $lut.
Using template $paramod$1c0ddcd2aa29a3eee9112e6135636de5b7fc984b$lut for cells of type $lut.
Using template $paramod$fa4e8370b26d5fc9405330276131c7df8b3cee46$lut for cells of type $lut.
Using template $paramod$50bdb11ebbabe9eddfe76d0c70e1710b081b6b0b$lut for cells of type $lut.
Using template $paramod$2d0ca05174a38f414e146c3fe112cde7c75b525f$lut for cells of type $lut.
Using template $paramod$e9c72dfb15e05d41ffcbfdc052a4012d3fed56e1$lut for cells of type $lut.
Using template $paramod$fdd03179def2e8db168b58b5c293cdc4da6d1cd3$lut for cells of type $lut.
Using template $paramod$133a819a0969d20fcf23dd35f084b4cfb6e4d887$lut for cells of type $lut.
Using template $paramod$6b8e8891d7a24ca7b6cb21f5ffdb010a2dbac6a8$lut for cells of type $lut.
Using template $paramod$70e4ef8df0a28a98068d84fec9730fe026a4aa4a$lut for cells of type $lut.
Using template $paramod$4607ec7050eccd19f39dc78f9243941b034198d4$lut for cells of type $lut.
Using template $paramod$ca5af9deb04070a76a400128ddafc78f527752ee$lut for cells of type $lut.
Using template $paramod$f1b9c98cfbd0505841df507b97243c18d9baa050$lut for cells of type $lut.
Using template $paramod$b040803ae4f31835195f180ac1b066f3ac2612fe$lut for cells of type $lut.
Using template $paramod$d50933a33319818d4a5ac4a7b085f2f8eaaab667$lut for cells of type $lut.
Using template $paramod$c345b5cd51134299afa4190dc93235af27b1705c$lut for cells of type $lut.
Using template $paramod$9594e56b86817df00c066599e8811aa7a426b115$lut for cells of type $lut.
Using template $paramod$6b8b2cb6e72c04e52edea565bc594fd40c9e4e1c$lut for cells of type $lut.
Using template $paramod$ea356da99f4879f09f6a05c302b02add2fb2bfea$lut for cells of type $lut.
Using template $paramod$43a5c622357daafe4a0c19dbda1190134b4c55cc$lut for cells of type $lut.
Using template $paramod$5ddaa0dff00df198529210d6bf9e6d8b023c211c$lut for cells of type $lut.
Using template $paramod$6ea2f96f7fbb7602e07036e5ce1b3dd065633f6b$lut for cells of type $lut.
Using template $paramod$7c668f9ff981c4545577ccf46f19403adf7de53e$lut for cells of type $lut.
Using template $paramod$b61bd1688b2d681181bc3c2daf50efe60df1d5ba$lut for cells of type $lut.
Using template $paramod$51ff34a9aa296dfb646aa631b603b4548c94c562$lut for cells of type $lut.
Using template $paramod$bb0a3c43cbc55e0ba9aac540f33832608e9be926$lut for cells of type $lut.
Using template $paramod$8875f6ad8d303a7a144a29cc1077d4ceacb11197$lut for cells of type $lut.
Using template $paramod$1a815c2efe2c4c3eaf0410f60095b34404445086$lut for cells of type $lut.
Using template $paramod$af303e23ae78162278bcad222bd1d960dc14ef57$lut for cells of type $lut.
Using template $paramod$e48b47bd10d9c77524296a2508afe8c7370793eb$lut for cells of type $lut.
Using template $paramod$0fdfd756f48d1a544da33b52e88bd67532266372$lut for cells of type $lut.
Using template $paramod$e84e909bf9e1f5548f2b413269cb25c1cb0c186b$lut for cells of type $lut.
Using template $paramod$2cd05a2ed50a0646c521a8f81488137f91e4c600$lut for cells of type $lut.
Using template $paramod$34882d31bf98ae12ea86fabebda9488a02873b22$lut for cells of type $lut.
Using template $paramod$f35b08cff593ef8661e2758d5efffc3cf4a2e20d$lut for cells of type $lut.
Using template $paramod$02f1a7700418159097431869db2d8d8c13f61700$lut for cells of type $lut.
Using template $paramod$a90c17f5e66ee77c4a325e704a76dd4b43f7e44c$lut for cells of type $lut.
Using template $paramod$4bc263b4abbebb3a71f6ae6d7874a52e6b95c331$lut for cells of type $lut.
Using template $paramod$3265ae0c0b80edcf760ca5cf3c1ecdba56630263$lut for cells of type $lut.
Using template $paramod$52f73f9fce042f46bc6c1e50aa325bc9d30ae237$lut for cells of type $lut.
Using template $paramod$dc75953b5c6f260f96b5107ccf6eec4d242ae141$lut for cells of type $lut.
Using template $paramod$19cdf0aedefb716f789a7ab4946ca1ad6db3f2c2$lut for cells of type $lut.
Using template $paramod$ff71785639b74808dc0937a5897cbe85223e32e7$lut for cells of type $lut.
Using template $paramod$e4a698ece09e7aeddcf056f757bf90e29aa67d01$lut for cells of type $lut.
Using template $paramod$891b0676dd270c8daa62388db6bb07fb3d3f2443$lut for cells of type $lut.
Using template $paramod$752b9c11607a3205979c266a17463f7595afdd65$lut for cells of type $lut.
Using template $paramod$292814987f79d530b14720294acf4e508df22f38$lut for cells of type $lut.
Using template $paramod$0eb8b6c0c8fcc5d798050dcff86202c1ec790977$lut for cells of type $lut.
Using template $paramod$562aa7bbe41af867eb5a4fdfe054fa98a49aec3e$lut for cells of type $lut.
Using template $paramod$8429ce46bd948e9c6475b4133d85006e0500aa1c$lut for cells of type $lut.
Using template $paramod$bd87e0d6634dd81662b95ede9cf1e316dd7ab0a3$lut for cells of type $lut.
Using template $paramod$d65ee22d133e5bc646f7adde8c74af1dacacab43$lut for cells of type $lut.
Using template $paramod$86f3a10c300499691998971104bcd2bc5302e222$lut for cells of type $lut.
Using template $paramod$1c3a5955a87366da02e4f17614b3394c8c99eb8b$lut for cells of type $lut.
Using template $paramod$e4545c1bc4b7360f5f38b0acb615c3af49ea2154$lut for cells of type $lut.
Using template $paramod$b858cdc5c01b2a5428d8fc8f768746b3794f1730$lut for cells of type $lut.
Using template $paramod$9815b5018f9286dbe0453b097d0758ff64c834cd$lut for cells of type $lut.
Using template $paramod$1fb33b06bb4d259d204bd63b4ed24a265f3a4b49$lut for cells of type $lut.
Using template $paramod$79a84177b2ee9e34c70fc6fc2fb53a0c07b72dab$lut for cells of type $lut.
Using template $paramod$d30995b0e5b0597b2f7c916c9c9ee69dbaf0546b$lut for cells of type $lut.
Using template $paramod$5236c92911dd551f85b54a8e385325bf10f3b784$lut for cells of type $lut.
Using template $paramod$aec706b039748e5acbb52d507a6decd77f3ed47a$lut for cells of type $lut.
Using template $paramod$6a7201b9ad85b8da57f91c804c8979a51facdd00$lut for cells of type $lut.
Using template $paramod$3c5c49737d4096e08916937d5de0c5270fbe8cce$lut for cells of type $lut.
Using template $paramod$8913656099c1d0f8aa0d8fb4a9e382768bc2b301$lut for cells of type $lut.
Using template $paramod$32296a054033208c7b76cb5ca7fd88707800810e$lut for cells of type $lut.
Using template $paramod$f65a96d258e839e93cb1cc57a48870bada2e2319$lut for cells of type $lut.
Using template $paramod$b902a5c8c9e31b116b7eb91e2e55dc9a6f0812eb$lut for cells of type $lut.
Using template $paramod$1ba8aa3acff1f67d8cc79a30ea3e903232c12ec3$lut for cells of type $lut.
Using template $paramod$00d051e710da065bd4ba4af85db751c6b6e8cae6$lut for cells of type $lut.
Using template $paramod$81d5b05e5be94c8389aab310b91c18a642edd138$lut for cells of type $lut.
Using template $paramod$dfe0f19b16bbc6b7bc156593180a151d760bea8b$lut for cells of type $lut.
Using template $paramod$cd758193c10dd860675583ef8e7434e0afe43056$lut for cells of type $lut.
Using template $paramod$fcf60f898920c3c97cc6a6ce04cd751b8bbbc908$lut for cells of type $lut.
Using template $paramod$0ad86df1847247614252ee126079ef6cf6c24793$lut for cells of type $lut.
Using template $paramod$304f1532bde6f0812029f10b0ba88cf3310fd0fb$lut for cells of type $lut.
Using template $paramod$8bd7995d67c09322929eb14db302d53fb108f84a$lut for cells of type $lut.
Using template $paramod$5f42255d0f3c94182def37f18603fd1afdc023cc$lut for cells of type $lut.
Using template $paramod$e7adb73e9cec3210f27ae8243cf4d812ee0a275d$lut for cells of type $lut.
Using template $paramod$6d1116eb6114adaaaab84f3cb1176faf66c5b7fd$lut for cells of type $lut.
Using template $paramod$90f5edaf81c3be6c9372875f444de8d5019e934b$lut for cells of type $lut.
Using template $paramod$6f6efad2409f713e8628b2ee9def742a1c9fad85$lut for cells of type $lut.
Using template $paramod$732ab1455078b7cb6a4eeeaa12d8355d15c67207$lut for cells of type $lut.
Using template $paramod$30e89790b55d70dafa2e8449a871d49a352f1901$lut for cells of type $lut.
Using template $paramod$cb7fc5f82a86330fb62bd5384ce661eed275a6a2$lut for cells of type $lut.
Using template $paramod$9525d5be08d830767c059c20f2ebeb555a243d08$lut for cells of type $lut.
Using template $paramod$bfd5b6b97c4678db99df448e9bc323396f713133$lut for cells of type $lut.
Using template $paramod$5f967fa6ab55bd4919fece833ac15ca4bf95498d$lut for cells of type $lut.
Using template $paramod$afcc28e29084643092e6a3f5e5fed0ab8d34cc5c$lut for cells of type $lut.
Using template $paramod$8ed5687a6170b024a34dd2bc2b6ff733110374c7$lut for cells of type $lut.
Using template $paramod$4002ac9221bfd488b278ef0f0deee9b90a63e6c2$lut for cells of type $lut.
Using template $paramod$bc8968bb4f019987ce723832a95e675d3009070d$lut for cells of type $lut.
Using template $paramod$0e97026b8b7ac6cebaa908ce01b766fee2768603$lut for cells of type $lut.
Using template $paramod$72748fcd636a453c22a2db6444e3a1acff494f14$lut for cells of type $lut.
Using template $paramod$ffe50c5c90cde0cc8ba48143323618224b9c9a39$lut for cells of type $lut.
Using template $paramod$8592cedd266ba3ea30838f818daac84dc1e5d509$lut for cells of type $lut.
Using template $paramod$27a9e8de563b099eefab6f76f54ebf117efffc4b$lut for cells of type $lut.
Using template $paramod$7a36951baf95cd2183bd59cb8867efd49cdcf08c$lut for cells of type $lut.
Using template $paramod$734cb5d7d83659ae4da13abb9e04fafa8dc19119$lut for cells of type $lut.
Using template $paramod$2e3ae951ebcbfe54fed2881a451c35dc55324e57$lut for cells of type $lut.
Using template $paramod$46582cb731b95af2f3e4baf102581c046dfc671f$lut for cells of type $lut.
Using template $paramod$63706228f6c1694d297a767a24b6bb929c98f93c$lut for cells of type $lut.
Using template $paramod$d7a08b7290bc78d3d43bd403c38dd23901d23361$lut for cells of type $lut.
Using template $paramod$a63ac39d6385ae38967b7bf464ecec316502bf24$lut for cells of type $lut.
Using template $paramod$527af9b5bba4292b7f3cdd0178aea7c57dbd9f32$lut for cells of type $lut.
Using template $paramod$aecfb7cd711b05e38e8f611e1dacb8c232f98416$lut for cells of type $lut.
Using template $paramod$0fff0bb1d1be344842f650acffb3c55e154cd3b0$lut for cells of type $lut.
Using template $paramod$c315fd171a22ad0b563d890e3adda172ea240769$lut for cells of type $lut.
Using template $paramod$c211fb59bcac9a9b7fefb2a0f29f1941baadff98$lut for cells of type $lut.
Using template $paramod$44d441ebbd70d89c43d177db3665961064bed1ae$lut for cells of type $lut.
Using template $paramod$ec61099256b2b11ad22d2c50c0e6f5c333cad44a$lut for cells of type $lut.
Using template $paramod$717875898611d0932966296daf19f3d848d1263f$lut for cells of type $lut.
Using template $paramod$3536bbd0bd91d10d8a3a68256d0a5f8c92ce0213$lut for cells of type $lut.
Using template $paramod$7bf1a5b69644ceb822473b590fc36a139149b48c$lut for cells of type $lut.
Using template $paramod$07bd2983970c965343e2efa8110fedf4bb85645b$lut for cells of type $lut.
Using template $paramod$2945a5a6994d537c17b56796a3997d33b2f16e46$lut for cells of type $lut.
Using template $paramod$765fa09771defafb55e05225ddeb2095714257b5$lut for cells of type $lut.
Using template $paramod$1581e511f9a888eb68a55ef2326b7c88f5a4ce41$lut for cells of type $lut.
Using template $paramod$f467df7beb05d032aad3ecedaa7502614a9e8f04$lut for cells of type $lut.
Using template $paramod$0702b38ddc40db5e5c6bbe579504f930c2c656aa$lut for cells of type $lut.
Using template $paramod$232bd01c12a9dcdba77860ab71016cd42b22ab6f$lut for cells of type $lut.
Using template $paramod$8d0482c9e33ea2af1b7eaad489aa32c0f870ada5$lut for cells of type $lut.
Using template $paramod$0252b39b8f7145382885821206827f7686b47012$lut for cells of type $lut.
Using template $paramod$fc0e90dccd72587dca5447c5931c1cbd9eed126f$lut for cells of type $lut.
Using template $paramod$3067f94886e045b6eb0bac146661f5c556f828f2$lut for cells of type $lut.
Using template $paramod$8584a7e13a4094727d28a66fd3d2d31058faa6e9$lut for cells of type $lut.
Using template $paramod$efe0f92f4a74f9f3c94f6bbff36bbcbe536b1a58$lut for cells of type $lut.
Using template $paramod$6ca385721ddc3fa7de8218aca56d8540f9d090d7$lut for cells of type $lut.
Using template $paramod$4c23e35355740827d9910cca5e53c862f1b90809$lut for cells of type $lut.
Using template $paramod$0e0b568085824e9f7841013be5e14325b4e154e1$lut for cells of type $lut.
Using template $paramod$c0800cce5ba96dccf5836ae3198dd5d1bd902f78$lut for cells of type $lut.
Using template $paramod$1eccfaebad2a4c4a043463fe16a7c8179b44d5e9$lut for cells of type $lut.
Using template $paramod$35538ba40a9931f80a355d5eda3a8f1befc9b9ce$lut for cells of type $lut.
Using template $paramod$7fb05903b866a35e70d76bcd6de0e53dae70c74e$lut for cells of type $lut.
Using template $paramod$51d2d8f4bf4d3af88c035dea61ccbd03afcc8701$lut for cells of type $lut.
Using template $paramod$069254f957ee088e3a154315e0a569acf98c250d$lut for cells of type $lut.
Using template $paramod$a4699d6349487d4840fe66b3e3c9da1fd824cd13$lut for cells of type $lut.
Using template $paramod$b9e8aaf0992dd45d37aa9e07571f6d482fe6df54$lut for cells of type $lut.
Using template $paramod$282c328256cec225c750998b98c51f81b266d9d5$lut for cells of type $lut.
Using template $paramod$8250287288e7dd908f90c319aa09727f4041345e$lut for cells of type $lut.
Using template $paramod$4f346c53015206d89e6ccd42460ed0270fa82b3a$lut for cells of type $lut.
Using template $paramod$c0c8136c57a8882d060b529cc733db223ebd4867$lut for cells of type $lut.
Using template $paramod$0dc41058053c9bab6b7deaae5fe952e137abc815$lut for cells of type $lut.
Using template $paramod$3aa84c32321d1c553a504165efc4ea0d3f617f96$lut for cells of type $lut.
Using template $paramod$e2414c39b112b1e97294a2560e626e0d2b1aaf60$lut for cells of type $lut.
Using template $paramod$3ab59a5040d4a45dfc6cd766039f0b5c54e9a456$lut for cells of type $lut.
Using template $paramod$7815f3fcab4e27c2d598461fb087697670bd9edc$lut for cells of type $lut.
Using template $paramod$4daa237e59b0b197184f35ba3ec1fa1912d34502$lut for cells of type $lut.
Using template $paramod$168d8c1086c4d95f9b1f97f0a669b9cdc9ca604e$lut for cells of type $lut.
Using template $paramod$eda03604a84dde81fae27c4ad8106fa4c3867eab$lut for cells of type $lut.
Using template $paramod$3517ed0559e3650cb3b486e28875e7f6150d46d8$lut for cells of type $lut.
Using template $paramod$438690ed3fd746c55b706c7f5bd1f839009e9fc8$lut for cells of type $lut.
Using template $paramod$d23f66e0dd7814a3b11837fc9a3faa80bb1583e3$lut for cells of type $lut.
Using template $paramod$d5090793cfda24a5a7ba8b6b93fb99924d27ebd4$lut for cells of type $lut.
Using template $paramod$fa477247ecfc823add1b7f4003c730731f1132ff$lut for cells of type $lut.
Using template $paramod$e83c335f78e8f17dcccd0566744c7814ca58bb24$lut for cells of type $lut.
Using template $paramod$cba55996bb572fb8d80931fab446480c94a95e46$lut for cells of type $lut.
Using template $paramod$219a4b219b24099b95856c4058ef8d6b8e301235$lut for cells of type $lut.
Using template $paramod$218340a8ef77e3e5316f6027273bb7ad56e4e355$lut for cells of type $lut.
Using template $paramod$ba8abea900e18f655b7cf024dae0ccdc845c6436$lut for cells of type $lut.
Using template $paramod$cdf30ed869df9a88da4c3aadeaf3d82acabf3294$lut for cells of type $lut.
Using template $paramod$853b0972d11060b64aaf73678f0d638995ca25ea$lut for cells of type $lut.
Using template $paramod$fb23ba7488d607b656fc79921b1b87ccc72e0117$lut for cells of type $lut.
Using template $paramod$699071a329e8feb75cc7f1df020e485760996d81$lut for cells of type $lut.
Using template $paramod$24b919cc8a01142d85a05d41f1f28270b1dd2b58$lut for cells of type $lut.
Using template $paramod$10e42242865fd9e6af75f3a1bfff160d6587012d$lut for cells of type $lut.
Using template $paramod$1f40841826c68ba1d1030e7197d58e2e1cf9a7fa$lut for cells of type $lut.
Using template $paramod$4f710a2a81a306f3941f17b30a8e2a65103bd169$lut for cells of type $lut.
Using template $paramod$278278da8d76ea5cbd78cd718b45f52986d1194a$lut for cells of type $lut.
Using template $paramod$e759923cc8fefcb60d4b1a838eaa6da0497e14c6$lut for cells of type $lut.
Using template $paramod$5625032030fc7e0980660a0767c773f8a4c31b48$lut for cells of type $lut.
Using template $paramod$b52862f18ee4272ee41feedf3b60f8baa42c0426$lut for cells of type $lut.
Using template $paramod$a15d8676ea329a97e9b7f19ecda7179649a41271$lut for cells of type $lut.
Using template $paramod$f32106f6191b3856941c0e7a68ffd25912165fe1$lut for cells of type $lut.
Using template $paramod$e68b65a600dca38943c7542868e91be0e6e7f863$lut for cells of type $lut.
Using template $paramod$4c9e6cb4c75e784e47b8bebd013bfba7bd1b8752$lut for cells of type $lut.
Using template $paramod$e42d55af8468c6b19481ae614883769363c6df02$lut for cells of type $lut.
Using template $paramod$b4e898e6b6c34c0f503b651623b06ba2edb3d42d$lut for cells of type $lut.
Using template $paramod$dd7aea65982b5fc6c7e180f2a94864df43be6bf2$lut for cells of type $lut.
Using template $paramod$1a8e488815fbebd768a6152083d1b21aab2b89c3$lut for cells of type $lut.
Using template $paramod$6bfd693a2b010385cea556004b25ac632d31e321$lut for cells of type $lut.
Using template $paramod$61bc98ece8c76bffd4acdf40e5f231340cba90fc$lut for cells of type $lut.
Using template $paramod$832b0ea1b7b49bd20c3fa85fb823e74c9219dde8$lut for cells of type $lut.
Using template $paramod$af529aaeb5669cbc82600c246fd440472403bd82$lut for cells of type $lut.
Using template $paramod$4fecd6f048c13201e253aa7a8c8071b66ae8f69c$lut for cells of type $lut.
Using template $paramod$27af436a4436bbefc8f1ed9df1277823fdcafb1c$lut for cells of type $lut.
Using template $paramod$f0a5f84e99de44318dc82d5eeeae7eef713ca8d2$lut for cells of type $lut.
Using template $paramod$03818773ac6d973feb7cff95993baa7c8eda8816$lut for cells of type $lut.
Using template $paramod$746d179dda032a7ca4a9dace44d529fe8b8c8f6f$lut for cells of type $lut.
Using template $paramod$98c8b4c8f9defff6d07e238ff7a75d2afec5e300$lut for cells of type $lut.
Using template $paramod$3deb766d00f9cdd37145db534dd4afa1f181c735$lut for cells of type $lut.
Using template $paramod$eaef3c3b77810d4a83863e82aee2ce5b23a5e4b3$lut for cells of type $lut.
Using template $paramod$5b37d0ed4d3cfe77b512cb4a9d4f29bd7ba9ce71$lut for cells of type $lut.
Using template $paramod$b117642c83a83aa7d847c636dbbb99c7968daeef$lut for cells of type $lut.
Using template $paramod$8b888d1f0df9168e20670b85e23f15f90adbb157$lut for cells of type $lut.
Using template $paramod$04f6b930039a0196e8e5be7f023219355305f3b1$lut for cells of type $lut.
Using template $paramod$f18569300906f69e82b2370c26117cb7ad311fbd$lut for cells of type $lut.
Using template $paramod$7c756ccc8e4a5d4f27045bb7e10c6b5e66b9d3a1$lut for cells of type $lut.
Using template $paramod$5a16841c52d7140b61f4b55111707ed222bd363d$lut for cells of type $lut.
Using template $paramod$03b9bace7bcc133402d7a16c03f73abd4a488726$lut for cells of type $lut.
Using template $paramod$265a15e428d6e04e7e0ceff15d7e2e762999561b$lut for cells of type $lut.
Using template $paramod$59e75a61b2e4a983c96d8aa2f40028bf6469834d$lut for cells of type $lut.
Using template $paramod$3a01488b90d232f48e6cc3134d4b44f8a9779986$lut for cells of type $lut.
Using template $paramod$b65c6ed3e4c1640cad9cac501ae22c3f8171df0e$lut for cells of type $lut.
Using template $paramod$d970f07502b8b0941c3c25815f93f0fd4d2630ca$lut for cells of type $lut.
Using template $paramod$5e340556e2860b9bd71a4f30a3128dd9dbb9fec6$lut for cells of type $lut.
Using template $paramod$07f4cf81ab947b19e9818374c9b643d36a4330dd$lut for cells of type $lut.
Using template $paramod$5021b1bb529155824dd7805f5bcd78c409346823$lut for cells of type $lut.
Using template $paramod$a086f1e7d08e3ab0f7deb532093da24daa76307f$lut for cells of type $lut.
Using template $paramod$1c052b380f5839795a23af7f66115b366d66e109$lut for cells of type $lut.
Using template $paramod$263a40855bb77428060edb394588da72807397e4$lut for cells of type $lut.
Using template $paramod$cba70b6e653a9200d4db4a28a637d318ceb4e4f3$lut for cells of type $lut.
Using template $paramod$cd6682b28fe6d471d1ae4cf7736a2f62f06a9c9a$lut for cells of type $lut.
Using template $paramod$f578abb75ba95b4403e162971c87a6fc5d499857$lut for cells of type $lut.
Using template $paramod$db9f1947d7f0788abccc863e7292200e48ec4f85$lut for cells of type $lut.
Using template $paramod$139a10e498a95b8520f4ede25355cbad09643296$lut for cells of type $lut.
Using template $paramod$6a5915750a2aa8eadbf2eabc673d18fcf1624982$lut for cells of type $lut.
Using template $paramod$4a56d4085795c896991c6e6713380c122af3246d$lut for cells of type $lut.
Using template $paramod$36d9284e9287f2e4f2827df84954b771da3037cd$lut for cells of type $lut.
Using template $paramod$3704a02603a4c55e8434c17ed45a74e696ade42a$lut for cells of type $lut.
Using template $paramod$d6554a451bc0ea63900176a6609440447d2e117c$lut for cells of type $lut.
Using template $paramod$562ee67a09ab552d64cc6376fe8038e3db54d36b$lut for cells of type $lut.
Using template $paramod$c5abf059f0bfdafaca9f0aa59e1ce156c1412873$lut for cells of type $lut.
Using template $paramod$034fd55ce8786245e7dcf6f2e2d0023abaa152ad$lut for cells of type $lut.
Using template $paramod$c5522abbe510dc2729d5e1ea1e496e67d87804ad$lut for cells of type $lut.
Using template $paramod$17cfb86c027b916a793be5ef8b9715a329fb3848$lut for cells of type $lut.
Using template $paramod$21cfa297186dabd443357065cad4f7e5304021c6$lut for cells of type $lut.
Using template $paramod$f14c7ea4b7504fcdfcf9787ff63e75d465609393$lut for cells of type $lut.
Using template $paramod$13d290edae8678b0e734617eef32dff7587acc29$lut for cells of type $lut.
Using template $paramod$039aafc855fe661263e4c1a2f4a5db45ad6d2a34$lut for cells of type $lut.
Using template $paramod$83d951620975426d78ec4b083f2b76172b9a2976$lut for cells of type $lut.
Using template $paramod$81d5438c2fec8552bf8383cc9dac84f253265575$lut for cells of type $lut.
Using template $paramod$dfabe0aeb20f35ae93e88fd34801aaeb52aace1b$lut for cells of type $lut.
Using template $paramod$99ef0561358881f3e279aba96e530520d31602fc$lut for cells of type $lut.
Using template $paramod$02e03865d629112cffa4a328afe66c7d2ada529a$lut for cells of type $lut.
Using template $paramod$8c6532c5042ead92f23d07fec082dbe66544130c$lut for cells of type $lut.
Using template $paramod$81158117e6710bc860066d8510070b4cf807d306$lut for cells of type $lut.
Using template $paramod$e028cfa7f38016eb30e291950dc0c66c42c337ce$lut for cells of type $lut.
Using template $paramod$2aba0809b836144b239c71e74362fd2e1f597f91$lut for cells of type $lut.
Using template $paramod$06a1d229fea007e72810481988fc3d60f1567fa9$lut for cells of type $lut.
Using template $paramod$70833a6c315b222aef9af7ff8824a015e7022d88$lut for cells of type $lut.
Using template $paramod$faa31081c87e0a30f2fb4a855c240fd740cf1973$lut for cells of type $lut.
Using template $paramod$19727bc8f621c1e0687d15e71923782a835ff1df$lut for cells of type $lut.
Using template $paramod$505eb67ddfc2b275e4a7a72fb2cad5cb98f9a751$lut for cells of type $lut.
Using template $paramod$c3a542df3df799ba13b4706de4ba41b4810b422a$lut for cells of type $lut.
Using template $paramod$5bf2b9f9e28f9edd3771a8bc21f4a8d676681cdd$lut for cells of type $lut.
Using template $paramod$5a10aa2105c09b2d20d94e03186b1c05b67b746f$lut for cells of type $lut.
Using template $paramod$77a67e1cd1184c0d1293651e5560bec365a49df7$lut for cells of type $lut.
Using template $paramod$ef68cd0539d486a6234733fbd304dbbea807db15$lut for cells of type $lut.
Using template $paramod$02420dc39401bb641da1cbcca605d46a9cce3975$lut for cells of type $lut.
Using template $paramod$d08c250f4bb1b22444cf19a78a1f08e99509050f$lut for cells of type $lut.
Using template $paramod$ab9e9a32a96bd430fcbbe6fc90f461989b678354$lut for cells of type $lut.
Using template $paramod$e9fc12fc165fd8836415ad82264e7750fbe0b4f8$lut for cells of type $lut.
Using template $paramod$bdc1bd561f96293c672a17a964ab6d103b7ac2de$lut for cells of type $lut.
Using template $paramod$518c96f360291f25cd86472b9a0832272316cc81$lut for cells of type $lut.
Using template $paramod$e365aa8d744104d096fce0fa0116a3c1f5b07ee8$lut for cells of type $lut.
Using template $paramod$a8ac490316f138f5bc4aee32dbf52b1d6e157f5e$lut for cells of type $lut.
Using template $paramod$4f66009fefe4c66c586601c7dcca10e119d00ea9$lut for cells of type $lut.
Using template $paramod$5902593a31ad55fd79551b1341b37af6bb4265e8$lut for cells of type $lut.
Using template $paramod$94a940db26347726e5d816385b95cc50336394fe$lut for cells of type $lut.
Using template $paramod$be93c4f35f3f75d5292567f218abb6df050f9db2$lut for cells of type $lut.
Using template $paramod$72638203f707faabb4b0e12391f3317efd59ff28$lut for cells of type $lut.
Using template $paramod$31bdbe81f13b86a93a3bb09d6404ec025d6ec19f$lut for cells of type $lut.
Using template $paramod$e94a62936931e2fd5d6d864bc4cee2f260160364$lut for cells of type $lut.
Using template $paramod$2882f97d086136d6085c5d9d73d9138e0dc72466$lut for cells of type $lut.
Using template $paramod$2f6e960aae4aea19fb536fb0ff6d962ec56f57c0$lut for cells of type $lut.
Using template $paramod$020ba9f1f9d01d161d179501cf805fc4b6cc1794$lut for cells of type $lut.
Using template $paramod$b0b6db357db1df50d82cc812807c6c6a3aaa5abf$lut for cells of type $lut.
Using template $paramod$fb3296f0aab7980ff7e12378d206278f45c77ddd$lut for cells of type $lut.
Using template $paramod$c6d03c852f48c513216c8b4795af26c38283ddc6$lut for cells of type $lut.
Using template $paramod$b87cfa41755972f53a6bc5eaf3f46f394d2182f4$lut for cells of type $lut.
Using template $paramod$d8a2ab9777d4b28cfdddd981dc84ba9d6c8c4440$lut for cells of type $lut.
Using template $paramod$3dc2d28ea1fa7ce0fde5963033ee446b915092bb$lut for cells of type $lut.
Using template $paramod$d12b566c4c4d168aadca84a6d66bbe0a7db02438$lut for cells of type $lut.
Using template $paramod$82a48e5f5771a531ca9edba4cc6af5165f5035d5$lut for cells of type $lut.
Using template $paramod$103a22899897181e471b956a0a46471e7c6ac6a5$lut for cells of type $lut.
Using template $paramod$b8531e5e0e0926e2962bb06d4aed602da472a9bf$lut for cells of type $lut.
Using template $paramod$dadff75c617cf87bb5b8cfe47ca6c69fb6925370$lut for cells of type $lut.
Using template $paramod$3b4334bd25a3e9c6777f8ce65e399328493873d3$lut for cells of type $lut.
Using template $paramod$bed195559fb89074e4f9a8abae6d1bcdfc22ed35$lut for cells of type $lut.
Using template $paramod$f7b23e251f3274fdb39af3e936f3c5f9d3fcba51$lut for cells of type $lut.
Using template $paramod$f28319bf527a311db160cb83279ba909c9c70fba$lut for cells of type $lut.
Using template $paramod$f52b25d8ef54ec925c662b8c1df60719486c4e7a$lut for cells of type $lut.
Using template $paramod$4503307402402f0834059e82aa7109367927dd83$lut for cells of type $lut.
Using template $paramod$0469ef15e96cdefed5681ab35df1d4f1451cf61a$lut for cells of type $lut.
Using template $paramod$0474f4b96ff61f8422a665acc0e0246b0f8ecea5$lut for cells of type $lut.
Using template $paramod$4b2de2f38548e20a0eea8426dc42428296c8a79b$lut for cells of type $lut.
Using template $paramod$8cc626c858d8f9aecd48f34603aa1c9ea18e95a5$lut for cells of type $lut.
Using template $paramod$197fde096761a5d8cfc16c8526417948e5ce7822$lut for cells of type $lut.
Using template $paramod$d015d5bed064ca1ba355b5da9b8d2503f41521e5$lut for cells of type $lut.
Using template $paramod$8684d8dbb4b78e3873c26a845e935fd0e4afd94b$lut for cells of type $lut.
Using template $paramod$0648a9971338eb5e0ed691e2a77f7ac35ca33a48$lut for cells of type $lut.
Using template $paramod$bfbba90a4487e8ff341e010e2a2dc4d60532dc9c$lut for cells of type $lut.
Using template $paramod$a64e83b3cb95bef2796c90c0ec4dcefc74cdb611$lut for cells of type $lut.
Using template $paramod$38ada362710964e5e4393e1e6d08e0ab9156f58a$lut for cells of type $lut.
Using template $paramod$966cf1f6dce24d38033a8f0c39bfd5940b4af884$lut for cells of type $lut.
Using template $paramod$a95aeb58822b83840ad0d33221e28b316b409b83$lut for cells of type $lut.
Using template $paramod$343d04990f2ad8b892251a340c8ba3d6e1e5014c$lut for cells of type $lut.
Using template $paramod$4caac53d4b44e0a8c8a1302c9878e38e0c3dd2d5$lut for cells of type $lut.
Using template $paramod$671a1c8e94d52dcf9f09d9c425036a457be07c51$lut for cells of type $lut.
Using template $paramod$03745804ce1e68c04d060989b07d215babcfb187$lut for cells of type $lut.
Using template $paramod$3717d7aa91d2e088c71a4b229e10cb8ee641cef3$lut for cells of type $lut.
Using template $paramod$58389980c63f3235c8f8122d952d60e88e8ccdf8$lut for cells of type $lut.
Using template $paramod$e57eefc62bca1f37b8a2bcb17c5bddda0e8370c6$lut for cells of type $lut.
Using template $paramod$5e1189b756341a4e8f81e6b27b59c7f56a36ff03$lut for cells of type $lut.
Using template $paramod$fe2ccc9771c7f3621af3392ea69c0322e13310d4$lut for cells of type $lut.
Using template $paramod$5d99073e31c6b28b6d312445e35e77ece4fd17e6$lut for cells of type $lut.
Using template $paramod$0728e3780db25a3da70c68369aa6a2b6cdc65c78$lut for cells of type $lut.
Using template $paramod$14bde05197c73cd786f69bda8283ed3caae04b1c$lut for cells of type $lut.
Using template $paramod$0ff11f8fd818e8d36124beb48cb99c4a0b8489f5$lut for cells of type $lut.
Using template $paramod$8c7a268118a7846045ac97e62c8f22701705dcff$lut for cells of type $lut.
Using template $paramod$2b9d61fa47b0634595722c6ceb5b4018cb61837e$lut for cells of type $lut.
Using template $paramod$b3b0f94b5a848aef2657c71a98efb84d606eec92$lut for cells of type $lut.
Using template $paramod$02c66c304ec80037f1b32bb9bf802003b008e17b$lut for cells of type $lut.
Using template $paramod$f5381d9b39f405f6cac5f5793099943a65e0a922$lut for cells of type $lut.
Using template $paramod$85bea90b500ba8feb07c19c7ca658a73e0a2e3a0$lut for cells of type $lut.
Using template $paramod$cfd7d51381abab0ed63c9f2464b889879663027d$lut for cells of type $lut.
Using template $paramod$7bfbc7df8b0565fe5f32a860c93767149a398ef1$lut for cells of type $lut.
Using template $paramod$643c03dae653568374b4affb1a4a4ba9aa8b6d57$lut for cells of type $lut.
Using template $paramod$56d6b3c6e16ade02fd191e3c69c47fcee37c67b1$lut for cells of type $lut.
Using template $paramod$978c7d93270039f70fe8c72985e62a79ccf9bd4f$lut for cells of type $lut.
Using template $paramod$6931e1b8d24ca353084588f31baa82ff210ef419$lut for cells of type $lut.
Using template $paramod$7b611b9c948adfc800b112062ecc70c20728f09a$lut for cells of type $lut.
Using template $paramod$d20a7c159eb835b9b2e925298a6611ef09c2c4f7$lut for cells of type $lut.
Using template $paramod$606f8a87a1e3528853b3da382062264aff1523db$lut for cells of type $lut.
Using template $paramod$4da0262c698ecef7a9405a3a83d72ffc128d522c$lut for cells of type $lut.
Using template $paramod$7a5c0e63c13d053a484e9dead3e4cd251498ce7d$lut for cells of type $lut.
Using template $paramod$b8e43e3f5a5b3a3d02880fc0e8ef6c7a00e7bca5$lut for cells of type $lut.
Using template $paramod$e0ccab294569bdfb20b8ebe146737f17c49c21ab$lut for cells of type $lut.
Using template $paramod$ad5ba76cbbfacd76f66cc8f3c8d69ac9492f8b7c$lut for cells of type $lut.
Using template $paramod$ad6259d26aba8cf12313220867124bd708ee530d$lut for cells of type $lut.
Using template $paramod$73880cf1608683b278234af8f7e256c39a67bcef$lut for cells of type $lut.
Using template $paramod$ff9693d47ec631882d1626a0ad148f133203af3a$lut for cells of type $lut.
Using template $paramod$a60af7037061c1907b254cb4a9d0ea9780a5770f$lut for cells of type $lut.
Using template $paramod$5367acc8ea7262c18640f2c731e946c451486ac4$lut for cells of type $lut.
Using template $paramod$0bc0d50f11974ac916aa37afce398061e18e49fb$lut for cells of type $lut.
Using template $paramod$8ace40d90e248f6c9b1d94ef4227f1e7fe50d73e$lut for cells of type $lut.
Using template $paramod$9e2ee7143250e5da2bbb90d23cb0ee56f446fa90$lut for cells of type $lut.
Using template $paramod$47373cfde74c0286d296cc161fc69ca94a61a131$lut for cells of type $lut.
Using template $paramod$716395bf6acb27846fd78767918e5e65e8d1894a$lut for cells of type $lut.
Using template $paramod$120d84d732ee2a2aa67de41cfbb32228d29fd937$lut for cells of type $lut.
Using template $paramod$9c588273cd3a81cf08bef9f1b3513be518ea982d$lut for cells of type $lut.
Using template $paramod$f08680c4d73a69f503ecbd8adbbb6d3612202380$lut for cells of type $lut.
Using template $paramod$6b05359f7fadc09795cd52029b2e46d4a9bc48ef$lut for cells of type $lut.
Using template $paramod$52889d5d1e49cebe91699bc24a7a489f182d4c60$lut for cells of type $lut.
Using template $paramod$62a2f8e2192ace0aed9c3e759bb8f4c346c2a64c$lut for cells of type $lut.
Using template $paramod$22819884be3a5c22b9b5825531f91ce32081d3a5$lut for cells of type $lut.
Using template $paramod$8ba56afd13a6cba7eee5564639a2fa606f6bc206$lut for cells of type $lut.
Using template $paramod$02ff575c9c71f6ef77f7322d532be031edaab2ed$lut for cells of type $lut.
Using template $paramod$c5df78430d531470c8b3974bfdbca175abb2241c$lut for cells of type $lut.
Using template $paramod$ec6aeb831bbc9b429f21169f744d001e406fd583$lut for cells of type $lut.
Using template $paramod$0905cf3895e05416834b9b5995b7283310eb1ac5$lut for cells of type $lut.
Using template $paramod$d2b2b1e66295747e686ffa1bd31dc61fe895c855$lut for cells of type $lut.
Using template $paramod$47d882f15a0768eafe0c3ea63d3a3e2a04ac710e$lut for cells of type $lut.
Using template $paramod$a8bd02a7e5ce01918f902c876189fe753369e4f7$lut for cells of type $lut.
Using template $paramod$9032746aff09de23b34bf6a7130c93fc15d15871$lut for cells of type $lut.
Using template $paramod$deba5dc388389cc84ca6f5827ce664e9a5c91d78$lut for cells of type $lut.
Using template $paramod$26799481a10bc1eb1c01f67d886ae3f683bc9f38$lut for cells of type $lut.
Using template $paramod$43832c7532450b962831172f27eba185f9a26ea7$lut for cells of type $lut.
Using template $paramod$00a753c53898846afa018abca3e411fc9591bfbf$lut for cells of type $lut.
Using template $paramod$7d4530c51fed82050e172b3435bf03f7a0ce3719$lut for cells of type $lut.
Using template $paramod$01bb5e8282952e15b0b71616c863d0384e36efc8$lut for cells of type $lut.
Using template $paramod$1785233441f758bfc157b7313e5ecf4e3a4d6b8b$lut for cells of type $lut.
Using template $paramod$05206a746064bc130bdbe7c23aaa2a06150b60f0$lut for cells of type $lut.
Using template $paramod$f8ef4fbeb1e8e5d5b460d5f5a72d557d3844a5be$lut for cells of type $lut.
Using template $paramod$7a6ad5f2b89632c0a00e767a2a8eb8aea4d51668$lut for cells of type $lut.
Using template $paramod$585c4c5e0dd9db6a2913c138694be4c0256f5e6d$lut for cells of type $lut.
Using template $paramod$147bb9cd2a173aa421d0a01bc1301af5aae7f92a$lut for cells of type $lut.
Using template $paramod$0b39b01e7ab56c8fa4623c59f908124a35ecdf9f$lut for cells of type $lut.
Using template $paramod$e5df46dcdd097550d66dd8bb6fbbf984b14cc7a9$lut for cells of type $lut.
Using template $paramod$f01f8109822b4e0b7122560e4d37f2c5bdcad95a$lut for cells of type $lut.
Using template $paramod$95def4fcf53c30a1585a909ac35e222e81523cd9$lut for cells of type $lut.
Using template $paramod$310ab7c41932eec803eb4e40843bc9649816936c$lut for cells of type $lut.
Using template $paramod$e21b68a1d418fe2626f1b41bfa79eb8d03a210eb$lut for cells of type $lut.
Using template $paramod$8ccb4c8fd668134ed61b957427de0816687a5cb8$lut for cells of type $lut.
Using template $paramod$54857f119fe70fcda7e60fd40ada63949077f6fc$lut for cells of type $lut.
Using template $paramod$85c4137d6ceadecfd27b4b7748533c6b2f656640$lut for cells of type $lut.
Using template $paramod$039e1db33008e09e1b050a0d37020b5ba36ae0f0$lut for cells of type $lut.
Using template $paramod$9244015aa61573b3d97b6118e9c4efa765219446$lut for cells of type $lut.
Using template $paramod$c65ba206f72a798b9c2977653c44483d054328ea$lut for cells of type $lut.
Using template $paramod$5e021a9d2d44183ed652def00333aa5004464ac6$lut for cells of type $lut.
Using template $paramod$24731647f6f38204f9c68b95601725d89f02df43$lut for cells of type $lut.
Using template $paramod$65bf43c8813e5ab71a8a07165bc1a9f24d878dd3$lut for cells of type $lut.
Using template $paramod$f098186b66c91e4958c77b8765a3772d24b21e7c$lut for cells of type $lut.
Using template $paramod$68ee96cf0715ab699fcd02c2db69c76af5cd45b0$lut for cells of type $lut.
Using template $paramod$fb2ca8b73105e1694b1a7c462b6ce2fdf1b49307$lut for cells of type $lut.
Using template $paramod$03f50390d4ac7bb001f9bc31dce761ffa36ad30e$lut for cells of type $lut.
Using template $paramod$8bd704e201ef1d6e591fde8bbd43602d636e8fd7$lut for cells of type $lut.
Using template $paramod$f32c7c6440c44fe212cf73c3a854037595ea8d34$lut for cells of type $lut.
Using template $paramod$158ee9589fd156f8bf6d95cd9ebb24387cb768bd$lut for cells of type $lut.
Using template $paramod$04a149ac819ebfe8793fabe24e9fa951a2222ef7$lut for cells of type $lut.
Using template $paramod$e4d8d64d4d99cae12e6cd8f8c1509f3e9e373b15$lut for cells of type $lut.
Using template $paramod$4ed71d6a474fe158f922bc67b031ffaf935803eb$lut for cells of type $lut.
Using template $paramod$2661aa2601af93e362041e04a59405a491f36855$lut for cells of type $lut.
Using template $paramod$88bbf73d3bae4dce6ae37a3f9903995c7026b6eb$lut for cells of type $lut.
Using template $paramod$97c3dcda73b120220d8bdbeea4162228dfea93a0$lut for cells of type $lut.
Using template $paramod$229c5f758b650c08acc1034fbbf525115c14a388$lut for cells of type $lut.
Using template $paramod$5951b6f50304d4b9b4b40295fe62b216b7eb86b7$lut for cells of type $lut.
Using template $paramod$f989695f05590bef97ca5341c705c73061b9aea3$lut for cells of type $lut.
Using template $paramod$18f3330478f69fbb13141f5f749008b76e642ffb$lut for cells of type $lut.
Using template $paramod$07ee5ca66122718750047dda737465ce3d8ae8de$lut for cells of type $lut.
Using template $paramod$da1ea011e3a3739507eb6bc3b2a15575d8329b29$lut for cells of type $lut.
Using template $paramod$aa1fcc1f3dd217b433f5c8040c816f20ad2dcea7$lut for cells of type $lut.
Using template $paramod$feaee696dece30ecfc0d29d7c494d02c129e5ef0$lut for cells of type $lut.
Using template $paramod$0b7a0fa2b6c7ed26d73c4c047ad6be4b1af14f81$lut for cells of type $lut.
Using template $paramod$372a3abfc10dcbfdb1e5141b082aec9fe79ab1ce$lut for cells of type $lut.
Using template $paramod$da945cdf8b3678c576d1c833acbdfeca7835e8d4$lut for cells of type $lut.
Using template $paramod$266a11917c62dd2e0bde122b6d0f54e76076a64b$lut for cells of type $lut.
Using template $paramod$5e7ac3088af8e4e0a20847d43d704b1a330c5332$lut for cells of type $lut.
Using template $paramod$51239cc2491265e2c4ad42484efe22d790acd999$lut for cells of type $lut.
Using template $paramod$70aeed5dc3ddd6b4c3b48156cb0963964428427a$lut for cells of type $lut.
Using template $paramod$af8d86e5e7a43f2f6c50aec02e14da5d4ba063ae$lut for cells of type $lut.
Using template $paramod$721430d8d4320854c02d62e7b9ab0f977e2524b5$lut for cells of type $lut.
Using template $paramod$76f32b348c2be0a21460ab8e8bc63d5ad11c7614$lut for cells of type $lut.
Using template $paramod$6d47b086c0c6751640fdcbc4ea002fa585a23b17$lut for cells of type $lut.
Using template $paramod$d31c3eeb1f6b17ad571457bf9cb799cc30f3ab41$lut for cells of type $lut.
Using template $paramod$0d4996c7dc5489a4613efa43101ac578d06dffbd$lut for cells of type $lut.
Using template $paramod$9c83190cb7e48bb3a6ae53b261370c80c7b95001$lut for cells of type $lut.
Using template $paramod$79143cc2bebf4622b35dc4913b6b97af62ef0153$lut for cells of type $lut.
Using template $paramod$c3dcf0d7fecfbc456e488e3331ecd210d9f887f1$lut for cells of type $lut.
Using template $paramod$bc2167f373a86f4a364c5c28bd9cba8b47200cf0$lut for cells of type $lut.
Using template $paramod$4b3177ec720c20e40e889c78d829cad507000289$lut for cells of type $lut.
Using template $paramod$5e18057e8683f1bb93a53b6fc2760417ecbdb6c2$lut for cells of type $lut.
Using template $paramod$e66a51b75889e5014c861732f1b16e1a23cb32cc$lut for cells of type $lut.
Using template $paramod$95d36dc87025f01cb3ffd2b864f0eb98b9d3a05e$lut for cells of type $lut.
Using template $paramod$fb5fcd2803f94a5254b1eb37e2e862020b207873$lut for cells of type $lut.
Using template $paramod$b118c5380e2084e894dff84e97db883a96a2fcbb$lut for cells of type $lut.
Using template $paramod$ff2fbdb4a9201249151ee5ef9962dcb924c72b24$lut for cells of type $lut.
Using template $paramod$316422c0b8372a53c9b5225d7c3e364a1d354870$lut for cells of type $lut.
Using template $paramod$fcf3a5445273ee64bc23e5300f6e54294543244c$lut for cells of type $lut.
Using template $paramod$c35f331ece8004ba7f1e1845b67e1bcc22d446bb$lut for cells of type $lut.
Using template $paramod$801cd045643827d7df7adbb7c7c3734fb901fd3a$lut for cells of type $lut.
Using template $paramod$e3eaf99f5b1a52cbbc89713ed7308dcd32ee5675$lut for cells of type $lut.
Using template $paramod$98f9e324bfab820e4d9b3797bcfd717a04966a4c$lut for cells of type $lut.
Using template $paramod$0ad9711b940c5d67c323919ba4aa18b372b2b5cd$lut for cells of type $lut.
Using template $paramod$cc32a05866f608aca38637d6c7ba9e5d077e8484$lut for cells of type $lut.
Using template $paramod$ac5104b0f31e073ac445859404a5ecbcf6edcff5$lut for cells of type $lut.
Using template $paramod$23a74fb0dcc9e3fd96a194680135cdf1d56a1170$lut for cells of type $lut.
Using template $paramod$37db1e9e8af32a13da1384d3de4bcc82ed6c23b9$lut for cells of type $lut.
Using template $paramod$68cafe8403fceb3ec1347529dcf7f3f15869a917$lut for cells of type $lut.
Using template $paramod$445caf05919069bc981d643ca12e802587215526$lut for cells of type $lut.
Using template $paramod$e6eecf1c2f4e975e883c0f9fd361e8fcc4bced4f$lut for cells of type $lut.
Using template $paramod$5af70d1a1590261e072d968530417140216767e5$lut for cells of type $lut.
Using template $paramod$c5adb532e669311c61da978d6863eee6116bd113$lut for cells of type $lut.
Using template $paramod$e4e96a5dece796d779288739da28d0f9a19e7c8a$lut for cells of type $lut.
Using template $paramod$d42922873c956dbaf758e7ac09241b5bca7e6e95$lut for cells of type $lut.
Using template $paramod$40f0b1e9bdc9af48cdbd6dba62ec31d8072cbfcf$lut for cells of type $lut.
Using template $paramod$69bf5b318ac44783c9b6d7d0c4b9ae97cc58512f$lut for cells of type $lut.
Using template $paramod$0f9323110575aeabc7500b7b04b3d134e9390d46$lut for cells of type $lut.
Using template $paramod$666b739c987b50f3a179533a02e9c75e76afc92e$lut for cells of type $lut.
Using template $paramod$6ccfb35440e994d609a50b50fc59d9c0ea83612d$lut for cells of type $lut.
Using template $paramod$95cc9cbdfde23de9456d2b40719b9d6aa8a1c7f3$lut for cells of type $lut.
Using template $paramod$fe4dd80b8f1bb5a6945b4b1232a9544b44bb6727$lut for cells of type $lut.
Using template $paramod$9feac6c0378715d7939b743348be6a651542b915$lut for cells of type $lut.
Using template $paramod$c2610d733a3ad6f30fe460952da254033b3baa34$lut for cells of type $lut.
Using template $paramod$0ff2878f80b302bf6d4711709c99d1ac6199f70a$lut for cells of type $lut.
Using template $paramod$99b7d9c95865d7fd46c584123525842190563b50$lut for cells of type $lut.
Using template $paramod$7111341e16a3430395e64cfb52955ad369f4fdeb$lut for cells of type $lut.
Using template $paramod$6b407bc646f7d7b2199716a5cb9e96bc210644a3$lut for cells of type $lut.
Using template $paramod$812d4090d50b5c1252c00653bd502412ad8f246e$lut for cells of type $lut.
Using template $paramod$91904beb052f00d6d73a3e7a15516891600e3dcc$lut for cells of type $lut.
Using template $paramod$fce0933517c327c32d0b1d67890e5051128120bd$lut for cells of type $lut.
Using template $paramod$4ebe4b797ac80cbc245e22e521a0f6fc16709e63$lut for cells of type $lut.
Using template $paramod$f06e678a2edd925927ff00935c6194511247ab52$lut for cells of type $lut.
Using template $paramod$7c900154ac38a314ba8a3cbd7382c6421f6c2b67$lut for cells of type $lut.
Using template $paramod$33dda7259a5df9c211650226e654ffc785fa17ae$lut for cells of type $lut.
Using template $paramod$b62f93c169d93397e2876881fca78402e29c6f08$lut for cells of type $lut.
Using template $paramod$3791dcca085108441dbc1f6f805689ebe1b73b57$lut for cells of type $lut.
Using template $paramod$73e7a365165252269f5b6775489cc5a116154eec$lut for cells of type $lut.
Using template $paramod$1d9ee066ef62cfc6c454a6e38d34066a7e4a7189$lut for cells of type $lut.
Using template $paramod$813a062226d319ca50f12e1e222edd7b45296065$lut for cells of type $lut.
Using template $paramod$8fafb0f877c9608c462cd8b14a64f6432060ed2b$lut for cells of type $lut.
Using template $paramod$9604adbb1396ffb82ab4825a97189994a819c936$lut for cells of type $lut.
Using template $paramod$1344ccef4d179a1401936a0d22bb5f897a6058a4$lut for cells of type $lut.
Using template $paramod$b733fc28e5dc66b884db43ad426433cdc8cfbad9$lut for cells of type $lut.
Using template $paramod$fcbe1399beb51f98a42dcb2b52eb26aec602e8e4$lut for cells of type $lut.
Using template $paramod$c6ef53b8305a5dab198eb9beb953f32d3365a629$lut for cells of type $lut.
Using template $paramod$872d665bf2adfc3293fec2d7bd471cb4d057383c$lut for cells of type $lut.
Using template $paramod$cc7b66bb262a5dd988cc68ecd1efb4c2d0f37e63$lut for cells of type $lut.
Using template $paramod$6f2140d183502b1833e85af21ab79886146ebeab$lut for cells of type $lut.
Using template $paramod$7539664cdbf3b27383ed7f2e60c0c33b1de67d9b$lut for cells of type $lut.
Using template $paramod$aff766d51bfd6300c845683283a4e6e3ffed8b12$lut for cells of type $lut.
Using template $paramod$1f46ba3adeb92b645ad6108cbc932643dc09ad82$lut for cells of type $lut.
Using template $paramod$f8c26f4e4943fb04374dc6dbc5eda1d33f69a6d5$lut for cells of type $lut.
Using template $paramod$d1056f03ac494ed5395eb907f4c92ad0c98e0d7b$lut for cells of type $lut.
Using template $paramod$7457fd683cd80ccef04477f68b670c0896db3f8e$lut for cells of type $lut.
Using template $paramod$c134f63225ba5251f05109c1518bfb09f8840e9a$lut for cells of type $lut.
Using template $paramod$ed52128599868435dc191337aaa73c5b504cc825$lut for cells of type $lut.
Using template $paramod$6fd48d9b17cdc5d22956d9205e595a8295c10920$lut for cells of type $lut.
Using template $paramod$c3ac3c035bbf7468d50b8cde5d7c2074ee1bd638$lut for cells of type $lut.
Using template $paramod$da9d6eb00307d15292e014cd59e5b9098c71b3b1$lut for cells of type $lut.
Using template $paramod$09ce262dd5d56bb54e0b08b8bd88a50841709e00$lut for cells of type $lut.
Using template $paramod$3ba52f4d83180ea6443385d6cdb67cf0537cd728$lut for cells of type $lut.
Using template $paramod$854a45e3c25ff54ff485c5fa1c65cefc029a2c27$lut for cells of type $lut.
Using template $paramod$3656ba353c81c8c72a615968a89f359ed97b2ee9$lut for cells of type $lut.
Using template $paramod$f1931a40894f7622776689fd4d0307ef37bd24ec$lut for cells of type $lut.
Using template $paramod$5545ae6de3a1e66bff1193878415ea945d366331$lut for cells of type $lut.
Using template $paramod$70e09ab9b33a86c4be4fb6a7199febcf560f0503$lut for cells of type $lut.
Using template $paramod$b84b76e13c4c2f77509f3a62017709214c8e5874$lut for cells of type $lut.
Using template $paramod$f88e879906e12d9c32a486883db43049690eac5a$lut for cells of type $lut.
Using template $paramod$6e98ba76e5b242650f81c344ca97125131027587$lut for cells of type $lut.
Using template $paramod$4985f12e9028fee3c18a30dfeff67ef605d397db$lut for cells of type $lut.
Using template $paramod$a54a50627047b5dfd78342eab4862f7cc83f2057$lut for cells of type $lut.
Using template $paramod$3bfa6558829a596411e6919d0e958826c970ef15$lut for cells of type $lut.
Using template $paramod$08c0b395fbc0085f432b37a01a906e9601fd4ec6$lut for cells of type $lut.
Using template $paramod$7e2100ef7bb4ad9ba7c4bf6e39fc06b7e29b3bbe$lut for cells of type $lut.
Using template $paramod$3cf6f458822ed4e66b065cf52283fcc1181dbf3f$lut for cells of type $lut.
Using template $paramod$05637c227d3a709f60801bd5820d0ee1807f8953$lut for cells of type $lut.
Using template $paramod$ed1476dddcd49a7153a109fbe83536f3fecc13d1$lut for cells of type $lut.
Using template $paramod$9fc1b8feff8f412956d008358d66de6f99c1667f$lut for cells of type $lut.
Using template $paramod$ae9bc341cd9019f5d8ff83784f5074cb57f22110$lut for cells of type $lut.
Using template $paramod$d68916476329100b49785efa5dda5b581e25f7dc$lut for cells of type $lut.
Using template $paramod$0930ab72a775cc8c25b1c04f6d10fadc6ee82c40$lut for cells of type $lut.
Using template $paramod$bbe85deffb8fe48144484cea79221898b78fd26d$lut for cells of type $lut.
Using template $paramod$30d5ffae585b2b4a1b51b03ec8192ca8d5176bff$lut for cells of type $lut.
Using template $paramod$4c7117be1b18d4921d785124ae995ac5f87c868f$lut for cells of type $lut.
Using template $paramod$e56fd125355c16a01da83ae0c87bd11dd2513dac$lut for cells of type $lut.
Using template $paramod$4c76be68079c0e666d71a2aa63ad3e660a684c81$lut for cells of type $lut.
Using template $paramod$9f6292bed83e51777336198b329b2a2401708cd8$lut for cells of type $lut.
Using template $paramod$11c24ad18ddd029856c3383eea71685ebcbe65ed$lut for cells of type $lut.
Using template $paramod$d9507fc95418ae09b17cd3c0aed99db9fc85c673$lut for cells of type $lut.
Using template $paramod$63a44105fef6d309180bbf2bff30861cb17bfa80$lut for cells of type $lut.
Using template $paramod$5c4b87ddf5598e6dc31828be4e82e0d4835878a9$lut for cells of type $lut.
Using template $paramod$4ecda8ab7735c9a5d5be9ef461ee9cef3e056160$lut for cells of type $lut.
Using template $paramod$396059b8d97dc069f209889a8ff369c3b0d10638$lut for cells of type $lut.
Using template $paramod$4a9f1d37d33372058588bdc7bf987ae6c095ad8d$lut for cells of type $lut.
Using template $paramod$55a7db507c7c623ed2f24a4f6f7cc6e6c2a1a782$lut for cells of type $lut.
Using template $paramod$e643b1d450bace778cb73fd9cb8a59f3c48b2c0b$lut for cells of type $lut.
Using template $paramod$f524d5219343cdb36ceb18c672a787fbf429b320$lut for cells of type $lut.
Using template $paramod$9fa3fc85b4e3322a10db52f1cc54dd0fbdb80bfd$lut for cells of type $lut.
Using template $paramod$067c108931f6c6d3fdeeff81a0362f0b9b48ef12$lut for cells of type $lut.
Using template $paramod$a82f4ef868c0f455987939743e02132d3ea1a301$lut for cells of type $lut.
Using template $paramod$a28967dc5aaddb162aa9e4ce20c4ed1bf5f29051$lut for cells of type $lut.
Using template $paramod$1ec2b37b390128eff942245bdaffc234c0d268fb$lut for cells of type $lut.
Using template $paramod$ef08ff85b711d0c2070122801c44ee93785911fb$lut for cells of type $lut.
Using template $paramod$3be4908d778247bf13ade75006b4080cd22e6c93$lut for cells of type $lut.
Using template $paramod$2cb122ff5b0eed70df800edc85dcef215425436c$lut for cells of type $lut.
Using template $paramod$f287fc6273f6d713a5dca641106474c5c2a3b96e$lut for cells of type $lut.
Using template $paramod$d60c8e1cb3959751c0111b2eac5105c95ec86b7b$lut for cells of type $lut.
Using template $paramod$40c9a4a414976f3d8d0f96655a226582ba3a4e39$lut for cells of type $lut.
Using template $paramod$062eeb4d08e6a6bfa796576eb2401b37293ca621$lut for cells of type $lut.
Using template $paramod$9b227fe582ed99db4a7e265e33c909b63b2e60cb$lut for cells of type $lut.
Using template $paramod$82564051d6e75b62c47e7cd76a01a689fe6f3f1c$lut for cells of type $lut.
Using template $paramod$0318ff22e937da870f661c83f9fe1446b18ffa32$lut for cells of type $lut.
Using template $paramod$2d61063a47c78ee3029165f566054464dc22e70b$lut for cells of type $lut.
Using template $paramod$281b9941e168fbaf57436270d2fa79e628daeaf5$lut for cells of type $lut.
Using template $paramod$e535f12b505c368eb4e7fda6812d3edcab689f6e$lut for cells of type $lut.
Using template $paramod$e558b50b8ef6cb32dfa37ae43e4810fa3d891084$lut for cells of type $lut.
Using template $paramod$792a5930eb995cc4bbbf43c72051faf00eafdf5f$lut for cells of type $lut.
Using template $paramod$f453c1721b51c45dbb405753917ccd0b1b320193$lut for cells of type $lut.
Using template $paramod$86bcc4c6b4067e6a13db849a359182be8db87abc$lut for cells of type $lut.
Using template $paramod$848278749ff75e8f80a3300b057c5a772ec5ff1c$lut for cells of type $lut.
Using template $paramod$acb980c8ba8042576be16a66c1aabada8a877158$lut for cells of type $lut.
Using template $paramod$ef11a18dcb40d11064990be9acda7907ffb64ed3$lut for cells of type $lut.
Using template $paramod$3aac200b1ee408e2209f36da43590d012f3b4c43$lut for cells of type $lut.
Using template $paramod$0131e33d5fe78ae7d73f3da6960f45189c1ce198$lut for cells of type $lut.
Using template $paramod$f1f0fd91f3702ed5199f14b3f6f8f659bc96e5fa$lut for cells of type $lut.
Using template $paramod$a06fa78c38f0e1ea9f7d35ea63c27b5ef4e40c40$lut for cells of type $lut.
Using template $paramod$e06fafb1b6a93981529db2bd076b87fc90f4fb49$lut for cells of type $lut.
Using template $paramod$7f3617f4b24dd2e899782b88617aab9578e70e0f$lut for cells of type $lut.
Using template $paramod$da28940d8c03f49df809dfe7fb3d41b73b6bd7a8$lut for cells of type $lut.
Using template $paramod$0de59f90f4e8a2e2ba2353b02a3c59f64bb09941$lut for cells of type $lut.
Using template $paramod$f147ea250ac546ac6b022de55ec86ebf3cfcae50$lut for cells of type $lut.
Using template $paramod$673efda7cf44a4b6d45e0ebc2f03e84a40f7777f$lut for cells of type $lut.
Using template $paramod$ef351e37a29b3e65917837043f0a38176283538b$lut for cells of type $lut.
Using template $paramod$61365a3e9051dbc4d3faaedea2896579a86941ae$lut for cells of type $lut.
Using template $paramod$007b0db1ed2ac5e78ee40f8c99201371adaf6ac4$lut for cells of type $lut.
Using template $paramod$d5c612a111937da817fcb6bd4617711c472590f3$lut for cells of type $lut.
Using template $paramod$be416cd27bf610db1a3e3c7bd7702e67f69e059a$lut for cells of type $lut.
Using template $paramod$af73b8274cfc25289f0e9eed3a105a310e8c4a12$lut for cells of type $lut.
Using template $paramod$668050c8a7525970d759205325634011aa1ccef3$lut for cells of type $lut.
Using template $paramod$be0cecba8cd1c893c4dcee5c3903c4b4fdfd5db7$lut for cells of type $lut.
Using template $paramod$b73be8538e3991bb25611308c2af56b6f033b746$lut for cells of type $lut.
Using template $paramod$9452ccfb6682f915033d70545645800a65613b0e$lut for cells of type $lut.
Using template $paramod$741dbf284d087ef3bd22d0f81ac94e78e10045f6$lut for cells of type $lut.
Using template $paramod$185953a27e26c425e3075b387069e44dd19372e8$lut for cells of type $lut.
Using template $paramod$8e6e961fa031b985035622256ec95a3028a0106d$lut for cells of type $lut.
Using template $paramod$b2a8cf84e735c797eac3aee0393bda03f9885cc1$lut for cells of type $lut.
Using template $paramod$669b0b701dd9d770a9b1d2ed821d282d85e0bfbd$lut for cells of type $lut.
Using template $paramod$685148ef3c10b9b9599e471c1fabeddaf4e64fda$lut for cells of type $lut.
Using template $paramod$2b035d80f8da5c79477e458830d5b787d3ec97aa$lut for cells of type $lut.
Using template $paramod$4a153ce5486584cc54b4e0e2e52691077ed33b83$lut for cells of type $lut.
Using template $paramod$090d2ff60d4361ffa1314dc56d9079e5f8f6fa59$lut for cells of type $lut.
Using template $paramod$b31cca12c19064ad2178af1070268abc826d0581$lut for cells of type $lut.
Using template $paramod$22861b0e00930f3951554bf0c0c6862abde6c479$lut for cells of type $lut.
Using template $paramod$3a5a5ed25fe1f271dc408a13052f2b7dc4d920a0$lut for cells of type $lut.
Using template $paramod$7536133b79ee9f91b016162308fca8466b9f8dbe$lut for cells of type $lut.
Using template $paramod$cc7d90430077f5ef639bdad6f1b03a385ef52185$lut for cells of type $lut.
Using template $paramod$a677d96db3795c302b299949aa722bb75004042f$lut for cells of type $lut.
Using template $paramod$defcf158cd4e2d6667e5d1bde10d779b50456535$lut for cells of type $lut.
Using template $paramod$5e39f2df13ead5f40a240574f5759650aa9d164e$lut for cells of type $lut.
Using template $paramod$73baa2833534e74cb98ca96b995d2dfaa6d416ad$lut for cells of type $lut.
Using template $paramod$96ff56ce5a5ee85ee0c4678d1c423b47046ec6af$lut for cells of type $lut.
Using template $paramod$209a7763f93e12658d45c5dcfa3a05d8cbfd9f67$lut for cells of type $lut.
Using template $paramod$5843b1baa6b2481963df54051845b5dbf1b91adf$lut for cells of type $lut.
Using template $paramod$c1a0f46ddd5a51215bbe9731e48c13d0c6a44b76$lut for cells of type $lut.
Using template $paramod$eb3a4e7248bbc16ee294cf3f3ca38aa7f2ab5ecf$lut for cells of type $lut.
Using template $paramod$f2408cb03485bac785ad44d1df874a69f179b100$lut for cells of type $lut.
Using template $paramod$3876752fe05a58cc67510456f8d1170e7cf64033$lut for cells of type $lut.
Using template $paramod$a8886d6b449daded290cdb3b853243f84f3dc998$lut for cells of type $lut.
Using template $paramod$ed647fb13d298a1776a5f62ba3576a326ff46dd9$lut for cells of type $lut.
Using template $paramod$ac93a91704506b99e110103c9b19e9b67bcd77a0$lut for cells of type $lut.
Using template $paramod$6240a0bbc4ec6ae8c18bc0d076498f3fc7c41a21$lut for cells of type $lut.
Using template $paramod$ec87d964d9e50590c6abdb58bfa6340f12189392$lut for cells of type $lut.
Using template $paramod$24c9f665d975fae0b8e43e80b8cde5eff33ace3b$lut for cells of type $lut.
Using template $paramod$c30ffb14b3fc7656d64672e13d076ecc3293d383$lut for cells of type $lut.
Using template $paramod$c933cd9eb334c34135e80f565f6bfabdca4d77ed$lut for cells of type $lut.
Using template $paramod$9c422be1b5a584a89894d6ba2aaf9a7c3665f46f$lut for cells of type $lut.
Using template $paramod$51ac55ca5eda87b4084a0d47bf3cd7d1b3c68142$lut for cells of type $lut.
Using template $paramod$e6b14e97085c08d968580ed1e5919fce6e41f8b3$lut for cells of type $lut.
Using template $paramod$f756c6ded821b4a3cf0369498cc51c03818f5cb3$lut for cells of type $lut.
Using template $paramod$53c02ea5ead352e4fa5edf5dea1814fe845fe358$lut for cells of type $lut.
Using template $paramod$13e546d8185b0ae87d947764478ad19c3c849b85$lut for cells of type $lut.
Using template $paramod$aa8e9f5d09738ebca470f82d6a4211c3ebd8a35f$lut for cells of type $lut.
Using template $paramod$edc9be71152a39f24cd1152726650096574b815d$lut for cells of type $lut.
Using template $paramod$edabb7c6d6dd999bd98067b7c3d8716d7c40664a$lut for cells of type $lut.
Using template $paramod$be68f52a3a0c28549e193784003af2469ea839cc$lut for cells of type $lut.
Using template $paramod$9f441017e491145a446f64712c3a33a9d84562fb$lut for cells of type $lut.
Using template $paramod$17bc69b961c0dd1efb1b44a4e11628936b5356e6$lut for cells of type $lut.
Using template $paramod$a9117a719538ff84bfd68d2e9e370ab8210ffb33$lut for cells of type $lut.
Using template $paramod$2e5a4b60efb9b839d59eff36c5e327fa0e86be07$lut for cells of type $lut.
Using template $paramod$b3b12514e18d1cd0e418308c1ecbbd20bbce61ad$lut for cells of type $lut.
Using template $paramod$9da4e539eb7a8002cf75fe72527d8dad97a11756$lut for cells of type $lut.
Using template $paramod$f941b9c661d2d388dc5a0cdf2a8bc0fe58a7c2d1$lut for cells of type $lut.
Using template $paramod$aedf4365e5c2ccbe7facde4e68bb0ae10830614c$lut for cells of type $lut.
Using template $paramod$624a28e4266910b6174de873f37ce773b16f060c$lut for cells of type $lut.
Using template $paramod$2db05d37522fae87896a097183bc95faab4e26ba$lut for cells of type $lut.
Using template $paramod$93827bdae5ceb4adbbf2d16ae1c4c1b8ea019ca2$lut for cells of type $lut.
Using template $paramod$e483b1a3358797766ab5f0a154464944fc9b4ed2$lut for cells of type $lut.
Using template $paramod$28b664b15677ac6beacc68476e20e168601eb426$lut for cells of type $lut.
Using template $paramod$5fd8597451f720d4debf46f97e886142d3a438dc$lut for cells of type $lut.
Using template $paramod$cc2aef79675393cfefb3e672c24b12801ff33196$lut for cells of type $lut.
Using template $paramod$527a4c31a98da7b590c1da574c26a373b2545877$lut for cells of type $lut.
Using template $paramod$d3faf3a93946145516df8da16efdaa8c53c787b4$lut for cells of type $lut.
Using template $paramod$5759c0c69f6e0d8bcfbfa8fe248e0f404c10ae8b$lut for cells of type $lut.
Using template $paramod$799cf593eba4c786b510eead7592cd9a2f380c79$lut for cells of type $lut.
Using template $paramod$b8ec6bcb10470598929cab0a052965eba84c0f8e$lut for cells of type $lut.
Using template $paramod$6ceb7ba54b541f218652e54a8be7c834715092ac$lut for cells of type $lut.
Using template $paramod$dff51c74d2b6aae3d2c4ab1a1bf80f092c28601a$lut for cells of type $lut.
Using template $paramod$7cbcfa450b7a6af4f3ac9408527f99d99e9a5538$lut for cells of type $lut.
Using template $paramod$5cd1a050f2af64c4630331d52db539b2daba86ea$lut for cells of type $lut.
Using template $paramod$6a956b10ea58c7b4d96cf265bf4ff071cd95fa80$lut for cells of type $lut.
Using template $paramod$ee619d6837639b4331eb8b7a0117ca103ae5e222$lut for cells of type $lut.
Using template $paramod$1d05848efd66549d5aa810a44bffa4584fd93178$lut for cells of type $lut.
Using template $paramod$422f53895ce75dc3895e9ed488b72736f1407d4e$lut for cells of type $lut.
Using template $paramod$d8ca6fe8b8943beccc071c56d30e458fe96f7ccc$lut for cells of type $lut.
Using template $paramod$04ae10f7d848c17f6abdd4c00ba30939b2cb4eb5$lut for cells of type $lut.
Using template $paramod$2c9afd3fda13972cfe4bcac1f1ecbcedee0c5c6a$lut for cells of type $lut.
Using template $paramod$1c15c0a6bc69395a755fd533822fec5d6ce402a4$lut for cells of type $lut.
Using template $paramod$cb90bb36fc4d37093cbc09a9de40b469ed1e2745$lut for cells of type $lut.
Using template $paramod$5adc0744972d412a87bad377fc9b6173013074e5$lut for cells of type $lut.
Using template $paramod$250a13165350d3777fa6ee3d1ff965e84759e2cc$lut for cells of type $lut.
Using template $paramod$9a7116b6bc9c218f8b83c981565df2c47d1bf9f6$lut for cells of type $lut.
Using template $paramod$c2e8cd2f4a38ca7dddfa7167af5a93adc167ec1c$lut for cells of type $lut.
Using template $paramod$bf43572103813a49420388daca627a042ee0765f$lut for cells of type $lut.
Using template $paramod$cbb0287cc57e820c02efdbc401af0df0961719af$lut for cells of type $lut.
Using template $paramod$01a70fec5741db40db04d62a85baa96f05a6ce55$lut for cells of type $lut.
Using template $paramod$acc7000d6ac71a936c5f499c825816fd4f6da8dd$lut for cells of type $lut.
Using template $paramod$c99d6388693e22ae00b8239aa15bc48e58246541$lut for cells of type $lut.
Using template $paramod$3c5d70140dc8f6498f8936166d71bfb60016d5b8$lut for cells of type $lut.
Using template $paramod$9eb44fa2a45c32470034ddcf6d934d0807fbf1c7$lut for cells of type $lut.
Using template $paramod$3d5f775c6b9d594f7d94497fc36803723c77ac48$lut for cells of type $lut.
Using template $paramod$bff98dc1c537284c0232eddac633eba4b19960fd$lut for cells of type $lut.
Using template $paramod$ad2ce66cdc5c68ee7d4f167f985ee747f33a83d7$lut for cells of type $lut.
Using template $paramod$6fff089ebc50f1eb9474d474a169620d56926266$lut for cells of type $lut.
Using template $paramod$a98a3f72381c953f685268dc923efa0bb245aa57$lut for cells of type $lut.
Using template $paramod$39c0466fa3f55ae820aafadf59fed24bd0c60a40$lut for cells of type $lut.
Using template $paramod$40614bc945b57aab95fbc31af093a3fc79ada1f6$lut for cells of type $lut.
Using template $paramod$b36a08c48d8034f1d877c84b12f0961c7a1315b3$lut for cells of type $lut.
Using template $paramod$8db64b3a6bc45d9e7bc738d864075f604b1e3bd8$lut for cells of type $lut.
Using template $paramod$7f21164a29286b30cd9ee1d32fa329413cf9841a$lut for cells of type $lut.
Using template $paramod$ced44bca7cddc5c520df0a5a763f3c58ec1b37bc$lut for cells of type $lut.
Using template $paramod$1f3d9e41b8852a046a8964629407ac2a74581a71$lut for cells of type $lut.
Using template $paramod$576a1a768889453ca292ddc838bff69a5e5748f7$lut for cells of type $lut.
Using template $paramod$3129c64ac02f22952f34386bd50757aae06cd5a6$lut for cells of type $lut.
Using template $paramod$e0b192dcf742212c7befd720b774997b20cd9310$lut for cells of type $lut.
Using template $paramod$26c6eee984c99ab7c3bb4a85cab5854f70684cc5$lut for cells of type $lut.
Using template $paramod$dad62816e8563071ff9681d53706b05859ca2d63$lut for cells of type $lut.
Using template $paramod$dfac8c3b8a76a57163cf9f081d625ce3e2b8d4d1$lut for cells of type $lut.
Using template $paramod$4e39277f03df4139c221b1d41df0571d560ea87b$lut for cells of type $lut.
Using template $paramod$252d6ae77c9657cecc8f96e4ca134e79596887a4$lut for cells of type $lut.
Using template $paramod$1935799f3f91d41cce432b22de02248c245c2d8b$lut for cells of type $lut.
Using template $paramod$74a7abff5a254a6561dcd5ee09255dddec113daa$lut for cells of type $lut.
Using template $paramod$2f0247e606a49a9706056d99b9e76dbf3c381bd5$lut for cells of type $lut.
Using template $paramod$2e8b2c31729db300de21d94199b586546c2df794$lut for cells of type $lut.
Using template $paramod$7ed4c969d0480c6fc03217cc24d69be97ee6ec02$lut for cells of type $lut.
Using template $paramod$90e98c6697b9a65fddbb193b6f7c185f10ecc02c$lut for cells of type $lut.
Using template $paramod$bbd1b045507f8f411351941590f6972d08e97b6b$lut for cells of type $lut.
Using template $paramod$a68673ed75bf0bcf4ae0ec773410833a724941ef$lut for cells of type $lut.
Using template $paramod$fb8df25a60231b1e0616acac747dcaf9f5a63657$lut for cells of type $lut.
Using template $paramod$b7b0668798106f883d662bbb190fd531f1bd68c2$lut for cells of type $lut.
Using template $paramod$47ba083ebfd1b19b74b0d2ceb26444419107c5ec$lut for cells of type $lut.
Using template $paramod$ec5f0a87871ab0bb42eb3f4243c0c1b78f1677fd$lut for cells of type $lut.
Using template $paramod$a546b0533fa17e475da50d80ad9a05300b7b4fc1$lut for cells of type $lut.
Using template $paramod$9952fcc83c15f54d5ebe5a02f6f523931b3d2cbe$lut for cells of type $lut.
Using template $paramod$3b6072f0af3dffcd0b53ee36c2601d955a2a7a58$lut for cells of type $lut.
Using template $paramod$b688a23b9013c2c1931126012e03337318ab4f14$lut for cells of type $lut.
Using template $paramod$bdd5b458056714f665850e4ba2f2349946cbbb22$lut for cells of type $lut.
Using template $paramod$77ad5b5a13077339c889d22d77e93cfd4da9d15f$lut for cells of type $lut.
Using template $paramod$c6a3089aeba8d23c85a6dd15f3a52a02058d3f83$lut for cells of type $lut.
Using template $paramod$98de9ef08fc35f91c1446acf8ddeeebbb4fe99dd$lut for cells of type $lut.
Using template $paramod$6431c688476747c9362502cacfebfbd13cbdb9aa$lut for cells of type $lut.
Using template $paramod$00ea0412a0bc82d76672c18b4a7150608a27e5f1$lut for cells of type $lut.
Using template $paramod$235ac5b240c334dc34a49d771618866987c926a2$lut for cells of type $lut.
Using template $paramod$655e4916ed05f5e7bc42f11d4a0ad3ecb4ce13e6$lut for cells of type $lut.
Using template $paramod$32f70bc52c0e4488fe9ad8b0fa933a64f352467d$lut for cells of type $lut.
Using template $paramod$862f32711db1efa60b63f13b323c9a6192d0408f$lut for cells of type $lut.
Using template $paramod$f1648a193cf875c2027818d68a276e5e5c3ce280$lut for cells of type $lut.
Using template $paramod$ed6fac40935c6735c74895bc66ee912530bb97c8$lut for cells of type $lut.
Using template $paramod$0f3d180b8d8dfbd38e30e122cfea20f08500d744$lut for cells of type $lut.
Using template $paramod$413c391b27b7029a281debabe4ca09386bbe9283$lut for cells of type $lut.
Using template $paramod$0bcd61f4fe25fd84d3df6ca7e0c9ff83f31b909e$lut for cells of type $lut.
Using template $paramod$c105dec20cc909f62ed0b63ecd8e2ec8a3c8112b$lut for cells of type $lut.
Using template $paramod$daf594d91317cd47974366948dcc119eb69eb755$lut for cells of type $lut.
Using template $paramod$b76724d2153afbf5a3b409393ccff81f27687a13$lut for cells of type $lut.
Using template $paramod$1b0bcb10af04082079fad7823ecdef99b9f06af0$lut for cells of type $lut.
Using template $paramod$0b952748b0515cfc61117b7b5c1fbe36118e7f08$lut for cells of type $lut.
Using template $paramod$16c0cdae787834c4c36eb3cd833ecb90bd4b526c$lut for cells of type $lut.
Using template $paramod$c0bbeddc2125430565cee910efd1424cd77fba78$lut for cells of type $lut.
Using template $paramod$748adcdb63af6fe1581ae3ee17a340918dba298b$lut for cells of type $lut.
Using template $paramod$6bab8328e7f745df6186cae1ea164003b043e7a0$lut for cells of type $lut.
Using template $paramod$25e347ea68d0a37e6ec89a3d8824b9d52e250ab2$lut for cells of type $lut.
Using template $paramod$bea1ac0235e99ad19149e0cdd4df9047634d73dd$lut for cells of type $lut.
Using template $paramod$81ecd7a8aa42a1a25f6ba4dcbe0a946bf944f330$lut for cells of type $lut.
Using template $paramod$569d344c064a17e2d1c44e3637f07eaa9634edcd$lut for cells of type $lut.
Using template $paramod$4d3fe4968a54525d28bb182278d3a151de9eef84$lut for cells of type $lut.
Using template $paramod$cb70bbdd0a1fbdd472d7f7d63e04a5817acafb34$lut for cells of type $lut.
Using template $paramod$9a764b441343aaedc716152d2f1dcd7d16c7392a$lut for cells of type $lut.
Using template $paramod$ab595990e95cfd04fe8d5e9cd212eafff8607462$lut for cells of type $lut.
Using template $paramod$cf72c17ff896f0116cb95fcbf446b4c722cc14ff$lut for cells of type $lut.
Using template $paramod$4fc26a26f8f4ed759597a326227d776e659d56a0$lut for cells of type $lut.
Using template $paramod$f8ff9ff0d34e730cc3eeaeb21cbb90bb4b25d94c$lut for cells of type $lut.
Using template $paramod$014cba910b0993b0fc897676d22f3c00cfc046fc$lut for cells of type $lut.
Using template $paramod$f4965ec4c1c1dc5c2774bdec40d55e20189ae43f$lut for cells of type $lut.
Using template $paramod$6685b9b26f4878409e44e389421cce071fcf7d33$lut for cells of type $lut.
Using template $paramod$042b5ce90959eb10678f2f19aa05776f59e86ff2$lut for cells of type $lut.
Using template $paramod$9a70a52336e75a61f6a6d800b7d417cf69e95e30$lut for cells of type $lut.
Using template $paramod$09dbe61e58773048a674851ccc0b491df7fd71e3$lut for cells of type $lut.
Using template $paramod$8b2122b6432b98b11bd6aa038af92699addad7f2$lut for cells of type $lut.
Using template $paramod$40775959f6ebb8702ba9e7ad6851a55ac94b4e67$lut for cells of type $lut.
Using template $paramod$c61028b143f9a69fecb8c3fc1396b64ed22daaa8$lut for cells of type $lut.
Using template $paramod$a0acabe5546d2eea8525917dea57621f6fe22994$lut for cells of type $lut.
Using template $paramod$d1e04f2df8692a90bcb3eb2af282e8b075456081$lut for cells of type $lut.
Using template $paramod$f3e4d2947a6a5ddebfa778248400748fca18e461$lut for cells of type $lut.
Using template $paramod$979c40f116199851a13a70cd3ce111ed8bf5d5f7$lut for cells of type $lut.
Using template $paramod$dfe7b5bd1008c10a12575bfd4f1ef408b354a4fb$lut for cells of type $lut.
Using template $paramod$f43fef0e003b0d4eefa7f2faff7dafe3568472b1$lut for cells of type $lut.
Using template $paramod$3b471cdf99aebc951687b53eba863d77f71be059$lut for cells of type $lut.
Using template $paramod$f7b5dabc99f4c5cd651d8970505f6b808ee2a975$lut for cells of type $lut.
Using template $paramod$eaa2eb43bf559d9bc4f1bf8eb51cdfef00a8c702$lut for cells of type $lut.
Using template $paramod$d7f093525642b16fe6dc50d5eb9f3daa9a679f90$lut for cells of type $lut.
Using template $paramod$0e1e8a76d849da1aae6abe12c63e97ae53bfcf05$lut for cells of type $lut.
Using template $paramod$3fb683eea6eec7dcb3436d9e6621715a2bb70ba0$lut for cells of type $lut.
Using template $paramod$bfb577dc64a0ccdae21e849cf7f8f3adaa7e833b$lut for cells of type $lut.
Using template $paramod$b75e45810953e739ebe9984599db2a15e0b409d8$lut for cells of type $lut.
Using template $paramod$740eef353b1f54ce1f6c5ae3e10e06ad53cce914$lut for cells of type $lut.
Using template $paramod$aec5b64ce86bb8a4131deb84ac5ab853d593125e$lut for cells of type $lut.
Using template $paramod$293cd2eb774c8a07434799b761e55c314cd9fa4c$lut for cells of type $lut.
Using template $paramod$91d502dd64c8c0307d7fc8f8c27856fa700c8261$lut for cells of type $lut.
Using template $paramod$ed06f4aa48d9b882c4e9f7a9911544127ad13e10$lut for cells of type $lut.
Using template $paramod$2e96195c29c989831ff803db6650a2b515720aa0$lut for cells of type $lut.
Using template $paramod$02eae98b318a1593703a6c3ae1adf68b717405d9$lut for cells of type $lut.
Using template $paramod$ae29cf4f6d4f936b934720112d5dd7a8ebe21fb1$lut for cells of type $lut.
Using template $paramod$6551a1d7ed3476de8df614aeda3fce8237382e4e$lut for cells of type $lut.
Using template $paramod$f2c0b7226b1a079e10fd4953f6092804a28953ab$lut for cells of type $lut.
Using template $paramod$7bf5c7e8111d212d04ecab429d7995cff1f67aeb$lut for cells of type $lut.
Using template $paramod$d4ed84d5cc8a4b6170b6f5384f2795f77ef21b90$lut for cells of type $lut.
Using template $paramod$67fe7d0edf0d256482317e738cfef77238261bdf$lut for cells of type $lut.
Using template $paramod$94ac6b7bbb88d0cc562c4733f2e9fc3ea86715bc$lut for cells of type $lut.
Using template $paramod$302f358cc5d86d01bd847d3d950688b9a7d8793f$lut for cells of type $lut.
Using template $paramod$505a1673667fc4a49302c3cc34e61c6318a6d874$lut for cells of type $lut.
Using template $paramod$3324f054d78795f91646efb4e467683ebd6d753f$lut for cells of type $lut.
Using template $paramod$6eadbe8f95d5c29a1d795ee848cdcae487626f00$lut for cells of type $lut.
Using template $paramod$3ddaafd43496128aa0f2b365d69c32bd09d66d0d$lut for cells of type $lut.
Using template $paramod$47cc729cb518de0201a088024cb5932b4b3e5eda$lut for cells of type $lut.
Using template $paramod$519a83ab4c537503d75bd7b52ebe55ff9a07ddb5$lut for cells of type $lut.
Using template $paramod$b0bfae2b3579f656c8aeb9a16bcebea08da6dfcc$lut for cells of type $lut.
Using template $paramod$059a18b83f440098c69d0c68999bb03d1f1b1ff8$lut for cells of type $lut.
Using template $paramod$a6486c959d4248a95ea4a68b28e721d2c1eb7c23$lut for cells of type $lut.
Using template $paramod$f127c45fa2ab960aaa616eb011ea9002e54bc190$lut for cells of type $lut.
Using template $paramod$8eff3bbb76a75fb2c45f2c48cdad9dda28b75cc8$lut for cells of type $lut.
Using template $paramod$f804160aded9271e6ad4c148aa9779872ea8cf3b$lut for cells of type $lut.
Using template $paramod$ae016047518365ef1edcb410638935fd2e830df9$lut for cells of type $lut.
Using template $paramod$ea0a782270cbebe4c72becfd701f94f80c4ba914$lut for cells of type $lut.
Using template $paramod$f45c23ef6308c5db3a0efb7e3079041dd286a160$lut for cells of type $lut.
Using template $paramod$825bc103cb3450feacadae96b7af0d884bec3428$lut for cells of type $lut.
Using template $paramod$3ae70c96a303dcfa2adae6cd3477fe1febd9310d$lut for cells of type $lut.
Using template $paramod$bc47072874ca9d88b81c309e1fc2222112c85db5$lut for cells of type $lut.
Using template $paramod$40fee15a9b488d606dfb5a707f6421b4bfc3bc9b$lut for cells of type $lut.
Using template $paramod$6c324f274cc55723981ff93567f8f06ed63bcee3$lut for cells of type $lut.
Using template $paramod$bf55e41ef19adbe8c679ae1da061306dcc6b30f7$lut for cells of type $lut.
No more expansions possible.
<suppressed ~22852 debug messages>

18.46. Executing OPT_LUT_INS pass (discard unused LUT inputs).
Optimizing LUTs in top.
  Optimizing lut $abc$40721$lut$aiger40720$2523.genblk1.genblk1.genblk1.genblk1.genblk1.genblk1.genblk1.genblk1.lut1.genblk1.genblk1.genblk1.genblk1.genblk1.genblk1.genblk1.lut0.genblk1.genblk1.genblk1.genblk1.genblk1.genblk1.lut0.genblk1.genblk1.genblk1.genblk1.genblk1.lut1 (4 -> 0)
  Optimizing lut $abc$40721$lut$aiger40720$11592.genblk1.genblk1.genblk1.genblk1.genblk1.genblk1.genblk1.genblk1.lut1.genblk1.genblk1.genblk1.genblk1.genblk1.genblk1.genblk1.lut1.genblk1.genblk1.genblk1.genblk1.genblk1.genblk1.lut1.genblk1.genblk1.genblk1.genblk1.genblk1.lut0 (4 -> 3)
  Optimizing lut $abc$40721$lut$aiger40720$11592.genblk1.genblk1.genblk1.genblk1.genblk1.genblk1.genblk1.genblk1.lut0.genblk1.genblk1.genblk1.genblk1.genblk1.genblk1.genblk1.lut0.genblk1.genblk1.genblk1.genblk1.genblk1.genblk1.lut0.genblk1.genblk1.genblk1.genblk1.genblk1.lut0 (4 -> 3)
  Optimizing lut $abc$40721$lut$aiger40720$11592.genblk1.genblk1.genblk1.genblk1.genblk1.genblk1.genblk1.genblk1.lut0.genblk1.genblk1.genblk1.genblk1.genblk1.genblk1.genblk1.lut1.genblk1.genblk1.genblk1.genblk1.genblk1.genblk1.lut1.genblk1.genblk1.genblk1.genblk1.genblk1.lut0 (4 -> 3)
  Optimizing lut $abc$40721$lut$aiger40720$2716.genblk1.genblk1.genblk1.genblk1.genblk1.genblk1.genblk1.genblk1.lut1.genblk1.genblk1.genblk1.genblk1.genblk1.genblk1.genblk1.lut0.genblk1.genblk1.genblk1.genblk1.genblk1.genblk1.lut0.genblk1.genblk1.genblk1.genblk1.genblk1.lut0 (4 -> 0)
  Optimizing lut $abc$40721$lut$aiger40720$2716.genblk1.genblk1.genblk1.genblk1.genblk1.genblk1.genblk1.genblk1.lut1.genblk1.genblk1.genblk1.genblk1.genblk1.genblk1.genblk1.lut1.genblk1.genblk1.genblk1.genblk1.genblk1.genblk1.lut1.genblk1.genblk1.genblk1.genblk1.genblk1.lut0 (4 -> 1)
  Optimizing lut $abc$40721$lut$aiger40720$2716.genblk1.genblk1.genblk1.genblk1.genblk1.genblk1.genblk1.genblk1.lut1.genblk1.genblk1.genblk1.genblk1.genblk1.genblk1.genblk1.lut1.genblk1.genblk1.genblk1.genblk1.genblk1.genblk1.lut0.genblk1.genblk1.genblk1.genblk1.genblk1.lut0 (4 -> 0)
  Optimizing lut $abc$40721$lut$aiger40720$2716.genblk1.genblk1.genblk1.genblk1.genblk1.genblk1.genblk1.genblk1.lut0.genblk1.genblk1.genblk1.genblk1.genblk1.genblk1.genblk1.lut0.genblk1.genblk1.genblk1.genblk1.genblk1.genblk1.lut1.genblk1.genblk1.genblk1.genblk1.genblk1.lut0 (4 -> 1)
  Optimizing lut $abc$40721$lut$aiger40720$2716.genblk1.genblk1.genblk1.genblk1.genblk1.genblk1.genblk1.genblk1.lut0.genblk1.genblk1.genblk1.genblk1.genblk1.genblk1.genblk1.lut0.genblk1.genblk1.genblk1.genblk1.genblk1.genblk1.lut0.genblk1.genblk1.genblk1.genblk1.genblk1.lut0 (4 -> 0)
  Optimizing lut $abc$40721$lut$aiger40720$2716.genblk1.genblk1.genblk1.genblk1.genblk1.genblk1.genblk1.genblk1.lut0.genblk1.genblk1.genblk1.genblk1.genblk1.genblk1.genblk1.lut1.genblk1.genblk1.genblk1.genblk1.genblk1.genblk1.lut1.genblk1.genblk1.genblk1.genblk1.genblk1.lut0 (4 -> 0)
  Optimizing lut $abc$40721$lut$aiger40720$2716.genblk1.genblk1.genblk1.genblk1.genblk1.genblk1.genblk1.genblk1.lut0.genblk1.genblk1.genblk1.genblk1.genblk1.genblk1.genblk1.lut1.genblk1.genblk1.genblk1.genblk1.genblk1.genblk1.lut0.genblk1.genblk1.genblk1.genblk1.genblk1.lut0 (4 -> 0)
  Optimizing lut $abc$40721$lut$aiger40720$2729.genblk1.genblk1.genblk1.genblk1.genblk1.genblk1.genblk1.genblk1.lut1.genblk1.genblk1.genblk1.genblk1.genblk1.genblk1.genblk1.lut0.genblk1.genblk1.genblk1.genblk1.genblk1.genblk1.lut1.genblk1.genblk1.genblk1.genblk1.genblk1.lut0 (4 -> 0)
  Optimizing lut $abc$40721$lut$aiger40720$2729.genblk1.genblk1.genblk1.genblk1.genblk1.genblk1.genblk1.genblk1.lut1.genblk1.genblk1.genblk1.genblk1.genblk1.genblk1.genblk1.lut0.genblk1.genblk1.genblk1.genblk1.genblk1.genblk1.lut0.genblk1.genblk1.genblk1.genblk1.genblk1.lut0 (4 -> 0)
  Optimizing lut $abc$40721$lut$aiger40720$2729.genblk1.genblk1.genblk1.genblk1.genblk1.genblk1.genblk1.genblk1.lut1.genblk1.genblk1.genblk1.genblk1.genblk1.genblk1.genblk1.lut1.genblk1.genblk1.genblk1.genblk1.genblk1.genblk1.lut1.genblk1.genblk1.genblk1.genblk1.genblk1.lut0 (4 -> 0)
  Optimizing lut $abc$40721$lut$aiger40720$2729.genblk1.genblk1.genblk1.genblk1.genblk1.genblk1.genblk1.genblk1.lut1.genblk1.genblk1.genblk1.genblk1.genblk1.genblk1.genblk1.lut1.genblk1.genblk1.genblk1.genblk1.genblk1.genblk1.lut0.genblk1.genblk1.genblk1.genblk1.genblk1.lut0 (4 -> 0)
  Optimizing lut $abc$40721$lut$aiger40720$2729.genblk1.genblk1.genblk1.genblk1.genblk1.genblk1.genblk1.genblk1.lut0.genblk1.genblk1.genblk1.genblk1.genblk1.genblk1.genblk1.lut0.genblk1.genblk1.genblk1.genblk1.genblk1.genblk1.lut1.genblk1.genblk1.genblk1.genblk1.genblk1.lut0 (4 -> 0)
  Optimizing lut $abc$40721$lut$aiger40720$2729.genblk1.genblk1.genblk1.genblk1.genblk1.genblk1.genblk1.genblk1.lut0.genblk1.genblk1.genblk1.genblk1.genblk1.genblk1.genblk1.lut0.genblk1.genblk1.genblk1.genblk1.genblk1.genblk1.lut0.genblk1.genblk1.genblk1.genblk1.genblk1.lut0 (4 -> 0)
  Optimizing lut $abc$40721$lut$aiger40720$2729.genblk1.genblk1.genblk1.genblk1.genblk1.genblk1.genblk1.genblk1.lut0.genblk1.genblk1.genblk1.genblk1.genblk1.genblk1.genblk1.lut1.genblk1.genblk1.genblk1.genblk1.genblk1.genblk1.lut1.genblk1.genblk1.genblk1.genblk1.genblk1.lut0 (4 -> 0)
  Optimizing lut $abc$40721$lut$aiger40720$2729.genblk1.genblk1.genblk1.genblk1.genblk1.genblk1.genblk1.genblk1.lut0.genblk1.genblk1.genblk1.genblk1.genblk1.genblk1.genblk1.lut1.genblk1.genblk1.genblk1.genblk1.genblk1.genblk1.lut0.genblk1.genblk1.genblk1.genblk1.genblk1.lut0 (4 -> 0)
  Optimizing lut $abc$40721$lut$aiger40720$2742.genblk1.genblk1.genblk1.genblk1.genblk1.genblk1.genblk1.genblk1.lut1.genblk1.genblk1.genblk1.genblk1.genblk1.genblk1.genblk1.lut0.genblk1.genblk1.genblk1.genblk1.genblk1.genblk1.lut1.genblk1.genblk1.genblk1.genblk1.genblk1.lut0 (4 -> 0)
  Optimizing lut $abc$40721$lut$aiger40720$2742.genblk1.genblk1.genblk1.genblk1.genblk1.genblk1.genblk1.genblk1.lut1.genblk1.genblk1.genblk1.genblk1.genblk1.genblk1.genblk1.lut0.genblk1.genblk1.genblk1.genblk1.genblk1.genblk1.lut0.genblk1.genblk1.genblk1.genblk1.genblk1.lut0 (4 -> 1)
  Optimizing lut $abc$40721$lut$aiger40720$2742.genblk1.genblk1.genblk1.genblk1.genblk1.genblk1.genblk1.genblk1.lut1.genblk1.genblk1.genblk1.genblk1.genblk1.genblk1.genblk1.lut1.genblk1.genblk1.genblk1.genblk1.genblk1.genblk1.lut1.genblk1.genblk1.genblk1.genblk1.genblk1.lut0 (4 -> 0)
  Optimizing lut $abc$40721$lut$aiger40720$2742.genblk1.genblk1.genblk1.genblk1.genblk1.genblk1.genblk1.genblk1.lut1.genblk1.genblk1.genblk1.genblk1.genblk1.genblk1.genblk1.lut1.genblk1.genblk1.genblk1.genblk1.genblk1.genblk1.lut0.genblk1.genblk1.genblk1.genblk1.genblk1.lut0 (4 -> 1)
  Optimizing lut $abc$40721$lut$aiger40720$2742.genblk1.genblk1.genblk1.genblk1.genblk1.genblk1.genblk1.genblk1.lut0.genblk1.genblk1.genblk1.genblk1.genblk1.genblk1.genblk1.lut0.genblk1.genblk1.genblk1.genblk1.genblk1.genblk1.lut1.genblk1.genblk1.genblk1.genblk1.genblk1.lut0 (4 -> 0)
  Optimizing lut $abc$40721$lut$aiger40720$2742.genblk1.genblk1.genblk1.genblk1.genblk1.genblk1.genblk1.genblk1.lut0.genblk1.genblk1.genblk1.genblk1.genblk1.genblk1.genblk1.lut0.genblk1.genblk1.genblk1.genblk1.genblk1.genblk1.lut0.genblk1.genblk1.genblk1.genblk1.genblk1.lut0 (4 -> 0)
  Optimizing lut $abc$40721$lut$aiger40720$2742.genblk1.genblk1.genblk1.genblk1.genblk1.genblk1.genblk1.genblk1.lut0.genblk1.genblk1.genblk1.genblk1.genblk1.genblk1.genblk1.lut1.genblk1.genblk1.genblk1.genblk1.genblk1.genblk1.lut1.genblk1.genblk1.genblk1.genblk1.genblk1.lut0 (4 -> 0)
  Optimizing lut $abc$40721$lut$aiger40720$2742.genblk1.genblk1.genblk1.genblk1.genblk1.genblk1.genblk1.genblk1.lut0.genblk1.genblk1.genblk1.genblk1.genblk1.genblk1.genblk1.lut1.genblk1.genblk1.genblk1.genblk1.genblk1.genblk1.lut0.genblk1.genblk1.genblk1.genblk1.genblk1.lut0 (4 -> 1)
  Optimizing lut $abc$40721$lut$aiger40720$2755.genblk1.genblk1.genblk1.genblk1.genblk1.genblk1.genblk1.genblk1.lut1.genblk1.genblk1.genblk1.genblk1.genblk1.genblk1.genblk1.lut0.genblk1.genblk1.genblk1.genblk1.genblk1.genblk1.lut1.genblk1.genblk1.genblk1.genblk1.genblk1.lut0 (4 -> 0)
  Optimizing lut $abc$40721$lut$aiger40720$2755.genblk1.genblk1.genblk1.genblk1.genblk1.genblk1.genblk1.genblk1.lut1.genblk1.genblk1.genblk1.genblk1.genblk1.genblk1.genblk1.lut0.genblk1.genblk1.genblk1.genblk1.genblk1.genblk1.lut0.genblk1.genblk1.genblk1.genblk1.genblk1.lut0 (4 -> 0)
  Optimizing lut $abc$40721$lut$aiger40720$2755.genblk1.genblk1.genblk1.genblk1.genblk1.genblk1.genblk1.genblk1.lut1.genblk1.genblk1.genblk1.genblk1.genblk1.genblk1.genblk1.lut1.genblk1.genblk1.genblk1.genblk1.genblk1.genblk1.lut1.genblk1.genblk1.genblk1.genblk1.genblk1.lut0 (4 -> 0)
  Optimizing lut $abc$40721$lut$aiger40720$2755.genblk1.genblk1.genblk1.genblk1.genblk1.genblk1.genblk1.genblk1.lut1.genblk1.genblk1.genblk1.genblk1.genblk1.genblk1.genblk1.lut1.genblk1.genblk1.genblk1.genblk1.genblk1.genblk1.lut0.genblk1.genblk1.genblk1.genblk1.genblk1.lut0 (4 -> 0)
  Optimizing lut $abc$40721$lut$aiger40720$2755.genblk1.genblk1.genblk1.genblk1.genblk1.genblk1.genblk1.genblk1.lut0.genblk1.genblk1.genblk1.genblk1.genblk1.genblk1.genblk1.lut0.genblk1.genblk1.genblk1.genblk1.genblk1.genblk1.lut1.genblk1.genblk1.genblk1.genblk1.genblk1.lut0 (4 -> 0)
  Optimizing lut $abc$40721$lut$aiger40720$2755.genblk1.genblk1.genblk1.genblk1.genblk1.genblk1.genblk1.genblk1.lut0.genblk1.genblk1.genblk1.genblk1.genblk1.genblk1.genblk1.lut0.genblk1.genblk1.genblk1.genblk1.genblk1.genblk1.lut0.genblk1.genblk1.genblk1.genblk1.genblk1.lut0 (4 -> 1)
  Optimizing lut $abc$40721$lut$aiger40720$2755.genblk1.genblk1.genblk1.genblk1.genblk1.genblk1.genblk1.genblk1.lut0.genblk1.genblk1.genblk1.genblk1.genblk1.genblk1.genblk1.lut1.genblk1.genblk1.genblk1.genblk1.genblk1.genblk1.lut1.genblk1.genblk1.genblk1.genblk1.genblk1.lut0 (4 -> 1)
  Optimizing lut $abc$40721$lut$aiger40720$2755.genblk1.genblk1.genblk1.genblk1.genblk1.genblk1.genblk1.genblk1.lut0.genblk1.genblk1.genblk1.genblk1.genblk1.genblk1.genblk1.lut1.genblk1.genblk1.genblk1.genblk1.genblk1.genblk1.lut0.genblk1.genblk1.genblk1.genblk1.genblk1.lut0 (4 -> 0)
  Optimizing lut $abc$40721$lut$aiger40720$6034.genblk1.genblk1.genblk1.genblk1.genblk1.genblk1.genblk1.genblk1.lut1.genblk1.genblk1.genblk1.genblk1.genblk1.genblk1.genblk1.lut0.genblk1.genblk1.genblk1.genblk1.genblk1.genblk1.lut1.genblk1.genblk1.genblk1.genblk1.genblk1.lut0 (4 -> 0)
  Optimizing lut $abc$40721$lut$aiger40720$6034.genblk1.genblk1.genblk1.genblk1.genblk1.genblk1.genblk1.genblk1.lut1.genblk1.genblk1.genblk1.genblk1.genblk1.genblk1.genblk1.lut0.genblk1.genblk1.genblk1.genblk1.genblk1.genblk1.lut0.genblk1.genblk1.genblk1.genblk1.genblk1.lut0 (4 -> 0)
  Optimizing lut $abc$40721$lut$aiger40720$6034.genblk1.genblk1.genblk1.genblk1.genblk1.genblk1.genblk1.genblk1.lut1.genblk1.genblk1.genblk1.genblk1.genblk1.genblk1.genblk1.lut1.genblk1.genblk1.genblk1.genblk1.genblk1.genblk1.lut1.genblk1.genblk1.genblk1.genblk1.genblk1.lut0 (4 -> 0)
  Optimizing lut $abc$40721$lut$aiger40720$6034.genblk1.genblk1.genblk1.genblk1.genblk1.genblk1.genblk1.genblk1.lut1.genblk1.genblk1.genblk1.genblk1.genblk1.genblk1.genblk1.lut1.genblk1.genblk1.genblk1.genblk1.genblk1.genblk1.lut0.genblk1.genblk1.genblk1.genblk1.genblk1.lut0 (4 -> 1)
  Optimizing lut $abc$40721$lut$aiger40720$6034.genblk1.genblk1.genblk1.genblk1.genblk1.genblk1.genblk1.genblk1.lut0.genblk1.genblk1.genblk1.genblk1.genblk1.genblk1.genblk1.lut0.genblk1.genblk1.genblk1.genblk1.genblk1.genblk1.lut1.genblk1.genblk1.genblk1.genblk1.genblk1.lut0 (4 -> 0)
  Optimizing lut $abc$40721$lut$aiger40720$6034.genblk1.genblk1.genblk1.genblk1.genblk1.genblk1.genblk1.genblk1.lut0.genblk1.genblk1.genblk1.genblk1.genblk1.genblk1.genblk1.lut0.genblk1.genblk1.genblk1.genblk1.genblk1.genblk1.lut0.genblk1.genblk1.genblk1.genblk1.genblk1.lut0 (4 -> 1)
  Optimizing lut $abc$40721$lut$aiger40720$6034.genblk1.genblk1.genblk1.genblk1.genblk1.genblk1.genblk1.genblk1.lut0.genblk1.genblk1.genblk1.genblk1.genblk1.genblk1.genblk1.lut1.genblk1.genblk1.genblk1.genblk1.genblk1.genblk1.lut1.genblk1.genblk1.genblk1.genblk1.genblk1.lut0 (4 -> 1)
  Optimizing lut $abc$40721$lut$aiger40720$6034.genblk1.genblk1.genblk1.genblk1.genblk1.genblk1.genblk1.genblk1.lut0.genblk1.genblk1.genblk1.genblk1.genblk1.genblk1.genblk1.lut1.genblk1.genblk1.genblk1.genblk1.genblk1.genblk1.lut0.genblk1.genblk1.genblk1.genblk1.genblk1.lut0 (4 -> 0)
  Optimizing lut $abc$40721$lut$aiger40720$6045.genblk1.genblk1.genblk1.genblk1.genblk1.genblk1.genblk1.genblk1.lut1.genblk1.genblk1.genblk1.genblk1.genblk1.genblk1.genblk1.lut0.genblk1.genblk1.genblk1.genblk1.genblk1.genblk1.lut1.genblk1.genblk1.genblk1.genblk1.genblk1.lut0 (4 -> 0)
  Optimizing lut $abc$40721$lut$aiger40720$6045.genblk1.genblk1.genblk1.genblk1.genblk1.genblk1.genblk1.genblk1.lut1.genblk1.genblk1.genblk1.genblk1.genblk1.genblk1.genblk1.lut0.genblk1.genblk1.genblk1.genblk1.genblk1.genblk1.lut0.genblk1.genblk1.genblk1.genblk1.genblk1.lut0 (4 -> 0)
  Optimizing lut $abc$40721$lut$aiger40720$6045.genblk1.genblk1.genblk1.genblk1.genblk1.genblk1.genblk1.genblk1.lut1.genblk1.genblk1.genblk1.genblk1.genblk1.genblk1.genblk1.lut1.genblk1.genblk1.genblk1.genblk1.genblk1.genblk1.lut1.genblk1.genblk1.genblk1.genblk1.genblk1.lut0 (4 -> 0)
  Optimizing lut $abc$40721$lut$aiger40720$6045.genblk1.genblk1.genblk1.genblk1.genblk1.genblk1.genblk1.genblk1.lut1.genblk1.genblk1.genblk1.genblk1.genblk1.genblk1.genblk1.lut1.genblk1.genblk1.genblk1.genblk1.genblk1.genblk1.lut0.genblk1.genblk1.genblk1.genblk1.genblk1.lut0 (4 -> 0)
  Optimizing lut $abc$40721$lut$aiger40720$6045.genblk1.genblk1.genblk1.genblk1.genblk1.genblk1.genblk1.genblk1.lut0.genblk1.genblk1.genblk1.genblk1.genblk1.genblk1.genblk1.lut0.genblk1.genblk1.genblk1.genblk1.genblk1.genblk1.lut1.genblk1.genblk1.genblk1.genblk1.genblk1.lut0 (4 -> 0)
  Optimizing lut $abc$40721$lut$aiger40720$6045.genblk1.genblk1.genblk1.genblk1.genblk1.genblk1.genblk1.genblk1.lut0.genblk1.genblk1.genblk1.genblk1.genblk1.genblk1.genblk1.lut0.genblk1.genblk1.genblk1.genblk1.genblk1.genblk1.lut0.genblk1.genblk1.genblk1.genblk1.genblk1.lut0 (4 -> 0)
  Optimizing lut $abc$40721$lut$aiger40720$6045.genblk1.genblk1.genblk1.genblk1.genblk1.genblk1.genblk1.genblk1.lut0.genblk1.genblk1.genblk1.genblk1.genblk1.genblk1.genblk1.lut1.genblk1.genblk1.genblk1.genblk1.genblk1.genblk1.lut1.genblk1.genblk1.genblk1.genblk1.genblk1.lut0 (4 -> 0)
  Optimizing lut $abc$40721$lut$aiger40720$6045.genblk1.genblk1.genblk1.genblk1.genblk1.genblk1.genblk1.genblk1.lut0.genblk1.genblk1.genblk1.genblk1.genblk1.genblk1.genblk1.lut1.genblk1.genblk1.genblk1.genblk1.genblk1.genblk1.lut0.genblk1.genblk1.genblk1.genblk1.genblk1.lut0 (4 -> 0)
  Optimizing lut $abc$40721$lut$aiger40720$6061.genblk1.genblk1.genblk1.genblk1.genblk1.genblk1.genblk1.genblk1.lut1.genblk1.genblk1.genblk1.genblk1.genblk1.genblk1.genblk1.lut0.genblk1.genblk1.genblk1.genblk1.genblk1.genblk1.lut1.genblk1.genblk1.genblk1.genblk1.genblk1.lut0 (4 -> 0)
  Optimizing lut $abc$40721$lut$aiger40720$6061.genblk1.genblk1.genblk1.genblk1.genblk1.genblk1.genblk1.genblk1.lut1.genblk1.genblk1.genblk1.genblk1.genblk1.genblk1.genblk1.lut0.genblk1.genblk1.genblk1.genblk1.genblk1.genblk1.lut0.genblk1.genblk1.genblk1.genblk1.genblk1.lut0 (4 -> 0)
  Optimizing lut $abc$40721$lut$aiger40720$6061.genblk1.genblk1.genblk1.genblk1.genblk1.genblk1.genblk1.genblk1.lut1.genblk1.genblk1.genblk1.genblk1.genblk1.genblk1.genblk1.lut1.genblk1.genblk1.genblk1.genblk1.genblk1.genblk1.lut1.genblk1.genblk1.genblk1.genblk1.genblk1.lut0 (4 -> 0)
  Optimizing lut $abc$40721$lut$aiger40720$6061.genblk1.genblk1.genblk1.genblk1.genblk1.genblk1.genblk1.genblk1.lut1.genblk1.genblk1.genblk1.genblk1.genblk1.genblk1.genblk1.lut1.genblk1.genblk1.genblk1.genblk1.genblk1.genblk1.lut0.genblk1.genblk1.genblk1.genblk1.genblk1.lut0 (4 -> 0)
  Optimizing lut $abc$40721$lut$aiger40720$6061.genblk1.genblk1.genblk1.genblk1.genblk1.genblk1.genblk1.genblk1.lut0.genblk1.genblk1.genblk1.genblk1.genblk1.genblk1.genblk1.lut0.genblk1.genblk1.genblk1.genblk1.genblk1.genblk1.lut1.genblk1.genblk1.genblk1.genblk1.genblk1.lut0 (4 -> 1)
  Optimizing lut $abc$40721$lut$aiger40720$6061.genblk1.genblk1.genblk1.genblk1.genblk1.genblk1.genblk1.genblk1.lut0.genblk1.genblk1.genblk1.genblk1.genblk1.genblk1.genblk1.lut0.genblk1.genblk1.genblk1.genblk1.genblk1.genblk1.lut0.genblk1.genblk1.genblk1.genblk1.genblk1.lut0 (4 -> 0)
  Optimizing lut $abc$40721$lut$aiger40720$6061.genblk1.genblk1.genblk1.genblk1.genblk1.genblk1.genblk1.genblk1.lut0.genblk1.genblk1.genblk1.genblk1.genblk1.genblk1.genblk1.lut1.genblk1.genblk1.genblk1.genblk1.genblk1.genblk1.lut1.genblk1.genblk1.genblk1.genblk1.genblk1.lut0 (4 -> 0)
  Optimizing lut $abc$40721$lut$aiger40720$6061.genblk1.genblk1.genblk1.genblk1.genblk1.genblk1.genblk1.genblk1.lut0.genblk1.genblk1.genblk1.genblk1.genblk1.genblk1.genblk1.lut1.genblk1.genblk1.genblk1.genblk1.genblk1.genblk1.lut0.genblk1.genblk1.genblk1.genblk1.genblk1.lut0 (4 -> 1)
  Optimizing lut $abc$40721$lut$aiger40720$6074.genblk1.genblk1.genblk1.genblk1.genblk1.genblk1.genblk1.genblk1.lut1.genblk1.genblk1.genblk1.genblk1.genblk1.genblk1.genblk1.lut0.genblk1.genblk1.genblk1.genblk1.genblk1.genblk1.lut1.genblk1.genblk1.genblk1.genblk1.genblk1.lut0 (4 -> 1)
  Optimizing lut $abc$40721$lut$aiger40720$6074.genblk1.genblk1.genblk1.genblk1.genblk1.genblk1.genblk1.genblk1.lut1.genblk1.genblk1.genblk1.genblk1.genblk1.genblk1.genblk1.lut0.genblk1.genblk1.genblk1.genblk1.genblk1.genblk1.lut0.genblk1.genblk1.genblk1.genblk1.genblk1.lut0 (4 -> 1)
  Optimizing lut $abc$40721$lut$aiger40720$6074.genblk1.genblk1.genblk1.genblk1.genblk1.genblk1.genblk1.genblk1.lut1.genblk1.genblk1.genblk1.genblk1.genblk1.genblk1.genblk1.lut1.genblk1.genblk1.genblk1.genblk1.genblk1.genblk1.lut1.genblk1.genblk1.genblk1.genblk1.genblk1.lut0 (4 -> 1)
  Optimizing lut $abc$40721$lut$aiger40720$6074.genblk1.genblk1.genblk1.genblk1.genblk1.genblk1.genblk1.genblk1.lut1.genblk1.genblk1.genblk1.genblk1.genblk1.genblk1.genblk1.lut1.genblk1.genblk1.genblk1.genblk1.genblk1.genblk1.lut0.genblk1.genblk1.genblk1.genblk1.genblk1.lut0 (4 -> 0)
  Optimizing lut $abc$40721$lut$aiger40720$6074.genblk1.genblk1.genblk1.genblk1.genblk1.genblk1.genblk1.genblk1.lut0.genblk1.genblk1.genblk1.genblk1.genblk1.genblk1.genblk1.lut0.genblk1.genblk1.genblk1.genblk1.genblk1.genblk1.lut1.genblk1.genblk1.genblk1.genblk1.genblk1.lut0 (4 -> 0)
  Optimizing lut $abc$40721$lut$aiger40720$6074.genblk1.genblk1.genblk1.genblk1.genblk1.genblk1.genblk1.genblk1.lut0.genblk1.genblk1.genblk1.genblk1.genblk1.genblk1.genblk1.lut0.genblk1.genblk1.genblk1.genblk1.genblk1.genblk1.lut0.genblk1.genblk1.genblk1.genblk1.genblk1.lut0 (4 -> 0)
  Optimizing lut $abc$40721$lut$aiger40720$6074.genblk1.genblk1.genblk1.genblk1.genblk1.genblk1.genblk1.genblk1.lut0.genblk1.genblk1.genblk1.genblk1.genblk1.genblk1.genblk1.lut1.genblk1.genblk1.genblk1.genblk1.genblk1.genblk1.lut1.genblk1.genblk1.genblk1.genblk1.genblk1.lut0 (4 -> 0)
  Optimizing lut $abc$40721$lut$aiger40720$6074.genblk1.genblk1.genblk1.genblk1.genblk1.genblk1.genblk1.genblk1.lut0.genblk1.genblk1.genblk1.genblk1.genblk1.genblk1.genblk1.lut1.genblk1.genblk1.genblk1.genblk1.genblk1.genblk1.lut0.genblk1.genblk1.genblk1.genblk1.genblk1.lut0 (4 -> 0)
  Optimizing lut $abc$40721$lut$aiger40720$3430.genblk1.genblk1.genblk1.genblk1.genblk1.genblk1.genblk1.genblk1.lut1.genblk1.genblk1.genblk1.genblk1.genblk1.genblk1.genblk1.lut0.genblk1.genblk1.genblk1.genblk1.genblk1.genblk1.lut1.genblk1.genblk1.genblk1.genblk1.genblk1.lut0 (4 -> 0)
  Optimizing lut $abc$40721$lut$aiger40720$3430.genblk1.genblk1.genblk1.genblk1.genblk1.genblk1.genblk1.genblk1.lut1.genblk1.genblk1.genblk1.genblk1.genblk1.genblk1.genblk1.lut0.genblk1.genblk1.genblk1.genblk1.genblk1.genblk1.lut0.genblk1.genblk1.genblk1.genblk1.genblk1.lut0 (4 -> 0)
  Optimizing lut $abc$40721$lut$aiger40720$3430.genblk1.genblk1.genblk1.genblk1.genblk1.genblk1.genblk1.genblk1.lut1.genblk1.genblk1.genblk1.genblk1.genblk1.genblk1.genblk1.lut1.genblk1.genblk1.genblk1.genblk1.genblk1.genblk1.lut1.genblk1.genblk1.genblk1.genblk1.genblk1.lut0 (4 -> 0)
  Optimizing lut $abc$40721$lut$aiger40720$3430.genblk1.genblk1.genblk1.genblk1.genblk1.genblk1.genblk1.genblk1.lut1.genblk1.genblk1.genblk1.genblk1.genblk1.genblk1.genblk1.lut1.genblk1.genblk1.genblk1.genblk1.genblk1.genblk1.lut0.genblk1.genblk1.genblk1.genblk1.genblk1.lut0 (4 -> 0)
  Optimizing lut $abc$40721$lut$aiger40720$3430.genblk1.genblk1.genblk1.genblk1.genblk1.genblk1.genblk1.genblk1.lut0.genblk1.genblk1.genblk1.genblk1.genblk1.genblk1.genblk1.lut0.genblk1.genblk1.genblk1.genblk1.genblk1.genblk1.lut1.genblk1.genblk1.genblk1.genblk1.genblk1.lut0 (4 -> 1)
  Optimizing lut $abc$40721$lut$aiger40720$3430.genblk1.genblk1.genblk1.genblk1.genblk1.genblk1.genblk1.genblk1.lut0.genblk1.genblk1.genblk1.genblk1.genblk1.genblk1.genblk1.lut0.genblk1.genblk1.genblk1.genblk1.genblk1.genblk1.lut0.genblk1.genblk1.genblk1.genblk1.genblk1.lut0 (4 -> 0)
  Optimizing lut $abc$40721$lut$aiger40720$3430.genblk1.genblk1.genblk1.genblk1.genblk1.genblk1.genblk1.genblk1.lut0.genblk1.genblk1.genblk1.genblk1.genblk1.genblk1.genblk1.lut1.genblk1.genblk1.genblk1.genblk1.genblk1.genblk1.lut1.genblk1.genblk1.genblk1.genblk1.genblk1.lut0 (4 -> 0)
  Optimizing lut $abc$40721$lut$aiger40720$3430.genblk1.genblk1.genblk1.genblk1.genblk1.genblk1.genblk1.genblk1.lut0.genblk1.genblk1.genblk1.genblk1.genblk1.genblk1.genblk1.lut1.genblk1.genblk1.genblk1.genblk1.genblk1.genblk1.lut0.genblk1.genblk1.genblk1.genblk1.genblk1.lut0 (4 -> 1)
  Optimizing lut $abc$40721$lut$aiger40720$3445.genblk1.genblk1.genblk1.genblk1.genblk1.genblk1.genblk1.genblk1.lut1.genblk1.genblk1.genblk1.genblk1.genblk1.genblk1.genblk1.lut0.genblk1.genblk1.genblk1.genblk1.genblk1.genblk1.lut1.genblk1.genblk1.genblk1.genblk1.genblk1.lut0 (4 -> 0)
  Optimizing lut $abc$40721$lut$aiger40720$3445.genblk1.genblk1.genblk1.genblk1.genblk1.genblk1.genblk1.genblk1.lut1.genblk1.genblk1.genblk1.genblk1.genblk1.genblk1.genblk1.lut0.genblk1.genblk1.genblk1.genblk1.genblk1.genblk1.lut0.genblk1.genblk1.genblk1.genblk1.genblk1.lut0 (4 -> 0)
  Optimizing lut $abc$40721$lut$aiger40720$3445.genblk1.genblk1.genblk1.genblk1.genblk1.genblk1.genblk1.genblk1.lut1.genblk1.genblk1.genblk1.genblk1.genblk1.genblk1.genblk1.lut1.genblk1.genblk1.genblk1.genblk1.genblk1.genblk1.lut1.genblk1.genblk1.genblk1.genblk1.genblk1.lut0 (4 -> 0)
  Optimizing lut $abc$40721$lut$aiger40720$3445.genblk1.genblk1.genblk1.genblk1.genblk1.genblk1.genblk1.genblk1.lut1.genblk1.genblk1.genblk1.genblk1.genblk1.genblk1.genblk1.lut1.genblk1.genblk1.genblk1.genblk1.genblk1.genblk1.lut0.genblk1.genblk1.genblk1.genblk1.genblk1.lut0 (4 -> 1)
  Optimizing lut $abc$40721$lut$aiger40720$3445.genblk1.genblk1.genblk1.genblk1.genblk1.genblk1.genblk1.genblk1.lut0.genblk1.genblk1.genblk1.genblk1.genblk1.genblk1.genblk1.lut0.genblk1.genblk1.genblk1.genblk1.genblk1.genblk1.lut1.genblk1.genblk1.genblk1.genblk1.genblk1.lut0 (4 -> 0)
  Optimizing lut $abc$40721$lut$aiger40720$3445.genblk1.genblk1.genblk1.genblk1.genblk1.genblk1.genblk1.genblk1.lut0.genblk1.genblk1.genblk1.genblk1.genblk1.genblk1.genblk1.lut0.genblk1.genblk1.genblk1.genblk1.genblk1.genblk1.lut0.genblk1.genblk1.genblk1.genblk1.genblk1.lut0 (4 -> 0)
  Optimizing lut $abc$40721$lut$aiger40720$3445.genblk1.genblk1.genblk1.genblk1.genblk1.genblk1.genblk1.genblk1.lut0.genblk1.genblk1.genblk1.genblk1.genblk1.genblk1.genblk1.lut1.genblk1.genblk1.genblk1.genblk1.genblk1.genblk1.lut1.genblk1.genblk1.genblk1.genblk1.genblk1.lut0 (4 -> 1)
  Optimizing lut $abc$40721$lut$aiger40720$3445.genblk1.genblk1.genblk1.genblk1.genblk1.genblk1.genblk1.genblk1.lut0.genblk1.genblk1.genblk1.genblk1.genblk1.genblk1.genblk1.lut1.genblk1.genblk1.genblk1.genblk1.genblk1.genblk1.lut0.genblk1.genblk1.genblk1.genblk1.genblk1.lut0 (4 -> 0)
  Optimizing lut $abc$40721$lut$aiger40720$3462.genblk1.genblk1.genblk1.genblk1.genblk1.genblk1.genblk1.genblk1.lut1.genblk1.genblk1.genblk1.genblk1.genblk1.genblk1.genblk1.lut0.genblk1.genblk1.genblk1.genblk1.genblk1.genblk1.lut1.genblk1.genblk1.genblk1.genblk1.genblk1.lut0 (4 -> 0)
  Optimizing lut $abc$40721$lut$aiger40720$3462.genblk1.genblk1.genblk1.genblk1.genblk1.genblk1.genblk1.genblk1.lut1.genblk1.genblk1.genblk1.genblk1.genblk1.genblk1.genblk1.lut0.genblk1.genblk1.genblk1.genblk1.genblk1.genblk1.lut0.genblk1.genblk1.genblk1.genblk1.genblk1.lut0 (4 -> 0)
  Optimizing lut $abc$40721$lut$aiger40720$3462.genblk1.genblk1.genblk1.genblk1.genblk1.genblk1.genblk1.genblk1.lut1.genblk1.genblk1.genblk1.genblk1.genblk1.genblk1.genblk1.lut1.genblk1.genblk1.genblk1.genblk1.genblk1.genblk1.lut1.genblk1.genblk1.genblk1.genblk1.genblk1.lut0 (4 -> 1)
  Optimizing lut $abc$40721$lut$aiger40720$3462.genblk1.genblk1.genblk1.genblk1.genblk1.genblk1.genblk1.genblk1.lut1.genblk1.genblk1.genblk1.genblk1.genblk1.genblk1.genblk1.lut1.genblk1.genblk1.genblk1.genblk1.genblk1.genblk1.lut0.genblk1.genblk1.genblk1.genblk1.genblk1.lut0 (4 -> 0)
  Optimizing lut $abc$40721$lut$aiger40720$3462.genblk1.genblk1.genblk1.genblk1.genblk1.genblk1.genblk1.genblk1.lut0.genblk1.genblk1.genblk1.genblk1.genblk1.genblk1.genblk1.lut0.genblk1.genblk1.genblk1.genblk1.genblk1.genblk1.lut1.genblk1.genblk1.genblk1.genblk1.genblk1.lut0 (4 -> 0)
  Optimizing lut $abc$40721$lut$aiger40720$3462.genblk1.genblk1.genblk1.genblk1.genblk1.genblk1.genblk1.genblk1.lut0.genblk1.genblk1.genblk1.genblk1.genblk1.genblk1.genblk1.lut0.genblk1.genblk1.genblk1.genblk1.genblk1.genblk1.lut0.genblk1.genblk1.genblk1.genblk1.genblk1.lut0 (4 -> 1)
  Optimizing lut $abc$40721$lut$aiger40720$3462.genblk1.genblk1.genblk1.genblk1.genblk1.genblk1.genblk1.genblk1.lut0.genblk1.genblk1.genblk1.genblk1.genblk1.genblk1.genblk1.lut1.genblk1.genblk1.genblk1.genblk1.genblk1.genblk1.lut1.genblk1.genblk1.genblk1.genblk1.genblk1.lut0 (4 -> 0)
  Optimizing lut $abc$40721$lut$aiger40720$3462.genblk1.genblk1.genblk1.genblk1.genblk1.genblk1.genblk1.genblk1.lut0.genblk1.genblk1.genblk1.genblk1.genblk1.genblk1.genblk1.lut1.genblk1.genblk1.genblk1.genblk1.genblk1.genblk1.lut0.genblk1.genblk1.genblk1.genblk1.genblk1.lut0 (4 -> 0)
  Optimizing lut $abc$40721$lut$aiger40720$3477.genblk1.genblk1.genblk1.genblk1.genblk1.genblk1.genblk1.genblk1.lut1.genblk1.genblk1.genblk1.genblk1.genblk1.genblk1.genblk1.lut0.genblk1.genblk1.genblk1.genblk1.genblk1.genblk1.lut1.genblk1.genblk1.genblk1.genblk1.genblk1.lut0 (4 -> 1)
  Optimizing lut $abc$40721$lut$aiger40720$3477.genblk1.genblk1.genblk1.genblk1.genblk1.genblk1.genblk1.genblk1.lut1.genblk1.genblk1.genblk1.genblk1.genblk1.genblk1.genblk1.lut0.genblk1.genblk1.genblk1.genblk1.genblk1.genblk1.lut0.genblk1.genblk1.genblk1.genblk1.genblk1.lut0 (4 -> 1)
  Optimizing lut $abc$40721$lut$aiger40720$3477.genblk1.genblk1.genblk1.genblk1.genblk1.genblk1.genblk1.genblk1.lut1.genblk1.genblk1.genblk1.genblk1.genblk1.genblk1.genblk1.lut1.genblk1.genblk1.genblk1.genblk1.genblk1.genblk1.lut1.genblk1.genblk1.genblk1.genblk1.genblk1.lut0 (4 -> 0)
  Optimizing lut $abc$40721$lut$aiger40720$3477.genblk1.genblk1.genblk1.genblk1.genblk1.genblk1.genblk1.genblk1.lut1.genblk1.genblk1.genblk1.genblk1.genblk1.genblk1.genblk1.lut1.genblk1.genblk1.genblk1.genblk1.genblk1.genblk1.lut0.genblk1.genblk1.genblk1.genblk1.genblk1.lut0 (4 -> 0)
  Optimizing lut $abc$40721$lut$aiger40720$3477.genblk1.genblk1.genblk1.genblk1.genblk1.genblk1.genblk1.genblk1.lut0.genblk1.genblk1.genblk1.genblk1.genblk1.genblk1.genblk1.lut0.genblk1.genblk1.genblk1.genblk1.genblk1.genblk1.lut1.genblk1.genblk1.genblk1.genblk1.genblk1.lut0 (4 -> 0)
  Optimizing lut $abc$40721$lut$aiger40720$3477.genblk1.genblk1.genblk1.genblk1.genblk1.genblk1.genblk1.genblk1.lut0.genblk1.genblk1.genblk1.genblk1.genblk1.genblk1.genblk1.lut0.genblk1.genblk1.genblk1.genblk1.genblk1.genblk1.lut0.genblk1.genblk1.genblk1.genblk1.genblk1.lut0 (4 -> 0)
  Optimizing lut $abc$40721$lut$aiger40720$3477.genblk1.genblk1.genblk1.genblk1.genblk1.genblk1.genblk1.genblk1.lut0.genblk1.genblk1.genblk1.genblk1.genblk1.genblk1.genblk1.lut1.genblk1.genblk1.genblk1.genblk1.genblk1.genblk1.lut1.genblk1.genblk1.genblk1.genblk1.genblk1.lut0 (4 -> 0)
  Optimizing lut $abc$40721$lut$aiger40720$3477.genblk1.genblk1.genblk1.genblk1.genblk1.genblk1.genblk1.genblk1.lut0.genblk1.genblk1.genblk1.genblk1.genblk1.genblk1.genblk1.lut1.genblk1.genblk1.genblk1.genblk1.genblk1.genblk1.lut0.genblk1.genblk1.genblk1.genblk1.genblk1.lut0 (4 -> 0)
  Optimizing lut $abc$40721$lut$aiger40720$2436.genblk1.genblk1.genblk1.genblk1.genblk1.genblk1.genblk1.genblk1.lut1.genblk1.genblk1.genblk1.genblk1.genblk1.genblk1.genblk1.lut0.genblk1.genblk1.genblk1.genblk1.genblk1.genblk1.lut1.genblk1.genblk1.genblk1.genblk1.genblk1.lut0 (4 -> 0)
  Optimizing lut $abc$40721$lut$aiger40720$2436.genblk1.genblk1.genblk1.genblk1.genblk1.genblk1.genblk1.genblk1.lut1.genblk1.genblk1.genblk1.genblk1.genblk1.genblk1.genblk1.lut0.genblk1.genblk1.genblk1.genblk1.genblk1.genblk1.lut0.genblk1.genblk1.genblk1.genblk1.genblk1.lut0 (4 -> 0)
  Optimizing lut $abc$40721$lut$aiger40720$2436.genblk1.genblk1.genblk1.genblk1.genblk1.genblk1.genblk1.genblk1.lut1.genblk1.genblk1.genblk1.genblk1.genblk1.genblk1.genblk1.lut1.genblk1.genblk1.genblk1.genblk1.genblk1.genblk1.lut1.genblk1.genblk1.genblk1.genblk1.genblk1.lut0 (4 -> 1)
  Optimizing lut $abc$40721$lut$aiger40720$2436.genblk1.genblk1.genblk1.genblk1.genblk1.genblk1.genblk1.genblk1.lut1.genblk1.genblk1.genblk1.genblk1.genblk1.genblk1.genblk1.lut1.genblk1.genblk1.genblk1.genblk1.genblk1.genblk1.lut0.genblk1.genblk1.genblk1.genblk1.genblk1.lut0 (4 -> 0)
  Optimizing lut $abc$40721$lut$aiger40720$2436.genblk1.genblk1.genblk1.genblk1.genblk1.genblk1.genblk1.genblk1.lut0.genblk1.genblk1.genblk1.genblk1.genblk1.genblk1.genblk1.lut0.genblk1.genblk1.genblk1.genblk1.genblk1.genblk1.lut1.genblk1.genblk1.genblk1.genblk1.genblk1.lut0 (4 -> 0)
  Optimizing lut $abc$40721$lut$aiger40720$2436.genblk1.genblk1.genblk1.genblk1.genblk1.genblk1.genblk1.genblk1.lut0.genblk1.genblk1.genblk1.genblk1.genblk1.genblk1.genblk1.lut0.genblk1.genblk1.genblk1.genblk1.genblk1.genblk1.lut0.genblk1.genblk1.genblk1.genblk1.genblk1.lut0 (4 -> 0)
  Optimizing lut $abc$40721$lut$aiger40720$2436.genblk1.genblk1.genblk1.genblk1.genblk1.genblk1.genblk1.genblk1.lut0.genblk1.genblk1.genblk1.genblk1.genblk1.genblk1.genblk1.lut1.genblk1.genblk1.genblk1.genblk1.genblk1.genblk1.lut1.genblk1.genblk1.genblk1.genblk1.genblk1.lut0 (4 -> 0)
  Optimizing lut $abc$40721$lut$aiger40720$2436.genblk1.genblk1.genblk1.genblk1.genblk1.genblk1.genblk1.genblk1.lut0.genblk1.genblk1.genblk1.genblk1.genblk1.genblk1.genblk1.lut1.genblk1.genblk1.genblk1.genblk1.genblk1.genblk1.lut0.genblk1.genblk1.genblk1.genblk1.genblk1.lut0 (4 -> 0)
  Optimizing lut $abc$40721$lut$aiger40720$2450.genblk1.genblk1.genblk1.genblk1.genblk1.genblk1.genblk1.genblk1.lut1.genblk1.genblk1.genblk1.genblk1.genblk1.genblk1.genblk1.lut0.genblk1.genblk1.genblk1.genblk1.genblk1.genblk1.lut1.genblk1.genblk1.genblk1.genblk1.genblk1.lut0 (4 -> 0)
  Optimizing lut $abc$40721$lut$aiger40720$2450.genblk1.genblk1.genblk1.genblk1.genblk1.genblk1.genblk1.genblk1.lut1.genblk1.genblk1.genblk1.genblk1.genblk1.genblk1.genblk1.lut0.genblk1.genblk1.genblk1.genblk1.genblk1.genblk1.lut0.genblk1.genblk1.genblk1.genblk1.genblk1.lut0 (4 -> 0)
  Optimizing lut $abc$40721$lut$aiger40720$2450.genblk1.genblk1.genblk1.genblk1.genblk1.genblk1.genblk1.genblk1.lut1.genblk1.genblk1.genblk1.genblk1.genblk1.genblk1.genblk1.lut1.genblk1.genblk1.genblk1.genblk1.genblk1.genblk1.lut1.genblk1.genblk1.genblk1.genblk1.genblk1.lut0 (4 -> 0)
  Optimizing lut $abc$40721$lut$aiger40720$2450.genblk1.genblk1.genblk1.genblk1.genblk1.genblk1.genblk1.genblk1.lut1.genblk1.genblk1.genblk1.genblk1.genblk1.genblk1.genblk1.lut1.genblk1.genblk1.genblk1.genblk1.genblk1.genblk1.lut0.genblk1.genblk1.genblk1.genblk1.genblk1.lut0 (4 -> 1)
  Optimizing lut $abc$40721$lut$aiger40720$2450.genblk1.genblk1.genblk1.genblk1.genblk1.genblk1.genblk1.genblk1.lut0.genblk1.genblk1.genblk1.genblk1.genblk1.genblk1.genblk1.lut0.genblk1.genblk1.genblk1.genblk1.genblk1.genblk1.lut1.genblk1.genblk1.genblk1.genblk1.genblk1.lut0 (4 -> 0)
  Optimizing lut $abc$40721$lut$aiger40720$2450.genblk1.genblk1.genblk1.genblk1.genblk1.genblk1.genblk1.genblk1.lut0.genblk1.genblk1.genblk1.genblk1.genblk1.genblk1.genblk1.lut0.genblk1.genblk1.genblk1.genblk1.genblk1.genblk1.lut0.genblk1.genblk1.genblk1.genblk1.genblk1.lut0 (4 -> 1)
  Optimizing lut $abc$40721$lut$aiger40720$2450.genblk1.genblk1.genblk1.genblk1.genblk1.genblk1.genblk1.genblk1.lut0.genblk1.genblk1.genblk1.genblk1.genblk1.genblk1.genblk1.lut1.genblk1.genblk1.genblk1.genblk1.genblk1.genblk1.lut1.genblk1.genblk1.genblk1.genblk1.genblk1.lut0 (4 -> 0)
  Optimizing lut $abc$40721$lut$aiger40720$2450.genblk1.genblk1.genblk1.genblk1.genblk1.genblk1.genblk1.genblk1.lut0.genblk1.genblk1.genblk1.genblk1.genblk1.genblk1.genblk1.lut1.genblk1.genblk1.genblk1.genblk1.genblk1.genblk1.lut0.genblk1.genblk1.genblk1.genblk1.genblk1.lut0 (4 -> 0)
  Optimizing lut $abc$40721$lut$aiger40720$2463.genblk1.genblk1.genblk1.genblk1.genblk1.genblk1.genblk1.genblk1.lut1.genblk1.genblk1.genblk1.genblk1.genblk1.genblk1.genblk1.lut0.genblk1.genblk1.genblk1.genblk1.genblk1.genblk1.lut1.genblk1.genblk1.genblk1.genblk1.genblk1.lut0 (4 -> 0)
  Optimizing lut $abc$40721$lut$aiger40720$2463.genblk1.genblk1.genblk1.genblk1.genblk1.genblk1.genblk1.genblk1.lut1.genblk1.genblk1.genblk1.genblk1.genblk1.genblk1.genblk1.lut0.genblk1.genblk1.genblk1.genblk1.genblk1.genblk1.lut0.genblk1.genblk1.genblk1.genblk1.genblk1.lut0 (4 -> 0)
  Optimizing lut $abc$40721$lut$aiger40720$2463.genblk1.genblk1.genblk1.genblk1.genblk1.genblk1.genblk1.genblk1.lut1.genblk1.genblk1.genblk1.genblk1.genblk1.genblk1.genblk1.lut1.genblk1.genblk1.genblk1.genblk1.genblk1.genblk1.lut1.genblk1.genblk1.genblk1.genblk1.genblk1.lut0 (4 -> 0)
  Optimizing lut $abc$40721$lut$aiger40720$2463.genblk1.genblk1.genblk1.genblk1.genblk1.genblk1.genblk1.genblk1.lut1.genblk1.genblk1.genblk1.genblk1.genblk1.genblk1.genblk1.lut1.genblk1.genblk1.genblk1.genblk1.genblk1.genblk1.lut0.genblk1.genblk1.genblk1.genblk1.genblk1.lut0 (4 -> 0)
  Optimizing lut $abc$40721$lut$aiger40720$2463.genblk1.genblk1.genblk1.genblk1.genblk1.genblk1.genblk1.genblk1.lut0.genblk1.genblk1.genblk1.genblk1.genblk1.genblk1.genblk1.lut0.genblk1.genblk1.genblk1.genblk1.genblk1.genblk1.lut1.genblk1.genblk1.genblk1.genblk1.genblk1.lut0 (4 -> 0)
  Optimizing lut $abc$40721$lut$aiger40720$2463.genblk1.genblk1.genblk1.genblk1.genblk1.genblk1.genblk1.genblk1.lut0.genblk1.genblk1.genblk1.genblk1.genblk1.genblk1.genblk1.lut0.genblk1.genblk1.genblk1.genblk1.genblk1.genblk1.lut0.genblk1.genblk1.genblk1.genblk1.genblk1.lut0 (4 -> 0)
  Optimizing lut $abc$40721$lut$aiger40720$2463.genblk1.genblk1.genblk1.genblk1.genblk1.genblk1.genblk1.genblk1.lut0.genblk1.genblk1.genblk1.genblk1.genblk1.genblk1.genblk1.lut1.genblk1.genblk1.genblk1.genblk1.genblk1.genblk1.lut1.genblk1.genblk1.genblk1.genblk1.genblk1.lut0 (4 -> 1)
  Optimizing lut $abc$40721$lut$aiger40720$2463.genblk1.genblk1.genblk1.genblk1.genblk1.genblk1.genblk1.genblk1.lut0.genblk1.genblk1.genblk1.genblk1.genblk1.genblk1.genblk1.lut1.genblk1.genblk1.genblk1.genblk1.genblk1.genblk1.lut0.genblk1.genblk1.genblk1.genblk1.genblk1.lut0 (4 -> 1)
  Optimizing lut $abc$40721$lut$aiger40720$2477.genblk1.genblk1.genblk1.genblk1.genblk1.genblk1.genblk1.genblk1.lut1.genblk1.genblk1.genblk1.genblk1.genblk1.genblk1.genblk1.lut0.genblk1.genblk1.genblk1.genblk1.genblk1.genblk1.lut1.genblk1.genblk1.genblk1.genblk1.genblk1.lut0 (4 -> 1)
  Optimizing lut $abc$40721$lut$aiger40720$2477.genblk1.genblk1.genblk1.genblk1.genblk1.genblk1.genblk1.genblk1.lut1.genblk1.genblk1.genblk1.genblk1.genblk1.genblk1.genblk1.lut0.genblk1.genblk1.genblk1.genblk1.genblk1.genblk1.lut0.genblk1.genblk1.genblk1.genblk1.genblk1.lut0 (4 -> 1)
  Optimizing lut $abc$40721$lut$aiger40720$2477.genblk1.genblk1.genblk1.genblk1.genblk1.genblk1.genblk1.genblk1.lut1.genblk1.genblk1.genblk1.genblk1.genblk1.genblk1.genblk1.lut1.genblk1.genblk1.genblk1.genblk1.genblk1.genblk1.lut1.genblk1.genblk1.genblk1.genblk1.genblk1.lut0 (4 -> 0)
  Optimizing lut $abc$40721$lut$aiger40720$2477.genblk1.genblk1.genblk1.genblk1.genblk1.genblk1.genblk1.genblk1.lut1.genblk1.genblk1.genblk1.genblk1.genblk1.genblk1.genblk1.lut1.genblk1.genblk1.genblk1.genblk1.genblk1.genblk1.lut0.genblk1.genblk1.genblk1.genblk1.genblk1.lut0 (4 -> 0)
  Optimizing lut $abc$40721$lut$aiger40720$2477.genblk1.genblk1.genblk1.genblk1.genblk1.genblk1.genblk1.genblk1.lut0.genblk1.genblk1.genblk1.genblk1.genblk1.genblk1.genblk1.lut0.genblk1.genblk1.genblk1.genblk1.genblk1.genblk1.lut1.genblk1.genblk1.genblk1.genblk1.genblk1.lut0 (4 -> 1)
  Optimizing lut $abc$40721$lut$aiger40720$2477.genblk1.genblk1.genblk1.genblk1.genblk1.genblk1.genblk1.genblk1.lut0.genblk1.genblk1.genblk1.genblk1.genblk1.genblk1.genblk1.lut0.genblk1.genblk1.genblk1.genblk1.genblk1.genblk1.lut0.genblk1.genblk1.genblk1.genblk1.genblk1.lut0 (4 -> 0)
  Optimizing lut $abc$40721$lut$aiger40720$2477.genblk1.genblk1.genblk1.genblk1.genblk1.genblk1.genblk1.genblk1.lut0.genblk1.genblk1.genblk1.genblk1.genblk1.genblk1.genblk1.lut1.genblk1.genblk1.genblk1.genblk1.genblk1.genblk1.lut1.genblk1.genblk1.genblk1.genblk1.genblk1.lut0 (4 -> 0)
  Optimizing lut $abc$40721$lut$aiger40720$2477.genblk1.genblk1.genblk1.genblk1.genblk1.genblk1.genblk1.genblk1.lut0.genblk1.genblk1.genblk1.genblk1.genblk1.genblk1.genblk1.lut1.genblk1.genblk1.genblk1.genblk1.genblk1.genblk1.lut0.genblk1.genblk1.genblk1.genblk1.genblk1.lut0 (4 -> 0)
  Optimizing lut $abc$40721$lut$aiger40720$2562.genblk1.genblk1.genblk1.genblk1.genblk1.genblk1.genblk1.genblk1.lut1.genblk1.genblk1.genblk1.genblk1.genblk1.genblk1.genblk1.lut0.genblk1.genblk1.genblk1.genblk1.genblk1.genblk1.lut1.genblk1.genblk1.genblk1.genblk1.genblk1.lut0 (4 -> 0)
  Optimizing lut $abc$40721$lut$aiger40720$2562.genblk1.genblk1.genblk1.genblk1.genblk1.genblk1.genblk1.genblk1.lut1.genblk1.genblk1.genblk1.genblk1.genblk1.genblk1.genblk1.lut0.genblk1.genblk1.genblk1.genblk1.genblk1.genblk1.lut0.genblk1.genblk1.genblk1.genblk1.genblk1.lut0 (4 -> 0)
  Optimizing lut $abc$40721$lut$aiger40720$2562.genblk1.genblk1.genblk1.genblk1.genblk1.genblk1.genblk1.genblk1.lut1.genblk1.genblk1.genblk1.genblk1.genblk1.genblk1.genblk1.lut1.genblk1.genblk1.genblk1.genblk1.genblk1.genblk1.lut1.genblk1.genblk1.genblk1.genblk1.genblk1.lut0 (4 -> 1)
  Optimizing lut $abc$40721$lut$aiger40720$2562.genblk1.genblk1.genblk1.genblk1.genblk1.genblk1.genblk1.genblk1.lut1.genblk1.genblk1.genblk1.genblk1.genblk1.genblk1.genblk1.lut1.genblk1.genblk1.genblk1.genblk1.genblk1.genblk1.lut0.genblk1.genblk1.genblk1.genblk1.genblk1.lut0 (4 -> 0)
  Optimizing lut $abc$40721$lut$aiger40720$2562.genblk1.genblk1.genblk1.genblk1.genblk1.genblk1.genblk1.genblk1.lut0.genblk1.genblk1.genblk1.genblk1.genblk1.genblk1.genblk1.lut0.genblk1.genblk1.genblk1.genblk1.genblk1.genblk1.lut1.genblk1.genblk1.genblk1.genblk1.genblk1.lut0 (4 -> 0)
  Optimizing lut $abc$40721$lut$aiger40720$2562.genblk1.genblk1.genblk1.genblk1.genblk1.genblk1.genblk1.genblk1.lut0.genblk1.genblk1.genblk1.genblk1.genblk1.genblk1.genblk1.lut0.genblk1.genblk1.genblk1.genblk1.genblk1.genblk1.lut0.genblk1.genblk1.genblk1.genblk1.genblk1.lut0 (4 -> 1)
  Optimizing lut $abc$40721$lut$aiger40720$2562.genblk1.genblk1.genblk1.genblk1.genblk1.genblk1.genblk1.genblk1.lut0.genblk1.genblk1.genblk1.genblk1.genblk1.genblk1.genblk1.lut1.genblk1.genblk1.genblk1.genblk1.genblk1.genblk1.lut1.genblk1.genblk1.genblk1.genblk1.genblk1.lut0 (4 -> 0)
  Optimizing lut $abc$40721$lut$aiger40720$2562.genblk1.genblk1.genblk1.genblk1.genblk1.genblk1.genblk1.genblk1.lut0.genblk1.genblk1.genblk1.genblk1.genblk1.genblk1.genblk1.lut1.genblk1.genblk1.genblk1.genblk1.genblk1.genblk1.lut0.genblk1.genblk1.genblk1.genblk1.genblk1.lut0 (4 -> 0)
  Optimizing lut $abc$40721$lut$aiger40720$2575.genblk1.genblk1.genblk1.genblk1.genblk1.genblk1.genblk1.genblk1.lut1.genblk1.genblk1.genblk1.genblk1.genblk1.genblk1.genblk1.lut0.genblk1.genblk1.genblk1.genblk1.genblk1.genblk1.lut1.genblk1.genblk1.genblk1.genblk1.genblk1.lut0 (4 -> 1)
  Optimizing lut $abc$40721$lut$aiger40720$2575.genblk1.genblk1.genblk1.genblk1.genblk1.genblk1.genblk1.genblk1.lut1.genblk1.genblk1.genblk1.genblk1.genblk1.genblk1.genblk1.lut0.genblk1.genblk1.genblk1.genblk1.genblk1.genblk1.lut0.genblk1.genblk1.genblk1.genblk1.genblk1.lut0 (4 -> 0)
  Optimizing lut $abc$40721$lut$aiger40720$2575.genblk1.genblk1.genblk1.genblk1.genblk1.genblk1.genblk1.genblk1.lut1.genblk1.genblk1.genblk1.genblk1.genblk1.genblk1.genblk1.lut1.genblk1.genblk1.genblk1.genblk1.genblk1.genblk1.lut1.genblk1.genblk1.genblk1.genblk1.genblk1.lut0 (4 -> 0)
  Optimizing lut $abc$40721$lut$aiger40720$2575.genblk1.genblk1.genblk1.genblk1.genblk1.genblk1.genblk1.genblk1.lut1.genblk1.genblk1.genblk1.genblk1.genblk1.genblk1.genblk1.lut1.genblk1.genblk1.genblk1.genblk1.genblk1.genblk1.lut0.genblk1.genblk1.genblk1.genblk1.genblk1.lut0 (4 -> 1)
  Optimizing lut $abc$40721$lut$aiger40720$2575.genblk1.genblk1.genblk1.genblk1.genblk1.genblk1.genblk1.genblk1.lut0.genblk1.genblk1.genblk1.genblk1.genblk1.genblk1.genblk1.lut0.genblk1.genblk1.genblk1.genblk1.genblk1.genblk1.lut1.genblk1.genblk1.genblk1.genblk1.genblk1.lut0 (4 -> 0)
  Optimizing lut $abc$40721$lut$aiger40720$2575.genblk1.genblk1.genblk1.genblk1.genblk1.genblk1.genblk1.genblk1.lut0.genblk1.genblk1.genblk1.genblk1.genblk1.genblk1.genblk1.lut0.genblk1.genblk1.genblk1.genblk1.genblk1.genblk1.lut0.genblk1.genblk1.genblk1.genblk1.genblk1.lut0 (4 -> 0)
  Optimizing lut $abc$40721$lut$aiger40720$2575.genblk1.genblk1.genblk1.genblk1.genblk1.genblk1.genblk1.genblk1.lut0.genblk1.genblk1.genblk1.genblk1.genblk1.genblk1.genblk1.lut1.genblk1.genblk1.genblk1.genblk1.genblk1.genblk1.lut1.genblk1.genblk1.genblk1.genblk1.genblk1.lut0 (4 -> 1)
  Optimizing lut $abc$40721$lut$aiger40720$2575.genblk1.genblk1.genblk1.genblk1.genblk1.genblk1.genblk1.genblk1.lut0.genblk1.genblk1.genblk1.genblk1.genblk1.genblk1.genblk1.lut1.genblk1.genblk1.genblk1.genblk1.genblk1.genblk1.lut0.genblk1.genblk1.genblk1.genblk1.genblk1.lut0 (4 -> 1)
  Optimizing lut $abc$40721$lut$aiger40720$2589.genblk1.genblk1.genblk1.genblk1.genblk1.genblk1.genblk1.genblk1.lut1.genblk1.genblk1.genblk1.genblk1.genblk1.genblk1.genblk1.lut0.genblk1.genblk1.genblk1.genblk1.genblk1.genblk1.lut1.genblk1.genblk1.genblk1.genblk1.genblk1.lut0 (4 -> 0)
  Optimizing lut $abc$40721$lut$aiger40720$2589.genblk1.genblk1.genblk1.genblk1.genblk1.genblk1.genblk1.genblk1.lut1.genblk1.genblk1.genblk1.genblk1.genblk1.genblk1.genblk1.lut0.genblk1.genblk1.genblk1.genblk1.genblk1.genblk1.lut0.genblk1.genblk1.genblk1.genblk1.genblk1.lut0 (4 -> 0)
  Optimizing lut $abc$40721$lut$aiger40720$2589.genblk1.genblk1.genblk1.genblk1.genblk1.genblk1.genblk1.genblk1.lut1.genblk1.genblk1.genblk1.genblk1.genblk1.genblk1.genblk1.lut1.genblk1.genblk1.genblk1.genblk1.genblk1.genblk1.lut1.genblk1.genblk1.genblk1.genblk1.genblk1.lut0 (4 -> 0)
  Optimizing lut $abc$40721$lut$aiger40720$2589.genblk1.genblk1.genblk1.genblk1.genblk1.genblk1.genblk1.genblk1.lut1.genblk1.genblk1.genblk1.genblk1.genblk1.genblk1.genblk1.lut1.genblk1.genblk1.genblk1.genblk1.genblk1.genblk1.lut0.genblk1.genblk1.genblk1.genblk1.genblk1.lut0 (4 -> 0)
  Optimizing lut $abc$40721$lut$aiger40720$2589.genblk1.genblk1.genblk1.genblk1.genblk1.genblk1.genblk1.genblk1.lut0.genblk1.genblk1.genblk1.genblk1.genblk1.genblk1.genblk1.lut0.genblk1.genblk1.genblk1.genblk1.genblk1.genblk1.lut1.genblk1.genblk1.genblk1.genblk1.genblk1.lut0 (4 -> 1)
  Optimizing lut $abc$40721$lut$aiger40720$2589.genblk1.genblk1.genblk1.genblk1.genblk1.genblk1.genblk1.genblk1.lut0.genblk1.genblk1.genblk1.genblk1.genblk1.genblk1.genblk1.lut0.genblk1.genblk1.genblk1.genblk1.genblk1.genblk1.lut0.genblk1.genblk1.genblk1.genblk1.genblk1.lut0 (4 -> 0)
  Optimizing lut $abc$40721$lut$aiger40720$2589.genblk1.genblk1.genblk1.genblk1.genblk1.genblk1.genblk1.genblk1.lut0.genblk1.genblk1.genblk1.genblk1.genblk1.genblk1.genblk1.lut1.genblk1.genblk1.genblk1.genblk1.genblk1.genblk1.lut1.genblk1.genblk1.genblk1.genblk1.genblk1.lut0 (4 -> 0)
  Optimizing lut $abc$40721$lut$aiger40720$2589.genblk1.genblk1.genblk1.genblk1.genblk1.genblk1.genblk1.genblk1.lut0.genblk1.genblk1.genblk1.genblk1.genblk1.genblk1.genblk1.lut1.genblk1.genblk1.genblk1.genblk1.genblk1.genblk1.lut0.genblk1.genblk1.genblk1.genblk1.genblk1.lut0 (4 -> 0)
  Optimizing lut $abc$40721$lut$aiger40720$2605.genblk1.genblk1.genblk1.genblk1.genblk1.genblk1.genblk1.genblk1.lut1.genblk1.genblk1.genblk1.genblk1.genblk1.genblk1.genblk1.lut0.genblk1.genblk1.genblk1.genblk1.genblk1.genblk1.lut1.genblk1.genblk1.genblk1.genblk1.genblk1.lut0 (4 -> 0)
  Optimizing lut $abc$40721$lut$aiger40720$2605.genblk1.genblk1.genblk1.genblk1.genblk1.genblk1.genblk1.genblk1.lut1.genblk1.genblk1.genblk1.genblk1.genblk1.genblk1.genblk1.lut0.genblk1.genblk1.genblk1.genblk1.genblk1.genblk1.lut0.genblk1.genblk1.genblk1.genblk1.genblk1.lut0 (4 -> 1)
  Optimizing lut $abc$40721$lut$aiger40720$2605.genblk1.genblk1.genblk1.genblk1.genblk1.genblk1.genblk1.genblk1.lut1.genblk1.genblk1.genblk1.genblk1.genblk1.genblk1.genblk1.lut1.genblk1.genblk1.genblk1.genblk1.genblk1.genblk1.lut1.genblk1.genblk1.genblk1.genblk1.genblk1.lut0 (4 -> 0)
  Optimizing lut $abc$40721$lut$aiger40720$2605.genblk1.genblk1.genblk1.genblk1.genblk1.genblk1.genblk1.genblk1.lut1.genblk1.genblk1.genblk1.genblk1.genblk1.genblk1.genblk1.lut1.genblk1.genblk1.genblk1.genblk1.genblk1.genblk1.lut0.genblk1.genblk1.genblk1.genblk1.genblk1.lut0 (4 -> 0)
  Optimizing lut $abc$40721$lut$aiger40720$2605.genblk1.genblk1.genblk1.genblk1.genblk1.genblk1.genblk1.genblk1.lut0.genblk1.genblk1.genblk1.genblk1.genblk1.genblk1.genblk1.lut0.genblk1.genblk1.genblk1.genblk1.genblk1.genblk1.lut1.genblk1.genblk1.genblk1.genblk1.genblk1.lut0 (4 -> 0)
  Optimizing lut $abc$40721$lut$aiger40720$2605.genblk1.genblk1.genblk1.genblk1.genblk1.genblk1.genblk1.genblk1.lut0.genblk1.genblk1.genblk1.genblk1.genblk1.genblk1.genblk1.lut0.genblk1.genblk1.genblk1.genblk1.genblk1.genblk1.lut0.genblk1.genblk1.genblk1.genblk1.genblk1.lut0 (4 -> 0)
  Optimizing lut $abc$40721$lut$aiger40720$2605.genblk1.genblk1.genblk1.genblk1.genblk1.genblk1.genblk1.genblk1.lut0.genblk1.genblk1.genblk1.genblk1.genblk1.genblk1.genblk1.lut1.genblk1.genblk1.genblk1.genblk1.genblk1.genblk1.lut1.genblk1.genblk1.genblk1.genblk1.genblk1.lut0 (4 -> 0)
  Optimizing lut $abc$40721$lut$aiger40720$2605.genblk1.genblk1.genblk1.genblk1.genblk1.genblk1.genblk1.genblk1.lut0.genblk1.genblk1.genblk1.genblk1.genblk1.genblk1.genblk1.lut1.genblk1.genblk1.genblk1.genblk1.genblk1.genblk1.lut0.genblk1.genblk1.genblk1.genblk1.genblk1.lut0 (4 -> 0)
  Optimizing lut $abc$40721$lut$aiger40720$2494.genblk1.genblk1.genblk1.genblk1.genblk1.genblk1.genblk1.genblk1.lut1.genblk1.genblk1.genblk1.genblk1.genblk1.genblk1.genblk1.lut0.genblk1.genblk1.genblk1.genblk1.genblk1.genblk1.lut1.genblk1.genblk1.genblk1.genblk1.genblk1.lut0 (4 -> 0)
  Optimizing lut $abc$40721$lut$aiger40720$2494.genblk1.genblk1.genblk1.genblk1.genblk1.genblk1.genblk1.genblk1.lut1.genblk1.genblk1.genblk1.genblk1.genblk1.genblk1.genblk1.lut0.genblk1.genblk1.genblk1.genblk1.genblk1.genblk1.lut0.genblk1.genblk1.genblk1.genblk1.genblk1.lut0 (4 -> 0)
  Optimizing lut $abc$40721$lut$aiger40720$2494.genblk1.genblk1.genblk1.genblk1.genblk1.genblk1.genblk1.genblk1.lut1.genblk1.genblk1.genblk1.genblk1.genblk1.genblk1.genblk1.lut1.genblk1.genblk1.genblk1.genblk1.genblk1.genblk1.lut1.genblk1.genblk1.genblk1.genblk1.genblk1.lut0 (4 -> 1)
  Optimizing lut $abc$40721$lut$aiger40720$2494.genblk1.genblk1.genblk1.genblk1.genblk1.genblk1.genblk1.genblk1.lut1.genblk1.genblk1.genblk1.genblk1.genblk1.genblk1.genblk1.lut1.genblk1.genblk1.genblk1.genblk1.genblk1.genblk1.lut0.genblk1.genblk1.genblk1.genblk1.genblk1.lut0 (4 -> 1)
  Optimizing lut $abc$40721$lut$aiger40720$2494.genblk1.genblk1.genblk1.genblk1.genblk1.genblk1.genblk1.genblk1.lut0.genblk1.genblk1.genblk1.genblk1.genblk1.genblk1.genblk1.lut0.genblk1.genblk1.genblk1.genblk1.genblk1.genblk1.lut1.genblk1.genblk1.genblk1.genblk1.genblk1.lut0 (4 -> 0)
  Optimizing lut $abc$40721$lut$aiger40720$2494.genblk1.genblk1.genblk1.genblk1.genblk1.genblk1.genblk1.genblk1.lut0.genblk1.genblk1.genblk1.genblk1.genblk1.genblk1.genblk1.lut0.genblk1.genblk1.genblk1.genblk1.genblk1.genblk1.lut0.genblk1.genblk1.genblk1.genblk1.genblk1.lut0 (4 -> 0)
  Optimizing lut $abc$40721$lut$aiger40720$2494.genblk1.genblk1.genblk1.genblk1.genblk1.genblk1.genblk1.genblk1.lut0.genblk1.genblk1.genblk1.genblk1.genblk1.genblk1.genblk1.lut1.genblk1.genblk1.genblk1.genblk1.genblk1.genblk1.lut1.genblk1.genblk1.genblk1.genblk1.genblk1.lut0 (4 -> 1)
  Optimizing lut $abc$40721$lut$aiger40720$2494.genblk1.genblk1.genblk1.genblk1.genblk1.genblk1.genblk1.genblk1.lut0.genblk1.genblk1.genblk1.genblk1.genblk1.genblk1.genblk1.lut1.genblk1.genblk1.genblk1.genblk1.genblk1.genblk1.lut0.genblk1.genblk1.genblk1.genblk1.genblk1.lut0 (4 -> 0)
  Optimizing lut $abc$40721$lut$aiger40720$2510.genblk1.genblk1.genblk1.genblk1.genblk1.genblk1.genblk1.genblk1.lut1.genblk1.genblk1.genblk1.genblk1.genblk1.genblk1.genblk1.lut0.genblk1.genblk1.genblk1.genblk1.genblk1.genblk1.lut1.genblk1.genblk1.genblk1.genblk1.genblk1.lut0 (4 -> 0)
  Optimizing lut $abc$40721$lut$aiger40720$2510.genblk1.genblk1.genblk1.genblk1.genblk1.genblk1.genblk1.genblk1.lut1.genblk1.genblk1.genblk1.genblk1.genblk1.genblk1.genblk1.lut0.genblk1.genblk1.genblk1.genblk1.genblk1.genblk1.lut0.genblk1.genblk1.genblk1.genblk1.genblk1.lut0 (4 -> 1)
  Optimizing lut $abc$40721$lut$aiger40720$2510.genblk1.genblk1.genblk1.genblk1.genblk1.genblk1.genblk1.genblk1.lut1.genblk1.genblk1.genblk1.genblk1.genblk1.genblk1.genblk1.lut1.genblk1.genblk1.genblk1.genblk1.genblk1.genblk1.lut1.genblk1.genblk1.genblk1.genblk1.genblk1.lut0 (4 -> 0)
  Optimizing lut $abc$40721$lut$aiger40720$2510.genblk1.genblk1.genblk1.genblk1.genblk1.genblk1.genblk1.genblk1.lut1.genblk1.genblk1.genblk1.genblk1.genblk1.genblk1.genblk1.lut1.genblk1.genblk1.genblk1.genblk1.genblk1.genblk1.lut0.genblk1.genblk1.genblk1.genblk1.genblk1.lut0 (4 -> 0)
  Optimizing lut $abc$40721$lut$aiger40720$2510.genblk1.genblk1.genblk1.genblk1.genblk1.genblk1.genblk1.genblk1.lut0.genblk1.genblk1.genblk1.genblk1.genblk1.genblk1.genblk1.lut0.genblk1.genblk1.genblk1.genblk1.genblk1.genblk1.lut1.genblk1.genblk1.genblk1.genblk1.genblk1.lut0 (4 -> 0)
  Optimizing lut $abc$40721$lut$aiger40720$2510.genblk1.genblk1.genblk1.genblk1.genblk1.genblk1.genblk1.genblk1.lut0.genblk1.genblk1.genblk1.genblk1.genblk1.genblk1.genblk1.lut0.genblk1.genblk1.genblk1.genblk1.genblk1.genblk1.lut0.genblk1.genblk1.genblk1.genblk1.genblk1.lut0 (4 -> 0)
  Optimizing lut $abc$40721$lut$aiger40720$2510.genblk1.genblk1.genblk1.genblk1.genblk1.genblk1.genblk1.genblk1.lut0.genblk1.genblk1.genblk1.genblk1.genblk1.genblk1.genblk1.lut1.genblk1.genblk1.genblk1.genblk1.genblk1.genblk1.lut1.genblk1.genblk1.genblk1.genblk1.genblk1.lut0 (4 -> 0)
  Optimizing lut $abc$40721$lut$aiger40720$2510.genblk1.genblk1.genblk1.genblk1.genblk1.genblk1.genblk1.genblk1.lut0.genblk1.genblk1.genblk1.genblk1.genblk1.genblk1.genblk1.lut1.genblk1.genblk1.genblk1.genblk1.genblk1.genblk1.lut0.genblk1.genblk1.genblk1.genblk1.genblk1.lut0 (4 -> 1)
  Optimizing lut $abc$40721$lut$aiger40720$2523.genblk1.genblk1.genblk1.genblk1.genblk1.genblk1.genblk1.genblk1.lut1.genblk1.genblk1.genblk1.genblk1.genblk1.genblk1.genblk1.lut0.genblk1.genblk1.genblk1.genblk1.genblk1.genblk1.lut1.genblk1.genblk1.genblk1.genblk1.genblk1.lut0 (4 -> 0)
  Optimizing lut $abc$40721$lut$aiger40720$2523.genblk1.genblk1.genblk1.genblk1.genblk1.genblk1.genblk1.genblk1.lut1.genblk1.genblk1.genblk1.genblk1.genblk1.genblk1.genblk1.lut0.genblk1.genblk1.genblk1.genblk1.genblk1.genblk1.lut0.genblk1.genblk1.genblk1.genblk1.genblk1.lut0 (4 -> 0)
  Optimizing lut $abc$40721$lut$aiger40720$2523.genblk1.genblk1.genblk1.genblk1.genblk1.genblk1.genblk1.genblk1.lut1.genblk1.genblk1.genblk1.genblk1.genblk1.genblk1.genblk1.lut1.genblk1.genblk1.genblk1.genblk1.genblk1.genblk1.lut1.genblk1.genblk1.genblk1.genblk1.genblk1.lut0 (4 -> 0)
  Optimizing lut $abc$40721$lut$aiger40720$2523.genblk1.genblk1.genblk1.genblk1.genblk1.genblk1.genblk1.genblk1.lut1.genblk1.genblk1.genblk1.genblk1.genblk1.genblk1.genblk1.lut1.genblk1.genblk1.genblk1.genblk1.genblk1.genblk1.lut0.genblk1.genblk1.genblk1.genblk1.genblk1.lut0 (4 -> 0)
  Optimizing lut $abc$40721$lut$aiger40720$2523.genblk1.genblk1.genblk1.genblk1.genblk1.genblk1.genblk1.genblk1.lut0.genblk1.genblk1.genblk1.genblk1.genblk1.genblk1.genblk1.lut0.genblk1.genblk1.genblk1.genblk1.genblk1.genblk1.lut1.genblk1.genblk1.genblk1.genblk1.genblk1.lut0 (4 -> 0)
  Optimizing lut $abc$40721$lut$aiger40720$2523.genblk1.genblk1.genblk1.genblk1.genblk1.genblk1.genblk1.genblk1.lut0.genblk1.genblk1.genblk1.genblk1.genblk1.genblk1.genblk1.lut0.genblk1.genblk1.genblk1.genblk1.genblk1.genblk1.lut0.genblk1.genblk1.genblk1.genblk1.genblk1.lut0 (4 -> 0)
  Optimizing lut $abc$40721$lut$aiger40720$2523.genblk1.genblk1.genblk1.genblk1.genblk1.genblk1.genblk1.genblk1.lut0.genblk1.genblk1.genblk1.genblk1.genblk1.genblk1.genblk1.lut1.genblk1.genblk1.genblk1.genblk1.genblk1.genblk1.lut1.genblk1.genblk1.genblk1.genblk1.genblk1.lut0 (4 -> 0)
  Optimizing lut $abc$40721$lut$aiger40720$2523.genblk1.genblk1.genblk1.genblk1.genblk1.genblk1.genblk1.genblk1.lut0.genblk1.genblk1.genblk1.genblk1.genblk1.genblk1.genblk1.lut1.genblk1.genblk1.genblk1.genblk1.genblk1.genblk1.lut0.genblk1.genblk1.genblk1.genblk1.genblk1.lut0 (4 -> 0)
  Optimizing lut $abc$40721$lut$aiger40720$2537.genblk1.genblk1.genblk1.genblk1.genblk1.genblk1.genblk1.genblk1.lut1.genblk1.genblk1.genblk1.genblk1.genblk1.genblk1.genblk1.lut0.genblk1.genblk1.genblk1.genblk1.genblk1.genblk1.lut1.genblk1.genblk1.genblk1.genblk1.genblk1.lut0 (4 -> 1)
  Optimizing lut $abc$40721$lut$aiger40720$2537.genblk1.genblk1.genblk1.genblk1.genblk1.genblk1.genblk1.genblk1.lut1.genblk1.genblk1.genblk1.genblk1.genblk1.genblk1.genblk1.lut0.genblk1.genblk1.genblk1.genblk1.genblk1.genblk1.lut0.genblk1.genblk1.genblk1.genblk1.genblk1.lut0 (4 -> 0)
  Optimizing lut $abc$40721$lut$aiger40720$2537.genblk1.genblk1.genblk1.genblk1.genblk1.genblk1.genblk1.genblk1.lut1.genblk1.genblk1.genblk1.genblk1.genblk1.genblk1.genblk1.lut1.genblk1.genblk1.genblk1.genblk1.genblk1.genblk1.lut1.genblk1.genblk1.genblk1.genblk1.genblk1.lut0 (4 -> 0)
  Optimizing lut $abc$40721$lut$aiger40720$2537.genblk1.genblk1.genblk1.genblk1.genblk1.genblk1.genblk1.genblk1.lut1.genblk1.genblk1.genblk1.genblk1.genblk1.genblk1.genblk1.lut1.genblk1.genblk1.genblk1.genblk1.genblk1.genblk1.lut0.genblk1.genblk1.genblk1.genblk1.genblk1.lut0 (4 -> 0)
  Optimizing lut $abc$40721$lut$aiger40720$2537.genblk1.genblk1.genblk1.genblk1.genblk1.genblk1.genblk1.genblk1.lut0.genblk1.genblk1.genblk1.genblk1.genblk1.genblk1.genblk1.lut0.genblk1.genblk1.genblk1.genblk1.genblk1.genblk1.lut1.genblk1.genblk1.genblk1.genblk1.genblk1.lut0 (4 -> 1)
  Optimizing lut $abc$40721$lut$aiger40720$2537.genblk1.genblk1.genblk1.genblk1.genblk1.genblk1.genblk1.genblk1.lut0.genblk1.genblk1.genblk1.genblk1.genblk1.genblk1.genblk1.lut0.genblk1.genblk1.genblk1.genblk1.genblk1.genblk1.lut0.genblk1.genblk1.genblk1.genblk1.genblk1.lut0 (4 -> 1)
  Optimizing lut $abc$40721$lut$aiger40720$2537.genblk1.genblk1.genblk1.genblk1.genblk1.genblk1.genblk1.genblk1.lut0.genblk1.genblk1.genblk1.genblk1.genblk1.genblk1.genblk1.lut1.genblk1.genblk1.genblk1.genblk1.genblk1.genblk1.lut1.genblk1.genblk1.genblk1.genblk1.genblk1.lut0 (4 -> 0)
  Optimizing lut $abc$40721$lut$aiger40720$2537.genblk1.genblk1.genblk1.genblk1.genblk1.genblk1.genblk1.genblk1.lut0.genblk1.genblk1.genblk1.genblk1.genblk1.genblk1.genblk1.lut1.genblk1.genblk1.genblk1.genblk1.genblk1.genblk1.lut0.genblk1.genblk1.genblk1.genblk1.genblk1.lut0 (4 -> 0)
  Optimizing lut $abc$40721$lut$aiger40720$2366.genblk1.genblk1.genblk1.genblk1.genblk1.genblk1.genblk1.genblk1.lut1.genblk1.genblk1.genblk1.genblk1.genblk1.genblk1.genblk1.lut0.genblk1.genblk1.genblk1.genblk1.genblk1.genblk1.lut0.genblk1.genblk1.genblk1.genblk1.genblk1.lut0 (4 -> 0)
  Optimizing lut $abc$40721$lut$aiger40720$2366.genblk1.genblk1.genblk1.genblk1.genblk1.genblk1.genblk1.genblk1.lut1.genblk1.genblk1.genblk1.genblk1.genblk1.genblk1.genblk1.lut1.genblk1.genblk1.genblk1.genblk1.genblk1.genblk1.lut1.genblk1.genblk1.genblk1.genblk1.genblk1.lut0 (4 -> 0)
  Optimizing lut $abc$40721$lut$aiger40720$2366.genblk1.genblk1.genblk1.genblk1.genblk1.genblk1.genblk1.genblk1.lut1.genblk1.genblk1.genblk1.genblk1.genblk1.genblk1.genblk1.lut1.genblk1.genblk1.genblk1.genblk1.genblk1.genblk1.lut0.genblk1.genblk1.genblk1.genblk1.genblk1.lut0 (4 -> 0)
  Optimizing lut $abc$40721$lut$aiger40720$2366.genblk1.genblk1.genblk1.genblk1.genblk1.genblk1.genblk1.genblk1.lut0.genblk1.genblk1.genblk1.genblk1.genblk1.genblk1.genblk1.lut0.genblk1.genblk1.genblk1.genblk1.genblk1.genblk1.lut1.genblk1.genblk1.genblk1.genblk1.genblk1.lut0 (4 -> 1)
  Optimizing lut $abc$40721$lut$aiger40720$2366.genblk1.genblk1.genblk1.genblk1.genblk1.genblk1.genblk1.genblk1.lut0.genblk1.genblk1.genblk1.genblk1.genblk1.genblk1.genblk1.lut0.genblk1.genblk1.genblk1.genblk1.genblk1.genblk1.lut0.genblk1.genblk1.genblk1.genblk1.genblk1.lut0 (4 -> 1)
  Optimizing lut $abc$40721$lut$aiger40720$2366.genblk1.genblk1.genblk1.genblk1.genblk1.genblk1.genblk1.genblk1.lut0.genblk1.genblk1.genblk1.genblk1.genblk1.genblk1.genblk1.lut1.genblk1.genblk1.genblk1.genblk1.genblk1.genblk1.lut1.genblk1.genblk1.genblk1.genblk1.genblk1.lut0 (4 -> 0)
  Optimizing lut $abc$40721$lut$aiger40720$2366.genblk1.genblk1.genblk1.genblk1.genblk1.genblk1.genblk1.genblk1.lut0.genblk1.genblk1.genblk1.genblk1.genblk1.genblk1.genblk1.lut1.genblk1.genblk1.genblk1.genblk1.genblk1.genblk1.lut0.genblk1.genblk1.genblk1.genblk1.genblk1.lut0 (4 -> 1)
  Optimizing lut $abc$40721$lut$aiger40720$2381.genblk1.genblk1.genblk1.genblk1.genblk1.genblk1.genblk1.genblk1.lut1.genblk1.genblk1.genblk1.genblk1.genblk1.genblk1.genblk1.lut0.genblk1.genblk1.genblk1.genblk1.genblk1.genblk1.lut1.genblk1.genblk1.genblk1.genblk1.genblk1.lut0 (4 -> 0)
  Optimizing lut $abc$40721$lut$aiger40720$2381.genblk1.genblk1.genblk1.genblk1.genblk1.genblk1.genblk1.genblk1.lut1.genblk1.genblk1.genblk1.genblk1.genblk1.genblk1.genblk1.lut0.genblk1.genblk1.genblk1.genblk1.genblk1.genblk1.lut0.genblk1.genblk1.genblk1.genblk1.genblk1.lut0 (4 -> 0)
  Optimizing lut $abc$40721$lut$aiger40720$2381.genblk1.genblk1.genblk1.genblk1.genblk1.genblk1.genblk1.genblk1.lut1.genblk1.genblk1.genblk1.genblk1.genblk1.genblk1.genblk1.lut1.genblk1.genblk1.genblk1.genblk1.genblk1.genblk1.lut1.genblk1.genblk1.genblk1.genblk1.genblk1.lut0 (4 -> 0)
  Optimizing lut $abc$40721$lut$aiger40720$2381.genblk1.genblk1.genblk1.genblk1.genblk1.genblk1.genblk1.genblk1.lut1.genblk1.genblk1.genblk1.genblk1.genblk1.genblk1.genblk1.lut1.genblk1.genblk1.genblk1.genblk1.genblk1.genblk1.lut0.genblk1.genblk1.genblk1.genblk1.genblk1.lut0 (4 -> 1)
  Optimizing lut $abc$40721$lut$aiger40720$2381.genblk1.genblk1.genblk1.genblk1.genblk1.genblk1.genblk1.genblk1.lut0.genblk1.genblk1.genblk1.genblk1.genblk1.genblk1.genblk1.lut0.genblk1.genblk1.genblk1.genblk1.genblk1.genblk1.lut1.genblk1.genblk1.genblk1.genblk1.genblk1.lut0 (4 -> 0)
  Optimizing lut $abc$40721$lut$aiger40720$2381.genblk1.genblk1.genblk1.genblk1.genblk1.genblk1.genblk1.genblk1.lut0.genblk1.genblk1.genblk1.genblk1.genblk1.genblk1.genblk1.lut0.genblk1.genblk1.genblk1.genblk1.genblk1.genblk1.lut0.genblk1.genblk1.genblk1.genblk1.genblk1.lut0 (4 -> 0)
  Optimizing lut $abc$40721$lut$aiger40720$2381.genblk1.genblk1.genblk1.genblk1.genblk1.genblk1.genblk1.genblk1.lut0.genblk1.genblk1.genblk1.genblk1.genblk1.genblk1.genblk1.lut1.genblk1.genblk1.genblk1.genblk1.genblk1.genblk1.lut1.genblk1.genblk1.genblk1.genblk1.genblk1.lut0 (4 -> 0)
  Optimizing lut $abc$40721$lut$aiger40720$2381.genblk1.genblk1.genblk1.genblk1.genblk1.genblk1.genblk1.genblk1.lut0.genblk1.genblk1.genblk1.genblk1.genblk1.genblk1.genblk1.lut1.genblk1.genblk1.genblk1.genblk1.genblk1.genblk1.lut0.genblk1.genblk1.genblk1.genblk1.genblk1.lut0 (4 -> 0)
  Optimizing lut $abc$40721$lut$aiger40720$2394.genblk1.genblk1.genblk1.genblk1.genblk1.genblk1.genblk1.genblk1.lut1.genblk1.genblk1.genblk1.genblk1.genblk1.genblk1.genblk1.lut0.genblk1.genblk1.genblk1.genblk1.genblk1.genblk1.lut1.genblk1.genblk1.genblk1.genblk1.genblk1.lut0 (4 -> 0)
  Optimizing lut $abc$40721$lut$aiger40720$2394.genblk1.genblk1.genblk1.genblk1.genblk1.genblk1.genblk1.genblk1.lut1.genblk1.genblk1.genblk1.genblk1.genblk1.genblk1.genblk1.lut0.genblk1.genblk1.genblk1.genblk1.genblk1.genblk1.lut0.genblk1.genblk1.genblk1.genblk1.genblk1.lut0 (4 -> 0)
  Optimizing lut $abc$40721$lut$aiger40720$2394.genblk1.genblk1.genblk1.genblk1.genblk1.genblk1.genblk1.genblk1.lut1.genblk1.genblk1.genblk1.genblk1.genblk1.genblk1.genblk1.lut1.genblk1.genblk1.genblk1.genblk1.genblk1.genblk1.lut1.genblk1.genblk1.genblk1.genblk1.genblk1.lut0 (4 -> 1)
  Optimizing lut $abc$40721$lut$aiger40720$2394.genblk1.genblk1.genblk1.genblk1.genblk1.genblk1.genblk1.genblk1.lut1.genblk1.genblk1.genblk1.genblk1.genblk1.genblk1.genblk1.lut1.genblk1.genblk1.genblk1.genblk1.genblk1.genblk1.lut0.genblk1.genblk1.genblk1.genblk1.genblk1.lut0 (4 -> 0)
  Optimizing lut $abc$40721$lut$aiger40720$2394.genblk1.genblk1.genblk1.genblk1.genblk1.genblk1.genblk1.genblk1.lut0.genblk1.genblk1.genblk1.genblk1.genblk1.genblk1.genblk1.lut0.genblk1.genblk1.genblk1.genblk1.genblk1.genblk1.lut1.genblk1.genblk1.genblk1.genblk1.genblk1.lut0 (4 -> 0)
  Optimizing lut $abc$40721$lut$aiger40720$2394.genblk1.genblk1.genblk1.genblk1.genblk1.genblk1.genblk1.genblk1.lut0.genblk1.genblk1.genblk1.genblk1.genblk1.genblk1.genblk1.lut0.genblk1.genblk1.genblk1.genblk1.genblk1.genblk1.lut0.genblk1.genblk1.genblk1.genblk1.genblk1.lut0 (4 -> 0)
  Optimizing lut $abc$40721$lut$aiger40720$2394.genblk1.genblk1.genblk1.genblk1.genblk1.genblk1.genblk1.genblk1.lut0.genblk1.genblk1.genblk1.genblk1.genblk1.genblk1.genblk1.lut1.genblk1.genblk1.genblk1.genblk1.genblk1.genblk1.lut1.genblk1.genblk1.genblk1.genblk1.genblk1.lut0 (4 -> 0)
  Optimizing lut $abc$40721$lut$aiger40720$2394.genblk1.genblk1.genblk1.genblk1.genblk1.genblk1.genblk1.genblk1.lut0.genblk1.genblk1.genblk1.genblk1.genblk1.genblk1.genblk1.lut1.genblk1.genblk1.genblk1.genblk1.genblk1.genblk1.lut0.genblk1.genblk1.genblk1.genblk1.genblk1.lut0 (4 -> 0)
  Optimizing lut $abc$40721$lut$aiger40720$2409.genblk1.genblk1.genblk1.genblk1.genblk1.genblk1.genblk1.genblk1.lut1.genblk1.genblk1.genblk1.genblk1.genblk1.genblk1.genblk1.lut0.genblk1.genblk1.genblk1.genblk1.genblk1.genblk1.lut1.genblk1.genblk1.genblk1.genblk1.genblk1.lut0 (4 -> 1)
  Optimizing lut $abc$40721$lut$aiger40720$2409.genblk1.genblk1.genblk1.genblk1.genblk1.genblk1.genblk1.genblk1.lut1.genblk1.genblk1.genblk1.genblk1.genblk1.genblk1.genblk1.lut0.genblk1.genblk1.genblk1.genblk1.genblk1.genblk1.lut0.genblk1.genblk1.genblk1.genblk1.genblk1.lut0 (4 -> 1)
  Optimizing lut $abc$40721$lut$aiger40720$2409.genblk1.genblk1.genblk1.genblk1.genblk1.genblk1.genblk1.genblk1.lut1.genblk1.genblk1.genblk1.genblk1.genblk1.genblk1.genblk1.lut1.genblk1.genblk1.genblk1.genblk1.genblk1.genblk1.lut1.genblk1.genblk1.genblk1.genblk1.genblk1.lut0 (4 -> 0)
  Optimizing lut $abc$40721$lut$aiger40720$2409.genblk1.genblk1.genblk1.genblk1.genblk1.genblk1.genblk1.genblk1.lut1.genblk1.genblk1.genblk1.genblk1.genblk1.genblk1.genblk1.lut1.genblk1.genblk1.genblk1.genblk1.genblk1.genblk1.lut0.genblk1.genblk1.genblk1.genblk1.genblk1.lut0 (4 -> 0)
  Optimizing lut $abc$40721$lut$aiger40720$2409.genblk1.genblk1.genblk1.genblk1.genblk1.genblk1.genblk1.genblk1.lut0.genblk1.genblk1.genblk1.genblk1.genblk1.genblk1.genblk1.lut0.genblk1.genblk1.genblk1.genblk1.genblk1.genblk1.lut1.genblk1.genblk1.genblk1.genblk1.genblk1.lut0 (4 -> 0)
  Optimizing lut $abc$40721$lut$aiger40720$2409.genblk1.genblk1.genblk1.genblk1.genblk1.genblk1.genblk1.genblk1.lut0.genblk1.genblk1.genblk1.genblk1.genblk1.genblk1.genblk1.lut0.genblk1.genblk1.genblk1.genblk1.genblk1.genblk1.lut0.genblk1.genblk1.genblk1.genblk1.genblk1.lut0 (4 -> 0)
  Optimizing lut $abc$40721$lut$aiger40720$2409.genblk1.genblk1.genblk1.genblk1.genblk1.genblk1.genblk1.genblk1.lut0.genblk1.genblk1.genblk1.genblk1.genblk1.genblk1.genblk1.lut1.genblk1.genblk1.genblk1.genblk1.genblk1.genblk1.lut1.genblk1.genblk1.genblk1.genblk1.genblk1.lut0 (4 -> 1)
  Optimizing lut $abc$40721$lut$aiger40720$2409.genblk1.genblk1.genblk1.genblk1.genblk1.genblk1.genblk1.genblk1.lut0.genblk1.genblk1.genblk1.genblk1.genblk1.genblk1.genblk1.lut1.genblk1.genblk1.genblk1.genblk1.genblk1.genblk1.lut0.genblk1.genblk1.genblk1.genblk1.genblk1.lut0 (4 -> 0)
  Optimizing lut $abc$40721$lut$aiger40720$2239.genblk1.genblk1.genblk1.genblk1.genblk1.genblk1.genblk1.genblk1.lut1.genblk1.genblk1.genblk1.genblk1.genblk1.genblk1.genblk1.lut0.genblk1.genblk1.genblk1.genblk1.genblk1.genblk1.lut1.genblk1.genblk1.genblk1.genblk1.genblk1.lut0 (4 -> 0)
  Optimizing lut $abc$40721$lut$aiger40720$2239.genblk1.genblk1.genblk1.genblk1.genblk1.genblk1.genblk1.genblk1.lut1.genblk1.genblk1.genblk1.genblk1.genblk1.genblk1.genblk1.lut0.genblk1.genblk1.genblk1.genblk1.genblk1.genblk1.lut0.genblk1.genblk1.genblk1.genblk1.genblk1.lut0 (4 -> 0)
  Optimizing lut $abc$40721$lut$aiger40720$2239.genblk1.genblk1.genblk1.genblk1.genblk1.genblk1.genblk1.genblk1.lut1.genblk1.genblk1.genblk1.genblk1.genblk1.genblk1.genblk1.lut1.genblk1.genblk1.genblk1.genblk1.genblk1.genblk1.lut1.genblk1.genblk1.genblk1.genblk1.genblk1.lut0 (4 -> 1)
  Optimizing lut $abc$40721$lut$aiger40720$2239.genblk1.genblk1.genblk1.genblk1.genblk1.genblk1.genblk1.genblk1.lut1.genblk1.genblk1.genblk1.genblk1.genblk1.genblk1.genblk1.lut1.genblk1.genblk1.genblk1.genblk1.genblk1.genblk1.lut0.genblk1.genblk1.genblk1.genblk1.genblk1.lut0 (4 -> 0)
  Optimizing lut $abc$40721$lut$aiger40720$2239.genblk1.genblk1.genblk1.genblk1.genblk1.genblk1.genblk1.genblk1.lut0.genblk1.genblk1.genblk1.genblk1.genblk1.genblk1.genblk1.lut0.genblk1.genblk1.genblk1.genblk1.genblk1.genblk1.lut1.genblk1.genblk1.genblk1.genblk1.genblk1.lut0 (4 -> 1)
  Optimizing lut $abc$40721$lut$aiger40720$2239.genblk1.genblk1.genblk1.genblk1.genblk1.genblk1.genblk1.genblk1.lut0.genblk1.genblk1.genblk1.genblk1.genblk1.genblk1.genblk1.lut0.genblk1.genblk1.genblk1.genblk1.genblk1.genblk1.lut0.genblk1.genblk1.genblk1.genblk1.genblk1.lut0 (4 -> 0)
  Optimizing lut $abc$40721$lut$aiger40720$2239.genblk1.genblk1.genblk1.genblk1.genblk1.genblk1.genblk1.genblk1.lut0.genblk1.genblk1.genblk1.genblk1.genblk1.genblk1.genblk1.lut1.genblk1.genblk1.genblk1.genblk1.genblk1.genblk1.lut1.genblk1.genblk1.genblk1.genblk1.genblk1.lut0 (4 -> 0)
  Optimizing lut $abc$40721$lut$aiger40720$2239.genblk1.genblk1.genblk1.genblk1.genblk1.genblk1.genblk1.genblk1.lut0.genblk1.genblk1.genblk1.genblk1.genblk1.genblk1.genblk1.lut1.genblk1.genblk1.genblk1.genblk1.genblk1.genblk1.lut0.genblk1.genblk1.genblk1.genblk1.genblk1.lut0 (4 -> 1)
  Optimizing lut $abc$40721$lut$aiger40720$2254.genblk1.genblk1.genblk1.genblk1.genblk1.genblk1.genblk1.genblk1.lut1.genblk1.genblk1.genblk1.genblk1.genblk1.genblk1.genblk1.lut0.genblk1.genblk1.genblk1.genblk1.genblk1.genblk1.lut1.genblk1.genblk1.genblk1.genblk1.genblk1.lut0 (4 -> 1)
  Optimizing lut $abc$40721$lut$aiger40720$2254.genblk1.genblk1.genblk1.genblk1.genblk1.genblk1.genblk1.genblk1.lut1.genblk1.genblk1.genblk1.genblk1.genblk1.genblk1.genblk1.lut0.genblk1.genblk1.genblk1.genblk1.genblk1.genblk1.lut0.genblk1.genblk1.genblk1.genblk1.genblk1.lut0 (4 -> 0)
  Optimizing lut $abc$40721$lut$aiger40720$2254.genblk1.genblk1.genblk1.genblk1.genblk1.genblk1.genblk1.genblk1.lut1.genblk1.genblk1.genblk1.genblk1.genblk1.genblk1.genblk1.lut1.genblk1.genblk1.genblk1.genblk1.genblk1.genblk1.lut1.genblk1.genblk1.genblk1.genblk1.genblk1.lut0 (4 -> 0)
  Optimizing lut $abc$40721$lut$aiger40720$2254.genblk1.genblk1.genblk1.genblk1.genblk1.genblk1.genblk1.genblk1.lut1.genblk1.genblk1.genblk1.genblk1.genblk1.genblk1.genblk1.lut1.genblk1.genblk1.genblk1.genblk1.genblk1.genblk1.lut0.genblk1.genblk1.genblk1.genblk1.genblk1.lut0 (4 -> 0)
  Optimizing lut $abc$40721$lut$aiger40720$2254.genblk1.genblk1.genblk1.genblk1.genblk1.genblk1.genblk1.genblk1.lut0.genblk1.genblk1.genblk1.genblk1.genblk1.genblk1.genblk1.lut0.genblk1.genblk1.genblk1.genblk1.genblk1.genblk1.lut1.genblk1.genblk1.genblk1.genblk1.genblk1.lut0 (4 -> 0)
  Optimizing lut $abc$40721$lut$aiger40720$2254.genblk1.genblk1.genblk1.genblk1.genblk1.genblk1.genblk1.genblk1.lut0.genblk1.genblk1.genblk1.genblk1.genblk1.genblk1.genblk1.lut0.genblk1.genblk1.genblk1.genblk1.genblk1.genblk1.lut0.genblk1.genblk1.genblk1.genblk1.genblk1.lut0 (4 -> 0)
  Optimizing lut $abc$40721$lut$aiger40720$2254.genblk1.genblk1.genblk1.genblk1.genblk1.genblk1.genblk1.genblk1.lut0.genblk1.genblk1.genblk1.genblk1.genblk1.genblk1.genblk1.lut1.genblk1.genblk1.genblk1.genblk1.genblk1.genblk1.lut1.genblk1.genblk1.genblk1.genblk1.genblk1.lut0 (4 -> 0)
  Optimizing lut $abc$40721$lut$aiger40720$2254.genblk1.genblk1.genblk1.genblk1.genblk1.genblk1.genblk1.genblk1.lut0.genblk1.genblk1.genblk1.genblk1.genblk1.genblk1.genblk1.lut1.genblk1.genblk1.genblk1.genblk1.genblk1.genblk1.lut0.genblk1.genblk1.genblk1.genblk1.genblk1.lut0 (4 -> 0)
  Optimizing lut $abc$40721$lut$aiger40720$2271.genblk1.genblk1.genblk1.genblk1.genblk1.genblk1.genblk1.genblk1.lut1.genblk1.genblk1.genblk1.genblk1.genblk1.genblk1.genblk1.lut0.genblk1.genblk1.genblk1.genblk1.genblk1.genblk1.lut1.genblk1.genblk1.genblk1.genblk1.genblk1.lut0 (4 -> 0)
  Optimizing lut $abc$40721$lut$aiger40720$2271.genblk1.genblk1.genblk1.genblk1.genblk1.genblk1.genblk1.genblk1.lut1.genblk1.genblk1.genblk1.genblk1.genblk1.genblk1.genblk1.lut0.genblk1.genblk1.genblk1.genblk1.genblk1.genblk1.lut0.genblk1.genblk1.genblk1.genblk1.genblk1.lut0 (4 -> 1)
  Optimizing lut $abc$40721$lut$aiger40720$2271.genblk1.genblk1.genblk1.genblk1.genblk1.genblk1.genblk1.genblk1.lut1.genblk1.genblk1.genblk1.genblk1.genblk1.genblk1.genblk1.lut1.genblk1.genblk1.genblk1.genblk1.genblk1.genblk1.lut1.genblk1.genblk1.genblk1.genblk1.genblk1.lut0 (4 -> 0)
  Optimizing lut $abc$40721$lut$aiger40720$2271.genblk1.genblk1.genblk1.genblk1.genblk1.genblk1.genblk1.genblk1.lut1.genblk1.genblk1.genblk1.genblk1.genblk1.genblk1.genblk1.lut1.genblk1.genblk1.genblk1.genblk1.genblk1.genblk1.lut0.genblk1.genblk1.genblk1.genblk1.genblk1.lut0 (4 -> 0)
  Optimizing lut $abc$40721$lut$aiger40720$2271.genblk1.genblk1.genblk1.genblk1.genblk1.genblk1.genblk1.genblk1.lut0.genblk1.genblk1.genblk1.genblk1.genblk1.genblk1.genblk1.lut0.genblk1.genblk1.genblk1.genblk1.genblk1.genblk1.lut1.genblk1.genblk1.genblk1.genblk1.genblk1.lut0 (4 -> 0)
  Optimizing lut $abc$40721$lut$aiger40720$2271.genblk1.genblk1.genblk1.genblk1.genblk1.genblk1.genblk1.genblk1.lut0.genblk1.genblk1.genblk1.genblk1.genblk1.genblk1.genblk1.lut0.genblk1.genblk1.genblk1.genblk1.genblk1.genblk1.lut0.genblk1.genblk1.genblk1.genblk1.genblk1.lut0 (4 -> 1)
  Optimizing lut $abc$40721$lut$aiger40720$2271.genblk1.genblk1.genblk1.genblk1.genblk1.genblk1.genblk1.genblk1.lut0.genblk1.genblk1.genblk1.genblk1.genblk1.genblk1.genblk1.lut1.genblk1.genblk1.genblk1.genblk1.genblk1.genblk1.lut1.genblk1.genblk1.genblk1.genblk1.genblk1.lut0 (4 -> 0)
  Optimizing lut $abc$40721$lut$aiger40720$2271.genblk1.genblk1.genblk1.genblk1.genblk1.genblk1.genblk1.genblk1.lut0.genblk1.genblk1.genblk1.genblk1.genblk1.genblk1.genblk1.lut1.genblk1.genblk1.genblk1.genblk1.genblk1.genblk1.lut0.genblk1.genblk1.genblk1.genblk1.genblk1.lut0 (4 -> 0)
  Optimizing lut $abc$40721$lut$aiger40720$2286.genblk1.genblk1.genblk1.genblk1.genblk1.genblk1.genblk1.genblk1.lut1.genblk1.genblk1.genblk1.genblk1.genblk1.genblk1.genblk1.lut0.genblk1.genblk1.genblk1.genblk1.genblk1.genblk1.lut1.genblk1.genblk1.genblk1.genblk1.genblk1.lut0 (4 -> 0)
  Optimizing lut $abc$40721$lut$aiger40720$2286.genblk1.genblk1.genblk1.genblk1.genblk1.genblk1.genblk1.genblk1.lut1.genblk1.genblk1.genblk1.genblk1.genblk1.genblk1.genblk1.lut0.genblk1.genblk1.genblk1.genblk1.genblk1.genblk1.lut0.genblk1.genblk1.genblk1.genblk1.genblk1.lut0 (4 -> 0)
  Optimizing lut $abc$40721$lut$aiger40720$2286.genblk1.genblk1.genblk1.genblk1.genblk1.genblk1.genblk1.genblk1.lut1.genblk1.genblk1.genblk1.genblk1.genblk1.genblk1.genblk1.lut1.genblk1.genblk1.genblk1.genblk1.genblk1.genblk1.lut1.genblk1.genblk1.genblk1.genblk1.genblk1.lut0 (4 -> 0)
  Optimizing lut $abc$40721$lut$aiger40720$2286.genblk1.genblk1.genblk1.genblk1.genblk1.genblk1.genblk1.genblk1.lut1.genblk1.genblk1.genblk1.genblk1.genblk1.genblk1.genblk1.lut1.genblk1.genblk1.genblk1.genblk1.genblk1.genblk1.lut0.genblk1.genblk1.genblk1.genblk1.genblk1.lut0 (4 -> 1)
  Optimizing lut $abc$40721$lut$aiger40720$2286.genblk1.genblk1.genblk1.genblk1.genblk1.genblk1.genblk1.genblk1.lut0.genblk1.genblk1.genblk1.genblk1.genblk1.genblk1.genblk1.lut0.genblk1.genblk1.genblk1.genblk1.genblk1.genblk1.lut1.genblk1.genblk1.genblk1.genblk1.genblk1.lut0 (4 -> 0)
  Optimizing lut $abc$40721$lut$aiger40720$2286.genblk1.genblk1.genblk1.genblk1.genblk1.genblk1.genblk1.genblk1.lut0.genblk1.genblk1.genblk1.genblk1.genblk1.genblk1.genblk1.lut0.genblk1.genblk1.genblk1.genblk1.genblk1.genblk1.lut0.genblk1.genblk1.genblk1.genblk1.genblk1.lut0 (4 -> 0)
  Optimizing lut $abc$40721$lut$aiger40720$2286.genblk1.genblk1.genblk1.genblk1.genblk1.genblk1.genblk1.genblk1.lut0.genblk1.genblk1.genblk1.genblk1.genblk1.genblk1.genblk1.lut1.genblk1.genblk1.genblk1.genblk1.genblk1.genblk1.lut1.genblk1.genblk1.genblk1.genblk1.genblk1.lut0 (4 -> 1)
  Optimizing lut $abc$40721$lut$aiger40720$2286.genblk1.genblk1.genblk1.genblk1.genblk1.genblk1.genblk1.genblk1.lut0.genblk1.genblk1.genblk1.genblk1.genblk1.genblk1.genblk1.lut1.genblk1.genblk1.genblk1.genblk1.genblk1.genblk1.lut0.genblk1.genblk1.genblk1.genblk1.genblk1.lut0 (4 -> 0)
  Optimizing lut $abc$40721$lut$aiger40720$2305.genblk1.genblk1.genblk1.genblk1.genblk1.genblk1.genblk1.genblk1.lut1.genblk1.genblk1.genblk1.genblk1.genblk1.genblk1.genblk1.lut0.genblk1.genblk1.genblk1.genblk1.genblk1.genblk1.lut1.genblk1.genblk1.genblk1.genblk1.genblk1.lut0 (4 -> 0)
  Optimizing lut $abc$40721$lut$aiger40720$2305.genblk1.genblk1.genblk1.genblk1.genblk1.genblk1.genblk1.genblk1.lut1.genblk1.genblk1.genblk1.genblk1.genblk1.genblk1.genblk1.lut0.genblk1.genblk1.genblk1.genblk1.genblk1.genblk1.lut0.genblk1.genblk1.genblk1.genblk1.genblk1.lut0 (4 -> 0)
  Optimizing lut $abc$40721$lut$aiger40720$2305.genblk1.genblk1.genblk1.genblk1.genblk1.genblk1.genblk1.genblk1.lut1.genblk1.genblk1.genblk1.genblk1.genblk1.genblk1.genblk1.lut1.genblk1.genblk1.genblk1.genblk1.genblk1.genblk1.lut1.genblk1.genblk1.genblk1.genblk1.genblk1.lut0 (4 -> 1)
  Optimizing lut $abc$40721$lut$aiger40720$2305.genblk1.genblk1.genblk1.genblk1.genblk1.genblk1.genblk1.genblk1.lut1.genblk1.genblk1.genblk1.genblk1.genblk1.genblk1.genblk1.lut1.genblk1.genblk1.genblk1.genblk1.genblk1.genblk1.lut0.genblk1.genblk1.genblk1.genblk1.genblk1.lut0 (4 -> 0)
  Optimizing lut $abc$40721$lut$aiger40720$2305.genblk1.genblk1.genblk1.genblk1.genblk1.genblk1.genblk1.genblk1.lut0.genblk1.genblk1.genblk1.genblk1.genblk1.genblk1.genblk1.lut0.genblk1.genblk1.genblk1.genblk1.genblk1.genblk1.lut1.genblk1.genblk1.genblk1.genblk1.genblk1.lut0 (4 -> 0)
  Optimizing lut $abc$40721$lut$aiger40720$2305.genblk1.genblk1.genblk1.genblk1.genblk1.genblk1.genblk1.genblk1.lut0.genblk1.genblk1.genblk1.genblk1.genblk1.genblk1.genblk1.lut0.genblk1.genblk1.genblk1.genblk1.genblk1.genblk1.lut0.genblk1.genblk1.genblk1.genblk1.genblk1.lut0 (4 -> 0)
  Optimizing lut $abc$40721$lut$aiger40720$2305.genblk1.genblk1.genblk1.genblk1.genblk1.genblk1.genblk1.genblk1.lut0.genblk1.genblk1.genblk1.genblk1.genblk1.genblk1.genblk1.lut1.genblk1.genblk1.genblk1.genblk1.genblk1.genblk1.lut1.genblk1.genblk1.genblk1.genblk1.genblk1.lut0 (4 -> 0)
  Optimizing lut $abc$40721$lut$aiger40720$2305.genblk1.genblk1.genblk1.genblk1.genblk1.genblk1.genblk1.genblk1.lut0.genblk1.genblk1.genblk1.genblk1.genblk1.genblk1.genblk1.lut1.genblk1.genblk1.genblk1.genblk1.genblk1.genblk1.lut0.genblk1.genblk1.genblk1.genblk1.genblk1.lut0 (4 -> 0)
  Optimizing lut $abc$40721$lut$aiger40720$2320.genblk1.genblk1.genblk1.genblk1.genblk1.genblk1.genblk1.genblk1.lut1.genblk1.genblk1.genblk1.genblk1.genblk1.genblk1.genblk1.lut0.genblk1.genblk1.genblk1.genblk1.genblk1.genblk1.lut1.genblk1.genblk1.genblk1.genblk1.genblk1.lut0 (4 -> 0)
  Optimizing lut $abc$40721$lut$aiger40720$2320.genblk1.genblk1.genblk1.genblk1.genblk1.genblk1.genblk1.genblk1.lut1.genblk1.genblk1.genblk1.genblk1.genblk1.genblk1.genblk1.lut0.genblk1.genblk1.genblk1.genblk1.genblk1.genblk1.lut0.genblk1.genblk1.genblk1.genblk1.genblk1.lut0 (4 -> 1)
  Optimizing lut $abc$40721$lut$aiger40720$2320.genblk1.genblk1.genblk1.genblk1.genblk1.genblk1.genblk1.genblk1.lut1.genblk1.genblk1.genblk1.genblk1.genblk1.genblk1.genblk1.lut1.genblk1.genblk1.genblk1.genblk1.genblk1.genblk1.lut1.genblk1.genblk1.genblk1.genblk1.genblk1.lut0 (4 -> 0)
  Optimizing lut $abc$40721$lut$aiger40720$2320.genblk1.genblk1.genblk1.genblk1.genblk1.genblk1.genblk1.genblk1.lut1.genblk1.genblk1.genblk1.genblk1.genblk1.genblk1.genblk1.lut1.genblk1.genblk1.genblk1.genblk1.genblk1.genblk1.lut0.genblk1.genblk1.genblk1.genblk1.genblk1.lut0 (4 -> 1)
  Optimizing lut $abc$40721$lut$aiger40720$2320.genblk1.genblk1.genblk1.genblk1.genblk1.genblk1.genblk1.genblk1.lut0.genblk1.genblk1.genblk1.genblk1.genblk1.genblk1.genblk1.lut0.genblk1.genblk1.genblk1.genblk1.genblk1.genblk1.lut1.genblk1.genblk1.genblk1.genblk1.genblk1.lut0 (4 -> 1)
  Optimizing lut $abc$40721$lut$aiger40720$2320.genblk1.genblk1.genblk1.genblk1.genblk1.genblk1.genblk1.genblk1.lut0.genblk1.genblk1.genblk1.genblk1.genblk1.genblk1.genblk1.lut0.genblk1.genblk1.genblk1.genblk1.genblk1.genblk1.lut0.genblk1.genblk1.genblk1.genblk1.genblk1.lut0 (4 -> 0)
  Optimizing lut $abc$40721$lut$aiger40720$2320.genblk1.genblk1.genblk1.genblk1.genblk1.genblk1.genblk1.genblk1.lut0.genblk1.genblk1.genblk1.genblk1.genblk1.genblk1.genblk1.lut1.genblk1.genblk1.genblk1.genblk1.genblk1.genblk1.lut1.genblk1.genblk1.genblk1.genblk1.genblk1.lut0 (4 -> 0)
  Optimizing lut $abc$40721$lut$aiger40720$2320.genblk1.genblk1.genblk1.genblk1.genblk1.genblk1.genblk1.genblk1.lut0.genblk1.genblk1.genblk1.genblk1.genblk1.genblk1.genblk1.lut1.genblk1.genblk1.genblk1.genblk1.genblk1.genblk1.lut0.genblk1.genblk1.genblk1.genblk1.genblk1.lut0 (4 -> 0)
  Optimizing lut $abc$40721$lut$aiger40720$2336.genblk1.genblk1.genblk1.genblk1.genblk1.genblk1.genblk1.genblk1.lut1.genblk1.genblk1.genblk1.genblk1.genblk1.genblk1.genblk1.lut0.genblk1.genblk1.genblk1.genblk1.genblk1.genblk1.lut1.genblk1.genblk1.genblk1.genblk1.genblk1.lut0 (4 -> 1)
  Optimizing lut $abc$40721$lut$aiger40720$2336.genblk1.genblk1.genblk1.genblk1.genblk1.genblk1.genblk1.genblk1.lut1.genblk1.genblk1.genblk1.genblk1.genblk1.genblk1.genblk1.lut0.genblk1.genblk1.genblk1.genblk1.genblk1.genblk1.lut0.genblk1.genblk1.genblk1.genblk1.genblk1.lut0 (4 -> 0)
  Optimizing lut $abc$40721$lut$aiger40720$2336.genblk1.genblk1.genblk1.genblk1.genblk1.genblk1.genblk1.genblk1.lut1.genblk1.genblk1.genblk1.genblk1.genblk1.genblk1.genblk1.lut1.genblk1.genblk1.genblk1.genblk1.genblk1.genblk1.lut1.genblk1.genblk1.genblk1.genblk1.genblk1.lut0 (4 -> 0)
  Optimizing lut $abc$40721$lut$aiger40720$2336.genblk1.genblk1.genblk1.genblk1.genblk1.genblk1.genblk1.genblk1.lut1.genblk1.genblk1.genblk1.genblk1.genblk1.genblk1.genblk1.lut1.genblk1.genblk1.genblk1.genblk1.genblk1.genblk1.lut0.genblk1.genblk1.genblk1.genblk1.genblk1.lut0 (4 -> 0)
  Optimizing lut $abc$40721$lut$aiger40720$2336.genblk1.genblk1.genblk1.genblk1.genblk1.genblk1.genblk1.genblk1.lut0.genblk1.genblk1.genblk1.genblk1.genblk1.genblk1.genblk1.lut0.genblk1.genblk1.genblk1.genblk1.genblk1.genblk1.lut1.genblk1.genblk1.genblk1.genblk1.genblk1.lut0 (4 -> 0)
  Optimizing lut $abc$40721$lut$aiger40720$2336.genblk1.genblk1.genblk1.genblk1.genblk1.genblk1.genblk1.genblk1.lut0.genblk1.genblk1.genblk1.genblk1.genblk1.genblk1.genblk1.lut0.genblk1.genblk1.genblk1.genblk1.genblk1.genblk1.lut0.genblk1.genblk1.genblk1.genblk1.genblk1.lut0 (4 -> 1)
  Optimizing lut $abc$40721$lut$aiger40720$2336.genblk1.genblk1.genblk1.genblk1.genblk1.genblk1.genblk1.genblk1.lut0.genblk1.genblk1.genblk1.genblk1.genblk1.genblk1.genblk1.lut1.genblk1.genblk1.genblk1.genblk1.genblk1.genblk1.lut1.genblk1.genblk1.genblk1.genblk1.genblk1.lut0 (4 -> 1)
  Optimizing lut $abc$40721$lut$aiger40720$2336.genblk1.genblk1.genblk1.genblk1.genblk1.genblk1.genblk1.genblk1.lut0.genblk1.genblk1.genblk1.genblk1.genblk1.genblk1.genblk1.lut1.genblk1.genblk1.genblk1.genblk1.genblk1.genblk1.lut0.genblk1.genblk1.genblk1.genblk1.genblk1.lut0 (4 -> 0)
  Optimizing lut $abc$40721$lut$aiger40720$2349.genblk1.genblk1.genblk1.genblk1.genblk1.genblk1.genblk1.genblk1.lut1.genblk1.genblk1.genblk1.genblk1.genblk1.genblk1.genblk1.lut0.genblk1.genblk1.genblk1.genblk1.genblk1.genblk1.lut1.genblk1.genblk1.genblk1.genblk1.genblk1.lut0 (4 -> 0)
  Optimizing lut $abc$40721$lut$aiger40720$2349.genblk1.genblk1.genblk1.genblk1.genblk1.genblk1.genblk1.genblk1.lut1.genblk1.genblk1.genblk1.genblk1.genblk1.genblk1.genblk1.lut0.genblk1.genblk1.genblk1.genblk1.genblk1.genblk1.lut0.genblk1.genblk1.genblk1.genblk1.genblk1.lut0 (4 -> 0)
  Optimizing lut $abc$40721$lut$aiger40720$2349.genblk1.genblk1.genblk1.genblk1.genblk1.genblk1.genblk1.genblk1.lut1.genblk1.genblk1.genblk1.genblk1.genblk1.genblk1.genblk1.lut1.genblk1.genblk1.genblk1.genblk1.genblk1.genblk1.lut1.genblk1.genblk1.genblk1.genblk1.genblk1.lut0 (4 -> 0)
  Optimizing lut $abc$40721$lut$aiger40720$2349.genblk1.genblk1.genblk1.genblk1.genblk1.genblk1.genblk1.genblk1.lut1.genblk1.genblk1.genblk1.genblk1.genblk1.genblk1.genblk1.lut1.genblk1.genblk1.genblk1.genblk1.genblk1.genblk1.lut0.genblk1.genblk1.genblk1.genblk1.genblk1.lut0 (4 -> 0)
  Optimizing lut $abc$40721$lut$aiger40720$2349.genblk1.genblk1.genblk1.genblk1.genblk1.genblk1.genblk1.genblk1.lut0.genblk1.genblk1.genblk1.genblk1.genblk1.genblk1.genblk1.lut0.genblk1.genblk1.genblk1.genblk1.genblk1.genblk1.lut1.genblk1.genblk1.genblk1.genblk1.genblk1.lut0 (4 -> 0)
  Optimizing lut $abc$40721$lut$aiger40720$2349.genblk1.genblk1.genblk1.genblk1.genblk1.genblk1.genblk1.genblk1.lut0.genblk1.genblk1.genblk1.genblk1.genblk1.genblk1.genblk1.lut0.genblk1.genblk1.genblk1.genblk1.genblk1.genblk1.lut0.genblk1.genblk1.genblk1.genblk1.genblk1.lut0 (4 -> 0)
  Optimizing lut $abc$40721$lut$aiger40720$2349.genblk1.genblk1.genblk1.genblk1.genblk1.genblk1.genblk1.genblk1.lut0.genblk1.genblk1.genblk1.genblk1.genblk1.genblk1.genblk1.lut1.genblk1.genblk1.genblk1.genblk1.genblk1.genblk1.lut1.genblk1.genblk1.genblk1.genblk1.genblk1.lut0 (4 -> 0)
  Optimizing lut $abc$40721$lut$aiger40720$2349.genblk1.genblk1.genblk1.genblk1.genblk1.genblk1.genblk1.genblk1.lut0.genblk1.genblk1.genblk1.genblk1.genblk1.genblk1.genblk1.lut1.genblk1.genblk1.genblk1.genblk1.genblk1.genblk1.lut0.genblk1.genblk1.genblk1.genblk1.genblk1.lut0 (4 -> 1)
  Optimizing lut $abc$40721$lut$aiger40720$2967.genblk1.genblk1.genblk1.genblk1.genblk1.genblk1.genblk1.genblk1.lut1.genblk1.genblk1.genblk1.genblk1.genblk1.genblk1.genblk1.lut0.genblk1.genblk1.genblk1.genblk1.genblk1.genblk1.lut1.genblk1.genblk1.genblk1.genblk1.genblk1.lut0 (4 -> 0)
  Optimizing lut $abc$40721$lut$aiger40720$2967.genblk1.genblk1.genblk1.genblk1.genblk1.genblk1.genblk1.genblk1.lut1.genblk1.genblk1.genblk1.genblk1.genblk1.genblk1.genblk1.lut0.genblk1.genblk1.genblk1.genblk1.genblk1.genblk1.lut0.genblk1.genblk1.genblk1.genblk1.genblk1.lut0 (4 -> 0)
  Optimizing lut $abc$40721$lut$aiger40720$2967.genblk1.genblk1.genblk1.genblk1.genblk1.genblk1.genblk1.genblk1.lut1.genblk1.genblk1.genblk1.genblk1.genblk1.genblk1.genblk1.lut1.genblk1.genblk1.genblk1.genblk1.genblk1.genblk1.lut1.genblk1.genblk1.genblk1.genblk1.genblk1.lut0 (4 -> 1)
  Optimizing lut $abc$40721$lut$aiger40720$2967.genblk1.genblk1.genblk1.genblk1.genblk1.genblk1.genblk1.genblk1.lut1.genblk1.genblk1.genblk1.genblk1.genblk1.genblk1.genblk1.lut1.genblk1.genblk1.genblk1.genblk1.genblk1.genblk1.lut0.genblk1.genblk1.genblk1.genblk1.genblk1.lut0 (4 -> 0)
  Optimizing lut $abc$40721$lut$aiger40720$2967.genblk1.genblk1.genblk1.genblk1.genblk1.genblk1.genblk1.genblk1.lut0.genblk1.genblk1.genblk1.genblk1.genblk1.genblk1.genblk1.lut0.genblk1.genblk1.genblk1.genblk1.genblk1.genblk1.lut1.genblk1.genblk1.genblk1.genblk1.genblk1.lut0 (4 -> 1)
  Optimizing lut $abc$40721$lut$aiger40720$2967.genblk1.genblk1.genblk1.genblk1.genblk1.genblk1.genblk1.genblk1.lut0.genblk1.genblk1.genblk1.genblk1.genblk1.genblk1.genblk1.lut0.genblk1.genblk1.genblk1.genblk1.genblk1.genblk1.lut0.genblk1.genblk1.genblk1.genblk1.genblk1.lut0 (4 -> 0)
  Optimizing lut $abc$40721$lut$aiger40720$2967.genblk1.genblk1.genblk1.genblk1.genblk1.genblk1.genblk1.genblk1.lut0.genblk1.genblk1.genblk1.genblk1.genblk1.genblk1.genblk1.lut1.genblk1.genblk1.genblk1.genblk1.genblk1.genblk1.lut1.genblk1.genblk1.genblk1.genblk1.genblk1.lut0 (4 -> 0)
  Optimizing lut $abc$40721$lut$aiger40720$2967.genblk1.genblk1.genblk1.genblk1.genblk1.genblk1.genblk1.genblk1.lut0.genblk1.genblk1.genblk1.genblk1.genblk1.genblk1.genblk1.lut1.genblk1.genblk1.genblk1.genblk1.genblk1.genblk1.lut0.genblk1.genblk1.genblk1.genblk1.genblk1.lut0 (4 -> 0)
  Optimizing lut $abc$40721$lut$aiger40720$2982.genblk1.genblk1.genblk1.genblk1.genblk1.genblk1.genblk1.genblk1.lut1.genblk1.genblk1.genblk1.genblk1.genblk1.genblk1.genblk1.lut0.genblk1.genblk1.genblk1.genblk1.genblk1.genblk1.lut1.genblk1.genblk1.genblk1.genblk1.genblk1.lut0 (4 -> 1)
  Optimizing lut $abc$40721$lut$aiger40720$2982.genblk1.genblk1.genblk1.genblk1.genblk1.genblk1.genblk1.genblk1.lut1.genblk1.genblk1.genblk1.genblk1.genblk1.genblk1.genblk1.lut0.genblk1.genblk1.genblk1.genblk1.genblk1.genblk1.lut0.genblk1.genblk1.genblk1.genblk1.genblk1.lut0 (4 -> 0)
  Optimizing lut $abc$40721$lut$aiger40720$2982.genblk1.genblk1.genblk1.genblk1.genblk1.genblk1.genblk1.genblk1.lut1.genblk1.genblk1.genblk1.genblk1.genblk1.genblk1.genblk1.lut1.genblk1.genblk1.genblk1.genblk1.genblk1.genblk1.lut1.genblk1.genblk1.genblk1.genblk1.genblk1.lut0 (4 -> 0)
  Optimizing lut $abc$40721$lut$aiger40720$2982.genblk1.genblk1.genblk1.genblk1.genblk1.genblk1.genblk1.genblk1.lut1.genblk1.genblk1.genblk1.genblk1.genblk1.genblk1.genblk1.lut1.genblk1.genblk1.genblk1.genblk1.genblk1.genblk1.lut0.genblk1.genblk1.genblk1.genblk1.genblk1.lut0 (4 -> 0)
  Optimizing lut $abc$40721$lut$aiger40720$2982.genblk1.genblk1.genblk1.genblk1.genblk1.genblk1.genblk1.genblk1.lut0.genblk1.genblk1.genblk1.genblk1.genblk1.genblk1.genblk1.lut0.genblk1.genblk1.genblk1.genblk1.genblk1.genblk1.lut1.genblk1.genblk1.genblk1.genblk1.genblk1.lut0 (4 -> 0)
  Optimizing lut $abc$40721$lut$aiger40720$2982.genblk1.genblk1.genblk1.genblk1.genblk1.genblk1.genblk1.genblk1.lut0.genblk1.genblk1.genblk1.genblk1.genblk1.genblk1.genblk1.lut0.genblk1.genblk1.genblk1.genblk1.genblk1.genblk1.lut0.genblk1.genblk1.genblk1.genblk1.genblk1.lut0 (4 -> 0)
  Optimizing lut $abc$40721$lut$aiger40720$2982.genblk1.genblk1.genblk1.genblk1.genblk1.genblk1.genblk1.genblk1.lut0.genblk1.genblk1.genblk1.genblk1.genblk1.genblk1.genblk1.lut1.genblk1.genblk1.genblk1.genblk1.genblk1.genblk1.lut1.genblk1.genblk1.genblk1.genblk1.genblk1.lut0 (4 -> 0)
  Optimizing lut $abc$40721$lut$aiger40720$2982.genblk1.genblk1.genblk1.genblk1.genblk1.genblk1.genblk1.genblk1.lut0.genblk1.genblk1.genblk1.genblk1.genblk1.genblk1.genblk1.lut1.genblk1.genblk1.genblk1.genblk1.genblk1.genblk1.lut0.genblk1.genblk1.genblk1.genblk1.genblk1.lut0 (4 -> 1)
  Optimizing lut $abc$40721$lut$aiger40720$2999.genblk1.genblk1.genblk1.genblk1.genblk1.genblk1.genblk1.genblk1.lut1.genblk1.genblk1.genblk1.genblk1.genblk1.genblk1.genblk1.lut0.genblk1.genblk1.genblk1.genblk1.genblk1.genblk1.lut1.genblk1.genblk1.genblk1.genblk1.genblk1.lut0 (4 -> 0)
  Optimizing lut $abc$40721$lut$aiger40720$2999.genblk1.genblk1.genblk1.genblk1.genblk1.genblk1.genblk1.genblk1.lut1.genblk1.genblk1.genblk1.genblk1.genblk1.genblk1.genblk1.lut0.genblk1.genblk1.genblk1.genblk1.genblk1.genblk1.lut0.genblk1.genblk1.genblk1.genblk1.genblk1.lut0 (4 -> 1)
  Optimizing lut $abc$40721$lut$aiger40720$2999.genblk1.genblk1.genblk1.genblk1.genblk1.genblk1.genblk1.genblk1.lut1.genblk1.genblk1.genblk1.genblk1.genblk1.genblk1.genblk1.lut1.genblk1.genblk1.genblk1.genblk1.genblk1.genblk1.lut1.genblk1.genblk1.genblk1.genblk1.genblk1.lut0 (4 -> 0)
  Optimizing lut $abc$40721$lut$aiger40720$2999.genblk1.genblk1.genblk1.genblk1.genblk1.genblk1.genblk1.genblk1.lut1.genblk1.genblk1.genblk1.genblk1.genblk1.genblk1.genblk1.lut1.genblk1.genblk1.genblk1.genblk1.genblk1.genblk1.lut0.genblk1.genblk1.genblk1.genblk1.genblk1.lut0 (4 -> 0)
  Optimizing lut $abc$40721$lut$aiger40720$2999.genblk1.genblk1.genblk1.genblk1.genblk1.genblk1.genblk1.genblk1.lut0.genblk1.genblk1.genblk1.genblk1.genblk1.genblk1.genblk1.lut0.genblk1.genblk1.genblk1.genblk1.genblk1.genblk1.lut1.genblk1.genblk1.genblk1.genblk1.genblk1.lut0 (4 -> 0)
  Optimizing lut $abc$40721$lut$aiger40720$2999.genblk1.genblk1.genblk1.genblk1.genblk1.genblk1.genblk1.genblk1.lut0.genblk1.genblk1.genblk1.genblk1.genblk1.genblk1.genblk1.lut0.genblk1.genblk1.genblk1.genblk1.genblk1.genblk1.lut0.genblk1.genblk1.genblk1.genblk1.genblk1.lut0 (4 -> 1)
  Optimizing lut $abc$40721$lut$aiger40720$2999.genblk1.genblk1.genblk1.genblk1.genblk1.genblk1.genblk1.genblk1.lut0.genblk1.genblk1.genblk1.genblk1.genblk1.genblk1.genblk1.lut1.genblk1.genblk1.genblk1.genblk1.genblk1.genblk1.lut1.genblk1.genblk1.genblk1.genblk1.genblk1.lut0 (4 -> 0)
  Optimizing lut $abc$40721$lut$aiger40720$2999.genblk1.genblk1.genblk1.genblk1.genblk1.genblk1.genblk1.genblk1.lut0.genblk1.genblk1.genblk1.genblk1.genblk1.genblk1.genblk1.lut1.genblk1.genblk1.genblk1.genblk1.genblk1.genblk1.lut0.genblk1.genblk1.genblk1.genblk1.genblk1.lut0 (4 -> 0)
  Optimizing lut $abc$40721$lut$aiger40720$3014.genblk1.genblk1.genblk1.genblk1.genblk1.genblk1.genblk1.genblk1.lut1.genblk1.genblk1.genblk1.genblk1.genblk1.genblk1.genblk1.lut0.genblk1.genblk1.genblk1.genblk1.genblk1.genblk1.lut1.genblk1.genblk1.genblk1.genblk1.genblk1.lut0 (4 -> 0)
  Optimizing lut $abc$40721$lut$aiger40720$3014.genblk1.genblk1.genblk1.genblk1.genblk1.genblk1.genblk1.genblk1.lut1.genblk1.genblk1.genblk1.genblk1.genblk1.genblk1.genblk1.lut0.genblk1.genblk1.genblk1.genblk1.genblk1.genblk1.lut0.genblk1.genblk1.genblk1.genblk1.genblk1.lut0 (4 -> 0)
  Optimizing lut $abc$40721$lut$aiger40720$3014.genblk1.genblk1.genblk1.genblk1.genblk1.genblk1.genblk1.genblk1.lut1.genblk1.genblk1.genblk1.genblk1.genblk1.genblk1.genblk1.lut1.genblk1.genblk1.genblk1.genblk1.genblk1.genblk1.lut1.genblk1.genblk1.genblk1.genblk1.genblk1.lut0 (4 -> 0)
  Optimizing lut $abc$40721$lut$aiger40720$3014.genblk1.genblk1.genblk1.genblk1.genblk1.genblk1.genblk1.genblk1.lut1.genblk1.genblk1.genblk1.genblk1.genblk1.genblk1.genblk1.lut1.genblk1.genblk1.genblk1.genblk1.genblk1.genblk1.lut0.genblk1.genblk1.genblk1.genblk1.genblk1.lut0 (4 -> 1)
  Optimizing lut $abc$40721$lut$aiger40720$3014.genblk1.genblk1.genblk1.genblk1.genblk1.genblk1.genblk1.genblk1.lut0.genblk1.genblk1.genblk1.genblk1.genblk1.genblk1.genblk1.lut0.genblk1.genblk1.genblk1.genblk1.genblk1.genblk1.lut1.genblk1.genblk1.genblk1.genblk1.genblk1.lut0 (4 -> 0)
  Optimizing lut $abc$40721$lut$aiger40720$3014.genblk1.genblk1.genblk1.genblk1.genblk1.genblk1.genblk1.genblk1.lut0.genblk1.genblk1.genblk1.genblk1.genblk1.genblk1.genblk1.lut0.genblk1.genblk1.genblk1.genblk1.genblk1.genblk1.lut0.genblk1.genblk1.genblk1.genblk1.genblk1.lut0 (4 -> 0)
  Optimizing lut $abc$40721$lut$aiger40720$3014.genblk1.genblk1.genblk1.genblk1.genblk1.genblk1.genblk1.genblk1.lut0.genblk1.genblk1.genblk1.genblk1.genblk1.genblk1.genblk1.lut1.genblk1.genblk1.genblk1.genblk1.genblk1.genblk1.lut1.genblk1.genblk1.genblk1.genblk1.genblk1.lut0 (4 -> 1)
  Optimizing lut $abc$40721$lut$aiger40720$3014.genblk1.genblk1.genblk1.genblk1.genblk1.genblk1.genblk1.genblk1.lut0.genblk1.genblk1.genblk1.genblk1.genblk1.genblk1.genblk1.lut1.genblk1.genblk1.genblk1.genblk1.genblk1.genblk1.lut0.genblk1.genblk1.genblk1.genblk1.genblk1.lut0 (4 -> 0)
  Optimizing lut $abc$40721$lut$aiger40720$7975.genblk1.genblk1.genblk1.genblk1.genblk1.genblk1.genblk1.genblk1.lut1.genblk1.genblk1.genblk1.genblk1.genblk1.genblk1.genblk1.lut1.genblk1.genblk1.genblk1.genblk1.genblk1.genblk1.lut1.genblk1.genblk1.genblk1.genblk1.genblk1.lut0 (4 -> 0)
  Optimizing lut $abc$40721$lut$aiger40720$3034.genblk1.genblk1.genblk1.genblk1.genblk1.genblk1.genblk1.genblk1.lut1.genblk1.genblk1.genblk1.genblk1.genblk1.genblk1.genblk1.lut0.genblk1.genblk1.genblk1.genblk1.genblk1.genblk1.lut1.genblk1.genblk1.genblk1.genblk1.genblk1.lut0 (4 -> 0)
  Optimizing lut $abc$40721$lut$aiger40720$3034.genblk1.genblk1.genblk1.genblk1.genblk1.genblk1.genblk1.genblk1.lut1.genblk1.genblk1.genblk1.genblk1.genblk1.genblk1.genblk1.lut0.genblk1.genblk1.genblk1.genblk1.genblk1.genblk1.lut0.genblk1.genblk1.genblk1.genblk1.genblk1.lut0 (4 -> 0)
  Optimizing lut $abc$40721$lut$aiger40720$3034.genblk1.genblk1.genblk1.genblk1.genblk1.genblk1.genblk1.genblk1.lut1.genblk1.genblk1.genblk1.genblk1.genblk1.genblk1.genblk1.lut1.genblk1.genblk1.genblk1.genblk1.genblk1.genblk1.lut1.genblk1.genblk1.genblk1.genblk1.genblk1.lut0 (4 -> 0)
  Optimizing lut $abc$40721$lut$aiger40720$3034.genblk1.genblk1.genblk1.genblk1.genblk1.genblk1.genblk1.genblk1.lut1.genblk1.genblk1.genblk1.genblk1.genblk1.genblk1.genblk1.lut1.genblk1.genblk1.genblk1.genblk1.genblk1.genblk1.lut0.genblk1.genblk1.genblk1.genblk1.genblk1.lut0 (4 -> 0)
  Optimizing lut $abc$40721$lut$aiger40720$3034.genblk1.genblk1.genblk1.genblk1.genblk1.genblk1.genblk1.genblk1.lut0.genblk1.genblk1.genblk1.genblk1.genblk1.genblk1.genblk1.lut0.genblk1.genblk1.genblk1.genblk1.genblk1.genblk1.lut1.genblk1.genblk1.genblk1.genblk1.genblk1.lut0 (4 -> 1)
  Optimizing lut $abc$40721$lut$aiger40720$3034.genblk1.genblk1.genblk1.genblk1.genblk1.genblk1.genblk1.genblk1.lut0.genblk1.genblk1.genblk1.genblk1.genblk1.genblk1.genblk1.lut0.genblk1.genblk1.genblk1.genblk1.genblk1.genblk1.lut0.genblk1.genblk1.genblk1.genblk1.genblk1.lut0 (4 -> 1)
  Optimizing lut $abc$40721$lut$aiger40720$3034.genblk1.genblk1.genblk1.genblk1.genblk1.genblk1.genblk1.genblk1.lut0.genblk1.genblk1.genblk1.genblk1.genblk1.genblk1.genblk1.lut1.genblk1.genblk1.genblk1.genblk1.genblk1.genblk1.lut1.genblk1.genblk1.genblk1.genblk1.genblk1.lut0 (4 -> 1)
  Optimizing lut $abc$40721$lut$aiger40720$3034.genblk1.genblk1.genblk1.genblk1.genblk1.genblk1.genblk1.genblk1.lut0.genblk1.genblk1.genblk1.genblk1.genblk1.genblk1.genblk1.lut1.genblk1.genblk1.genblk1.genblk1.genblk1.genblk1.lut0.genblk1.genblk1.genblk1.genblk1.genblk1.lut0 (4 -> 0)
  Optimizing lut $abc$40721$lut$aiger40720$3048.genblk1.genblk1.genblk1.genblk1.genblk1.genblk1.genblk1.genblk1.lut1.genblk1.genblk1.genblk1.genblk1.genblk1.genblk1.genblk1.lut0.genblk1.genblk1.genblk1.genblk1.genblk1.genblk1.lut1.genblk1.genblk1.genblk1.genblk1.genblk1.lut0 (4 -> 1)
  Optimizing lut $abc$40721$lut$aiger40720$3048.genblk1.genblk1.genblk1.genblk1.genblk1.genblk1.genblk1.genblk1.lut1.genblk1.genblk1.genblk1.genblk1.genblk1.genblk1.genblk1.lut0.genblk1.genblk1.genblk1.genblk1.genblk1.genblk1.lut0.genblk1.genblk1.genblk1.genblk1.genblk1.lut0 (4 -> 0)
  Optimizing lut $abc$40721$lut$aiger40720$3048.genblk1.genblk1.genblk1.genblk1.genblk1.genblk1.genblk1.genblk1.lut1.genblk1.genblk1.genblk1.genblk1.genblk1.genblk1.genblk1.lut1.genblk1.genblk1.genblk1.genblk1.genblk1.genblk1.lut1.genblk1.genblk1.genblk1.genblk1.genblk1.lut0 (4 -> 0)
  Optimizing lut $abc$40721$lut$aiger40720$3048.genblk1.genblk1.genblk1.genblk1.genblk1.genblk1.genblk1.genblk1.lut1.genblk1.genblk1.genblk1.genblk1.genblk1.genblk1.genblk1.lut1.genblk1.genblk1.genblk1.genblk1.genblk1.genblk1.lut0.genblk1.genblk1.genblk1.genblk1.genblk1.lut0 (4 -> 0)
  Optimizing lut $abc$40721$lut$aiger40720$3048.genblk1.genblk1.genblk1.genblk1.genblk1.genblk1.genblk1.genblk1.lut0.genblk1.genblk1.genblk1.genblk1.genblk1.genblk1.genblk1.lut0.genblk1.genblk1.genblk1.genblk1.genblk1.genblk1.lut1.genblk1.genblk1.genblk1.genblk1.genblk1.lut0 (4 -> 0)
  Optimizing lut $abc$40721$lut$aiger40720$3048.genblk1.genblk1.genblk1.genblk1.genblk1.genblk1.genblk1.genblk1.lut0.genblk1.genblk1.genblk1.genblk1.genblk1.genblk1.genblk1.lut0.genblk1.genblk1.genblk1.genblk1.genblk1.genblk1.lut0.genblk1.genblk1.genblk1.genblk1.genblk1.lut0 (4 -> 0)
  Optimizing lut $abc$40721$lut$aiger40720$3048.genblk1.genblk1.genblk1.genblk1.genblk1.genblk1.genblk1.genblk1.lut0.genblk1.genblk1.genblk1.genblk1.genblk1.genblk1.genblk1.lut1.genblk1.genblk1.genblk1.genblk1.genblk1.genblk1.lut1.genblk1.genblk1.genblk1.genblk1.genblk1.lut0 (4 -> 0)
  Optimizing lut $abc$40721$lut$aiger40720$3048.genblk1.genblk1.genblk1.genblk1.genblk1.genblk1.genblk1.genblk1.lut0.genblk1.genblk1.genblk1.genblk1.genblk1.genblk1.genblk1.lut1.genblk1.genblk1.genblk1.genblk1.genblk1.genblk1.lut0.genblk1.genblk1.genblk1.genblk1.genblk1.lut0 (4 -> 1)
  Optimizing lut $abc$40721$lut$aiger40720$3063.genblk1.genblk1.genblk1.genblk1.genblk1.genblk1.genblk1.genblk1.lut1.genblk1.genblk1.genblk1.genblk1.genblk1.genblk1.genblk1.lut0.genblk1.genblk1.genblk1.genblk1.genblk1.genblk1.lut1.genblk1.genblk1.genblk1.genblk1.genblk1.lut0 (4 -> 0)
  Optimizing lut $abc$40721$lut$aiger40720$3063.genblk1.genblk1.genblk1.genblk1.genblk1.genblk1.genblk1.genblk1.lut1.genblk1.genblk1.genblk1.genblk1.genblk1.genblk1.genblk1.lut0.genblk1.genblk1.genblk1.genblk1.genblk1.genblk1.lut0.genblk1.genblk1.genblk1.genblk1.genblk1.lut0 (4 -> 0)
  Optimizing lut $abc$40721$lut$aiger40720$3063.genblk1.genblk1.genblk1.genblk1.genblk1.genblk1.genblk1.genblk1.lut1.genblk1.genblk1.genblk1.genblk1.genblk1.genblk1.genblk1.lut1.genblk1.genblk1.genblk1.genblk1.genblk1.genblk1.lut1.genblk1.genblk1.genblk1.genblk1.genblk1.lut0 (4 -> 1)
  Optimizing lut $abc$40721$lut$aiger40720$3063.genblk1.genblk1.genblk1.genblk1.genblk1.genblk1.genblk1.genblk1.lut1.genblk1.genblk1.genblk1.genblk1.genblk1.genblk1.genblk1.lut1.genblk1.genblk1.genblk1.genblk1.genblk1.genblk1.lut0.genblk1.genblk1.genblk1.genblk1.genblk1.lut0 (4 -> 0)
  Optimizing lut $abc$40721$lut$aiger40720$3063.genblk1.genblk1.genblk1.genblk1.genblk1.genblk1.genblk1.genblk1.lut0.genblk1.genblk1.genblk1.genblk1.genblk1.genblk1.genblk1.lut0.genblk1.genblk1.genblk1.genblk1.genblk1.genblk1.lut1.genblk1.genblk1.genblk1.genblk1.genblk1.lut0 (4 -> 0)
  Optimizing lut $abc$40721$lut$aiger40720$3063.genblk1.genblk1.genblk1.genblk1.genblk1.genblk1.genblk1.genblk1.lut0.genblk1.genblk1.genblk1.genblk1.genblk1.genblk1.genblk1.lut0.genblk1.genblk1.genblk1.genblk1.genblk1.genblk1.lut0.genblk1.genblk1.genblk1.genblk1.genblk1.lut0 (4 -> 0)
  Optimizing lut $abc$40721$lut$aiger40720$3063.genblk1.genblk1.genblk1.genblk1.genblk1.genblk1.genblk1.genblk1.lut0.genblk1.genblk1.genblk1.genblk1.genblk1.genblk1.genblk1.lut1.genblk1.genblk1.genblk1.genblk1.genblk1.genblk1.lut1.genblk1.genblk1.genblk1.genblk1.genblk1.lut0 (4 -> 0)
  Optimizing lut $abc$40721$lut$aiger40720$3063.genblk1.genblk1.genblk1.genblk1.genblk1.genblk1.genblk1.genblk1.lut0.genblk1.genblk1.genblk1.genblk1.genblk1.genblk1.genblk1.lut1.genblk1.genblk1.genblk1.genblk1.genblk1.genblk1.lut0.genblk1.genblk1.genblk1.genblk1.genblk1.lut0 (4 -> 0)
  Optimizing lut $abc$40721$lut$aiger40720$3076.genblk1.genblk1.genblk1.genblk1.genblk1.genblk1.genblk1.genblk1.lut1.genblk1.genblk1.genblk1.genblk1.genblk1.genblk1.genblk1.lut0.genblk1.genblk1.genblk1.genblk1.genblk1.genblk1.lut1.genblk1.genblk1.genblk1.genblk1.genblk1.lut0 (4 -> 0)
  Optimizing lut $abc$40721$lut$aiger40720$3076.genblk1.genblk1.genblk1.genblk1.genblk1.genblk1.genblk1.genblk1.lut1.genblk1.genblk1.genblk1.genblk1.genblk1.genblk1.genblk1.lut0.genblk1.genblk1.genblk1.genblk1.genblk1.genblk1.lut0.genblk1.genblk1.genblk1.genblk1.genblk1.lut0 (4 -> 1)
  Optimizing lut $abc$40721$lut$aiger40720$3076.genblk1.genblk1.genblk1.genblk1.genblk1.genblk1.genblk1.genblk1.lut1.genblk1.genblk1.genblk1.genblk1.genblk1.genblk1.genblk1.lut1.genblk1.genblk1.genblk1.genblk1.genblk1.genblk1.lut1.genblk1.genblk1.genblk1.genblk1.genblk1.lut0 (4 -> 0)
  Optimizing lut $abc$40721$lut$aiger40720$3076.genblk1.genblk1.genblk1.genblk1.genblk1.genblk1.genblk1.genblk1.lut1.genblk1.genblk1.genblk1.genblk1.genblk1.genblk1.genblk1.lut1.genblk1.genblk1.genblk1.genblk1.genblk1.genblk1.lut0.genblk1.genblk1.genblk1.genblk1.genblk1.lut0 (4 -> 1)
  Optimizing lut $abc$40721$lut$aiger40720$3076.genblk1.genblk1.genblk1.genblk1.genblk1.genblk1.genblk1.genblk1.lut0.genblk1.genblk1.genblk1.genblk1.genblk1.genblk1.genblk1.lut0.genblk1.genblk1.genblk1.genblk1.genblk1.genblk1.lut1.genblk1.genblk1.genblk1.genblk1.genblk1.lut0 (4 -> 0)
  Optimizing lut $abc$40721$lut$aiger40720$3076.genblk1.genblk1.genblk1.genblk1.genblk1.genblk1.genblk1.genblk1.lut0.genblk1.genblk1.genblk1.genblk1.genblk1.genblk1.genblk1.lut0.genblk1.genblk1.genblk1.genblk1.genblk1.genblk1.lut0.genblk1.genblk1.genblk1.genblk1.genblk1.lut0 (4 -> 0)
  Optimizing lut $abc$40721$lut$aiger40720$3076.genblk1.genblk1.genblk1.genblk1.genblk1.genblk1.genblk1.genblk1.lut0.genblk1.genblk1.genblk1.genblk1.genblk1.genblk1.genblk1.lut1.genblk1.genblk1.genblk1.genblk1.genblk1.genblk1.lut1.genblk1.genblk1.genblk1.genblk1.genblk1.lut0 (4 -> 0)
  Optimizing lut $abc$40721$lut$aiger40720$3076.genblk1.genblk1.genblk1.genblk1.genblk1.genblk1.genblk1.genblk1.lut0.genblk1.genblk1.genblk1.genblk1.genblk1.genblk1.genblk1.lut1.genblk1.genblk1.genblk1.genblk1.genblk1.genblk1.lut0.genblk1.genblk1.genblk1.genblk1.genblk1.lut0 (4 -> 0)
  Optimizing lut $abc$40721$lut$aiger40720$7351.genblk1.genblk1.genblk1.genblk1.genblk1.genblk1.genblk1.genblk1.lut1.genblk1.genblk1.genblk1.genblk1.genblk1.genblk1.genblk1.lut1.genblk1.genblk1.genblk1.genblk1.genblk1.genblk1.lut1.genblk1.genblk1.genblk1.genblk1.genblk1.lut0 (4 -> 3)
  Optimizing lut $abc$40721$lut$aiger40720$7022.genblk1.genblk1.genblk1.genblk1.genblk1.genblk1.genblk1.genblk1.lut1.genblk1.genblk1.genblk1.genblk1.genblk1.genblk1.genblk1.lut1.genblk1.genblk1.genblk1.genblk1.genblk1.genblk1.lut1.genblk1.genblk1.genblk1.genblk1.genblk1.lut0 (4 -> 3)
  Optimizing lut $abc$40721$lut$aiger40720$3112.genblk1.genblk1.genblk1.genblk1.genblk1.genblk1.genblk1.genblk1.lut1.genblk1.genblk1.genblk1.genblk1.genblk1.genblk1.genblk1.lut0.genblk1.genblk1.genblk1.genblk1.genblk1.genblk1.lut1.genblk1.genblk1.genblk1.genblk1.genblk1.lut0 (4 -> 0)
  Optimizing lut $abc$40721$lut$aiger40720$3112.genblk1.genblk1.genblk1.genblk1.genblk1.genblk1.genblk1.genblk1.lut1.genblk1.genblk1.genblk1.genblk1.genblk1.genblk1.genblk1.lut0.genblk1.genblk1.genblk1.genblk1.genblk1.genblk1.lut0.genblk1.genblk1.genblk1.genblk1.genblk1.lut0 (4 -> 0)
  Optimizing lut $abc$40721$lut$aiger40720$3112.genblk1.genblk1.genblk1.genblk1.genblk1.genblk1.genblk1.genblk1.lut1.genblk1.genblk1.genblk1.genblk1.genblk1.genblk1.genblk1.lut1.genblk1.genblk1.genblk1.genblk1.genblk1.genblk1.lut1.genblk1.genblk1.genblk1.genblk1.genblk1.lut0 (4 -> 1)
  Optimizing lut $abc$40721$lut$aiger40720$3112.genblk1.genblk1.genblk1.genblk1.genblk1.genblk1.genblk1.genblk1.lut1.genblk1.genblk1.genblk1.genblk1.genblk1.genblk1.genblk1.lut1.genblk1.genblk1.genblk1.genblk1.genblk1.genblk1.lut0.genblk1.genblk1.genblk1.genblk1.genblk1.lut0 (4 -> 0)
  Optimizing lut $abc$40721$lut$aiger40720$3112.genblk1.genblk1.genblk1.genblk1.genblk1.genblk1.genblk1.genblk1.lut0.genblk1.genblk1.genblk1.genblk1.genblk1.genblk1.genblk1.lut0.genblk1.genblk1.genblk1.genblk1.genblk1.genblk1.lut1.genblk1.genblk1.genblk1.genblk1.genblk1.lut0 (4 -> 0)
  Optimizing lut $abc$40721$lut$aiger40720$3112.genblk1.genblk1.genblk1.genblk1.genblk1.genblk1.genblk1.genblk1.lut0.genblk1.genblk1.genblk1.genblk1.genblk1.genblk1.genblk1.lut0.genblk1.genblk1.genblk1.genblk1.genblk1.genblk1.lut0.genblk1.genblk1.genblk1.genblk1.genblk1.lut0 (4 -> 0)
  Optimizing lut $abc$40721$lut$aiger40720$3112.genblk1.genblk1.genblk1.genblk1.genblk1.genblk1.genblk1.genblk1.lut0.genblk1.genblk1.genblk1.genblk1.genblk1.genblk1.genblk1.lut1.genblk1.genblk1.genblk1.genblk1.genblk1.genblk1.lut1.genblk1.genblk1.genblk1.genblk1.genblk1.lut0 (4 -> 1)
  Optimizing lut $abc$40721$lut$aiger40720$3112.genblk1.genblk1.genblk1.genblk1.genblk1.genblk1.genblk1.genblk1.lut0.genblk1.genblk1.genblk1.genblk1.genblk1.genblk1.genblk1.lut1.genblk1.genblk1.genblk1.genblk1.genblk1.genblk1.lut0.genblk1.genblk1.genblk1.genblk1.genblk1.lut0 (4 -> 0)
  Optimizing lut $abc$40721$lut$aiger40720$3125.genblk1.genblk1.genblk1.genblk1.genblk1.genblk1.genblk1.genblk1.lut1.genblk1.genblk1.genblk1.genblk1.genblk1.genblk1.genblk1.lut0.genblk1.genblk1.genblk1.genblk1.genblk1.genblk1.lut1.genblk1.genblk1.genblk1.genblk1.genblk1.lut0 (4 -> 0)
  Optimizing lut $abc$40721$lut$aiger40720$3125.genblk1.genblk1.genblk1.genblk1.genblk1.genblk1.genblk1.genblk1.lut1.genblk1.genblk1.genblk1.genblk1.genblk1.genblk1.genblk1.lut0.genblk1.genblk1.genblk1.genblk1.genblk1.genblk1.lut0.genblk1.genblk1.genblk1.genblk1.genblk1.lut0 (4 -> 1)
  Optimizing lut $abc$40721$lut$aiger40720$3125.genblk1.genblk1.genblk1.genblk1.genblk1.genblk1.genblk1.genblk1.lut1.genblk1.genblk1.genblk1.genblk1.genblk1.genblk1.genblk1.lut1.genblk1.genblk1.genblk1.genblk1.genblk1.genblk1.lut1.genblk1.genblk1.genblk1.genblk1.genblk1.lut0 (4 -> 0)
  Optimizing lut $abc$40721$lut$aiger40720$3125.genblk1.genblk1.genblk1.genblk1.genblk1.genblk1.genblk1.genblk1.lut1.genblk1.genblk1.genblk1.genblk1.genblk1.genblk1.genblk1.lut1.genblk1.genblk1.genblk1.genblk1.genblk1.genblk1.lut0.genblk1.genblk1.genblk1.genblk1.genblk1.lut0 (4 -> 0)
  Optimizing lut $abc$40721$lut$aiger40720$3125.genblk1.genblk1.genblk1.genblk1.genblk1.genblk1.genblk1.genblk1.lut0.genblk1.genblk1.genblk1.genblk1.genblk1.genblk1.genblk1.lut0.genblk1.genblk1.genblk1.genblk1.genblk1.genblk1.lut1.genblk1.genblk1.genblk1.genblk1.genblk1.lut0 (4 -> 0)
  Optimizing lut $abc$40721$lut$aiger40720$3125.genblk1.genblk1.genblk1.genblk1.genblk1.genblk1.genblk1.genblk1.lut0.genblk1.genblk1.genblk1.genblk1.genblk1.genblk1.genblk1.lut0.genblk1.genblk1.genblk1.genblk1.genblk1.genblk1.lut0.genblk1.genblk1.genblk1.genblk1.genblk1.lut0 (4 -> 1)
  Optimizing lut $abc$40721$lut$aiger40720$3125.genblk1.genblk1.genblk1.genblk1.genblk1.genblk1.genblk1.genblk1.lut0.genblk1.genblk1.genblk1.genblk1.genblk1.genblk1.genblk1.lut1.genblk1.genblk1.genblk1.genblk1.genblk1.genblk1.lut1.genblk1.genblk1.genblk1.genblk1.genblk1.lut0 (4 -> 0)
  Optimizing lut $abc$40721$lut$aiger40720$3125.genblk1.genblk1.genblk1.genblk1.genblk1.genblk1.genblk1.genblk1.lut0.genblk1.genblk1.genblk1.genblk1.genblk1.genblk1.genblk1.lut1.genblk1.genblk1.genblk1.genblk1.genblk1.genblk1.lut0.genblk1.genblk1.genblk1.genblk1.genblk1.lut0 (4 -> 1)
  Optimizing lut $abc$40721$lut$aiger40720$3142.genblk1.genblk1.genblk1.genblk1.genblk1.genblk1.genblk1.genblk1.lut1.genblk1.genblk1.genblk1.genblk1.genblk1.genblk1.genblk1.lut0.genblk1.genblk1.genblk1.genblk1.genblk1.genblk1.lut1.genblk1.genblk1.genblk1.genblk1.genblk1.lut0 (4 -> 0)
  Optimizing lut $abc$40721$lut$aiger40720$3142.genblk1.genblk1.genblk1.genblk1.genblk1.genblk1.genblk1.genblk1.lut1.genblk1.genblk1.genblk1.genblk1.genblk1.genblk1.genblk1.lut0.genblk1.genblk1.genblk1.genblk1.genblk1.genblk1.lut0.genblk1.genblk1.genblk1.genblk1.genblk1.lut0 (4 -> 0)
  Optimizing lut $abc$40721$lut$aiger40720$3142.genblk1.genblk1.genblk1.genblk1.genblk1.genblk1.genblk1.genblk1.lut1.genblk1.genblk1.genblk1.genblk1.genblk1.genblk1.genblk1.lut1.genblk1.genblk1.genblk1.genblk1.genblk1.genblk1.lut1.genblk1.genblk1.genblk1.genblk1.genblk1.lut0 (4 -> 0)
  Optimizing lut $abc$40721$lut$aiger40720$3142.genblk1.genblk1.genblk1.genblk1.genblk1.genblk1.genblk1.genblk1.lut1.genblk1.genblk1.genblk1.genblk1.genblk1.genblk1.genblk1.lut1.genblk1.genblk1.genblk1.genblk1.genblk1.genblk1.lut0.genblk1.genblk1.genblk1.genblk1.genblk1.lut0 (4 -> 1)
  Optimizing lut $abc$40721$lut$aiger40720$3142.genblk1.genblk1.genblk1.genblk1.genblk1.genblk1.genblk1.genblk1.lut0.genblk1.genblk1.genblk1.genblk1.genblk1.genblk1.genblk1.lut0.genblk1.genblk1.genblk1.genblk1.genblk1.genblk1.lut1.genblk1.genblk1.genblk1.genblk1.genblk1.lut0 (4 -> 0)
  Optimizing lut $abc$40721$lut$aiger40720$3142.genblk1.genblk1.genblk1.genblk1.genblk1.genblk1.genblk1.genblk1.lut0.genblk1.genblk1.genblk1.genblk1.genblk1.genblk1.genblk1.lut0.genblk1.genblk1.genblk1.genblk1.genblk1.genblk1.lut0.genblk1.genblk1.genblk1.genblk1.genblk1.lut0 (4 -> 0)
  Optimizing lut $abc$40721$lut$aiger40720$3142.genblk1.genblk1.genblk1.genblk1.genblk1.genblk1.genblk1.genblk1.lut0.genblk1.genblk1.genblk1.genblk1.genblk1.genblk1.genblk1.lut1.genblk1.genblk1.genblk1.genblk1.genblk1.genblk1.lut1.genblk1.genblk1.genblk1.genblk1.genblk1.lut0 (4 -> 0)
  Optimizing lut $abc$40721$lut$aiger40720$3142.genblk1.genblk1.genblk1.genblk1.genblk1.genblk1.genblk1.genblk1.lut0.genblk1.genblk1.genblk1.genblk1.genblk1.genblk1.genblk1.lut1.genblk1.genblk1.genblk1.genblk1.genblk1.genblk1.lut0.genblk1.genblk1.genblk1.genblk1.genblk1.lut0 (4 -> 0)
  Optimizing lut $abc$40721$lut$aiger40720$3155.genblk1.genblk1.genblk1.genblk1.genblk1.genblk1.genblk1.genblk1.lut1.genblk1.genblk1.genblk1.genblk1.genblk1.genblk1.genblk1.lut0.genblk1.genblk1.genblk1.genblk1.genblk1.genblk1.lut1.genblk1.genblk1.genblk1.genblk1.genblk1.lut0 (4 -> 1)
  Optimizing lut $abc$40721$lut$aiger40720$3155.genblk1.genblk1.genblk1.genblk1.genblk1.genblk1.genblk1.genblk1.lut1.genblk1.genblk1.genblk1.genblk1.genblk1.genblk1.genblk1.lut0.genblk1.genblk1.genblk1.genblk1.genblk1.genblk1.lut0.genblk1.genblk1.genblk1.genblk1.genblk1.lut0 (4 -> 0)
  Optimizing lut $abc$40721$lut$aiger40720$3155.genblk1.genblk1.genblk1.genblk1.genblk1.genblk1.genblk1.genblk1.lut1.genblk1.genblk1.genblk1.genblk1.genblk1.genblk1.genblk1.lut1.genblk1.genblk1.genblk1.genblk1.genblk1.genblk1.lut1.genblk1.genblk1.genblk1.genblk1.genblk1.lut0 (4 -> 0)
  Optimizing lut $abc$40721$lut$aiger40720$3155.genblk1.genblk1.genblk1.genblk1.genblk1.genblk1.genblk1.genblk1.lut1.genblk1.genblk1.genblk1.genblk1.genblk1.genblk1.genblk1.lut1.genblk1.genblk1.genblk1.genblk1.genblk1.genblk1.lut0.genblk1.genblk1.genblk1.genblk1.genblk1.lut0 (4 -> 0)
  Optimizing lut $abc$40721$lut$aiger40720$3155.genblk1.genblk1.genblk1.genblk1.genblk1.genblk1.genblk1.genblk1.lut0.genblk1.genblk1.genblk1.genblk1.genblk1.genblk1.genblk1.lut0.genblk1.genblk1.genblk1.genblk1.genblk1.genblk1.lut1.genblk1.genblk1.genblk1.genblk1.genblk1.lut0 (4 -> 1)
  Optimizing lut $abc$40721$lut$aiger40720$3155.genblk1.genblk1.genblk1.genblk1.genblk1.genblk1.genblk1.genblk1.lut0.genblk1.genblk1.genblk1.genblk1.genblk1.genblk1.genblk1.lut0.genblk1.genblk1.genblk1.genblk1.genblk1.genblk1.lut0.genblk1.genblk1.genblk1.genblk1.genblk1.lut0 (4 -> 0)
  Optimizing lut $abc$40721$lut$aiger40720$3155.genblk1.genblk1.genblk1.genblk1.genblk1.genblk1.genblk1.genblk1.lut0.genblk1.genblk1.genblk1.genblk1.genblk1.genblk1.genblk1.lut1.genblk1.genblk1.genblk1.genblk1.genblk1.genblk1.lut1.genblk1.genblk1.genblk1.genblk1.genblk1.lut0 (4 -> 0)
  Optimizing lut $abc$40721$lut$aiger40720$3155.genblk1.genblk1.genblk1.genblk1.genblk1.genblk1.genblk1.genblk1.lut0.genblk1.genblk1.genblk1.genblk1.genblk1.genblk1.genblk1.lut1.genblk1.genblk1.genblk1.genblk1.genblk1.genblk1.lut0.genblk1.genblk1.genblk1.genblk1.genblk1.lut0 (4 -> 0)
  Optimizing lut $abc$40721$lut$aiger40720$2895.genblk1.genblk1.genblk1.genblk1.genblk1.genblk1.genblk1.genblk1.lut1.genblk1.genblk1.genblk1.genblk1.genblk1.genblk1.genblk1.lut0.genblk1.genblk1.genblk1.genblk1.genblk1.genblk1.lut1.genblk1.genblk1.genblk1.genblk1.genblk1.lut0 (4 -> 0)
  Optimizing lut $abc$40721$lut$aiger40720$2895.genblk1.genblk1.genblk1.genblk1.genblk1.genblk1.genblk1.genblk1.lut1.genblk1.genblk1.genblk1.genblk1.genblk1.genblk1.genblk1.lut0.genblk1.genblk1.genblk1.genblk1.genblk1.genblk1.lut0.genblk1.genblk1.genblk1.genblk1.genblk1.lut0 (4 -> 0)
  Optimizing lut $abc$40721$lut$aiger40720$2895.genblk1.genblk1.genblk1.genblk1.genblk1.genblk1.genblk1.genblk1.lut1.genblk1.genblk1.genblk1.genblk1.genblk1.genblk1.genblk1.lut1.genblk1.genblk1.genblk1.genblk1.genblk1.genblk1.lut1.genblk1.genblk1.genblk1.genblk1.genblk1.lut0 (4 -> 0)
  Optimizing lut $abc$40721$lut$aiger40720$2895.genblk1.genblk1.genblk1.genblk1.genblk1.genblk1.genblk1.genblk1.lut1.genblk1.genblk1.genblk1.genblk1.genblk1.genblk1.genblk1.lut1.genblk1.genblk1.genblk1.genblk1.genblk1.genblk1.lut0.genblk1.genblk1.genblk1.genblk1.genblk1.lut0 (4 -> 0)
  Optimizing lut $abc$40721$lut$aiger40720$2895.genblk1.genblk1.genblk1.genblk1.genblk1.genblk1.genblk1.genblk1.lut0.genblk1.genblk1.genblk1.genblk1.genblk1.genblk1.genblk1.lut0.genblk1.genblk1.genblk1.genblk1.genblk1.genblk1.lut1.genblk1.genblk1.genblk1.genblk1.genblk1.lut0 (4 -> 0)
  Optimizing lut $abc$40721$lut$aiger40720$2895.genblk1.genblk1.genblk1.genblk1.genblk1.genblk1.genblk1.genblk1.lut0.genblk1.genblk1.genblk1.genblk1.genblk1.genblk1.genblk1.lut0.genblk1.genblk1.genblk1.genblk1.genblk1.genblk1.lut0.genblk1.genblk1.genblk1.genblk1.genblk1.lut0 (4 -> 0)
  Optimizing lut $abc$40721$lut$aiger40720$2895.genblk1.genblk1.genblk1.genblk1.genblk1.genblk1.genblk1.genblk1.lut0.genblk1.genblk1.genblk1.genblk1.genblk1.genblk1.genblk1.lut1.genblk1.genblk1.genblk1.genblk1.genblk1.genblk1.lut1.genblk1.genblk1.genblk1.genblk1.genblk1.lut0 (4 -> 0)
  Optimizing lut $abc$40721$lut$aiger40720$2895.genblk1.genblk1.genblk1.genblk1.genblk1.genblk1.genblk1.genblk1.lut0.genblk1.genblk1.genblk1.genblk1.genblk1.genblk1.genblk1.lut1.genblk1.genblk1.genblk1.genblk1.genblk1.genblk1.lut0.genblk1.genblk1.genblk1.genblk1.genblk1.lut0 (4 -> 0)
  Optimizing lut $abc$40721$lut$aiger40720$2908.genblk1.genblk1.genblk1.genblk1.genblk1.genblk1.genblk1.genblk1.lut1.genblk1.genblk1.genblk1.genblk1.genblk1.genblk1.genblk1.lut0.genblk1.genblk1.genblk1.genblk1.genblk1.genblk1.lut1.genblk1.genblk1.genblk1.genblk1.genblk1.lut0 (4 -> 1)
  Optimizing lut $abc$40721$lut$aiger40720$2908.genblk1.genblk1.genblk1.genblk1.genblk1.genblk1.genblk1.genblk1.lut1.genblk1.genblk1.genblk1.genblk1.genblk1.genblk1.genblk1.lut0.genblk1.genblk1.genblk1.genblk1.genblk1.genblk1.lut0.genblk1.genblk1.genblk1.genblk1.genblk1.lut0 (4 -> 0)
  Optimizing lut $abc$40721$lut$aiger40720$2908.genblk1.genblk1.genblk1.genblk1.genblk1.genblk1.genblk1.genblk1.lut1.genblk1.genblk1.genblk1.genblk1.genblk1.genblk1.genblk1.lut1.genblk1.genblk1.genblk1.genblk1.genblk1.genblk1.lut1.genblk1.genblk1.genblk1.genblk1.genblk1.lut0 (4 -> 1)
  Optimizing lut $abc$40721$lut$aiger40720$2908.genblk1.genblk1.genblk1.genblk1.genblk1.genblk1.genblk1.genblk1.lut1.genblk1.genblk1.genblk1.genblk1.genblk1.genblk1.genblk1.lut1.genblk1.genblk1.genblk1.genblk1.genblk1.genblk1.lut0.genblk1.genblk1.genblk1.genblk1.genblk1.lut0 (4 -> 1)
  Optimizing lut $abc$40721$lut$aiger40720$2908.genblk1.genblk1.genblk1.genblk1.genblk1.genblk1.genblk1.genblk1.lut0.genblk1.genblk1.genblk1.genblk1.genblk1.genblk1.genblk1.lut0.genblk1.genblk1.genblk1.genblk1.genblk1.genblk1.lut1.genblk1.genblk1.genblk1.genblk1.genblk1.lut0 (4 -> 0)
  Optimizing lut $abc$40721$lut$aiger40720$2908.genblk1.genblk1.genblk1.genblk1.genblk1.genblk1.genblk1.genblk1.lut0.genblk1.genblk1.genblk1.genblk1.genblk1.genblk1.genblk1.lut0.genblk1.genblk1.genblk1.genblk1.genblk1.genblk1.lut0.genblk1.genblk1.genblk1.genblk1.genblk1.lut0 (4 -> 1)
  Optimizing lut $abc$40721$lut$aiger40720$2908.genblk1.genblk1.genblk1.genblk1.genblk1.genblk1.genblk1.genblk1.lut0.genblk1.genblk1.genblk1.genblk1.genblk1.genblk1.genblk1.lut1.genblk1.genblk1.genblk1.genblk1.genblk1.genblk1.lut1.genblk1.genblk1.genblk1.genblk1.genblk1.lut0 (4 -> 0)
  Optimizing lut $abc$40721$lut$aiger40720$2908.genblk1.genblk1.genblk1.genblk1.genblk1.genblk1.genblk1.genblk1.lut0.genblk1.genblk1.genblk1.genblk1.genblk1.genblk1.genblk1.lut1.genblk1.genblk1.genblk1.genblk1.genblk1.genblk1.lut0.genblk1.genblk1.genblk1.genblk1.genblk1.lut0 (4 -> 0)
  Optimizing lut $abc$40721$lut$aiger40720$2924.genblk1.genblk1.genblk1.genblk1.genblk1.genblk1.genblk1.genblk1.lut1.genblk1.genblk1.genblk1.genblk1.genblk1.genblk1.genblk1.lut0.genblk1.genblk1.genblk1.genblk1.genblk1.genblk1.lut1.genblk1.genblk1.genblk1.genblk1.genblk1.lut0 (4 -> 0)
  Optimizing lut $abc$40721$lut$aiger40720$2924.genblk1.genblk1.genblk1.genblk1.genblk1.genblk1.genblk1.genblk1.lut1.genblk1.genblk1.genblk1.genblk1.genblk1.genblk1.genblk1.lut0.genblk1.genblk1.genblk1.genblk1.genblk1.genblk1.lut0.genblk1.genblk1.genblk1.genblk1.genblk1.lut0 (4 -> 0)
  Optimizing lut $abc$40721$lut$aiger40720$2924.genblk1.genblk1.genblk1.genblk1.genblk1.genblk1.genblk1.genblk1.lut1.genblk1.genblk1.genblk1.genblk1.genblk1.genblk1.genblk1.lut1.genblk1.genblk1.genblk1.genblk1.genblk1.genblk1.lut1.genblk1.genblk1.genblk1.genblk1.genblk1.lut0 (4 -> 0)
  Optimizing lut $abc$40721$lut$aiger40720$2924.genblk1.genblk1.genblk1.genblk1.genblk1.genblk1.genblk1.genblk1.lut1.genblk1.genblk1.genblk1.genblk1.genblk1.genblk1.genblk1.lut1.genblk1.genblk1.genblk1.genblk1.genblk1.genblk1.lut0.genblk1.genblk1.genblk1.genblk1.genblk1.lut0 (4 -> 0)
  Optimizing lut $abc$40721$lut$aiger40720$2924.genblk1.genblk1.genblk1.genblk1.genblk1.genblk1.genblk1.genblk1.lut0.genblk1.genblk1.genblk1.genblk1.genblk1.genblk1.genblk1.lut0.genblk1.genblk1.genblk1.genblk1.genblk1.genblk1.lut1.genblk1.genblk1.genblk1.genblk1.genblk1.lut0 (4 -> 0)
  Optimizing lut $abc$40721$lut$aiger40720$2924.genblk1.genblk1.genblk1.genblk1.genblk1.genblk1.genblk1.genblk1.lut0.genblk1.genblk1.genblk1.genblk1.genblk1.genblk1.genblk1.lut0.genblk1.genblk1.genblk1.genblk1.genblk1.genblk1.lut0.genblk1.genblk1.genblk1.genblk1.genblk1.lut0 (4 -> 0)
  Optimizing lut $abc$40721$lut$aiger40720$2924.genblk1.genblk1.genblk1.genblk1.genblk1.genblk1.genblk1.genblk1.lut0.genblk1.genblk1.genblk1.genblk1.genblk1.genblk1.genblk1.lut1.genblk1.genblk1.genblk1.genblk1.genblk1.genblk1.lut1.genblk1.genblk1.genblk1.genblk1.genblk1.lut0 (4 -> 1)
  Optimizing lut $abc$40721$lut$aiger40720$2924.genblk1.genblk1.genblk1.genblk1.genblk1.genblk1.genblk1.genblk1.lut0.genblk1.genblk1.genblk1.genblk1.genblk1.genblk1.genblk1.lut1.genblk1.genblk1.genblk1.genblk1.genblk1.genblk1.lut0.genblk1.genblk1.genblk1.genblk1.genblk1.lut0 (4 -> 0)
  Optimizing lut $abc$40721$lut$aiger40720$2940.genblk1.genblk1.genblk1.genblk1.genblk1.genblk1.genblk1.genblk1.lut1.genblk1.genblk1.genblk1.genblk1.genblk1.genblk1.genblk1.lut0.genblk1.genblk1.genblk1.genblk1.genblk1.genblk1.lut1.genblk1.genblk1.genblk1.genblk1.genblk1.lut0 (4 -> 0)
  Optimizing lut $abc$40721$lut$aiger40720$2940.genblk1.genblk1.genblk1.genblk1.genblk1.genblk1.genblk1.genblk1.lut1.genblk1.genblk1.genblk1.genblk1.genblk1.genblk1.genblk1.lut0.genblk1.genblk1.genblk1.genblk1.genblk1.genblk1.lut0.genblk1.genblk1.genblk1.genblk1.genblk1.lut0 (4 -> 1)
  Optimizing lut $abc$40721$lut$aiger40720$2940.genblk1.genblk1.genblk1.genblk1.genblk1.genblk1.genblk1.genblk1.lut1.genblk1.genblk1.genblk1.genblk1.genblk1.genblk1.genblk1.lut1.genblk1.genblk1.genblk1.genblk1.genblk1.genblk1.lut1.genblk1.genblk1.genblk1.genblk1.genblk1.lut0 (4 -> 0)
  Optimizing lut $abc$40721$lut$aiger40720$2940.genblk1.genblk1.genblk1.genblk1.genblk1.genblk1.genblk1.genblk1.lut1.genblk1.genblk1.genblk1.genblk1.genblk1.genblk1.genblk1.lut1.genblk1.genblk1.genblk1.genblk1.genblk1.genblk1.lut0.genblk1.genblk1.genblk1.genblk1.genblk1.lut0 (4 -> 0)
  Optimizing lut $abc$40721$lut$aiger40720$2940.genblk1.genblk1.genblk1.genblk1.genblk1.genblk1.genblk1.genblk1.lut0.genblk1.genblk1.genblk1.genblk1.genblk1.genblk1.genblk1.lut0.genblk1.genblk1.genblk1.genblk1.genblk1.genblk1.lut1.genblk1.genblk1.genblk1.genblk1.genblk1.lut0 (4 -> 1)
  Optimizing lut $abc$40721$lut$aiger40720$2940.genblk1.genblk1.genblk1.genblk1.genblk1.genblk1.genblk1.genblk1.lut0.genblk1.genblk1.genblk1.genblk1.genblk1.genblk1.genblk1.lut0.genblk1.genblk1.genblk1.genblk1.genblk1.genblk1.lut0.genblk1.genblk1.genblk1.genblk1.genblk1.lut0 (4 -> 0)
  Optimizing lut $abc$40721$lut$aiger40720$2940.genblk1.genblk1.genblk1.genblk1.genblk1.genblk1.genblk1.genblk1.lut0.genblk1.genblk1.genblk1.genblk1.genblk1.genblk1.genblk1.lut1.genblk1.genblk1.genblk1.genblk1.genblk1.genblk1.lut1.genblk1.genblk1.genblk1.genblk1.genblk1.lut0 (4 -> 0)
  Optimizing lut $abc$40721$lut$aiger40720$2940.genblk1.genblk1.genblk1.genblk1.genblk1.genblk1.genblk1.genblk1.lut0.genblk1.genblk1.genblk1.genblk1.genblk1.genblk1.genblk1.lut1.genblk1.genblk1.genblk1.genblk1.genblk1.genblk1.lut0.genblk1.genblk1.genblk1.genblk1.genblk1.lut0 (4 -> 1)
  Optimizing lut $abc$40721$lut$aiger40720$2777.genblk1.genblk1.genblk1.genblk1.genblk1.genblk1.genblk1.genblk1.lut1.genblk1.genblk1.genblk1.genblk1.genblk1.genblk1.genblk1.lut0.genblk1.genblk1.genblk1.genblk1.genblk1.genblk1.lut1.genblk1.genblk1.genblk1.genblk1.genblk1.lut0 (4 -> 0)
  Optimizing lut $abc$40721$lut$aiger40720$2777.genblk1.genblk1.genblk1.genblk1.genblk1.genblk1.genblk1.genblk1.lut1.genblk1.genblk1.genblk1.genblk1.genblk1.genblk1.genblk1.lut0.genblk1.genblk1.genblk1.genblk1.genblk1.genblk1.lut0.genblk1.genblk1.genblk1.genblk1.genblk1.lut0 (4 -> 0)
  Optimizing lut $abc$40721$lut$aiger40720$2777.genblk1.genblk1.genblk1.genblk1.genblk1.genblk1.genblk1.genblk1.lut1.genblk1.genblk1.genblk1.genblk1.genblk1.genblk1.genblk1.lut1.genblk1.genblk1.genblk1.genblk1.genblk1.genblk1.lut1.genblk1.genblk1.genblk1.genblk1.genblk1.lut0 (4 -> 0)
  Optimizing lut $abc$40721$lut$aiger40720$2777.genblk1.genblk1.genblk1.genblk1.genblk1.genblk1.genblk1.genblk1.lut1.genblk1.genblk1.genblk1.genblk1.genblk1.genblk1.genblk1.lut1.genblk1.genblk1.genblk1.genblk1.genblk1.genblk1.lut0.genblk1.genblk1.genblk1.genblk1.genblk1.lut0 (4 -> 0)
  Optimizing lut $abc$40721$lut$aiger40720$2777.genblk1.genblk1.genblk1.genblk1.genblk1.genblk1.genblk1.genblk1.lut0.genblk1.genblk1.genblk1.genblk1.genblk1.genblk1.genblk1.lut0.genblk1.genblk1.genblk1.genblk1.genblk1.genblk1.lut1.genblk1.genblk1.genblk1.genblk1.genblk1.lut0 (4 -> 0)
  Optimizing lut $abc$40721$lut$aiger40720$2777.genblk1.genblk1.genblk1.genblk1.genblk1.genblk1.genblk1.genblk1.lut0.genblk1.genblk1.genblk1.genblk1.genblk1.genblk1.genblk1.lut0.genblk1.genblk1.genblk1.genblk1.genblk1.genblk1.lut0.genblk1.genblk1.genblk1.genblk1.genblk1.lut0 (4 -> 1)
  Optimizing lut $abc$40721$lut$aiger40720$2777.genblk1.genblk1.genblk1.genblk1.genblk1.genblk1.genblk1.genblk1.lut0.genblk1.genblk1.genblk1.genblk1.genblk1.genblk1.genblk1.lut1.genblk1.genblk1.genblk1.genblk1.genblk1.genblk1.lut1.genblk1.genblk1.genblk1.genblk1.genblk1.lut0 (4 -> 0)
  Optimizing lut $abc$40721$lut$aiger40720$2777.genblk1.genblk1.genblk1.genblk1.genblk1.genblk1.genblk1.genblk1.lut0.genblk1.genblk1.genblk1.genblk1.genblk1.genblk1.genblk1.lut1.genblk1.genblk1.genblk1.genblk1.genblk1.genblk1.lut0.genblk1.genblk1.genblk1.genblk1.genblk1.lut0 (4 -> 0)
  Optimizing lut $abc$40721$lut$aiger40720$2789.genblk1.genblk1.genblk1.genblk1.genblk1.genblk1.genblk1.genblk1.lut1.genblk1.genblk1.genblk1.genblk1.genblk1.genblk1.genblk1.lut0.genblk1.genblk1.genblk1.genblk1.genblk1.genblk1.lut1.genblk1.genblk1.genblk1.genblk1.genblk1.lut0 (4 -> 0)
  Optimizing lut $abc$40721$lut$aiger40720$2789.genblk1.genblk1.genblk1.genblk1.genblk1.genblk1.genblk1.genblk1.lut1.genblk1.genblk1.genblk1.genblk1.genblk1.genblk1.genblk1.lut0.genblk1.genblk1.genblk1.genblk1.genblk1.genblk1.lut0.genblk1.genblk1.genblk1.genblk1.genblk1.lut0 (4 -> 0)
  Optimizing lut $abc$40721$lut$aiger40720$2789.genblk1.genblk1.genblk1.genblk1.genblk1.genblk1.genblk1.genblk1.lut1.genblk1.genblk1.genblk1.genblk1.genblk1.genblk1.genblk1.lut1.genblk1.genblk1.genblk1.genblk1.genblk1.genblk1.lut1.genblk1.genblk1.genblk1.genblk1.genblk1.lut0 (4 -> 0)
  Optimizing lut $abc$40721$lut$aiger40720$2789.genblk1.genblk1.genblk1.genblk1.genblk1.genblk1.genblk1.genblk1.lut1.genblk1.genblk1.genblk1.genblk1.genblk1.genblk1.genblk1.lut1.genblk1.genblk1.genblk1.genblk1.genblk1.genblk1.lut0.genblk1.genblk1.genblk1.genblk1.genblk1.lut0 (4 -> 0)
  Optimizing lut $abc$40721$lut$aiger40720$2789.genblk1.genblk1.genblk1.genblk1.genblk1.genblk1.genblk1.genblk1.lut0.genblk1.genblk1.genblk1.genblk1.genblk1.genblk1.genblk1.lut0.genblk1.genblk1.genblk1.genblk1.genblk1.genblk1.lut1.genblk1.genblk1.genblk1.genblk1.genblk1.lut0 (4 -> 0)
  Optimizing lut $abc$40721$lut$aiger40720$2789.genblk1.genblk1.genblk1.genblk1.genblk1.genblk1.genblk1.genblk1.lut0.genblk1.genblk1.genblk1.genblk1.genblk1.genblk1.genblk1.lut0.genblk1.genblk1.genblk1.genblk1.genblk1.genblk1.lut0.genblk1.genblk1.genblk1.genblk1.genblk1.lut0 (4 -> 0)
  Optimizing lut $abc$40721$lut$aiger40720$2789.genblk1.genblk1.genblk1.genblk1.genblk1.genblk1.genblk1.genblk1.lut0.genblk1.genblk1.genblk1.genblk1.genblk1.genblk1.genblk1.lut1.genblk1.genblk1.genblk1.genblk1.genblk1.genblk1.lut1.genblk1.genblk1.genblk1.genblk1.genblk1.lut0 (4 -> 1)
  Optimizing lut $abc$40721$lut$aiger40720$2789.genblk1.genblk1.genblk1.genblk1.genblk1.genblk1.genblk1.genblk1.lut0.genblk1.genblk1.genblk1.genblk1.genblk1.genblk1.genblk1.lut1.genblk1.genblk1.genblk1.genblk1.genblk1.genblk1.lut0.genblk1.genblk1.genblk1.genblk1.genblk1.lut0 (4 -> 1)
  Optimizing lut $abc$40721$lut$aiger40720$2802.genblk1.genblk1.genblk1.genblk1.genblk1.genblk1.genblk1.genblk1.lut1.genblk1.genblk1.genblk1.genblk1.genblk1.genblk1.genblk1.lut0.genblk1.genblk1.genblk1.genblk1.genblk1.genblk1.lut1.genblk1.genblk1.genblk1.genblk1.genblk1.lut0 (4 -> 1)
  Optimizing lut $abc$40721$lut$aiger40720$2802.genblk1.genblk1.genblk1.genblk1.genblk1.genblk1.genblk1.genblk1.lut1.genblk1.genblk1.genblk1.genblk1.genblk1.genblk1.genblk1.lut0.genblk1.genblk1.genblk1.genblk1.genblk1.genblk1.lut0.genblk1.genblk1.genblk1.genblk1.genblk1.lut0 (4 -> 1)
  Optimizing lut $abc$40721$lut$aiger40720$2802.genblk1.genblk1.genblk1.genblk1.genblk1.genblk1.genblk1.genblk1.lut1.genblk1.genblk1.genblk1.genblk1.genblk1.genblk1.genblk1.lut1.genblk1.genblk1.genblk1.genblk1.genblk1.genblk1.lut1.genblk1.genblk1.genblk1.genblk1.genblk1.lut0 (4 -> 1)
  Optimizing lut $abc$40721$lut$aiger40720$2802.genblk1.genblk1.genblk1.genblk1.genblk1.genblk1.genblk1.genblk1.lut1.genblk1.genblk1.genblk1.genblk1.genblk1.genblk1.genblk1.lut1.genblk1.genblk1.genblk1.genblk1.genblk1.genblk1.lut0.genblk1.genblk1.genblk1.genblk1.genblk1.lut0 (4 -> 0)
  Optimizing lut $abc$40721$lut$aiger40720$2802.genblk1.genblk1.genblk1.genblk1.genblk1.genblk1.genblk1.genblk1.lut0.genblk1.genblk1.genblk1.genblk1.genblk1.genblk1.genblk1.lut0.genblk1.genblk1.genblk1.genblk1.genblk1.genblk1.lut1.genblk1.genblk1.genblk1.genblk1.genblk1.lut0 (4 -> 0)
  Optimizing lut $abc$40721$lut$aiger40720$2802.genblk1.genblk1.genblk1.genblk1.genblk1.genblk1.genblk1.genblk1.lut0.genblk1.genblk1.genblk1.genblk1.genblk1.genblk1.genblk1.lut0.genblk1.genblk1.genblk1.genblk1.genblk1.genblk1.lut0.genblk1.genblk1.genblk1.genblk1.genblk1.lut0 (4 -> 0)
  Optimizing lut $abc$40721$lut$aiger40720$2802.genblk1.genblk1.genblk1.genblk1.genblk1.genblk1.genblk1.genblk1.lut0.genblk1.genblk1.genblk1.genblk1.genblk1.genblk1.genblk1.lut1.genblk1.genblk1.genblk1.genblk1.genblk1.genblk1.lut1.genblk1.genblk1.genblk1.genblk1.genblk1.lut0 (4 -> 0)
  Optimizing lut $abc$40721$lut$aiger40720$2802.genblk1.genblk1.genblk1.genblk1.genblk1.genblk1.genblk1.genblk1.lut0.genblk1.genblk1.genblk1.genblk1.genblk1.genblk1.genblk1.lut1.genblk1.genblk1.genblk1.genblk1.genblk1.genblk1.lut0.genblk1.genblk1.genblk1.genblk1.genblk1.lut0 (4 -> 1)
  Optimizing lut $abc$40721$lut$aiger40720$2817.genblk1.genblk1.genblk1.genblk1.genblk1.genblk1.genblk1.genblk1.lut1.genblk1.genblk1.genblk1.genblk1.genblk1.genblk1.genblk1.lut0.genblk1.genblk1.genblk1.genblk1.genblk1.genblk1.lut1.genblk1.genblk1.genblk1.genblk1.genblk1.lut0 (4 -> 0)
  Optimizing lut $abc$40721$lut$aiger40720$2817.genblk1.genblk1.genblk1.genblk1.genblk1.genblk1.genblk1.genblk1.lut1.genblk1.genblk1.genblk1.genblk1.genblk1.genblk1.genblk1.lut0.genblk1.genblk1.genblk1.genblk1.genblk1.genblk1.lut0.genblk1.genblk1.genblk1.genblk1.genblk1.lut0 (4 -> 0)
  Optimizing lut $abc$40721$lut$aiger40720$2817.genblk1.genblk1.genblk1.genblk1.genblk1.genblk1.genblk1.genblk1.lut1.genblk1.genblk1.genblk1.genblk1.genblk1.genblk1.genblk1.lut1.genblk1.genblk1.genblk1.genblk1.genblk1.genblk1.lut1.genblk1.genblk1.genblk1.genblk1.genblk1.lut0 (4 -> 0)
  Optimizing lut $abc$40721$lut$aiger40720$2817.genblk1.genblk1.genblk1.genblk1.genblk1.genblk1.genblk1.genblk1.lut1.genblk1.genblk1.genblk1.genblk1.genblk1.genblk1.genblk1.lut1.genblk1.genblk1.genblk1.genblk1.genblk1.genblk1.lut0.genblk1.genblk1.genblk1.genblk1.genblk1.lut0 (4 -> 1)
  Optimizing lut $abc$40721$lut$aiger40720$2817.genblk1.genblk1.genblk1.genblk1.genblk1.genblk1.genblk1.genblk1.lut0.genblk1.genblk1.genblk1.genblk1.genblk1.genblk1.genblk1.lut0.genblk1.genblk1.genblk1.genblk1.genblk1.genblk1.lut1.genblk1.genblk1.genblk1.genblk1.genblk1.lut0 (4 -> 1)
  Optimizing lut $abc$40721$lut$aiger40720$2817.genblk1.genblk1.genblk1.genblk1.genblk1.genblk1.genblk1.genblk1.lut0.genblk1.genblk1.genblk1.genblk1.genblk1.genblk1.genblk1.lut0.genblk1.genblk1.genblk1.genblk1.genblk1.genblk1.lut0.genblk1.genblk1.genblk1.genblk1.genblk1.lut0 (4 -> 0)
  Optimizing lut $abc$40721$lut$aiger40720$2817.genblk1.genblk1.genblk1.genblk1.genblk1.genblk1.genblk1.genblk1.lut0.genblk1.genblk1.genblk1.genblk1.genblk1.genblk1.genblk1.lut1.genblk1.genblk1.genblk1.genblk1.genblk1.genblk1.lut1.genblk1.genblk1.genblk1.genblk1.genblk1.lut0 (4 -> 1)
  Optimizing lut $abc$40721$lut$aiger40720$2817.genblk1.genblk1.genblk1.genblk1.genblk1.genblk1.genblk1.genblk1.lut0.genblk1.genblk1.genblk1.genblk1.genblk1.genblk1.genblk1.lut1.genblk1.genblk1.genblk1.genblk1.genblk1.genblk1.lut0.genblk1.genblk1.genblk1.genblk1.genblk1.lut0 (4 -> 0)
  Optimizing lut $abc$40721$lut$aiger40720$2631.genblk1.genblk1.genblk1.genblk1.genblk1.genblk1.genblk1.genblk1.lut1.genblk1.genblk1.genblk1.genblk1.genblk1.genblk1.genblk1.lut0.genblk1.genblk1.genblk1.genblk1.genblk1.genblk1.lut0.genblk1.genblk1.genblk1.genblk1.genblk1.lut0 (4 -> 0)
  Optimizing lut $abc$40721$lut$aiger40720$2631.genblk1.genblk1.genblk1.genblk1.genblk1.genblk1.genblk1.genblk1.lut1.genblk1.genblk1.genblk1.genblk1.genblk1.genblk1.genblk1.lut1.genblk1.genblk1.genblk1.genblk1.genblk1.genblk1.lut1.genblk1.genblk1.genblk1.genblk1.genblk1.lut0 (4 -> 1)
  Optimizing lut $abc$40721$lut$aiger40720$2631.genblk1.genblk1.genblk1.genblk1.genblk1.genblk1.genblk1.genblk1.lut1.genblk1.genblk1.genblk1.genblk1.genblk1.genblk1.genblk1.lut1.genblk1.genblk1.genblk1.genblk1.genblk1.genblk1.lut0.genblk1.genblk1.genblk1.genblk1.genblk1.lut0 (4 -> 0)
  Optimizing lut $abc$40721$lut$aiger40720$2631.genblk1.genblk1.genblk1.genblk1.genblk1.genblk1.genblk1.genblk1.lut0.genblk1.genblk1.genblk1.genblk1.genblk1.genblk1.genblk1.lut0.genblk1.genblk1.genblk1.genblk1.genblk1.genblk1.lut1.genblk1.genblk1.genblk1.genblk1.genblk1.lut0 (4 -> 1)
  Optimizing lut $abc$40721$lut$aiger40720$2631.genblk1.genblk1.genblk1.genblk1.genblk1.genblk1.genblk1.genblk1.lut0.genblk1.genblk1.genblk1.genblk1.genblk1.genblk1.genblk1.lut0.genblk1.genblk1.genblk1.genblk1.genblk1.genblk1.lut0.genblk1.genblk1.genblk1.genblk1.genblk1.lut0 (4 -> 0)
  Optimizing lut $abc$40721$lut$aiger40720$2631.genblk1.genblk1.genblk1.genblk1.genblk1.genblk1.genblk1.genblk1.lut0.genblk1.genblk1.genblk1.genblk1.genblk1.genblk1.genblk1.lut1.genblk1.genblk1.genblk1.genblk1.genblk1.genblk1.lut1.genblk1.genblk1.genblk1.genblk1.genblk1.lut0 (4 -> 0)
  Optimizing lut $abc$40721$lut$aiger40720$2631.genblk1.genblk1.genblk1.genblk1.genblk1.genblk1.genblk1.genblk1.lut0.genblk1.genblk1.genblk1.genblk1.genblk1.genblk1.genblk1.lut1.genblk1.genblk1.genblk1.genblk1.genblk1.genblk1.lut0.genblk1.genblk1.genblk1.genblk1.genblk1.lut0 (4 -> 0)
  Optimizing lut $abc$40721$lut$aiger40720$2640.genblk1.genblk1.genblk1.genblk1.genblk1.genblk1.genblk1.lut1.genblk1.genblk1.genblk1.genblk1.genblk1.genblk1.lut0.genblk1.genblk1.genblk1.genblk1.genblk1.lut1 (4 -> 0)
  Optimizing lut $abc$40721$lut$aiger40720$2653.genblk1.genblk1.genblk1.genblk1.genblk1.genblk1.genblk1.genblk1.lut1.genblk1.genblk1.genblk1.genblk1.genblk1.genblk1.genblk1.lut0.genblk1.genblk1.genblk1.genblk1.genblk1.genblk1.lut0.genblk1.genblk1.genblk1.genblk1.genblk1.lut0 (4 -> 0)
  Optimizing lut $abc$40721$lut$aiger40720$2653.genblk1.genblk1.genblk1.genblk1.genblk1.genblk1.genblk1.genblk1.lut1.genblk1.genblk1.genblk1.genblk1.genblk1.genblk1.genblk1.lut1.genblk1.genblk1.genblk1.genblk1.genblk1.genblk1.lut1.genblk1.genblk1.genblk1.genblk1.genblk1.lut0 (4 -> 0)
  Optimizing lut $abc$40721$lut$aiger40720$2653.genblk1.genblk1.genblk1.genblk1.genblk1.genblk1.genblk1.genblk1.lut1.genblk1.genblk1.genblk1.genblk1.genblk1.genblk1.genblk1.lut1.genblk1.genblk1.genblk1.genblk1.genblk1.genblk1.lut0.genblk1.genblk1.genblk1.genblk1.genblk1.lut0 (4 -> 0)
  Optimizing lut $abc$40721$lut$aiger40720$2653.genblk1.genblk1.genblk1.genblk1.genblk1.genblk1.genblk1.genblk1.lut0.genblk1.genblk1.genblk1.genblk1.genblk1.genblk1.genblk1.lut0.genblk1.genblk1.genblk1.genblk1.genblk1.genblk1.lut1.genblk1.genblk1.genblk1.genblk1.genblk1.lut0 (4 -> 0)
  Optimizing lut $abc$40721$lut$aiger40720$2653.genblk1.genblk1.genblk1.genblk1.genblk1.genblk1.genblk1.genblk1.lut0.genblk1.genblk1.genblk1.genblk1.genblk1.genblk1.genblk1.lut0.genblk1.genblk1.genblk1.genblk1.genblk1.genblk1.lut0.genblk1.genblk1.genblk1.genblk1.genblk1.lut0 (4 -> 0)
  Optimizing lut $abc$40721$lut$aiger40720$2653.genblk1.genblk1.genblk1.genblk1.genblk1.genblk1.genblk1.genblk1.lut0.genblk1.genblk1.genblk1.genblk1.genblk1.genblk1.genblk1.lut1.genblk1.genblk1.genblk1.genblk1.genblk1.genblk1.lut1.genblk1.genblk1.genblk1.genblk1.genblk1.lut0 (4 -> 1)
  Optimizing lut $abc$40721$lut$aiger40720$2653.genblk1.genblk1.genblk1.genblk1.genblk1.genblk1.genblk1.genblk1.lut0.genblk1.genblk1.genblk1.genblk1.genblk1.genblk1.genblk1.lut1.genblk1.genblk1.genblk1.genblk1.genblk1.genblk1.lut0.genblk1.genblk1.genblk1.genblk1.genblk1.lut0 (4 -> 0)
  Optimizing lut $abc$40721$lut$aiger40720$2669.genblk1.genblk1.genblk1.genblk1.genblk1.genblk1.genblk1.genblk1.lut1.genblk1.genblk1.genblk1.genblk1.genblk1.genblk1.genblk1.lut0.genblk1.genblk1.genblk1.genblk1.genblk1.genblk1.lut1.genblk1.genblk1.genblk1.genblk1.genblk1.lut0 (4 -> 0)
  Optimizing lut $abc$40721$lut$aiger40720$2669.genblk1.genblk1.genblk1.genblk1.genblk1.genblk1.genblk1.genblk1.lut1.genblk1.genblk1.genblk1.genblk1.genblk1.genblk1.genblk1.lut0.genblk1.genblk1.genblk1.genblk1.genblk1.genblk1.lut0.genblk1.genblk1.genblk1.genblk1.genblk1.lut0 (4 -> 1)
  Optimizing lut $abc$40721$lut$aiger40720$2669.genblk1.genblk1.genblk1.genblk1.genblk1.genblk1.genblk1.genblk1.lut1.genblk1.genblk1.genblk1.genblk1.genblk1.genblk1.genblk1.lut1.genblk1.genblk1.genblk1.genblk1.genblk1.genblk1.lut1.genblk1.genblk1.genblk1.genblk1.genblk1.lut0 (4 -> 0)
  Optimizing lut $abc$40721$lut$aiger40720$2669.genblk1.genblk1.genblk1.genblk1.genblk1.genblk1.genblk1.genblk1.lut1.genblk1.genblk1.genblk1.genblk1.genblk1.genblk1.genblk1.lut1.genblk1.genblk1.genblk1.genblk1.genblk1.genblk1.lut0.genblk1.genblk1.genblk1.genblk1.genblk1.lut0 (4 -> 0)
  Optimizing lut $abc$40721$lut$aiger40720$2669.genblk1.genblk1.genblk1.genblk1.genblk1.genblk1.genblk1.genblk1.lut0.genblk1.genblk1.genblk1.genblk1.genblk1.genblk1.genblk1.lut0.genblk1.genblk1.genblk1.genblk1.genblk1.genblk1.lut1.genblk1.genblk1.genblk1.genblk1.genblk1.lut0 (4 -> 0)
  Optimizing lut $abc$40721$lut$aiger40720$2669.genblk1.genblk1.genblk1.genblk1.genblk1.genblk1.genblk1.genblk1.lut0.genblk1.genblk1.genblk1.genblk1.genblk1.genblk1.genblk1.lut0.genblk1.genblk1.genblk1.genblk1.genblk1.genblk1.lut0.genblk1.genblk1.genblk1.genblk1.genblk1.lut0 (4 -> 0)
  Optimizing lut $abc$40721$lut$aiger40720$2669.genblk1.genblk1.genblk1.genblk1.genblk1.genblk1.genblk1.genblk1.lut0.genblk1.genblk1.genblk1.genblk1.genblk1.genblk1.genblk1.lut1.genblk1.genblk1.genblk1.genblk1.genblk1.genblk1.lut1.genblk1.genblk1.genblk1.genblk1.genblk1.lut0 (4 -> 0)
  Optimizing lut $abc$40721$lut$aiger40720$2669.genblk1.genblk1.genblk1.genblk1.genblk1.genblk1.genblk1.genblk1.lut0.genblk1.genblk1.genblk1.genblk1.genblk1.genblk1.genblk1.lut1.genblk1.genblk1.genblk1.genblk1.genblk1.genblk1.lut0.genblk1.genblk1.genblk1.genblk1.genblk1.lut0 (4 -> 0)
  Optimizing lut $abc$40721$lut$aiger40720$3193.genblk1.genblk1.genblk1.genblk1.genblk1.genblk1.genblk1.genblk1.lut1.genblk1.genblk1.genblk1.genblk1.genblk1.genblk1.genblk1.lut0.genblk1.genblk1.genblk1.genblk1.genblk1.genblk1.lut1.genblk1.genblk1.genblk1.genblk1.genblk1.lut0 (4 -> 3)
  Optimizing lut $abc$40721$lut$aiger40720$3193.genblk1.genblk1.genblk1.genblk1.genblk1.genblk1.genblk1.genblk1.lut1.genblk1.genblk1.genblk1.genblk1.genblk1.genblk1.genblk1.lut0.genblk1.genblk1.genblk1.genblk1.genblk1.genblk1.lut0.genblk1.genblk1.genblk1.genblk1.genblk1.lut0 (4 -> 2)
  Optimizing lut $abc$40721$lut$aiger40720$3193.genblk1.genblk1.genblk1.genblk1.genblk1.genblk1.genblk1.genblk1.lut1.genblk1.genblk1.genblk1.genblk1.genblk1.genblk1.genblk1.lut1.genblk1.genblk1.genblk1.genblk1.genblk1.genblk1.lut1.genblk1.genblk1.genblk1.genblk1.genblk1.lut0 (4 -> 2)
  Optimizing lut $abc$40721$lut$aiger40720$3193.genblk1.genblk1.genblk1.genblk1.genblk1.genblk1.genblk1.genblk1.lut1.genblk1.genblk1.genblk1.genblk1.genblk1.genblk1.genblk1.lut1.genblk1.genblk1.genblk1.genblk1.genblk1.genblk1.lut0.genblk1.genblk1.genblk1.genblk1.genblk1.lut0 (4 -> 1)
  Optimizing lut $abc$40721$lut$aiger40720$3193.genblk1.genblk1.genblk1.genblk1.genblk1.genblk1.genblk1.genblk1.lut0.genblk1.genblk1.genblk1.genblk1.genblk1.genblk1.genblk1.lut0.genblk1.genblk1.genblk1.genblk1.genblk1.genblk1.lut0.genblk1.genblk1.genblk1.genblk1.genblk1.lut0 (4 -> 3)
  Optimizing lut $abc$40721$lut$aiger40720$3193.genblk1.genblk1.genblk1.genblk1.genblk1.genblk1.genblk1.genblk1.lut0.genblk1.genblk1.genblk1.genblk1.genblk1.genblk1.genblk1.lut1.genblk1.genblk1.genblk1.genblk1.genblk1.genblk1.lut1.genblk1.genblk1.genblk1.genblk1.genblk1.lut0 (4 -> 3)
  Optimizing lut $abc$40721$lut$aiger40720$3193.genblk1.genblk1.genblk1.genblk1.genblk1.genblk1.genblk1.genblk1.lut0.genblk1.genblk1.genblk1.genblk1.genblk1.genblk1.genblk1.lut1.genblk1.genblk1.genblk1.genblk1.genblk1.genblk1.lut0.genblk1.genblk1.genblk1.genblk1.genblk1.lut0 (4 -> 2)
  Optimizing lut $abc$40721$lut$aiger40720$3204.genblk1.genblk1.genblk1.genblk1.genblk1.genblk1.genblk1.genblk1.lut1.genblk1.genblk1.genblk1.genblk1.genblk1.genblk1.genblk1.lut0.genblk1.genblk1.genblk1.genblk1.genblk1.genblk1.lut1.genblk1.genblk1.genblk1.genblk1.genblk1.lut0 (4 -> 3)
  Optimizing lut $abc$40721$lut$aiger40720$3204.genblk1.genblk1.genblk1.genblk1.genblk1.genblk1.genblk1.genblk1.lut1.genblk1.genblk1.genblk1.genblk1.genblk1.genblk1.genblk1.lut0.genblk1.genblk1.genblk1.genblk1.genblk1.genblk1.lut0.genblk1.genblk1.genblk1.genblk1.genblk1.lut0 (4 -> 2)
  Optimizing lut $abc$40721$lut$aiger40720$3204.genblk1.genblk1.genblk1.genblk1.genblk1.genblk1.genblk1.genblk1.lut1.genblk1.genblk1.genblk1.genblk1.genblk1.genblk1.genblk1.lut1.genblk1.genblk1.genblk1.genblk1.genblk1.genblk1.lut1.genblk1.genblk1.genblk1.genblk1.genblk1.lut0 (4 -> 0)
  Optimizing lut $abc$40721$lut$aiger40720$3204.genblk1.genblk1.genblk1.genblk1.genblk1.genblk1.genblk1.genblk1.lut1.genblk1.genblk1.genblk1.genblk1.genblk1.genblk1.genblk1.lut1.genblk1.genblk1.genblk1.genblk1.genblk1.genblk1.lut0.genblk1.genblk1.genblk1.genblk1.genblk1.lut0 (4 -> 0)
  Optimizing lut $abc$40721$lut$aiger40720$3204.genblk1.genblk1.genblk1.genblk1.genblk1.genblk1.genblk1.genblk1.lut0.genblk1.genblk1.genblk1.genblk1.genblk1.genblk1.genblk1.lut0.genblk1.genblk1.genblk1.genblk1.genblk1.genblk1.lut0.genblk1.genblk1.genblk1.genblk1.genblk1.lut0 (4 -> 3)
  Optimizing lut $abc$40721$lut$aiger40720$3204.genblk1.genblk1.genblk1.genblk1.genblk1.genblk1.genblk1.genblk1.lut0.genblk1.genblk1.genblk1.genblk1.genblk1.genblk1.genblk1.lut1.genblk1.genblk1.genblk1.genblk1.genblk1.genblk1.lut1.genblk1.genblk1.genblk1.genblk1.genblk1.lut0 (4 -> 3)
  Optimizing lut $abc$40721$lut$aiger40720$3204.genblk1.genblk1.genblk1.genblk1.genblk1.genblk1.genblk1.genblk1.lut0.genblk1.genblk1.genblk1.genblk1.genblk1.genblk1.genblk1.lut1.genblk1.genblk1.genblk1.genblk1.genblk1.genblk1.lut0.genblk1.genblk1.genblk1.genblk1.genblk1.lut0 (4 -> 2)
  Optimizing lut $abc$40721$lut$aiger40720$2836.genblk1.genblk1.genblk1.genblk1.genblk1.genblk1.genblk1.genblk1.lut1.genblk1.genblk1.genblk1.genblk1.genblk1.genblk1.genblk1.lut0.genblk1.genblk1.genblk1.genblk1.genblk1.genblk1.lut1.genblk1.genblk1.genblk1.genblk1.genblk1.lut0 (4 -> 0)
  Optimizing lut $abc$40721$lut$aiger40720$2836.genblk1.genblk1.genblk1.genblk1.genblk1.genblk1.genblk1.genblk1.lut1.genblk1.genblk1.genblk1.genblk1.genblk1.genblk1.genblk1.lut0.genblk1.genblk1.genblk1.genblk1.genblk1.genblk1.lut0.genblk1.genblk1.genblk1.genblk1.genblk1.lut0 (4 -> 1)
  Optimizing lut $abc$40721$lut$aiger40720$2836.genblk1.genblk1.genblk1.genblk1.genblk1.genblk1.genblk1.genblk1.lut1.genblk1.genblk1.genblk1.genblk1.genblk1.genblk1.genblk1.lut1.genblk1.genblk1.genblk1.genblk1.genblk1.genblk1.lut1.genblk1.genblk1.genblk1.genblk1.genblk1.lut0 (4 -> 0)
  Optimizing lut $abc$40721$lut$aiger40720$2836.genblk1.genblk1.genblk1.genblk1.genblk1.genblk1.genblk1.genblk1.lut1.genblk1.genblk1.genblk1.genblk1.genblk1.genblk1.genblk1.lut1.genblk1.genblk1.genblk1.genblk1.genblk1.genblk1.lut0.genblk1.genblk1.genblk1.genblk1.genblk1.lut0 (4 -> 0)
  Optimizing lut $abc$40721$lut$aiger40720$2836.genblk1.genblk1.genblk1.genblk1.genblk1.genblk1.genblk1.genblk1.lut0.genblk1.genblk1.genblk1.genblk1.genblk1.genblk1.genblk1.lut0.genblk1.genblk1.genblk1.genblk1.genblk1.genblk1.lut1.genblk1.genblk1.genblk1.genblk1.genblk1.lut0 (4 -> 0)
  Optimizing lut $abc$40721$lut$aiger40720$2836.genblk1.genblk1.genblk1.genblk1.genblk1.genblk1.genblk1.genblk1.lut0.genblk1.genblk1.genblk1.genblk1.genblk1.genblk1.genblk1.lut0.genblk1.genblk1.genblk1.genblk1.genblk1.genblk1.lut0.genblk1.genblk1.genblk1.genblk1.genblk1.lut0 (4 -> 0)
  Optimizing lut $abc$40721$lut$aiger40720$2836.genblk1.genblk1.genblk1.genblk1.genblk1.genblk1.genblk1.genblk1.lut0.genblk1.genblk1.genblk1.genblk1.genblk1.genblk1.genblk1.lut1.genblk1.genblk1.genblk1.genblk1.genblk1.genblk1.lut1.genblk1.genblk1.genblk1.genblk1.genblk1.lut0 (4 -> 0)
  Optimizing lut $abc$40721$lut$aiger40720$2836.genblk1.genblk1.genblk1.genblk1.genblk1.genblk1.genblk1.genblk1.lut0.genblk1.genblk1.genblk1.genblk1.genblk1.genblk1.genblk1.lut1.genblk1.genblk1.genblk1.genblk1.genblk1.genblk1.lut0.genblk1.genblk1.genblk1.genblk1.genblk1.lut0 (4 -> 0)
  Optimizing lut $abc$40721$lut$aiger40720$2850.genblk1.genblk1.genblk1.genblk1.genblk1.genblk1.genblk1.genblk1.lut1.genblk1.genblk1.genblk1.genblk1.genblk1.genblk1.genblk1.lut0.genblk1.genblk1.genblk1.genblk1.genblk1.genblk1.lut1.genblk1.genblk1.genblk1.genblk1.genblk1.lut0 (4 -> 1)
  Optimizing lut $abc$40721$lut$aiger40720$2850.genblk1.genblk1.genblk1.genblk1.genblk1.genblk1.genblk1.genblk1.lut1.genblk1.genblk1.genblk1.genblk1.genblk1.genblk1.genblk1.lut0.genblk1.genblk1.genblk1.genblk1.genblk1.genblk1.lut0.genblk1.genblk1.genblk1.genblk1.genblk1.lut0 (4 -> 0)
  Optimizing lut $abc$40721$lut$aiger40720$2850.genblk1.genblk1.genblk1.genblk1.genblk1.genblk1.genblk1.genblk1.lut1.genblk1.genblk1.genblk1.genblk1.genblk1.genblk1.genblk1.lut1.genblk1.genblk1.genblk1.genblk1.genblk1.genblk1.lut1.genblk1.genblk1.genblk1.genblk1.genblk1.lut0 (4 -> 0)
  Optimizing lut $abc$40721$lut$aiger40720$2850.genblk1.genblk1.genblk1.genblk1.genblk1.genblk1.genblk1.genblk1.lut1.genblk1.genblk1.genblk1.genblk1.genblk1.genblk1.genblk1.lut1.genblk1.genblk1.genblk1.genblk1.genblk1.genblk1.lut0.genblk1.genblk1.genblk1.genblk1.genblk1.lut0 (4 -> 1)
  Optimizing lut $abc$40721$lut$aiger40720$2850.genblk1.genblk1.genblk1.genblk1.genblk1.genblk1.genblk1.genblk1.lut0.genblk1.genblk1.genblk1.genblk1.genblk1.genblk1.genblk1.lut0.genblk1.genblk1.genblk1.genblk1.genblk1.genblk1.lut1.genblk1.genblk1.genblk1.genblk1.genblk1.lut0 (4 -> 1)
  Optimizing lut $abc$40721$lut$aiger40720$2850.genblk1.genblk1.genblk1.genblk1.genblk1.genblk1.genblk1.genblk1.lut0.genblk1.genblk1.genblk1.genblk1.genblk1.genblk1.genblk1.lut0.genblk1.genblk1.genblk1.genblk1.genblk1.genblk1.lut0.genblk1.genblk1.genblk1.genblk1.genblk1.lut0 (4 -> 0)
  Optimizing lut $abc$40721$lut$aiger40720$2850.genblk1.genblk1.genblk1.genblk1.genblk1.genblk1.genblk1.genblk1.lut0.genblk1.genblk1.genblk1.genblk1.genblk1.genblk1.genblk1.lut1.genblk1.genblk1.genblk1.genblk1.genblk1.genblk1.lut1.genblk1.genblk1.genblk1.genblk1.genblk1.lut0 (4 -> 0)
  Optimizing lut $abc$40721$lut$aiger40720$2850.genblk1.genblk1.genblk1.genblk1.genblk1.genblk1.genblk1.genblk1.lut0.genblk1.genblk1.genblk1.genblk1.genblk1.genblk1.genblk1.lut1.genblk1.genblk1.genblk1.genblk1.genblk1.genblk1.lut0.genblk1.genblk1.genblk1.genblk1.genblk1.lut0 (4 -> 1)
  Optimizing lut $abc$40721$lut$aiger40720$2863.genblk1.genblk1.genblk1.genblk1.genblk1.genblk1.genblk1.genblk1.lut1.genblk1.genblk1.genblk1.genblk1.genblk1.genblk1.genblk1.lut0.genblk1.genblk1.genblk1.genblk1.genblk1.genblk1.lut1.genblk1.genblk1.genblk1.genblk1.genblk1.lut0 (4 -> 0)
  Optimizing lut $abc$40721$lut$aiger40720$2863.genblk1.genblk1.genblk1.genblk1.genblk1.genblk1.genblk1.genblk1.lut1.genblk1.genblk1.genblk1.genblk1.genblk1.genblk1.genblk1.lut0.genblk1.genblk1.genblk1.genblk1.genblk1.genblk1.lut0.genblk1.genblk1.genblk1.genblk1.genblk1.lut0 (4 -> 0)
  Optimizing lut $abc$40721$lut$aiger40720$2863.genblk1.genblk1.genblk1.genblk1.genblk1.genblk1.genblk1.genblk1.lut1.genblk1.genblk1.genblk1.genblk1.genblk1.genblk1.genblk1.lut1.genblk1.genblk1.genblk1.genblk1.genblk1.genblk1.lut1.genblk1.genblk1.genblk1.genblk1.genblk1.lut0 (4 -> 0)
  Optimizing lut $abc$40721$lut$aiger40720$2863.genblk1.genblk1.genblk1.genblk1.genblk1.genblk1.genblk1.genblk1.lut1.genblk1.genblk1.genblk1.genblk1.genblk1.genblk1.genblk1.lut1.genblk1.genblk1.genblk1.genblk1.genblk1.genblk1.lut0.genblk1.genblk1.genblk1.genblk1.genblk1.lut0 (4 -> 0)
  Optimizing lut $abc$40721$lut$aiger40720$2863.genblk1.genblk1.genblk1.genblk1.genblk1.genblk1.genblk1.genblk1.lut0.genblk1.genblk1.genblk1.genblk1.genblk1.genblk1.genblk1.lut0.genblk1.genblk1.genblk1.genblk1.genblk1.genblk1.lut1.genblk1.genblk1.genblk1.genblk1.genblk1.lut0 (4 -> 0)
  Optimizing lut $abc$40721$lut$aiger40720$2863.genblk1.genblk1.genblk1.genblk1.genblk1.genblk1.genblk1.genblk1.lut0.genblk1.genblk1.genblk1.genblk1.genblk1.genblk1.genblk1.lut0.genblk1.genblk1.genblk1.genblk1.genblk1.genblk1.lut0.genblk1.genblk1.genblk1.genblk1.genblk1.lut0 (4 -> 0)
  Optimizing lut $abc$40721$lut$aiger40720$2863.genblk1.genblk1.genblk1.genblk1.genblk1.genblk1.genblk1.genblk1.lut0.genblk1.genblk1.genblk1.genblk1.genblk1.genblk1.genblk1.lut1.genblk1.genblk1.genblk1.genblk1.genblk1.genblk1.lut1.genblk1.genblk1.genblk1.genblk1.genblk1.lut0 (4 -> 0)
  Optimizing lut $abc$40721$lut$aiger40720$2863.genblk1.genblk1.genblk1.genblk1.genblk1.genblk1.genblk1.genblk1.lut0.genblk1.genblk1.genblk1.genblk1.genblk1.genblk1.genblk1.lut1.genblk1.genblk1.genblk1.genblk1.genblk1.genblk1.lut0.genblk1.genblk1.genblk1.genblk1.genblk1.lut0 (4 -> 0)
  Optimizing lut $abc$40721$lut$aiger40720$2879.genblk1.genblk1.genblk1.genblk1.genblk1.genblk1.genblk1.genblk1.lut1.genblk1.genblk1.genblk1.genblk1.genblk1.genblk1.genblk1.lut0.genblk1.genblk1.genblk1.genblk1.genblk1.genblk1.lut1.genblk1.genblk1.genblk1.genblk1.genblk1.lut0 (4 -> 0)
  Optimizing lut $abc$40721$lut$aiger40720$2879.genblk1.genblk1.genblk1.genblk1.genblk1.genblk1.genblk1.genblk1.lut1.genblk1.genblk1.genblk1.genblk1.genblk1.genblk1.genblk1.lut0.genblk1.genblk1.genblk1.genblk1.genblk1.genblk1.lut0.genblk1.genblk1.genblk1.genblk1.genblk1.lut0 (4 -> 0)
  Optimizing lut $abc$40721$lut$aiger40720$2879.genblk1.genblk1.genblk1.genblk1.genblk1.genblk1.genblk1.genblk1.lut1.genblk1.genblk1.genblk1.genblk1.genblk1.genblk1.genblk1.lut1.genblk1.genblk1.genblk1.genblk1.genblk1.genblk1.lut1.genblk1.genblk1.genblk1.genblk1.genblk1.lut0 (4 -> 1)
  Optimizing lut $abc$40721$lut$aiger40720$2879.genblk1.genblk1.genblk1.genblk1.genblk1.genblk1.genblk1.genblk1.lut1.genblk1.genblk1.genblk1.genblk1.genblk1.genblk1.genblk1.lut1.genblk1.genblk1.genblk1.genblk1.genblk1.genblk1.lut0.genblk1.genblk1.genblk1.genblk1.genblk1.lut0 (4 -> 0)
  Optimizing lut $abc$40721$lut$aiger40720$2879.genblk1.genblk1.genblk1.genblk1.genblk1.genblk1.genblk1.genblk1.lut0.genblk1.genblk1.genblk1.genblk1.genblk1.genblk1.genblk1.lut0.genblk1.genblk1.genblk1.genblk1.genblk1.genblk1.lut1.genblk1.genblk1.genblk1.genblk1.genblk1.lut0 (4 -> 0)
  Optimizing lut $abc$40721$lut$aiger40720$2879.genblk1.genblk1.genblk1.genblk1.genblk1.genblk1.genblk1.genblk1.lut0.genblk1.genblk1.genblk1.genblk1.genblk1.genblk1.genblk1.lut0.genblk1.genblk1.genblk1.genblk1.genblk1.genblk1.lut0.genblk1.genblk1.genblk1.genblk1.genblk1.lut0 (4 -> 1)
  Optimizing lut $abc$40721$lut$aiger40720$2879.genblk1.genblk1.genblk1.genblk1.genblk1.genblk1.genblk1.genblk1.lut0.genblk1.genblk1.genblk1.genblk1.genblk1.genblk1.genblk1.lut1.genblk1.genblk1.genblk1.genblk1.genblk1.genblk1.lut1.genblk1.genblk1.genblk1.genblk1.genblk1.lut0 (4 -> 1)
  Optimizing lut $abc$40721$lut$aiger40720$2879.genblk1.genblk1.genblk1.genblk1.genblk1.genblk1.genblk1.genblk1.lut0.genblk1.genblk1.genblk1.genblk1.genblk1.genblk1.genblk1.lut1.genblk1.genblk1.genblk1.genblk1.genblk1.genblk1.lut0.genblk1.genblk1.genblk1.genblk1.genblk1.lut0 (4 -> 0)
  Optimizing lut $abc$40721$lut$aiger40720$2696.genblk1.genblk1.genblk1.genblk1.genblk1.genblk1.genblk1.genblk1.lut1.genblk1.genblk1.genblk1.genblk1.genblk1.genblk1.genblk1.lut0.genblk1.genblk1.genblk1.genblk1.genblk1.genblk1.lut0.genblk1.genblk1.genblk1.genblk1.genblk1.lut0 (4 -> 2)
  Optimizing lut $abc$40721$lut$aiger40720$2696.genblk1.genblk1.genblk1.genblk1.genblk1.genblk1.genblk1.genblk1.lut1.genblk1.genblk1.genblk1.genblk1.genblk1.genblk1.genblk1.lut1.genblk1.genblk1.genblk1.genblk1.genblk1.genblk1.lut1.genblk1.genblk1.genblk1.genblk1.genblk1.lut0 (4 -> 2)
  Optimizing lut $abc$40721$lut$aiger40720$2696.genblk1.genblk1.genblk1.genblk1.genblk1.genblk1.genblk1.genblk1.lut1.genblk1.genblk1.genblk1.genblk1.genblk1.genblk1.genblk1.lut1.genblk1.genblk1.genblk1.genblk1.genblk1.genblk1.lut0.genblk1.genblk1.genblk1.genblk1.genblk1.lut0 (4 -> 1)
  Optimizing lut $abc$40721$lut$aiger40720$2696.genblk1.genblk1.genblk1.genblk1.genblk1.genblk1.genblk1.genblk1.lut0.genblk1.genblk1.genblk1.genblk1.genblk1.genblk1.genblk1.lut0.genblk1.genblk1.genblk1.genblk1.genblk1.genblk1.lut0.genblk1.genblk1.genblk1.genblk1.genblk1.lut0 (4 -> 3)
  Optimizing lut $abc$40721$lut$aiger40720$2696.genblk1.genblk1.genblk1.genblk1.genblk1.genblk1.genblk1.genblk1.lut0.genblk1.genblk1.genblk1.genblk1.genblk1.genblk1.genblk1.lut1.genblk1.genblk1.genblk1.genblk1.genblk1.genblk1.lut1.genblk1.genblk1.genblk1.genblk1.genblk1.lut0 (4 -> 3)
  Optimizing lut $abc$40721$lut$aiger40720$2696.genblk1.genblk1.genblk1.genblk1.genblk1.genblk1.genblk1.genblk1.lut0.genblk1.genblk1.genblk1.genblk1.genblk1.genblk1.genblk1.lut1.genblk1.genblk1.genblk1.genblk1.genblk1.genblk1.lut0.genblk1.genblk1.genblk1.genblk1.genblk1.lut0 (4 -> 2)
  Optimizing lut $abc$40721$lut$aiger40720$3814.genblk1.genblk1.genblk1.genblk1.genblk1.genblk1.genblk1.genblk1.lut1.genblk1.genblk1.genblk1.genblk1.genblk1.genblk1.genblk1.lut0.genblk1.genblk1.genblk1.genblk1.genblk1.genblk1.lut1.genblk1.genblk1.genblk1.genblk1.genblk1.lut0 (4 -> 2)
  Optimizing lut $abc$40721$lut$aiger40720$3814.genblk1.genblk1.genblk1.genblk1.genblk1.genblk1.genblk1.genblk1.lut1.genblk1.genblk1.genblk1.genblk1.genblk1.genblk1.genblk1.lut0.genblk1.genblk1.genblk1.genblk1.genblk1.genblk1.lut0.genblk1.genblk1.genblk1.genblk1.genblk1.lut0 (4 -> 2)
  Optimizing lut $abc$40721$lut$aiger40720$3814.genblk1.genblk1.genblk1.genblk1.genblk1.genblk1.genblk1.genblk1.lut1.genblk1.genblk1.genblk1.genblk1.genblk1.genblk1.genblk1.lut1.genblk1.genblk1.genblk1.genblk1.genblk1.genblk1.lut1.genblk1.genblk1.genblk1.genblk1.genblk1.lut0 (4 -> 0)
  Optimizing lut $abc$40721$lut$aiger40720$3814.genblk1.genblk1.genblk1.genblk1.genblk1.genblk1.genblk1.genblk1.lut1.genblk1.genblk1.genblk1.genblk1.genblk1.genblk1.genblk1.lut1.genblk1.genblk1.genblk1.genblk1.genblk1.genblk1.lut0.genblk1.genblk1.genblk1.genblk1.genblk1.lut0 (4 -> 0)
  Optimizing lut $abc$40721$lut$aiger40720$3814.genblk1.genblk1.genblk1.genblk1.genblk1.genblk1.genblk1.genblk1.lut0.genblk1.genblk1.genblk1.genblk1.genblk1.genblk1.genblk1.lut0.genblk1.genblk1.genblk1.genblk1.genblk1.genblk1.lut1.genblk1.genblk1.genblk1.genblk1.genblk1.lut0 (4 -> 3)
  Optimizing lut $abc$40721$lut$aiger40720$3814.genblk1.genblk1.genblk1.genblk1.genblk1.genblk1.genblk1.genblk1.lut0.genblk1.genblk1.genblk1.genblk1.genblk1.genblk1.genblk1.lut0.genblk1.genblk1.genblk1.genblk1.genblk1.genblk1.lut0.genblk1.genblk1.genblk1.genblk1.genblk1.lut0 (4 -> 3)
  Optimizing lut $abc$40721$lut$aiger40720$3814.genblk1.genblk1.genblk1.genblk1.genblk1.genblk1.genblk1.genblk1.lut0.genblk1.genblk1.genblk1.genblk1.genblk1.genblk1.genblk1.lut1.genblk1.genblk1.genblk1.genblk1.genblk1.genblk1.lut1.genblk1.genblk1.genblk1.genblk1.genblk1.lut0 (4 -> 2)
  Optimizing lut $abc$40721$lut$aiger40720$3814.genblk1.genblk1.genblk1.genblk1.genblk1.genblk1.genblk1.genblk1.lut0.genblk1.genblk1.genblk1.genblk1.genblk1.genblk1.genblk1.lut1.genblk1.genblk1.genblk1.genblk1.genblk1.genblk1.lut0.genblk1.genblk1.genblk1.genblk1.genblk1.lut0 (4 -> 2)
  Optimizing lut $abc$40721$lut$aiger40720$3166.genblk1.genblk1.genblk1.genblk1.genblk1.genblk1.genblk1.genblk1.lut1.genblk1.genblk1.genblk1.genblk1.genblk1.genblk1.genblk1.lut0.genblk1.genblk1.genblk1.genblk1.genblk1.genblk1.lut0.genblk1.genblk1.genblk1.genblk1.genblk1.lut0 (4 -> 2)
  Optimizing lut $abc$40721$lut$aiger40720$3166.genblk1.genblk1.genblk1.genblk1.genblk1.genblk1.genblk1.genblk1.lut1.genblk1.genblk1.genblk1.genblk1.genblk1.genblk1.genblk1.lut1.genblk1.genblk1.genblk1.genblk1.genblk1.genblk1.lut1.genblk1.genblk1.genblk1.genblk1.genblk1.lut0 (4 -> 0)
  Optimizing lut $abc$40721$lut$aiger40720$3166.genblk1.genblk1.genblk1.genblk1.genblk1.genblk1.genblk1.genblk1.lut1.genblk1.genblk1.genblk1.genblk1.genblk1.genblk1.genblk1.lut1.genblk1.genblk1.genblk1.genblk1.genblk1.genblk1.lut0.genblk1.genblk1.genblk1.genblk1.genblk1.lut0 (4 -> 0)
  Optimizing lut $abc$40721$lut$aiger40720$3166.genblk1.genblk1.genblk1.genblk1.genblk1.genblk1.genblk1.genblk1.lut0.genblk1.genblk1.genblk1.genblk1.genblk1.genblk1.genblk1.lut0.genblk1.genblk1.genblk1.genblk1.genblk1.genblk1.lut1.genblk1.genblk1.genblk1.genblk1.genblk1.lut0 (4 -> 3)
  Optimizing lut $abc$40721$lut$aiger40720$3166.genblk1.genblk1.genblk1.genblk1.genblk1.genblk1.genblk1.genblk1.lut0.genblk1.genblk1.genblk1.genblk1.genblk1.genblk1.genblk1.lut0.genblk1.genblk1.genblk1.genblk1.genblk1.genblk1.lut0.genblk1.genblk1.genblk1.genblk1.genblk1.lut0 (4 -> 3)
  Optimizing lut $abc$40721$lut$aiger40720$3166.genblk1.genblk1.genblk1.genblk1.genblk1.genblk1.genblk1.genblk1.lut0.genblk1.genblk1.genblk1.genblk1.genblk1.genblk1.genblk1.lut1.genblk1.genblk1.genblk1.genblk1.genblk1.genblk1.lut1.genblk1.genblk1.genblk1.genblk1.genblk1.lut0 (4 -> 2)
  Optimizing lut $abc$40721$lut$aiger40720$3166.genblk1.genblk1.genblk1.genblk1.genblk1.genblk1.genblk1.genblk1.lut0.genblk1.genblk1.genblk1.genblk1.genblk1.genblk1.genblk1.lut1.genblk1.genblk1.genblk1.genblk1.genblk1.genblk1.lut0.genblk1.genblk1.genblk1.genblk1.genblk1.lut0 (4 -> 2)
  Optimizing lut $abc$40721$lut$aiger40720$4030.genblk1.genblk1.genblk1.genblk1.genblk1.genblk1.genblk1.genblk1.lut1.genblk1.genblk1.genblk1.genblk1.genblk1.genblk1.genblk1.lut0.genblk1.genblk1.genblk1.genblk1.genblk1.genblk1.lut1.genblk1.genblk1.genblk1.genblk1.genblk1.lut0 (4 -> 2)
  Optimizing lut $abc$40721$lut$aiger40720$4030.genblk1.genblk1.genblk1.genblk1.genblk1.genblk1.genblk1.genblk1.lut1.genblk1.genblk1.genblk1.genblk1.genblk1.genblk1.genblk1.lut0.genblk1.genblk1.genblk1.genblk1.genblk1.genblk1.lut0.genblk1.genblk1.genblk1.genblk1.genblk1.lut0 (4 -> 2)
  Optimizing lut $abc$40721$lut$aiger40720$4030.genblk1.genblk1.genblk1.genblk1.genblk1.genblk1.genblk1.genblk1.lut1.genblk1.genblk1.genblk1.genblk1.genblk1.genblk1.genblk1.lut1.genblk1.genblk1.genblk1.genblk1.genblk1.genblk1.lut1.genblk1.genblk1.genblk1.genblk1.genblk1.lut0 (4 -> 1)
  Optimizing lut $abc$40721$lut$aiger40720$4030.genblk1.genblk1.genblk1.genblk1.genblk1.genblk1.genblk1.genblk1.lut1.genblk1.genblk1.genblk1.genblk1.genblk1.genblk1.genblk1.lut1.genblk1.genblk1.genblk1.genblk1.genblk1.genblk1.lut0.genblk1.genblk1.genblk1.genblk1.genblk1.lut0 (4 -> 1)
  Optimizing lut $abc$40721$lut$aiger40720$4030.genblk1.genblk1.genblk1.genblk1.genblk1.genblk1.genblk1.genblk1.lut0.genblk1.genblk1.genblk1.genblk1.genblk1.genblk1.genblk1.lut0.genblk1.genblk1.genblk1.genblk1.genblk1.genblk1.lut1.genblk1.genblk1.genblk1.genblk1.genblk1.lut0 (4 -> 3)
  Optimizing lut $abc$40721$lut$aiger40720$4030.genblk1.genblk1.genblk1.genblk1.genblk1.genblk1.genblk1.genblk1.lut0.genblk1.genblk1.genblk1.genblk1.genblk1.genblk1.genblk1.lut0.genblk1.genblk1.genblk1.genblk1.genblk1.genblk1.lut0.genblk1.genblk1.genblk1.genblk1.genblk1.lut0 (4 -> 3)
  Optimizing lut $abc$40721$lut$aiger40720$4030.genblk1.genblk1.genblk1.genblk1.genblk1.genblk1.genblk1.genblk1.lut0.genblk1.genblk1.genblk1.genblk1.genblk1.genblk1.genblk1.lut1.genblk1.genblk1.genblk1.genblk1.genblk1.genblk1.lut1.genblk1.genblk1.genblk1.genblk1.genblk1.lut0 (4 -> 2)
  Optimizing lut $abc$40721$lut$aiger40720$4030.genblk1.genblk1.genblk1.genblk1.genblk1.genblk1.genblk1.genblk1.lut0.genblk1.genblk1.genblk1.genblk1.genblk1.genblk1.genblk1.lut1.genblk1.genblk1.genblk1.genblk1.genblk1.genblk1.lut0.genblk1.genblk1.genblk1.genblk1.genblk1.lut0 (4 -> 2)
  Optimizing lut $abc$40721$lut$aiger40720$3971.genblk1.genblk1.genblk1.genblk1.genblk1.genblk1.genblk1.genblk1.lut1.genblk1.genblk1.genblk1.genblk1.genblk1.genblk1.genblk1.lut0.genblk1.genblk1.genblk1.genblk1.genblk1.genblk1.lut1.genblk1.genblk1.genblk1.genblk1.genblk1.lut0 (4 -> 2)
  Optimizing lut $abc$40721$lut$aiger40720$3971.genblk1.genblk1.genblk1.genblk1.genblk1.genblk1.genblk1.genblk1.lut1.genblk1.genblk1.genblk1.genblk1.genblk1.genblk1.genblk1.lut0.genblk1.genblk1.genblk1.genblk1.genblk1.genblk1.lut0.genblk1.genblk1.genblk1.genblk1.genblk1.lut0 (4 -> 2)
  Optimizing lut $abc$40721$lut$aiger40720$3971.genblk1.genblk1.genblk1.genblk1.genblk1.genblk1.genblk1.genblk1.lut1.genblk1.genblk1.genblk1.genblk1.genblk1.genblk1.genblk1.lut1.genblk1.genblk1.genblk1.genblk1.genblk1.genblk1.lut1.genblk1.genblk1.genblk1.genblk1.genblk1.lut0 (4 -> 1)
  Optimizing lut $abc$40721$lut$aiger40720$3971.genblk1.genblk1.genblk1.genblk1.genblk1.genblk1.genblk1.genblk1.lut1.genblk1.genblk1.genblk1.genblk1.genblk1.genblk1.genblk1.lut1.genblk1.genblk1.genblk1.genblk1.genblk1.genblk1.lut0.genblk1.genblk1.genblk1.genblk1.genblk1.lut0 (4 -> 1)
  Optimizing lut $abc$40721$lut$aiger40720$3971.genblk1.genblk1.genblk1.genblk1.genblk1.genblk1.genblk1.genblk1.lut0.genblk1.genblk1.genblk1.genblk1.genblk1.genblk1.genblk1.lut0.genblk1.genblk1.genblk1.genblk1.genblk1.genblk1.lut1.genblk1.genblk1.genblk1.genblk1.genblk1.lut0 (4 -> 2)
  Optimizing lut $abc$40721$lut$aiger40720$3971.genblk1.genblk1.genblk1.genblk1.genblk1.genblk1.genblk1.genblk1.lut0.genblk1.genblk1.genblk1.genblk1.genblk1.genblk1.genblk1.lut0.genblk1.genblk1.genblk1.genblk1.genblk1.genblk1.lut0.genblk1.genblk1.genblk1.genblk1.genblk1.lut0 (4 -> 2)
  Optimizing lut $abc$40721$lut$aiger40720$3971.genblk1.genblk1.genblk1.genblk1.genblk1.genblk1.genblk1.genblk1.lut0.genblk1.genblk1.genblk1.genblk1.genblk1.genblk1.genblk1.lut1.genblk1.genblk1.genblk1.genblk1.genblk1.genblk1.lut1.genblk1.genblk1.genblk1.genblk1.genblk1.lut0 (4 -> 1)
  Optimizing lut $abc$40721$lut$aiger40720$3971.genblk1.genblk1.genblk1.genblk1.genblk1.genblk1.genblk1.genblk1.lut0.genblk1.genblk1.genblk1.genblk1.genblk1.genblk1.genblk1.lut1.genblk1.genblk1.genblk1.genblk1.genblk1.genblk1.lut0.genblk1.genblk1.genblk1.genblk1.genblk1.lut0 (4 -> 1)
  Optimizing lut $abc$40721$lut$aiger40720$3988.genblk1.genblk1.genblk1.genblk1.genblk1.genblk1.genblk1.genblk1.lut1.genblk1.genblk1.genblk1.genblk1.genblk1.genblk1.genblk1.lut0.genblk1.genblk1.genblk1.genblk1.genblk1.genblk1.lut1.genblk1.genblk1.genblk1.genblk1.genblk1.lut0 (4 -> 2)
  Optimizing lut $abc$40721$lut$aiger40720$3988.genblk1.genblk1.genblk1.genblk1.genblk1.genblk1.genblk1.genblk1.lut1.genblk1.genblk1.genblk1.genblk1.genblk1.genblk1.genblk1.lut0.genblk1.genblk1.genblk1.genblk1.genblk1.genblk1.lut0.genblk1.genblk1.genblk1.genblk1.genblk1.lut0 (4 -> 2)
  Optimizing lut $abc$40721$lut$aiger40720$3988.genblk1.genblk1.genblk1.genblk1.genblk1.genblk1.genblk1.genblk1.lut1.genblk1.genblk1.genblk1.genblk1.genblk1.genblk1.genblk1.lut1.genblk1.genblk1.genblk1.genblk1.genblk1.genblk1.lut1.genblk1.genblk1.genblk1.genblk1.genblk1.lut0 (4 -> 1)
  Optimizing lut $abc$40721$lut$aiger40720$3988.genblk1.genblk1.genblk1.genblk1.genblk1.genblk1.genblk1.genblk1.lut1.genblk1.genblk1.genblk1.genblk1.genblk1.genblk1.genblk1.lut1.genblk1.genblk1.genblk1.genblk1.genblk1.genblk1.lut0.genblk1.genblk1.genblk1.genblk1.genblk1.lut0 (4 -> 1)
  Optimizing lut $abc$40721$lut$aiger40720$3988.genblk1.genblk1.genblk1.genblk1.genblk1.genblk1.genblk1.genblk1.lut0.genblk1.genblk1.genblk1.genblk1.genblk1.genblk1.genblk1.lut0.genblk1.genblk1.genblk1.genblk1.genblk1.genblk1.lut1.genblk1.genblk1.genblk1.genblk1.genblk1.lut0 (4 -> 2)
  Optimizing lut $abc$40721$lut$aiger40720$3988.genblk1.genblk1.genblk1.genblk1.genblk1.genblk1.genblk1.genblk1.lut0.genblk1.genblk1.genblk1.genblk1.genblk1.genblk1.genblk1.lut0.genblk1.genblk1.genblk1.genblk1.genblk1.genblk1.lut0.genblk1.genblk1.genblk1.genblk1.genblk1.lut0 (4 -> 2)
  Optimizing lut $abc$40721$lut$aiger40720$3988.genblk1.genblk1.genblk1.genblk1.genblk1.genblk1.genblk1.genblk1.lut0.genblk1.genblk1.genblk1.genblk1.genblk1.genblk1.genblk1.lut1.genblk1.genblk1.genblk1.genblk1.genblk1.genblk1.lut1.genblk1.genblk1.genblk1.genblk1.genblk1.lut0 (4 -> 0)
  Optimizing lut $abc$40721$lut$aiger40720$3988.genblk1.genblk1.genblk1.genblk1.genblk1.genblk1.genblk1.genblk1.lut0.genblk1.genblk1.genblk1.genblk1.genblk1.genblk1.genblk1.lut1.genblk1.genblk1.genblk1.genblk1.genblk1.genblk1.lut0.genblk1.genblk1.genblk1.genblk1.genblk1.lut0 (4 -> 0)
  Optimizing lut $abc$40721$lut$aiger40720$4079.genblk1.genblk1.genblk1.genblk1.genblk1.genblk1.genblk1.lut1.genblk1.genblk1.genblk1.genblk1.genblk1.genblk1.lut0.genblk1.genblk1.genblk1.genblk1.genblk1.lut1 (4 -> 1)
  Optimizing lut $abc$40721$lut$aiger40720$4357.genblk1.genblk1.genblk1.genblk1.genblk1.genblk1.genblk1.genblk1.lut1.genblk1.genblk1.genblk1.genblk1.genblk1.genblk1.genblk1.lut0.genblk1.genblk1.genblk1.genblk1.genblk1.genblk1.lut0.genblk1.genblk1.genblk1.genblk1.genblk1.lut0 (4 -> 2)
  Optimizing lut $abc$40721$lut$aiger40720$4357.genblk1.genblk1.genblk1.genblk1.genblk1.genblk1.genblk1.genblk1.lut1.genblk1.genblk1.genblk1.genblk1.genblk1.genblk1.genblk1.lut1.genblk1.genblk1.genblk1.genblk1.genblk1.genblk1.lut1.genblk1.genblk1.genblk1.genblk1.genblk1.lut0 (4 -> 1)
  Optimizing lut $abc$40721$lut$aiger40720$4357.genblk1.genblk1.genblk1.genblk1.genblk1.genblk1.genblk1.genblk1.lut1.genblk1.genblk1.genblk1.genblk1.genblk1.genblk1.genblk1.lut1.genblk1.genblk1.genblk1.genblk1.genblk1.genblk1.lut0.genblk1.genblk1.genblk1.genblk1.genblk1.lut0 (4 -> 1)
  Optimizing lut $abc$40721$lut$aiger40720$4357.genblk1.genblk1.genblk1.genblk1.genblk1.genblk1.genblk1.genblk1.lut0.genblk1.genblk1.genblk1.genblk1.genblk1.genblk1.genblk1.lut0.genblk1.genblk1.genblk1.genblk1.genblk1.genblk1.lut1.genblk1.genblk1.genblk1.genblk1.genblk1.lut0 (4 -> 2)
  Optimizing lut $abc$40721$lut$aiger40720$4357.genblk1.genblk1.genblk1.genblk1.genblk1.genblk1.genblk1.genblk1.lut0.genblk1.genblk1.genblk1.genblk1.genblk1.genblk1.genblk1.lut0.genblk1.genblk1.genblk1.genblk1.genblk1.genblk1.lut0.genblk1.genblk1.genblk1.genblk1.genblk1.lut0 (4 -> 2)
  Optimizing lut $abc$40721$lut$aiger40720$4357.genblk1.genblk1.genblk1.genblk1.genblk1.genblk1.genblk1.genblk1.lut0.genblk1.genblk1.genblk1.genblk1.genblk1.genblk1.genblk1.lut1.genblk1.genblk1.genblk1.genblk1.genblk1.genblk1.lut1.genblk1.genblk1.genblk1.genblk1.genblk1.lut0 (4 -> 1)
  Optimizing lut $abc$40721$lut$aiger40720$4357.genblk1.genblk1.genblk1.genblk1.genblk1.genblk1.genblk1.genblk1.lut0.genblk1.genblk1.genblk1.genblk1.genblk1.genblk1.genblk1.lut1.genblk1.genblk1.genblk1.genblk1.genblk1.genblk1.lut0.genblk1.genblk1.genblk1.genblk1.genblk1.lut0 (4 -> 1)
  Optimizing lut $abc$40721$lut$aiger40720$4368.genblk1.genblk1.genblk1.genblk1.genblk1.genblk1.genblk1.genblk1.lut1.genblk1.genblk1.genblk1.genblk1.genblk1.genblk1.genblk1.lut0.genblk1.genblk1.genblk1.genblk1.genblk1.genblk1.lut1.genblk1.genblk1.genblk1.genblk1.genblk1.lut0 (4 -> 2)
  Optimizing lut $abc$40721$lut$aiger40720$4368.genblk1.genblk1.genblk1.genblk1.genblk1.genblk1.genblk1.genblk1.lut1.genblk1.genblk1.genblk1.genblk1.genblk1.genblk1.genblk1.lut0.genblk1.genblk1.genblk1.genblk1.genblk1.genblk1.lut0.genblk1.genblk1.genblk1.genblk1.genblk1.lut0 (4 -> 2)
  Optimizing lut $abc$40721$lut$aiger40720$4368.genblk1.genblk1.genblk1.genblk1.genblk1.genblk1.genblk1.genblk1.lut1.genblk1.genblk1.genblk1.genblk1.genblk1.genblk1.genblk1.lut1.genblk1.genblk1.genblk1.genblk1.genblk1.genblk1.lut1.genblk1.genblk1.genblk1.genblk1.genblk1.lut0 (4 -> 0)
  Optimizing lut $abc$40721$lut$aiger40720$4368.genblk1.genblk1.genblk1.genblk1.genblk1.genblk1.genblk1.genblk1.lut1.genblk1.genblk1.genblk1.genblk1.genblk1.genblk1.genblk1.lut1.genblk1.genblk1.genblk1.genblk1.genblk1.genblk1.lut0.genblk1.genblk1.genblk1.genblk1.genblk1.lut0 (4 -> 0)
  Optimizing lut $abc$40721$lut$aiger40720$4368.genblk1.genblk1.genblk1.genblk1.genblk1.genblk1.genblk1.genblk1.lut0.genblk1.genblk1.genblk1.genblk1.genblk1.genblk1.genblk1.lut0.genblk1.genblk1.genblk1.genblk1.genblk1.genblk1.lut1.genblk1.genblk1.genblk1.genblk1.genblk1.lut0 (4 -> 3)
  Optimizing lut $abc$40721$lut$aiger40720$4368.genblk1.genblk1.genblk1.genblk1.genblk1.genblk1.genblk1.genblk1.lut0.genblk1.genblk1.genblk1.genblk1.genblk1.genblk1.genblk1.lut0.genblk1.genblk1.genblk1.genblk1.genblk1.genblk1.lut0.genblk1.genblk1.genblk1.genblk1.genblk1.lut0 (4 -> 3)
  Optimizing lut $abc$40721$lut$aiger40720$4368.genblk1.genblk1.genblk1.genblk1.genblk1.genblk1.genblk1.genblk1.lut0.genblk1.genblk1.genblk1.genblk1.genblk1.genblk1.genblk1.lut1.genblk1.genblk1.genblk1.genblk1.genblk1.genblk1.lut1.genblk1.genblk1.genblk1.genblk1.genblk1.lut0 (4 -> 2)
  Optimizing lut $abc$40721$lut$aiger40720$4368.genblk1.genblk1.genblk1.genblk1.genblk1.genblk1.genblk1.genblk1.lut0.genblk1.genblk1.genblk1.genblk1.genblk1.genblk1.genblk1.lut1.genblk1.genblk1.genblk1.genblk1.genblk1.genblk1.lut0.genblk1.genblk1.genblk1.genblk1.genblk1.lut0 (4 -> 2)
  Optimizing lut $abc$40721$lut$aiger40720$4428.genblk1.genblk1.genblk1.genblk1.genblk1.genblk1.genblk1.genblk1.lut1.genblk1.genblk1.genblk1.genblk1.genblk1.genblk1.genblk1.lut0.genblk1.genblk1.genblk1.genblk1.genblk1.genblk1.lut1.genblk1.genblk1.genblk1.genblk1.genblk1.lut0 (4 -> 3)
  Optimizing lut $abc$40721$lut$aiger40720$4428.genblk1.genblk1.genblk1.genblk1.genblk1.genblk1.genblk1.genblk1.lut1.genblk1.genblk1.genblk1.genblk1.genblk1.genblk1.genblk1.lut0.genblk1.genblk1.genblk1.genblk1.genblk1.genblk1.lut0.genblk1.genblk1.genblk1.genblk1.genblk1.lut0 (4 -> 2)
  Optimizing lut $abc$40721$lut$aiger40720$4428.genblk1.genblk1.genblk1.genblk1.genblk1.genblk1.genblk1.genblk1.lut1.genblk1.genblk1.genblk1.genblk1.genblk1.genblk1.genblk1.lut1.genblk1.genblk1.genblk1.genblk1.genblk1.genblk1.lut1.genblk1.genblk1.genblk1.genblk1.genblk1.lut0 (4 -> 0)
  Optimizing lut $abc$40721$lut$aiger40720$4428.genblk1.genblk1.genblk1.genblk1.genblk1.genblk1.genblk1.genblk1.lut1.genblk1.genblk1.genblk1.genblk1.genblk1.genblk1.genblk1.lut1.genblk1.genblk1.genblk1.genblk1.genblk1.genblk1.lut0.genblk1.genblk1.genblk1.genblk1.genblk1.lut0 (4 -> 0)
  Optimizing lut $abc$40721$lut$aiger40720$4428.genblk1.genblk1.genblk1.genblk1.genblk1.genblk1.genblk1.genblk1.lut0.genblk1.genblk1.genblk1.genblk1.genblk1.genblk1.genblk1.lut0.genblk1.genblk1.genblk1.genblk1.genblk1.genblk1.lut0.genblk1.genblk1.genblk1.genblk1.genblk1.lut0 (4 -> 3)
  Optimizing lut $abc$40721$lut$aiger40720$4428.genblk1.genblk1.genblk1.genblk1.genblk1.genblk1.genblk1.genblk1.lut0.genblk1.genblk1.genblk1.genblk1.genblk1.genblk1.genblk1.lut1.genblk1.genblk1.genblk1.genblk1.genblk1.genblk1.lut1.genblk1.genblk1.genblk1.genblk1.genblk1.lut0 (4 -> 3)
  Optimizing lut $abc$40721$lut$aiger40720$4428.genblk1.genblk1.genblk1.genblk1.genblk1.genblk1.genblk1.genblk1.lut0.genblk1.genblk1.genblk1.genblk1.genblk1.genblk1.genblk1.lut1.genblk1.genblk1.genblk1.genblk1.genblk1.genblk1.lut0.genblk1.genblk1.genblk1.genblk1.genblk1.lut0 (4 -> 2)
  Optimizing lut $abc$40721$lut$aiger40720$4452.genblk1.genblk1.genblk1.genblk1.genblk1.genblk1.genblk1.lut1.genblk1.genblk1.genblk1.genblk1.genblk1.genblk1.lut0.genblk1.genblk1.genblk1.genblk1.genblk1.lut1 (4 -> 0)
  Optimizing lut $abc$40721$lut$aiger40720$4575.genblk1.genblk1.genblk1.genblk1.genblk1.genblk1.genblk1.genblk1.lut1.genblk1.genblk1.genblk1.genblk1.genblk1.genblk1.genblk1.lut0.genblk1.genblk1.genblk1.genblk1.genblk1.genblk1.lut0.genblk1.genblk1.genblk1.genblk1.genblk1.lut0 (4 -> 0)
  Optimizing lut $abc$40721$lut$aiger40720$4575.genblk1.genblk1.genblk1.genblk1.genblk1.genblk1.genblk1.genblk1.lut1.genblk1.genblk1.genblk1.genblk1.genblk1.genblk1.genblk1.lut1.genblk1.genblk1.genblk1.genblk1.genblk1.genblk1.lut1.genblk1.genblk1.genblk1.genblk1.genblk1.lut0 (4 -> 0)
  Optimizing lut $abc$40721$lut$aiger40720$4575.genblk1.genblk1.genblk1.genblk1.genblk1.genblk1.genblk1.genblk1.lut1.genblk1.genblk1.genblk1.genblk1.genblk1.genblk1.genblk1.lut1.genblk1.genblk1.genblk1.genblk1.genblk1.genblk1.lut0.genblk1.genblk1.genblk1.genblk1.genblk1.lut0 (4 -> 0)
  Optimizing lut $abc$40721$lut$aiger40720$4575.genblk1.genblk1.genblk1.genblk1.genblk1.genblk1.genblk1.genblk1.lut0.genblk1.genblk1.genblk1.genblk1.genblk1.genblk1.genblk1.lut0.genblk1.genblk1.genblk1.genblk1.genblk1.genblk1.lut0.genblk1.genblk1.genblk1.genblk1.genblk1.lut0 (4 -> 3)
  Optimizing lut $abc$40721$lut$aiger40720$4575.genblk1.genblk1.genblk1.genblk1.genblk1.genblk1.genblk1.genblk1.lut0.genblk1.genblk1.genblk1.genblk1.genblk1.genblk1.genblk1.lut1.genblk1.genblk1.genblk1.genblk1.genblk1.genblk1.lut0.genblk1.genblk1.genblk1.genblk1.genblk1.lut0 (4 -> 3)
  Optimizing lut $abc$40721$lut$aiger40720$4602.genblk1.genblk1.genblk1.genblk1.genblk1.genblk1.genblk1.genblk1.lut1.genblk1.genblk1.genblk1.genblk1.genblk1.genblk1.genblk1.lut0.genblk1.genblk1.genblk1.genblk1.genblk1.genblk1.lut1.genblk1.genblk1.genblk1.genblk1.genblk1.lut0 (4 -> 2)
  Optimizing lut $abc$40721$lut$aiger40720$4602.genblk1.genblk1.genblk1.genblk1.genblk1.genblk1.genblk1.genblk1.lut1.genblk1.genblk1.genblk1.genblk1.genblk1.genblk1.genblk1.lut0.genblk1.genblk1.genblk1.genblk1.genblk1.genblk1.lut0.genblk1.genblk1.genblk1.genblk1.genblk1.lut0 (4 -> 2)
  Optimizing lut $abc$40721$lut$aiger40720$4602.genblk1.genblk1.genblk1.genblk1.genblk1.genblk1.genblk1.genblk1.lut1.genblk1.genblk1.genblk1.genblk1.genblk1.genblk1.genblk1.lut1.genblk1.genblk1.genblk1.genblk1.genblk1.genblk1.lut1.genblk1.genblk1.genblk1.genblk1.genblk1.lut0 (4 -> 1)
  Optimizing lut $abc$40721$lut$aiger40720$4602.genblk1.genblk1.genblk1.genblk1.genblk1.genblk1.genblk1.genblk1.lut1.genblk1.genblk1.genblk1.genblk1.genblk1.genblk1.genblk1.lut1.genblk1.genblk1.genblk1.genblk1.genblk1.genblk1.lut0.genblk1.genblk1.genblk1.genblk1.genblk1.lut0 (4 -> 1)
  Optimizing lut $abc$40721$lut$aiger40720$4602.genblk1.genblk1.genblk1.genblk1.genblk1.genblk1.genblk1.genblk1.lut0.genblk1.genblk1.genblk1.genblk1.genblk1.genblk1.genblk1.lut0.genblk1.genblk1.genblk1.genblk1.genblk1.genblk1.lut1.genblk1.genblk1.genblk1.genblk1.genblk1.lut0 (4 -> 3)
  Optimizing lut $abc$40721$lut$aiger40720$4602.genblk1.genblk1.genblk1.genblk1.genblk1.genblk1.genblk1.genblk1.lut0.genblk1.genblk1.genblk1.genblk1.genblk1.genblk1.genblk1.lut0.genblk1.genblk1.genblk1.genblk1.genblk1.genblk1.lut0.genblk1.genblk1.genblk1.genblk1.genblk1.lut0 (4 -> 3)
  Optimizing lut $abc$40721$lut$aiger40720$4602.genblk1.genblk1.genblk1.genblk1.genblk1.genblk1.genblk1.genblk1.lut0.genblk1.genblk1.genblk1.genblk1.genblk1.genblk1.genblk1.lut1.genblk1.genblk1.genblk1.genblk1.genblk1.genblk1.lut1.genblk1.genblk1.genblk1.genblk1.genblk1.lut0 (4 -> 2)
  Optimizing lut $abc$40721$lut$aiger40720$4602.genblk1.genblk1.genblk1.genblk1.genblk1.genblk1.genblk1.genblk1.lut0.genblk1.genblk1.genblk1.genblk1.genblk1.genblk1.genblk1.lut1.genblk1.genblk1.genblk1.genblk1.genblk1.genblk1.lut0.genblk1.genblk1.genblk1.genblk1.genblk1.lut0 (4 -> 2)
  Optimizing lut $abc$40721$lut$aiger40720$4613.genblk1.genblk1.genblk1.genblk1.genblk1.genblk1.genblk1.genblk1.lut1.genblk1.genblk1.genblk1.genblk1.genblk1.genblk1.genblk1.lut0.genblk1.genblk1.genblk1.genblk1.genblk1.genblk1.lut1.genblk1.genblk1.genblk1.genblk1.genblk1.lut0 (4 -> 2)
  Optimizing lut $abc$40721$lut$aiger40720$4613.genblk1.genblk1.genblk1.genblk1.genblk1.genblk1.genblk1.genblk1.lut1.genblk1.genblk1.genblk1.genblk1.genblk1.genblk1.genblk1.lut0.genblk1.genblk1.genblk1.genblk1.genblk1.genblk1.lut0.genblk1.genblk1.genblk1.genblk1.genblk1.lut0 (4 -> 2)
  Optimizing lut $abc$40721$lut$aiger40720$4613.genblk1.genblk1.genblk1.genblk1.genblk1.genblk1.genblk1.genblk1.lut1.genblk1.genblk1.genblk1.genblk1.genblk1.genblk1.genblk1.lut1.genblk1.genblk1.genblk1.genblk1.genblk1.genblk1.lut1.genblk1.genblk1.genblk1.genblk1.genblk1.lut0 (4 -> 0)
  Optimizing lut $abc$40721$lut$aiger40720$4613.genblk1.genblk1.genblk1.genblk1.genblk1.genblk1.genblk1.genblk1.lut1.genblk1.genblk1.genblk1.genblk1.genblk1.genblk1.genblk1.lut1.genblk1.genblk1.genblk1.genblk1.genblk1.genblk1.lut0.genblk1.genblk1.genblk1.genblk1.genblk1.lut0 (4 -> 0)
  Optimizing lut $abc$40721$lut$aiger40720$4613.genblk1.genblk1.genblk1.genblk1.genblk1.genblk1.genblk1.genblk1.lut0.genblk1.genblk1.genblk1.genblk1.genblk1.genblk1.genblk1.lut0.genblk1.genblk1.genblk1.genblk1.genblk1.genblk1.lut1.genblk1.genblk1.genblk1.genblk1.genblk1.lut0 (4 -> 3)
  Optimizing lut $abc$40721$lut$aiger40720$4613.genblk1.genblk1.genblk1.genblk1.genblk1.genblk1.genblk1.genblk1.lut0.genblk1.genblk1.genblk1.genblk1.genblk1.genblk1.genblk1.lut0.genblk1.genblk1.genblk1.genblk1.genblk1.genblk1.lut0.genblk1.genblk1.genblk1.genblk1.genblk1.lut0 (4 -> 3)
  Optimizing lut $abc$40721$lut$aiger40720$4613.genblk1.genblk1.genblk1.genblk1.genblk1.genblk1.genblk1.genblk1.lut0.genblk1.genblk1.genblk1.genblk1.genblk1.genblk1.genblk1.lut1.genblk1.genblk1.genblk1.genblk1.genblk1.genblk1.lut1.genblk1.genblk1.genblk1.genblk1.genblk1.lut0 (4 -> 2)
  Optimizing lut $abc$40721$lut$aiger40720$4613.genblk1.genblk1.genblk1.genblk1.genblk1.genblk1.genblk1.genblk1.lut0.genblk1.genblk1.genblk1.genblk1.genblk1.genblk1.genblk1.lut1.genblk1.genblk1.genblk1.genblk1.genblk1.genblk1.lut0.genblk1.genblk1.genblk1.genblk1.genblk1.lut0 (4 -> 2)
  Optimizing lut $abc$40721$lut$aiger40720$4626.genblk1.genblk1.genblk1.genblk1.genblk1.genblk1.genblk1.lut1.genblk1.genblk1.genblk1.genblk1.genblk1.genblk1.lut0.genblk1.genblk1.genblk1.genblk1.genblk1.lut1 (4 -> 1)
  Optimizing lut $abc$40721$lut$aiger40720$4668.genblk1.genblk1.genblk1.genblk1.genblk1.genblk1.genblk1.genblk1.lut1.genblk1.genblk1.genblk1.genblk1.genblk1.genblk1.genblk1.lut0.genblk1.genblk1.genblk1.genblk1.genblk1.genblk1.lut0.genblk1.genblk1.genblk1.genblk1.genblk1.lut0 (4 -> 0)
  Optimizing lut $abc$40721$lut$aiger40720$4668.genblk1.genblk1.genblk1.genblk1.genblk1.genblk1.genblk1.genblk1.lut1.genblk1.genblk1.genblk1.genblk1.genblk1.genblk1.genblk1.lut1.genblk1.genblk1.genblk1.genblk1.genblk1.genblk1.lut1.genblk1.genblk1.genblk1.genblk1.genblk1.lut0 (4 -> 0)
  Optimizing lut $abc$40721$lut$aiger40720$4668.genblk1.genblk1.genblk1.genblk1.genblk1.genblk1.genblk1.genblk1.lut1.genblk1.genblk1.genblk1.genblk1.genblk1.genblk1.genblk1.lut1.genblk1.genblk1.genblk1.genblk1.genblk1.genblk1.lut0.genblk1.genblk1.genblk1.genblk1.genblk1.lut0 (4 -> 0)
  Optimizing lut $abc$40721$lut$aiger40720$4940.genblk1.genblk1.genblk1.genblk1.genblk1.genblk1.genblk1.genblk1.lut1.genblk1.genblk1.genblk1.genblk1.genblk1.genblk1.genblk1.lut0.genblk1.genblk1.genblk1.genblk1.genblk1.genblk1.lut1.genblk1.genblk1.genblk1.genblk1.genblk1.lut0 (4 -> 3)
  Optimizing lut $abc$40721$lut$aiger40720$4940.genblk1.genblk1.genblk1.genblk1.genblk1.genblk1.genblk1.genblk1.lut1.genblk1.genblk1.genblk1.genblk1.genblk1.genblk1.genblk1.lut0.genblk1.genblk1.genblk1.genblk1.genblk1.genblk1.lut0.genblk1.genblk1.genblk1.genblk1.genblk1.lut0 (4 -> 2)
  Optimizing lut $abc$40721$lut$aiger40720$4940.genblk1.genblk1.genblk1.genblk1.genblk1.genblk1.genblk1.genblk1.lut1.genblk1.genblk1.genblk1.genblk1.genblk1.genblk1.genblk1.lut1.genblk1.genblk1.genblk1.genblk1.genblk1.genblk1.lut1.genblk1.genblk1.genblk1.genblk1.genblk1.lut0 (4 -> 2)
  Optimizing lut $abc$40721$lut$aiger40720$4940.genblk1.genblk1.genblk1.genblk1.genblk1.genblk1.genblk1.genblk1.lut1.genblk1.genblk1.genblk1.genblk1.genblk1.genblk1.genblk1.lut1.genblk1.genblk1.genblk1.genblk1.genblk1.genblk1.lut0.genblk1.genblk1.genblk1.genblk1.genblk1.lut0 (4 -> 1)
  Optimizing lut $abc$40721$lut$aiger40720$4940.genblk1.genblk1.genblk1.genblk1.genblk1.genblk1.genblk1.genblk1.lut0.genblk1.genblk1.genblk1.genblk1.genblk1.genblk1.genblk1.lut0.genblk1.genblk1.genblk1.genblk1.genblk1.genblk1.lut0.genblk1.genblk1.genblk1.genblk1.genblk1.lut0 (4 -> 3)
  Optimizing lut $abc$40721$lut$aiger40720$4940.genblk1.genblk1.genblk1.genblk1.genblk1.genblk1.genblk1.genblk1.lut0.genblk1.genblk1.genblk1.genblk1.genblk1.genblk1.genblk1.lut1.genblk1.genblk1.genblk1.genblk1.genblk1.genblk1.lut0.genblk1.genblk1.genblk1.genblk1.genblk1.lut0 (4 -> 3)
  Optimizing lut $abc$40721$lut$aiger40720$5283.genblk1.genblk1.genblk1.genblk1.genblk1.genblk1.genblk1.genblk1.lut1.genblk1.genblk1.genblk1.genblk1.genblk1.genblk1.genblk1.lut0.genblk1.genblk1.genblk1.genblk1.genblk1.genblk1.lut1.genblk1.genblk1.genblk1.genblk1.genblk1.lut0 (4 -> 2)
  Optimizing lut $abc$40721$lut$aiger40720$5283.genblk1.genblk1.genblk1.genblk1.genblk1.genblk1.genblk1.genblk1.lut1.genblk1.genblk1.genblk1.genblk1.genblk1.genblk1.genblk1.lut0.genblk1.genblk1.genblk1.genblk1.genblk1.genblk1.lut0.genblk1.genblk1.genblk1.genblk1.genblk1.lut0 (4 -> 2)
  Optimizing lut $abc$40721$lut$aiger40720$5283.genblk1.genblk1.genblk1.genblk1.genblk1.genblk1.genblk1.genblk1.lut1.genblk1.genblk1.genblk1.genblk1.genblk1.genblk1.genblk1.lut1.genblk1.genblk1.genblk1.genblk1.genblk1.genblk1.lut1.genblk1.genblk1.genblk1.genblk1.genblk1.lut0 (4 -> 1)
  Optimizing lut $abc$40721$lut$aiger40720$5283.genblk1.genblk1.genblk1.genblk1.genblk1.genblk1.genblk1.genblk1.lut1.genblk1.genblk1.genblk1.genblk1.genblk1.genblk1.genblk1.lut1.genblk1.genblk1.genblk1.genblk1.genblk1.genblk1.lut0.genblk1.genblk1.genblk1.genblk1.genblk1.lut0 (4 -> 1)
  Optimizing lut $abc$40721$lut$aiger40720$5283.genblk1.genblk1.genblk1.genblk1.genblk1.genblk1.genblk1.genblk1.lut0.genblk1.genblk1.genblk1.genblk1.genblk1.genblk1.genblk1.lut0.genblk1.genblk1.genblk1.genblk1.genblk1.genblk1.lut1.genblk1.genblk1.genblk1.genblk1.genblk1.lut0 (4 -> 3)
  Optimizing lut $abc$40721$lut$aiger40720$5283.genblk1.genblk1.genblk1.genblk1.genblk1.genblk1.genblk1.genblk1.lut0.genblk1.genblk1.genblk1.genblk1.genblk1.genblk1.genblk1.lut0.genblk1.genblk1.genblk1.genblk1.genblk1.genblk1.lut0.genblk1.genblk1.genblk1.genblk1.genblk1.lut0 (4 -> 3)
  Optimizing lut $abc$40721$lut$aiger40720$5283.genblk1.genblk1.genblk1.genblk1.genblk1.genblk1.genblk1.genblk1.lut0.genblk1.genblk1.genblk1.genblk1.genblk1.genblk1.genblk1.lut1.genblk1.genblk1.genblk1.genblk1.genblk1.genblk1.lut1.genblk1.genblk1.genblk1.genblk1.genblk1.lut0 (4 -> 2)
  Optimizing lut $abc$40721$lut$aiger40720$5283.genblk1.genblk1.genblk1.genblk1.genblk1.genblk1.genblk1.genblk1.lut0.genblk1.genblk1.genblk1.genblk1.genblk1.genblk1.genblk1.lut1.genblk1.genblk1.genblk1.genblk1.genblk1.genblk1.lut0.genblk1.genblk1.genblk1.genblk1.genblk1.lut0 (4 -> 2)
  Optimizing lut $abc$40721$lut$aiger40720$5302.genblk1.genblk1.genblk1.genblk1.genblk1.genblk1.genblk1.lut1.genblk1.genblk1.genblk1.genblk1.genblk1.genblk1.lut0.genblk1.genblk1.genblk1.genblk1.genblk1.lut1 (4 -> 1)
  Optimizing lut $abc$40721$lut$aiger40720$5115.genblk1.genblk1.genblk1.genblk1.genblk1.genblk1.genblk1.genblk1.lut1.genblk1.genblk1.genblk1.genblk1.genblk1.genblk1.genblk1.lut0.genblk1.genblk1.genblk1.genblk1.genblk1.genblk1.lut0.genblk1.genblk1.genblk1.genblk1.genblk1.lut0 (4 -> 2)
  Optimizing lut $abc$40721$lut$aiger40720$5115.genblk1.genblk1.genblk1.genblk1.genblk1.genblk1.genblk1.genblk1.lut1.genblk1.genblk1.genblk1.genblk1.genblk1.genblk1.genblk1.lut1.genblk1.genblk1.genblk1.genblk1.genblk1.genblk1.lut1.genblk1.genblk1.genblk1.genblk1.genblk1.lut0 (4 -> 0)
  Optimizing lut $abc$40721$lut$aiger40720$5115.genblk1.genblk1.genblk1.genblk1.genblk1.genblk1.genblk1.genblk1.lut1.genblk1.genblk1.genblk1.genblk1.genblk1.genblk1.genblk1.lut1.genblk1.genblk1.genblk1.genblk1.genblk1.genblk1.lut0.genblk1.genblk1.genblk1.genblk1.genblk1.lut0 (4 -> 0)
  Optimizing lut $abc$40721$lut$aiger40720$5115.genblk1.genblk1.genblk1.genblk1.genblk1.genblk1.genblk1.genblk1.lut0.genblk1.genblk1.genblk1.genblk1.genblk1.genblk1.genblk1.lut0.genblk1.genblk1.genblk1.genblk1.genblk1.genblk1.lut0.genblk1.genblk1.genblk1.genblk1.genblk1.lut0 (4 -> 3)
  Optimizing lut $abc$40721$lut$aiger40720$5115.genblk1.genblk1.genblk1.genblk1.genblk1.genblk1.genblk1.genblk1.lut0.genblk1.genblk1.genblk1.genblk1.genblk1.genblk1.genblk1.lut1.genblk1.genblk1.genblk1.genblk1.genblk1.genblk1.lut1.genblk1.genblk1.genblk1.genblk1.genblk1.lut0 (4 -> 3)
  Optimizing lut $abc$40721$lut$aiger40720$5115.genblk1.genblk1.genblk1.genblk1.genblk1.genblk1.genblk1.genblk1.lut0.genblk1.genblk1.genblk1.genblk1.genblk1.genblk1.genblk1.lut1.genblk1.genblk1.genblk1.genblk1.genblk1.genblk1.lut0.genblk1.genblk1.genblk1.genblk1.genblk1.lut0 (4 -> 2)
  Optimizing lut $abc$40721$lut$aiger40720$4982.genblk1.genblk1.genblk1.genblk1.genblk1.genblk1.genblk1.genblk1.lut1.genblk1.genblk1.genblk1.genblk1.genblk1.genblk1.genblk1.lut0.genblk1.genblk1.genblk1.genblk1.genblk1.genblk1.lut1.genblk1.genblk1.genblk1.genblk1.genblk1.lut0 (4 -> 3)
  Optimizing lut $abc$40721$lut$aiger40720$4982.genblk1.genblk1.genblk1.genblk1.genblk1.genblk1.genblk1.genblk1.lut1.genblk1.genblk1.genblk1.genblk1.genblk1.genblk1.genblk1.lut0.genblk1.genblk1.genblk1.genblk1.genblk1.genblk1.lut0.genblk1.genblk1.genblk1.genblk1.genblk1.lut0 (4 -> 2)
  Optimizing lut $abc$40721$lut$aiger40720$4982.genblk1.genblk1.genblk1.genblk1.genblk1.genblk1.genblk1.genblk1.lut1.genblk1.genblk1.genblk1.genblk1.genblk1.genblk1.genblk1.lut1.genblk1.genblk1.genblk1.genblk1.genblk1.genblk1.lut1.genblk1.genblk1.genblk1.genblk1.genblk1.lut0 (4 -> 2)
  Optimizing lut $abc$40721$lut$aiger40720$4982.genblk1.genblk1.genblk1.genblk1.genblk1.genblk1.genblk1.genblk1.lut1.genblk1.genblk1.genblk1.genblk1.genblk1.genblk1.genblk1.lut1.genblk1.genblk1.genblk1.genblk1.genblk1.genblk1.lut0.genblk1.genblk1.genblk1.genblk1.genblk1.lut0 (4 -> 1)
  Optimizing lut $abc$40721$lut$aiger40720$4982.genblk1.genblk1.genblk1.genblk1.genblk1.genblk1.genblk1.genblk1.lut0.genblk1.genblk1.genblk1.genblk1.genblk1.genblk1.genblk1.lut0.genblk1.genblk1.genblk1.genblk1.genblk1.genblk1.lut0.genblk1.genblk1.genblk1.genblk1.genblk1.lut0 (4 -> 3)
  Optimizing lut $abc$40721$lut$aiger40720$4982.genblk1.genblk1.genblk1.genblk1.genblk1.genblk1.genblk1.genblk1.lut0.genblk1.genblk1.genblk1.genblk1.genblk1.genblk1.genblk1.lut1.genblk1.genblk1.genblk1.genblk1.genblk1.genblk1.lut0.genblk1.genblk1.genblk1.genblk1.genblk1.lut0 (4 -> 3)
  Optimizing lut $abc$40721$lut$aiger40720$5127.genblk1.genblk1.genblk1.genblk1.genblk1.genblk1.genblk1.genblk1.lut1.genblk1.genblk1.genblk1.genblk1.genblk1.genblk1.genblk1.lut0.genblk1.genblk1.genblk1.genblk1.genblk1.genblk1.lut1.genblk1.genblk1.genblk1.genblk1.genblk1.lut0 (4 -> 0)
  Optimizing lut $abc$40721$lut$aiger40720$5127.genblk1.genblk1.genblk1.genblk1.genblk1.genblk1.genblk1.genblk1.lut1.genblk1.genblk1.genblk1.genblk1.genblk1.genblk1.genblk1.lut0.genblk1.genblk1.genblk1.genblk1.genblk1.genblk1.lut0.genblk1.genblk1.genblk1.genblk1.genblk1.lut0 (4 -> 0)
  Optimizing lut $abc$40721$lut$aiger40720$5127.genblk1.genblk1.genblk1.genblk1.genblk1.genblk1.genblk1.genblk1.lut1.genblk1.genblk1.genblk1.genblk1.genblk1.genblk1.genblk1.lut1.genblk1.genblk1.genblk1.genblk1.genblk1.genblk1.lut1.genblk1.genblk1.genblk1.genblk1.genblk1.lut0 (4 -> 0)
  Optimizing lut $abc$40721$lut$aiger40720$5127.genblk1.genblk1.genblk1.genblk1.genblk1.genblk1.genblk1.genblk1.lut1.genblk1.genblk1.genblk1.genblk1.genblk1.genblk1.genblk1.lut1.genblk1.genblk1.genblk1.genblk1.genblk1.genblk1.lut0.genblk1.genblk1.genblk1.genblk1.genblk1.lut0 (4 -> 0)
  Optimizing lut $abc$40721$lut$aiger40720$5127.genblk1.genblk1.genblk1.genblk1.genblk1.genblk1.genblk1.genblk1.lut0.genblk1.genblk1.genblk1.genblk1.genblk1.genblk1.genblk1.lut0.genblk1.genblk1.genblk1.genblk1.genblk1.genblk1.lut0.genblk1.genblk1.genblk1.genblk1.genblk1.lut0 (4 -> 3)
  Optimizing lut $abc$40721$lut$aiger40720$5127.genblk1.genblk1.genblk1.genblk1.genblk1.genblk1.genblk1.genblk1.lut0.genblk1.genblk1.genblk1.genblk1.genblk1.genblk1.genblk1.lut1.genblk1.genblk1.genblk1.genblk1.genblk1.genblk1.lut0.genblk1.genblk1.genblk1.genblk1.genblk1.lut0 (4 -> 3)
  Optimizing lut $abc$40721$lut$aiger40720$5052.genblk1.genblk1.genblk1.genblk1.genblk1.genblk1.genblk1.genblk1.lut1.genblk1.genblk1.genblk1.genblk1.genblk1.genblk1.genblk1.lut0.genblk1.genblk1.genblk1.genblk1.genblk1.genblk1.lut0.genblk1.genblk1.genblk1.genblk1.genblk1.lut0 (4 -> 2)
  Optimizing lut $abc$40721$lut$aiger40720$5052.genblk1.genblk1.genblk1.genblk1.genblk1.genblk1.genblk1.genblk1.lut1.genblk1.genblk1.genblk1.genblk1.genblk1.genblk1.genblk1.lut1.genblk1.genblk1.genblk1.genblk1.genblk1.genblk1.lut1.genblk1.genblk1.genblk1.genblk1.genblk1.lut0 (4 -> 0)
  Optimizing lut $abc$40721$lut$aiger40720$5052.genblk1.genblk1.genblk1.genblk1.genblk1.genblk1.genblk1.genblk1.lut1.genblk1.genblk1.genblk1.genblk1.genblk1.genblk1.genblk1.lut1.genblk1.genblk1.genblk1.genblk1.genblk1.genblk1.lut0.genblk1.genblk1.genblk1.genblk1.genblk1.lut0 (4 -> 0)
  Optimizing lut $abc$40721$lut$aiger40720$5052.genblk1.genblk1.genblk1.genblk1.genblk1.genblk1.genblk1.genblk1.lut0.genblk1.genblk1.genblk1.genblk1.genblk1.genblk1.genblk1.lut0.genblk1.genblk1.genblk1.genblk1.genblk1.genblk1.lut1.genblk1.genblk1.genblk1.genblk1.genblk1.lut0 (4 -> 3)
  Optimizing lut $abc$40721$lut$aiger40720$5052.genblk1.genblk1.genblk1.genblk1.genblk1.genblk1.genblk1.genblk1.lut0.genblk1.genblk1.genblk1.genblk1.genblk1.genblk1.genblk1.lut0.genblk1.genblk1.genblk1.genblk1.genblk1.genblk1.lut0.genblk1.genblk1.genblk1.genblk1.genblk1.lut0 (4 -> 2)
  Optimizing lut $abc$40721$lut$aiger40720$5052.genblk1.genblk1.genblk1.genblk1.genblk1.genblk1.genblk1.genblk1.lut0.genblk1.genblk1.genblk1.genblk1.genblk1.genblk1.genblk1.lut1.genblk1.genblk1.genblk1.genblk1.genblk1.genblk1.lut0.genblk1.genblk1.genblk1.genblk1.genblk1.lut0 (4 -> 3)
  Optimizing lut $abc$40721$lut$aiger40720$5059.genblk1.genblk1.genblk1.genblk1.genblk1.genblk1.genblk1.genblk1.lut1.genblk1.genblk1.genblk1.genblk1.genblk1.genblk1.genblk1.lut0.genblk1.genblk1.genblk1.genblk1.genblk1.genblk1.lut1.genblk1.genblk1.genblk1.genblk1.genblk1.lut0 (4 -> 0)
  Optimizing lut $abc$40721$lut$aiger40720$5059.genblk1.genblk1.genblk1.genblk1.genblk1.genblk1.genblk1.genblk1.lut1.genblk1.genblk1.genblk1.genblk1.genblk1.genblk1.genblk1.lut0.genblk1.genblk1.genblk1.genblk1.genblk1.genblk1.lut0.genblk1.genblk1.genblk1.genblk1.genblk1.lut0 (4 -> 0)
  Optimizing lut $abc$40721$lut$aiger40720$5059.genblk1.genblk1.genblk1.genblk1.genblk1.genblk1.genblk1.genblk1.lut1.genblk1.genblk1.genblk1.genblk1.genblk1.genblk1.genblk1.lut1.genblk1.genblk1.genblk1.genblk1.genblk1.genblk1.lut1.genblk1.genblk1.genblk1.genblk1.genblk1.lut0 (4 -> 0)
  Optimizing lut $abc$40721$lut$aiger40720$5059.genblk1.genblk1.genblk1.genblk1.genblk1.genblk1.genblk1.genblk1.lut1.genblk1.genblk1.genblk1.genblk1.genblk1.genblk1.genblk1.lut1.genblk1.genblk1.genblk1.genblk1.genblk1.genblk1.lut0.genblk1.genblk1.genblk1.genblk1.genblk1.lut0 (4 -> 0)
  Optimizing lut $abc$40721$lut$aiger40720$5059.genblk1.genblk1.genblk1.genblk1.genblk1.genblk1.genblk1.genblk1.lut0.genblk1.genblk1.genblk1.genblk1.genblk1.genblk1.genblk1.lut0.genblk1.genblk1.genblk1.genblk1.genblk1.genblk1.lut0.genblk1.genblk1.genblk1.genblk1.genblk1.lut0 (4 -> 3)
  Optimizing lut $abc$40721$lut$aiger40720$5059.genblk1.genblk1.genblk1.genblk1.genblk1.genblk1.genblk1.genblk1.lut0.genblk1.genblk1.genblk1.genblk1.genblk1.genblk1.genblk1.lut1.genblk1.genblk1.genblk1.genblk1.genblk1.genblk1.lut1.genblk1.genblk1.genblk1.genblk1.genblk1.lut0 (4 -> 0)
  Optimizing lut $abc$40721$lut$aiger40720$5059.genblk1.genblk1.genblk1.genblk1.genblk1.genblk1.genblk1.genblk1.lut0.genblk1.genblk1.genblk1.genblk1.genblk1.genblk1.genblk1.lut1.genblk1.genblk1.genblk1.genblk1.genblk1.genblk1.lut0.genblk1.genblk1.genblk1.genblk1.genblk1.lut0 (4 -> 0)
  Optimizing lut $abc$40721$lut$aiger40720$5249.genblk1.genblk1.genblk1.genblk1.genblk1.genblk1.genblk1.lut1.genblk1.genblk1.genblk1.genblk1.genblk1.genblk1.lut0.genblk1.genblk1.genblk1.genblk1.genblk1.lut1 (4 -> 0)
  Optimizing lut $abc$40721$lut$aiger40720$5230.genblk1.genblk1.genblk1.genblk1.genblk1.genblk1.genblk1.genblk1.lut0.genblk1.genblk1.genblk1.genblk1.genblk1.genblk1.genblk1.lut0.genblk1.genblk1.genblk1.genblk1.genblk1.genblk1.lut1.genblk1.genblk1.genblk1.genblk1.genblk1.lut0 (4 -> 0)
  Optimizing lut $abc$40721$lut$aiger40720$5230.genblk1.genblk1.genblk1.genblk1.genblk1.genblk1.genblk1.genblk1.lut0.genblk1.genblk1.genblk1.genblk1.genblk1.genblk1.genblk1.lut0.genblk1.genblk1.genblk1.genblk1.genblk1.genblk1.lut0.genblk1.genblk1.genblk1.genblk1.genblk1.lut0 (4 -> 1)
  Optimizing lut $abc$40721$lut$aiger40720$5785.genblk1.genblk1.genblk1.genblk1.genblk1.genblk1.genblk1.lut1.genblk1.genblk1.genblk1.genblk1.genblk1.genblk1.lut0.genblk1.genblk1.genblk1.genblk1.genblk1.lut1 (4 -> 0)
  Optimizing lut $abc$40721$lut$aiger40720$5892.genblk1.genblk1.genblk1.genblk1.genblk1.genblk1.genblk1.genblk1.lut1.genblk1.genblk1.genblk1.genblk1.genblk1.genblk1.genblk1.lut0.genblk1.genblk1.genblk1.genblk1.genblk1.genblk1.lut0.genblk1.genblk1.genblk1.genblk1.genblk1.lut0 (4 -> 0)
  Optimizing lut $abc$40721$lut$aiger40720$5892.genblk1.genblk1.genblk1.genblk1.genblk1.genblk1.genblk1.genblk1.lut1.genblk1.genblk1.genblk1.genblk1.genblk1.genblk1.genblk1.lut1.genblk1.genblk1.genblk1.genblk1.genblk1.genblk1.lut1.genblk1.genblk1.genblk1.genblk1.genblk1.lut0 (4 -> 0)
  Optimizing lut $abc$40721$lut$aiger40720$5892.genblk1.genblk1.genblk1.genblk1.genblk1.genblk1.genblk1.genblk1.lut1.genblk1.genblk1.genblk1.genblk1.genblk1.genblk1.genblk1.lut1.genblk1.genblk1.genblk1.genblk1.genblk1.genblk1.lut0.genblk1.genblk1.genblk1.genblk1.genblk1.lut0 (4 -> 0)
  Optimizing lut $abc$40721$lut$aiger40720$5892.genblk1.genblk1.genblk1.genblk1.genblk1.genblk1.genblk1.genblk1.lut0.genblk1.genblk1.genblk1.genblk1.genblk1.genblk1.genblk1.lut0.genblk1.genblk1.genblk1.genblk1.genblk1.genblk1.lut1.genblk1.genblk1.genblk1.genblk1.genblk1.lut0 (4 -> 0)
  Optimizing lut $abc$40721$lut$aiger40720$5892.genblk1.genblk1.genblk1.genblk1.genblk1.genblk1.genblk1.genblk1.lut0.genblk1.genblk1.genblk1.genblk1.genblk1.genblk1.genblk1.lut0.genblk1.genblk1.genblk1.genblk1.genblk1.genblk1.lut0.genblk1.genblk1.genblk1.genblk1.genblk1.lut0 (4 -> 0)
  Optimizing lut $abc$40721$lut$aiger40720$5892.genblk1.genblk1.genblk1.genblk1.genblk1.genblk1.genblk1.genblk1.lut0.genblk1.genblk1.genblk1.genblk1.genblk1.genblk1.genblk1.lut1.genblk1.genblk1.genblk1.genblk1.genblk1.genblk1.lut1.genblk1.genblk1.genblk1.genblk1.genblk1.lut0 (4 -> 0)
  Optimizing lut $abc$40721$lut$aiger40720$5892.genblk1.genblk1.genblk1.genblk1.genblk1.genblk1.genblk1.genblk1.lut0.genblk1.genblk1.genblk1.genblk1.genblk1.genblk1.genblk1.lut1.genblk1.genblk1.genblk1.genblk1.genblk1.genblk1.lut0.genblk1.genblk1.genblk1.genblk1.genblk1.lut0 (4 -> 0)
  Optimizing lut $abc$40721$lut$aiger40720$7197.genblk1.genblk1.genblk1.genblk1.genblk1.genblk1.genblk1.lut1.genblk1.genblk1.genblk1.genblk1.genblk1.genblk1.lut0.genblk1.genblk1.genblk1.genblk1.genblk1.lut1 (4 -> 0)
  Optimizing lut $abc$40721$lut$aiger40720$8446.genblk1.genblk1.genblk1.genblk1.genblk1.genblk1.genblk1.genblk1.lut1.genblk1.genblk1.genblk1.genblk1.genblk1.genblk1.genblk1.lut0.genblk1.genblk1.genblk1.genblk1.genblk1.genblk1.lut0.genblk1.genblk1.genblk1.genblk1.genblk1.lut0 (4 -> 3)
  Optimizing lut $abc$40721$lut$aiger40720$8446.genblk1.genblk1.genblk1.genblk1.genblk1.genblk1.genblk1.genblk1.lut1.genblk1.genblk1.genblk1.genblk1.genblk1.genblk1.genblk1.lut1.genblk1.genblk1.genblk1.genblk1.genblk1.genblk1.lut1.genblk1.genblk1.genblk1.genblk1.genblk1.lut0 (4 -> 0)
  Optimizing lut $abc$40721$lut$aiger40720$8446.genblk1.genblk1.genblk1.genblk1.genblk1.genblk1.genblk1.genblk1.lut1.genblk1.genblk1.genblk1.genblk1.genblk1.genblk1.genblk1.lut1.genblk1.genblk1.genblk1.genblk1.genblk1.genblk1.lut0.genblk1.genblk1.genblk1.genblk1.genblk1.lut0 (4 -> 2)
  Optimizing lut $abc$40721$lut$aiger40720$8446.genblk1.genblk1.genblk1.genblk1.genblk1.genblk1.genblk1.genblk1.lut0.genblk1.genblk1.genblk1.genblk1.genblk1.genblk1.genblk1.lut0.genblk1.genblk1.genblk1.genblk1.genblk1.genblk1.lut1.genblk1.genblk1.genblk1.genblk1.genblk1.lut0 (4 -> 0)
  Optimizing lut $abc$40721$lut$aiger40720$8446.genblk1.genblk1.genblk1.genblk1.genblk1.genblk1.genblk1.genblk1.lut0.genblk1.genblk1.genblk1.genblk1.genblk1.genblk1.genblk1.lut1.genblk1.genblk1.genblk1.genblk1.genblk1.genblk1.lut1.genblk1.genblk1.genblk1.genblk1.genblk1.lut0 (4 -> 0)
  Optimizing lut $abc$40721$lut$aiger40720$8446.genblk1.genblk1.genblk1.genblk1.genblk1.genblk1.genblk1.genblk1.lut0.genblk1.genblk1.genblk1.genblk1.genblk1.genblk1.genblk1.lut1.genblk1.genblk1.genblk1.genblk1.genblk1.genblk1.lut0.genblk1.genblk1.genblk1.genblk1.genblk1.lut0 (4 -> 2)
  Optimizing lut $abc$40721$lut$aiger40720$9185.genblk1.genblk1.genblk1.genblk1.genblk1.genblk1.genblk1.genblk1.lut1.genblk1.genblk1.genblk1.genblk1.genblk1.genblk1.genblk1.lut0.genblk1.genblk1.genblk1.genblk1.genblk1.genblk1.lut1.genblk1.genblk1.genblk1.genblk1.genblk1.lut0 (4 -> 0)
  Optimizing lut $abc$40721$lut$aiger40720$9185.genblk1.genblk1.genblk1.genblk1.genblk1.genblk1.genblk1.genblk1.lut1.genblk1.genblk1.genblk1.genblk1.genblk1.genblk1.genblk1.lut0.genblk1.genblk1.genblk1.genblk1.genblk1.genblk1.lut0.genblk1.genblk1.genblk1.genblk1.genblk1.lut0 (4 -> 3)
  Optimizing lut $abc$40721$lut$aiger40720$9185.genblk1.genblk1.genblk1.genblk1.genblk1.genblk1.genblk1.genblk1.lut1.genblk1.genblk1.genblk1.genblk1.genblk1.genblk1.genblk1.lut1.genblk1.genblk1.genblk1.genblk1.genblk1.genblk1.lut1.genblk1.genblk1.genblk1.genblk1.genblk1.lut0 (4 -> 0)
  Optimizing lut $abc$40721$lut$aiger40720$9185.genblk1.genblk1.genblk1.genblk1.genblk1.genblk1.genblk1.genblk1.lut1.genblk1.genblk1.genblk1.genblk1.genblk1.genblk1.genblk1.lut1.genblk1.genblk1.genblk1.genblk1.genblk1.genblk1.lut0.genblk1.genblk1.genblk1.genblk1.genblk1.lut0 (4 -> 0)
  Optimizing lut $abc$40721$lut$aiger40720$9185.genblk1.genblk1.genblk1.genblk1.genblk1.genblk1.genblk1.genblk1.lut0.genblk1.genblk1.genblk1.genblk1.genblk1.genblk1.genblk1.lut0.genblk1.genblk1.genblk1.genblk1.genblk1.genblk1.lut1.genblk1.genblk1.genblk1.genblk1.genblk1.lut0 (4 -> 0)
  Optimizing lut $abc$40721$lut$aiger40720$9185.genblk1.genblk1.genblk1.genblk1.genblk1.genblk1.genblk1.genblk1.lut0.genblk1.genblk1.genblk1.genblk1.genblk1.genblk1.genblk1.lut1.genblk1.genblk1.genblk1.genblk1.genblk1.genblk1.lut1.genblk1.genblk1.genblk1.genblk1.genblk1.lut0 (4 -> 0)
  Optimizing lut $abc$40721$lut$aiger40720$9185.genblk1.genblk1.genblk1.genblk1.genblk1.genblk1.genblk1.genblk1.lut0.genblk1.genblk1.genblk1.genblk1.genblk1.genblk1.genblk1.lut1.genblk1.genblk1.genblk1.genblk1.genblk1.genblk1.lut0.genblk1.genblk1.genblk1.genblk1.genblk1.lut0 (4 -> 0)
  Optimizing lut $abc$40721$lut$aiger40720$9459.genblk1.genblk1.genblk1.genblk1.genblk1.genblk1.genblk1.lut1.genblk1.genblk1.genblk1.genblk1.genblk1.genblk1.lut0.genblk1.genblk1.genblk1.genblk1.genblk1.lut1 (4 -> 3)
  Optimizing lut $auto$abc_ops_reintegrate.cc:611:reintegrate$40737.genblk1.genblk1.genblk1.genblk1.genblk1.genblk1.genblk1.genblk1.lut1.genblk1.genblk1.genblk1.genblk1.genblk1.genblk1.genblk1.lut0.genblk1.genblk1.genblk1.genblk1.genblk1.genblk1.lut0.genblk1.genblk1.genblk1.genblk1.genblk1.lut0 (4 -> 2)
  Optimizing lut $auto$abc_ops_reintegrate.cc:611:reintegrate$40737.genblk1.genblk1.genblk1.genblk1.genblk1.genblk1.genblk1.genblk1.lut1.genblk1.genblk1.genblk1.genblk1.genblk1.genblk1.genblk1.lut1.genblk1.genblk1.genblk1.genblk1.genblk1.genblk1.lut1.genblk1.genblk1.genblk1.genblk1.genblk1.lut0 (4 -> 0)
  Optimizing lut $auto$abc_ops_reintegrate.cc:611:reintegrate$40737.genblk1.genblk1.genblk1.genblk1.genblk1.genblk1.genblk1.genblk1.lut1.genblk1.genblk1.genblk1.genblk1.genblk1.genblk1.genblk1.lut1.genblk1.genblk1.genblk1.genblk1.genblk1.genblk1.lut0.genblk1.genblk1.genblk1.genblk1.genblk1.lut0 (4 -> 0)
  Optimizing lut $auto$abc_ops_reintegrate.cc:611:reintegrate$40737.genblk1.genblk1.genblk1.genblk1.genblk1.genblk1.genblk1.genblk1.lut0.genblk1.genblk1.genblk1.genblk1.genblk1.genblk1.genblk1.lut0.genblk1.genblk1.genblk1.genblk1.genblk1.genblk1.lut1.genblk1.genblk1.genblk1.genblk1.genblk1.lut0 (4 -> 0)
  Optimizing lut $auto$abc_ops_reintegrate.cc:611:reintegrate$40737.genblk1.genblk1.genblk1.genblk1.genblk1.genblk1.genblk1.genblk1.lut0.genblk1.genblk1.genblk1.genblk1.genblk1.genblk1.genblk1.lut0.genblk1.genblk1.genblk1.genblk1.genblk1.genblk1.lut0.genblk1.genblk1.genblk1.genblk1.genblk1.lut0 (4 -> 3)
  Optimizing lut $auto$abc_ops_reintegrate.cc:611:reintegrate$40737.genblk1.genblk1.genblk1.genblk1.genblk1.genblk1.genblk1.genblk1.lut0.genblk1.genblk1.genblk1.genblk1.genblk1.genblk1.genblk1.lut1.genblk1.genblk1.genblk1.genblk1.genblk1.genblk1.lut1.genblk1.genblk1.genblk1.genblk1.genblk1.lut0 (4 -> 0)
  Optimizing lut $auto$abc_ops_reintegrate.cc:611:reintegrate$40737.genblk1.genblk1.genblk1.genblk1.genblk1.genblk1.genblk1.genblk1.lut0.genblk1.genblk1.genblk1.genblk1.genblk1.genblk1.genblk1.lut1.genblk1.genblk1.genblk1.genblk1.genblk1.genblk1.lut0.genblk1.genblk1.genblk1.genblk1.genblk1.lut0 (4 -> 0)
  Optimizing lut $auto$abc_ops_reintegrate.cc:611:reintegrate$40736.genblk1.genblk1.genblk1.genblk1.genblk1.genblk1.genblk1.lut1.genblk1.genblk1.genblk1.genblk1.genblk1.genblk1.lut0.genblk1.genblk1.genblk1.genblk1.genblk1.lut1 (4 -> 1)
  Optimizing lut $auto$abc_ops_reintegrate.cc:611:reintegrate$40733.genblk1.genblk1.genblk1.genblk1.genblk1.genblk1.genblk1.genblk1.lut1.genblk1.genblk1.genblk1.genblk1.genblk1.genblk1.genblk1.lut0.genblk1.genblk1.genblk1.genblk1.genblk1.genblk1.lut0.genblk1.genblk1.genblk1.genblk1.genblk1.lut0 (4 -> 3)
  Optimizing lut $auto$abc_ops_reintegrate.cc:611:reintegrate$40733.genblk1.genblk1.genblk1.genblk1.genblk1.genblk1.genblk1.genblk1.lut1.genblk1.genblk1.genblk1.genblk1.genblk1.genblk1.genblk1.lut1.genblk1.genblk1.genblk1.genblk1.genblk1.genblk1.lut1.genblk1.genblk1.genblk1.genblk1.genblk1.lut0 (4 -> 0)
  Optimizing lut $auto$abc_ops_reintegrate.cc:611:reintegrate$40733.genblk1.genblk1.genblk1.genblk1.genblk1.genblk1.genblk1.genblk1.lut1.genblk1.genblk1.genblk1.genblk1.genblk1.genblk1.genblk1.lut1.genblk1.genblk1.genblk1.genblk1.genblk1.genblk1.lut0.genblk1.genblk1.genblk1.genblk1.genblk1.lut0 (4 -> 3)
  Optimizing lut $auto$abc_ops_reintegrate.cc:611:reintegrate$40733.genblk1.genblk1.genblk1.genblk1.genblk1.genblk1.genblk1.genblk1.lut0.genblk1.genblk1.genblk1.genblk1.genblk1.genblk1.genblk1.lut0.genblk1.genblk1.genblk1.genblk1.genblk1.genblk1.lut1.genblk1.genblk1.genblk1.genblk1.genblk1.lut0 (4 -> 0)
  Optimizing lut $auto$abc_ops_reintegrate.cc:611:reintegrate$40733.genblk1.genblk1.genblk1.genblk1.genblk1.genblk1.genblk1.genblk1.lut0.genblk1.genblk1.genblk1.genblk1.genblk1.genblk1.genblk1.lut1.genblk1.genblk1.genblk1.genblk1.genblk1.genblk1.lut1.genblk1.genblk1.genblk1.genblk1.genblk1.lut0 (4 -> 0)
  Optimizing lut $abc$40721$lut$aiger40720$11793.genblk1.genblk1.genblk1.genblk1.genblk1.genblk1.genblk1.genblk1.lut0.genblk1.genblk1.genblk1.genblk1.genblk1.genblk1.genblk1.lut0.genblk1.genblk1.genblk1.genblk1.genblk1.genblk1.lut1.genblk1.genblk1.genblk1.genblk1.genblk1.lut0 (4 -> 3)
  Optimizing lut $abc$40721$lut$aiger40720$11793.genblk1.genblk1.genblk1.genblk1.genblk1.genblk1.genblk1.genblk1.lut0.genblk1.genblk1.genblk1.genblk1.genblk1.genblk1.genblk1.lut0.genblk1.genblk1.genblk1.genblk1.genblk1.genblk1.lut0.genblk1.genblk1.genblk1.genblk1.genblk1.lut0 (4 -> 2)
  Optimizing lut $abc$40721$lut$aiger40720$11793.genblk1.genblk1.genblk1.genblk1.genblk1.genblk1.genblk1.genblk1.lut1.genblk1.genblk1.genblk1.genblk1.genblk1.genblk1.genblk1.lut1.genblk1.genblk1.genblk1.genblk1.genblk1.genblk1.lut0.genblk1.genblk1.genblk1.genblk1.genblk1.lut1 (4 -> 3)
  Optimizing lut $abc$40721$lut$aiger40720$11793.genblk1.genblk1.genblk1.genblk1.genblk1.genblk1.genblk1.genblk1.lut1.genblk1.genblk1.genblk1.genblk1.genblk1.genblk1.genblk1.lut0.genblk1.genblk1.genblk1.genblk1.genblk1.genblk1.lut0.genblk1.genblk1.genblk1.genblk1.genblk1.lut1 (4 -> 3)
  Optimizing lut $auto$abc_ops_reintegrate.cc:611:reintegrate$40733.genblk1.genblk1.genblk1.genblk1.genblk1.genblk1.genblk1.genblk1.lut0.genblk1.genblk1.genblk1.genblk1.genblk1.genblk1.genblk1.lut1.genblk1.genblk1.genblk1.genblk1.genblk1.genblk1.lut0.genblk1.genblk1.genblk1.genblk1.genblk1.lut1 (4 -> 0)
  Optimizing lut $auto$abc_ops_reintegrate.cc:611:reintegrate$40733.genblk1.genblk1.genblk1.genblk1.genblk1.genblk1.genblk1.genblk1.lut1.genblk1.genblk1.genblk1.genblk1.genblk1.genblk1.genblk1.lut1.genblk1.genblk1.genblk1.genblk1.genblk1.genblk1.lut0.genblk1.genblk1.genblk1.genblk1.genblk1.lut1 (4 -> 0)
  Optimizing lut $auto$abc_ops_reintegrate.cc:611:reintegrate$40733.genblk1.genblk1.genblk1.genblk1.genblk1.genblk1.genblk1.genblk1.lut1.genblk1.genblk1.genblk1.genblk1.genblk1.genblk1.genblk1.lut0.genblk1.genblk1.genblk1.genblk1.genblk1.genblk1.lut0.genblk1.genblk1.genblk1.genblk1.genblk1.lut1 (4 -> 0)
  Optimizing lut $auto$abc_ops_reintegrate.cc:611:reintegrate$40737.genblk1.genblk1.genblk1.genblk1.genblk1.genblk1.genblk1.genblk1.lut0.genblk1.genblk1.genblk1.genblk1.genblk1.genblk1.genblk1.lut1.genblk1.genblk1.genblk1.genblk1.genblk1.genblk1.lut0.genblk1.genblk1.genblk1.genblk1.genblk1.lut1 (4 -> 0)
  Optimizing lut $auto$abc_ops_reintegrate.cc:611:reintegrate$40736.genblk1.genblk1.genblk1.genblk1.genblk1.genblk1.genblk1.lut0.genblk1.genblk1.genblk1.genblk1.genblk1.genblk1.lut1.genblk1.genblk1.genblk1.genblk1.genblk1.lut0 (4 -> 1)
  Optimizing lut $auto$abc_ops_reintegrate.cc:611:reintegrate$40736.genblk1.genblk1.genblk1.genblk1.genblk1.genblk1.genblk1.lut1.genblk1.genblk1.genblk1.genblk1.genblk1.genblk1.lut1.genblk1.genblk1.genblk1.genblk1.genblk1.lut0 (4 -> 1)
  Optimizing lut $auto$abc_ops_reintegrate.cc:611:reintegrate$40736.genblk1.genblk1.genblk1.genblk1.genblk1.genblk1.genblk1.lut1.genblk1.genblk1.genblk1.genblk1.genblk1.genblk1.lut0.genblk1.genblk1.genblk1.genblk1.genblk1.lut0 (4 -> 3)
  Optimizing lut $auto$abc_ops_reintegrate.cc:611:reintegrate$40737.genblk1.genblk1.genblk1.genblk1.genblk1.genblk1.genblk1.genblk1.lut0.genblk1.genblk1.genblk1.genblk1.genblk1.genblk1.genblk1.lut0.genblk1.genblk1.genblk1.genblk1.genblk1.genblk1.lut0.genblk1.genblk1.genblk1.genblk1.genblk1.lut1 (4 -> 3)
  Optimizing lut $auto$abc_ops_reintegrate.cc:611:reintegrate$40737.genblk1.genblk1.genblk1.genblk1.genblk1.genblk1.genblk1.genblk1.lut1.genblk1.genblk1.genblk1.genblk1.genblk1.genblk1.genblk1.lut1.genblk1.genblk1.genblk1.genblk1.genblk1.genblk1.lut0.genblk1.genblk1.genblk1.genblk1.genblk1.lut1 (4 -> 0)
  Optimizing lut $abc$40721$lut$aiger40720$9185.genblk1.genblk1.genblk1.genblk1.genblk1.genblk1.genblk1.genblk1.lut0.genblk1.genblk1.genblk1.genblk1.genblk1.genblk1.genblk1.lut1.genblk1.genblk1.genblk1.genblk1.genblk1.genblk1.lut0.genblk1.genblk1.genblk1.genblk1.genblk1.lut1 (4 -> 0)
  Optimizing lut $abc$40721$lut$aiger40720$9459.genblk1.genblk1.genblk1.genblk1.genblk1.genblk1.genblk1.lut1.genblk1.genblk1.genblk1.genblk1.genblk1.genblk1.lut0.genblk1.genblk1.genblk1.genblk1.genblk1.lut0 (4 -> 3)
  Optimizing lut $abc$40721$lut$aiger40720$9185.genblk1.genblk1.genblk1.genblk1.genblk1.genblk1.genblk1.genblk1.lut1.genblk1.genblk1.genblk1.genblk1.genblk1.genblk1.genblk1.lut1.genblk1.genblk1.genblk1.genblk1.genblk1.genblk1.lut0.genblk1.genblk1.genblk1.genblk1.genblk1.lut1 (4 -> 0)
  Optimizing lut $abc$40721$lut$aiger40720$9185.genblk1.genblk1.genblk1.genblk1.genblk1.genblk1.genblk1.genblk1.lut1.genblk1.genblk1.genblk1.genblk1.genblk1.genblk1.genblk1.lut0.genblk1.genblk1.genblk1.genblk1.genblk1.genblk1.lut0.genblk1.genblk1.genblk1.genblk1.genblk1.lut1 (4 -> 0)
  Optimizing lut $abc$40721$lut$aiger40720$8446.genblk1.genblk1.genblk1.genblk1.genblk1.genblk1.genblk1.genblk1.lut0.genblk1.genblk1.genblk1.genblk1.genblk1.genblk1.genblk1.lut1.genblk1.genblk1.genblk1.genblk1.genblk1.genblk1.lut0.genblk1.genblk1.genblk1.genblk1.genblk1.lut1 (4 -> 2)
  Optimizing lut $abc$40721$lut$aiger40720$8446.genblk1.genblk1.genblk1.genblk1.genblk1.genblk1.genblk1.genblk1.lut1.genblk1.genblk1.genblk1.genblk1.genblk1.genblk1.genblk1.lut1.genblk1.genblk1.genblk1.genblk1.genblk1.genblk1.lut0.genblk1.genblk1.genblk1.genblk1.genblk1.lut1 (4 -> 2)
  Optimizing lut $abc$40721$lut$aiger40720$8446.genblk1.genblk1.genblk1.genblk1.genblk1.genblk1.genblk1.genblk1.lut1.genblk1.genblk1.genblk1.genblk1.genblk1.genblk1.genblk1.lut0.genblk1.genblk1.genblk1.genblk1.genblk1.genblk1.lut0.genblk1.genblk1.genblk1.genblk1.genblk1.lut1 (4 -> 0)
  Optimizing lut $abc$40721$lut$aiger40720$8295.genblk1.genblk1.genblk1.genblk1.genblk1.genblk1.genblk1.genblk1.lut0.genblk1.genblk1.genblk1.genblk1.genblk1.genblk1.genblk1.lut1.genblk1.genblk1.genblk1.genblk1.genblk1.genblk1.lut0.genblk1.genblk1.genblk1.genblk1.genblk1.lut1 (4 -> 3)
  Optimizing lut $abc$40721$lut$aiger40720$7701.genblk1.genblk1.genblk1.genblk1.genblk1.genblk1.genblk1.lut0.genblk1.genblk1.genblk1.genblk1.genblk1.genblk1.lut1.genblk1.genblk1.genblk1.genblk1.genblk1.lut0 (4 -> 0)
  Optimizing lut $abc$40721$lut$aiger40720$7701.genblk1.genblk1.genblk1.genblk1.genblk1.genblk1.genblk1.lut1.genblk1.genblk1.genblk1.genblk1.genblk1.genblk1.lut1.genblk1.genblk1.genblk1.genblk1.genblk1.lut0 (4 -> 0)
  Optimizing lut $abc$40721$lut$aiger40720$8295.genblk1.genblk1.genblk1.genblk1.genblk1.genblk1.genblk1.genblk1.lut1.genblk1.genblk1.genblk1.genblk1.genblk1.genblk1.genblk1.lut1.genblk1.genblk1.genblk1.genblk1.genblk1.genblk1.lut0.genblk1.genblk1.genblk1.genblk1.genblk1.lut1 (4 -> 3)
  Optimizing lut $abc$40721$lut$aiger40720$8295.genblk1.genblk1.genblk1.genblk1.genblk1.genblk1.genblk1.genblk1.lut1.genblk1.genblk1.genblk1.genblk1.genblk1.genblk1.genblk1.lut0.genblk1.genblk1.genblk1.genblk1.genblk1.genblk1.lut0.genblk1.genblk1.genblk1.genblk1.genblk1.lut1 (4 -> 3)
  Optimizing lut $abc$40721$lut$aiger40720$5892.genblk1.genblk1.genblk1.genblk1.genblk1.genblk1.genblk1.genblk1.lut0.genblk1.genblk1.genblk1.genblk1.genblk1.genblk1.genblk1.lut1.genblk1.genblk1.genblk1.genblk1.genblk1.genblk1.lut0.genblk1.genblk1.genblk1.genblk1.genblk1.lut1 (4 -> 0)
  Optimizing lut $abc$40721$lut$aiger40720$5892.genblk1.genblk1.genblk1.genblk1.genblk1.genblk1.genblk1.genblk1.lut1.genblk1.genblk1.genblk1.genblk1.genblk1.genblk1.genblk1.lut1.genblk1.genblk1.genblk1.genblk1.genblk1.genblk1.lut0.genblk1.genblk1.genblk1.genblk1.genblk1.lut1 (4 -> 0)
  Optimizing lut $abc$40721$lut$aiger40720$5892.genblk1.genblk1.genblk1.genblk1.genblk1.genblk1.genblk1.genblk1.lut1.genblk1.genblk1.genblk1.genblk1.genblk1.genblk1.genblk1.lut0.genblk1.genblk1.genblk1.genblk1.genblk1.genblk1.lut0.genblk1.genblk1.genblk1.genblk1.genblk1.lut1 (4 -> 0)
  Optimizing lut $abc$40721$lut$aiger40720$5785.genblk1.genblk1.genblk1.genblk1.genblk1.genblk1.genblk1.lut0.genblk1.genblk1.genblk1.genblk1.genblk1.genblk1.lut0.genblk1.genblk1.genblk1.genblk1.genblk1.lut0 (4 -> 0)
  Optimizing lut $abc$40721$lut$aiger40720$5785.genblk1.genblk1.genblk1.genblk1.genblk1.genblk1.genblk1.lut1.genblk1.genblk1.genblk1.genblk1.genblk1.genblk1.lut1.genblk1.genblk1.genblk1.genblk1.genblk1.lut0 (4 -> 0)
  Optimizing lut $abc$40721$lut$aiger40720$5785.genblk1.genblk1.genblk1.genblk1.genblk1.genblk1.genblk1.lut1.genblk1.genblk1.genblk1.genblk1.genblk1.genblk1.lut0.genblk1.genblk1.genblk1.genblk1.genblk1.lut0 (4 -> 0)
  Optimizing lut $abc$40721$lut$aiger40720$5230.genblk1.genblk1.genblk1.genblk1.genblk1.genblk1.genblk1.genblk1.lut0.genblk1.genblk1.genblk1.genblk1.genblk1.genblk1.genblk1.lut1.genblk1.genblk1.genblk1.genblk1.genblk1.genblk1.lut0.genblk1.genblk1.genblk1.genblk1.genblk1.lut1 (4 -> 1)
  Optimizing lut $abc$40721$lut$aiger40720$5059.genblk1.genblk1.genblk1.genblk1.genblk1.genblk1.genblk1.genblk1.lut0.genblk1.genblk1.genblk1.genblk1.genblk1.genblk1.genblk1.lut1.genblk1.genblk1.genblk1.genblk1.genblk1.genblk1.lut0.genblk1.genblk1.genblk1.genblk1.genblk1.lut1 (4 -> 0)
  Optimizing lut $abc$40721$lut$aiger40720$5289.genblk1.genblk1.genblk1.genblk1.genblk1.genblk1.genblk1.lut0.genblk1.genblk1.genblk1.genblk1.genblk1.genblk1.lut1.genblk1.genblk1.genblk1.genblk1.genblk1.lut0 (4 -> 2)
  Optimizing lut $abc$40721$lut$aiger40720$5289.genblk1.genblk1.genblk1.genblk1.genblk1.genblk1.genblk1.lut0.genblk1.genblk1.genblk1.genblk1.genblk1.genblk1.lut0.genblk1.genblk1.genblk1.genblk1.genblk1.lut0 (4 -> 2)
  Optimizing lut $abc$40721$lut$aiger40720$5289.genblk1.genblk1.genblk1.genblk1.genblk1.genblk1.genblk1.lut1.genblk1.genblk1.genblk1.genblk1.genblk1.genblk1.lut1.genblk1.genblk1.genblk1.genblk1.genblk1.lut0 (4 -> 0)
  Optimizing lut $abc$40721$lut$aiger40720$5289.genblk1.genblk1.genblk1.genblk1.genblk1.genblk1.genblk1.lut1.genblk1.genblk1.genblk1.genblk1.genblk1.genblk1.lut0.genblk1.genblk1.genblk1.genblk1.genblk1.lut0 (4 -> 0)
  Optimizing lut $abc$40721$lut$aiger40720$5249.genblk1.genblk1.genblk1.genblk1.genblk1.genblk1.genblk1.lut0.genblk1.genblk1.genblk1.genblk1.genblk1.genblk1.lut1.genblk1.genblk1.genblk1.genblk1.genblk1.lut0 (4 -> 0)
  Optimizing lut $abc$40721$lut$aiger40720$5249.genblk1.genblk1.genblk1.genblk1.genblk1.genblk1.genblk1.lut1.genblk1.genblk1.genblk1.genblk1.genblk1.genblk1.lut0.genblk1.genblk1.genblk1.genblk1.genblk1.lut0 (4 -> 0)
  Optimizing lut $abc$40721$lut$aiger40720$5178.genblk1.genblk1.genblk1.genblk1.genblk1.genblk1.lut0.genblk1.genblk1.genblk1.genblk1.genblk1.lut1 (4 -> 0)
  Optimizing lut $abc$40721$lut$aiger40720$5059.genblk1.genblk1.genblk1.genblk1.genblk1.genblk1.genblk1.genblk1.lut1.genblk1.genblk1.genblk1.genblk1.genblk1.genblk1.genblk1.lut1.genblk1.genblk1.genblk1.genblk1.genblk1.genblk1.lut0.genblk1.genblk1.genblk1.genblk1.genblk1.lut1 (4 -> 0)
  Optimizing lut $abc$40721$lut$aiger40720$5059.genblk1.genblk1.genblk1.genblk1.genblk1.genblk1.genblk1.genblk1.lut1.genblk1.genblk1.genblk1.genblk1.genblk1.genblk1.genblk1.lut0.genblk1.genblk1.genblk1.genblk1.genblk1.genblk1.lut0.genblk1.genblk1.genblk1.genblk1.genblk1.lut1 (4 -> 0)
  Optimizing lut $abc$40721$lut$aiger40720$5052.genblk1.genblk1.genblk1.genblk1.genblk1.genblk1.genblk1.genblk1.lut0.genblk1.genblk1.genblk1.genblk1.genblk1.genblk1.genblk1.lut1.genblk1.genblk1.genblk1.genblk1.genblk1.genblk1.lut0.genblk1.genblk1.genblk1.genblk1.genblk1.lut1 (4 -> 3)
  Optimizing lut $abc$40721$lut$aiger40720$5052.genblk1.genblk1.genblk1.genblk1.genblk1.genblk1.genblk1.genblk1.lut0.genblk1.genblk1.genblk1.genblk1.genblk1.genblk1.genblk1.lut0.genblk1.genblk1.genblk1.genblk1.genblk1.genblk1.lut0.genblk1.genblk1.genblk1.genblk1.genblk1.lut1 (4 -> 2)
  Optimizing lut $abc$40721$lut$aiger40720$5052.genblk1.genblk1.genblk1.genblk1.genblk1.genblk1.genblk1.genblk1.lut1.genblk1.genblk1.genblk1.genblk1.genblk1.genblk1.genblk1.lut1.genblk1.genblk1.genblk1.genblk1.genblk1.genblk1.lut0.genblk1.genblk1.genblk1.genblk1.genblk1.lut1 (4 -> 0)
  Optimizing lut $abc$40721$lut$aiger40720$5052.genblk1.genblk1.genblk1.genblk1.genblk1.genblk1.genblk1.genblk1.lut1.genblk1.genblk1.genblk1.genblk1.genblk1.genblk1.genblk1.lut0.genblk1.genblk1.genblk1.genblk1.genblk1.genblk1.lut0.genblk1.genblk1.genblk1.genblk1.genblk1.lut1 (4 -> 2)
  Optimizing lut $abc$40721$lut$aiger40720$5045.genblk1.genblk1.genblk1.genblk1.genblk1.genblk1.lut0.genblk1.genblk1.genblk1.genblk1.genblk1.lut1 (4 -> 0)
  Optimizing lut $abc$40721$lut$aiger40720$5036.genblk1.genblk1.genblk1.genblk1.genblk1.genblk1.genblk1.lut0.genblk1.genblk1.genblk1.genblk1.genblk1.genblk1.lut0.genblk1.genblk1.genblk1.genblk1.genblk1.lut0 (4 -> 2)
  Optimizing lut $abc$40721$lut$aiger40720$5036.genblk1.genblk1.genblk1.genblk1.genblk1.genblk1.genblk1.lut1.genblk1.genblk1.genblk1.genblk1.genblk1.genblk1.lut1.genblk1.genblk1.genblk1.genblk1.genblk1.lut0 (4 -> 1)
  Optimizing lut $abc$40721$lut$aiger40720$5036.genblk1.genblk1.genblk1.genblk1.genblk1.genblk1.genblk1.lut1.genblk1.genblk1.genblk1.genblk1.genblk1.genblk1.lut0.genblk1.genblk1.genblk1.genblk1.genblk1.lut0 (4 -> 2)
  Optimizing lut $abc$40721$lut$aiger40720$5127.genblk1.genblk1.genblk1.genblk1.genblk1.genblk1.genblk1.genblk1.lut0.genblk1.genblk1.genblk1.genblk1.genblk1.genblk1.genblk1.lut1.genblk1.genblk1.genblk1.genblk1.genblk1.genblk1.lut0.genblk1.genblk1.genblk1.genblk1.genblk1.lut1 (4 -> 3)
  Optimizing lut $abc$40721$lut$aiger40720$5127.genblk1.genblk1.genblk1.genblk1.genblk1.genblk1.genblk1.genblk1.lut1.genblk1.genblk1.genblk1.genblk1.genblk1.genblk1.genblk1.lut1.genblk1.genblk1.genblk1.genblk1.genblk1.genblk1.lut0.genblk1.genblk1.genblk1.genblk1.genblk1.lut1 (4 -> 0)
  Optimizing lut $abc$40721$lut$aiger40720$5127.genblk1.genblk1.genblk1.genblk1.genblk1.genblk1.genblk1.genblk1.lut1.genblk1.genblk1.genblk1.genblk1.genblk1.genblk1.genblk1.lut0.genblk1.genblk1.genblk1.genblk1.genblk1.genblk1.lut0.genblk1.genblk1.genblk1.genblk1.genblk1.lut1 (4 -> 0)
  Optimizing lut $abc$40721$lut$aiger40720$4982.genblk1.genblk1.genblk1.genblk1.genblk1.genblk1.genblk1.genblk1.lut0.genblk1.genblk1.genblk1.genblk1.genblk1.genblk1.genblk1.lut1.genblk1.genblk1.genblk1.genblk1.genblk1.genblk1.lut0.genblk1.genblk1.genblk1.genblk1.genblk1.lut1 (4 -> 3)
  Optimizing lut $abc$40721$lut$aiger40720$4982.genblk1.genblk1.genblk1.genblk1.genblk1.genblk1.genblk1.genblk1.lut0.genblk1.genblk1.genblk1.genblk1.genblk1.genblk1.genblk1.lut0.genblk1.genblk1.genblk1.genblk1.genblk1.genblk1.lut0.genblk1.genblk1.genblk1.genblk1.genblk1.lut1 (4 -> 3)
  Optimizing lut $abc$40721$lut$aiger40720$4982.genblk1.genblk1.genblk1.genblk1.genblk1.genblk1.genblk1.genblk1.lut1.genblk1.genblk1.genblk1.genblk1.genblk1.genblk1.genblk1.lut1.genblk1.genblk1.genblk1.genblk1.genblk1.genblk1.lut0.genblk1.genblk1.genblk1.genblk1.genblk1.lut1 (4 -> 1)
  Optimizing lut $abc$40721$lut$aiger40720$4982.genblk1.genblk1.genblk1.genblk1.genblk1.genblk1.genblk1.genblk1.lut1.genblk1.genblk1.genblk1.genblk1.genblk1.genblk1.genblk1.lut0.genblk1.genblk1.genblk1.genblk1.genblk1.genblk1.lut0.genblk1.genblk1.genblk1.genblk1.genblk1.lut1 (4 -> 2)
  Optimizing lut $abc$40721$lut$aiger40720$5115.genblk1.genblk1.genblk1.genblk1.genblk1.genblk1.genblk1.genblk1.lut0.genblk1.genblk1.genblk1.genblk1.genblk1.genblk1.genblk1.lut1.genblk1.genblk1.genblk1.genblk1.genblk1.genblk1.lut0.genblk1.genblk1.genblk1.genblk1.genblk1.lut1 (4 -> 2)
  Optimizing lut $abc$40721$lut$aiger40720$5115.genblk1.genblk1.genblk1.genblk1.genblk1.genblk1.genblk1.genblk1.lut0.genblk1.genblk1.genblk1.genblk1.genblk1.genblk1.genblk1.lut0.genblk1.genblk1.genblk1.genblk1.genblk1.genblk1.lut0.genblk1.genblk1.genblk1.genblk1.genblk1.lut1 (4 -> 3)
  Optimizing lut $abc$40721$lut$aiger40720$5115.genblk1.genblk1.genblk1.genblk1.genblk1.genblk1.genblk1.genblk1.lut1.genblk1.genblk1.genblk1.genblk1.genblk1.genblk1.genblk1.lut1.genblk1.genblk1.genblk1.genblk1.genblk1.genblk1.lut0.genblk1.genblk1.genblk1.genblk1.genblk1.lut1 (4 -> 0)
  Optimizing lut $abc$40721$lut$aiger40720$5115.genblk1.genblk1.genblk1.genblk1.genblk1.genblk1.genblk1.genblk1.lut1.genblk1.genblk1.genblk1.genblk1.genblk1.genblk1.genblk1.lut0.genblk1.genblk1.genblk1.genblk1.genblk1.genblk1.lut0.genblk1.genblk1.genblk1.genblk1.genblk1.lut1 (4 -> 2)
  Optimizing lut $abc$40721$lut$aiger40720$5283.genblk1.genblk1.genblk1.genblk1.genblk1.genblk1.genblk1.genblk1.lut0.genblk1.genblk1.genblk1.genblk1.genblk1.genblk1.genblk1.lut1.genblk1.genblk1.genblk1.genblk1.genblk1.genblk1.lut0.genblk1.genblk1.genblk1.genblk1.genblk1.lut1 (4 -> 2)
  Optimizing lut $abc$40721$lut$aiger40720$5150.genblk1.genblk1.genblk1.genblk1.genblk1.genblk1.genblk1.lut0.genblk1.genblk1.genblk1.genblk1.genblk1.genblk1.lut0.genblk1.genblk1.genblk1.genblk1.genblk1.lut0 (4 -> 2)
  Optimizing lut $abc$40721$lut$aiger40720$5150.genblk1.genblk1.genblk1.genblk1.genblk1.genblk1.genblk1.lut1.genblk1.genblk1.genblk1.genblk1.genblk1.genblk1.lut1.genblk1.genblk1.genblk1.genblk1.genblk1.lut0 (4 -> 1)
  Optimizing lut $abc$40721$lut$aiger40720$5150.genblk1.genblk1.genblk1.genblk1.genblk1.genblk1.genblk1.lut1.genblk1.genblk1.genblk1.genblk1.genblk1.genblk1.lut0.genblk1.genblk1.genblk1.genblk1.genblk1.lut0 (4 -> 1)
  Optimizing lut $abc$40721$lut$aiger40720$4165.genblk1.genblk1.genblk1.genblk1.genblk1.genblk1.genblk1.lut0.genblk1.genblk1.genblk1.genblk1.genblk1.genblk1.lut0.genblk1.genblk1.genblk1.genblk1.genblk1.lut0 (4 -> 0)
  Optimizing lut $abc$40721$lut$aiger40720$4165.genblk1.genblk1.genblk1.genblk1.genblk1.genblk1.genblk1.lut1.genblk1.genblk1.genblk1.genblk1.genblk1.genblk1.lut1.genblk1.genblk1.genblk1.genblk1.genblk1.lut0 (4 -> 0)
  Optimizing lut $abc$40721$lut$aiger40720$4946.genblk1.genblk1.genblk1.genblk1.genblk1.genblk1.genblk1.lut0.genblk1.genblk1.genblk1.genblk1.genblk1.genblk1.lut0.genblk1.genblk1.genblk1.genblk1.genblk1.lut0 (4 -> 2)
  Optimizing lut $abc$40721$lut$aiger40720$4946.genblk1.genblk1.genblk1.genblk1.genblk1.genblk1.genblk1.lut1.genblk1.genblk1.genblk1.genblk1.genblk1.genblk1.lut1.genblk1.genblk1.genblk1.genblk1.genblk1.lut0 (4 -> 0)
  Optimizing lut $abc$40721$lut$aiger40720$4946.genblk1.genblk1.genblk1.genblk1.genblk1.genblk1.genblk1.lut1.genblk1.genblk1.genblk1.genblk1.genblk1.genblk1.lut0.genblk1.genblk1.genblk1.genblk1.genblk1.lut0 (4 -> 0)
  Optimizing lut $abc$40721$lut$aiger40720$5302.genblk1.genblk1.genblk1.genblk1.genblk1.genblk1.genblk1.lut0.genblk1.genblk1.genblk1.genblk1.genblk1.genblk1.lut1.genblk1.genblk1.genblk1.genblk1.genblk1.lut0 (4 -> 2)
  Optimizing lut $abc$40721$lut$aiger40720$5302.genblk1.genblk1.genblk1.genblk1.genblk1.genblk1.genblk1.lut0.genblk1.genblk1.genblk1.genblk1.genblk1.genblk1.lut0.genblk1.genblk1.genblk1.genblk1.genblk1.lut0 (4 -> 2)
  Optimizing lut $abc$40721$lut$aiger40720$5302.genblk1.genblk1.genblk1.genblk1.genblk1.genblk1.genblk1.lut1.genblk1.genblk1.genblk1.genblk1.genblk1.genblk1.lut1.genblk1.genblk1.genblk1.genblk1.genblk1.lut0 (4 -> 1)
  Optimizing lut $abc$40721$lut$aiger40720$5302.genblk1.genblk1.genblk1.genblk1.genblk1.genblk1.genblk1.lut1.genblk1.genblk1.genblk1.genblk1.genblk1.genblk1.lut0.genblk1.genblk1.genblk1.genblk1.genblk1.lut0 (4 -> 1)
  Optimizing lut $abc$40721$lut$aiger40720$5283.genblk1.genblk1.genblk1.genblk1.genblk1.genblk1.genblk1.genblk1.lut0.genblk1.genblk1.genblk1.genblk1.genblk1.genblk1.genblk1.lut0.genblk1.genblk1.genblk1.genblk1.genblk1.genblk1.lut0.genblk1.genblk1.genblk1.genblk1.genblk1.lut1 (4 -> 3)
  Optimizing lut $abc$40721$lut$aiger40720$5283.genblk1.genblk1.genblk1.genblk1.genblk1.genblk1.genblk1.genblk1.lut1.genblk1.genblk1.genblk1.genblk1.genblk1.genblk1.genblk1.lut1.genblk1.genblk1.genblk1.genblk1.genblk1.genblk1.lut0.genblk1.genblk1.genblk1.genblk1.genblk1.lut1 (4 -> 1)
  Optimizing lut $abc$40721$lut$aiger40720$5283.genblk1.genblk1.genblk1.genblk1.genblk1.genblk1.genblk1.genblk1.lut1.genblk1.genblk1.genblk1.genblk1.genblk1.genblk1.genblk1.lut0.genblk1.genblk1.genblk1.genblk1.genblk1.genblk1.lut0.genblk1.genblk1.genblk1.genblk1.genblk1.lut1 (4 -> 2)
  Optimizing lut $abc$40721$lut$aiger40720$4940.genblk1.genblk1.genblk1.genblk1.genblk1.genblk1.genblk1.genblk1.lut0.genblk1.genblk1.genblk1.genblk1.genblk1.genblk1.genblk1.lut1.genblk1.genblk1.genblk1.genblk1.genblk1.genblk1.lut0.genblk1.genblk1.genblk1.genblk1.genblk1.lut1 (4 -> 3)
  Optimizing lut $abc$40721$lut$aiger40720$4940.genblk1.genblk1.genblk1.genblk1.genblk1.genblk1.genblk1.genblk1.lut0.genblk1.genblk1.genblk1.genblk1.genblk1.genblk1.genblk1.lut0.genblk1.genblk1.genblk1.genblk1.genblk1.genblk1.lut0.genblk1.genblk1.genblk1.genblk1.genblk1.lut1 (4 -> 3)
  Optimizing lut $abc$40721$lut$aiger40720$4940.genblk1.genblk1.genblk1.genblk1.genblk1.genblk1.genblk1.genblk1.lut1.genblk1.genblk1.genblk1.genblk1.genblk1.genblk1.genblk1.lut1.genblk1.genblk1.genblk1.genblk1.genblk1.genblk1.lut0.genblk1.genblk1.genblk1.genblk1.genblk1.lut1 (4 -> 1)
  Optimizing lut $abc$40721$lut$aiger40720$4940.genblk1.genblk1.genblk1.genblk1.genblk1.genblk1.genblk1.genblk1.lut1.genblk1.genblk1.genblk1.genblk1.genblk1.genblk1.genblk1.lut0.genblk1.genblk1.genblk1.genblk1.genblk1.genblk1.lut0.genblk1.genblk1.genblk1.genblk1.genblk1.lut1 (4 -> 2)
  Optimizing lut $abc$40721$lut$aiger40720$4668.genblk1.genblk1.genblk1.genblk1.genblk1.genblk1.genblk1.genblk1.lut1.genblk1.genblk1.genblk1.genblk1.genblk1.genblk1.genblk1.lut1.genblk1.genblk1.genblk1.genblk1.genblk1.genblk1.lut0.genblk1.genblk1.genblk1.genblk1.genblk1.lut1 (4 -> 0)
  Optimizing lut $abc$40721$lut$aiger40720$4668.genblk1.genblk1.genblk1.genblk1.genblk1.genblk1.genblk1.genblk1.lut1.genblk1.genblk1.genblk1.genblk1.genblk1.genblk1.genblk1.lut0.genblk1.genblk1.genblk1.genblk1.genblk1.genblk1.lut0.genblk1.genblk1.genblk1.genblk1.genblk1.lut1 (4 -> 0)
  Optimizing lut $abc$40721$lut$aiger40720$4613.genblk1.genblk1.genblk1.genblk1.genblk1.genblk1.genblk1.genblk1.lut0.genblk1.genblk1.genblk1.genblk1.genblk1.genblk1.genblk1.lut1.genblk1.genblk1.genblk1.genblk1.genblk1.genblk1.lut0.genblk1.genblk1.genblk1.genblk1.genblk1.lut1 (4 -> 2)
  Optimizing lut $abc$40721$lut$aiger40720$4626.genblk1.genblk1.genblk1.genblk1.genblk1.genblk1.genblk1.lut0.genblk1.genblk1.genblk1.genblk1.genblk1.genblk1.lut1.genblk1.genblk1.genblk1.genblk1.genblk1.lut0 (4 -> 2)
  Optimizing lut $abc$40721$lut$aiger40720$4626.genblk1.genblk1.genblk1.genblk1.genblk1.genblk1.genblk1.lut0.genblk1.genblk1.genblk1.genblk1.genblk1.genblk1.lut0.genblk1.genblk1.genblk1.genblk1.genblk1.lut0 (4 -> 2)
  Optimizing lut $abc$40721$lut$aiger40720$4626.genblk1.genblk1.genblk1.genblk1.genblk1.genblk1.genblk1.lut1.genblk1.genblk1.genblk1.genblk1.genblk1.genblk1.lut1.genblk1.genblk1.genblk1.genblk1.genblk1.lut0 (4 -> 1)
  Optimizing lut $abc$40721$lut$aiger40720$4626.genblk1.genblk1.genblk1.genblk1.genblk1.genblk1.genblk1.lut1.genblk1.genblk1.genblk1.genblk1.genblk1.genblk1.lut0.genblk1.genblk1.genblk1.genblk1.genblk1.lut0 (4 -> 1)
  Optimizing lut $abc$40721$lut$aiger40720$4613.genblk1.genblk1.genblk1.genblk1.genblk1.genblk1.genblk1.genblk1.lut0.genblk1.genblk1.genblk1.genblk1.genblk1.genblk1.genblk1.lut0.genblk1.genblk1.genblk1.genblk1.genblk1.genblk1.lut0.genblk1.genblk1.genblk1.genblk1.genblk1.lut1 (4 -> 3)
  Optimizing lut $abc$40721$lut$aiger40720$4613.genblk1.genblk1.genblk1.genblk1.genblk1.genblk1.genblk1.genblk1.lut1.genblk1.genblk1.genblk1.genblk1.genblk1.genblk1.genblk1.lut1.genblk1.genblk1.genblk1.genblk1.genblk1.genblk1.lut0.genblk1.genblk1.genblk1.genblk1.genblk1.lut1 (4 -> 0)
  Optimizing lut $abc$40721$lut$aiger40720$4613.genblk1.genblk1.genblk1.genblk1.genblk1.genblk1.genblk1.genblk1.lut1.genblk1.genblk1.genblk1.genblk1.genblk1.genblk1.genblk1.lut0.genblk1.genblk1.genblk1.genblk1.genblk1.genblk1.lut0.genblk1.genblk1.genblk1.genblk1.genblk1.lut1 (4 -> 2)
  Optimizing lut $abc$40721$lut$aiger40720$4602.genblk1.genblk1.genblk1.genblk1.genblk1.genblk1.genblk1.genblk1.lut0.genblk1.genblk1.genblk1.genblk1.genblk1.genblk1.genblk1.lut1.genblk1.genblk1.genblk1.genblk1.genblk1.genblk1.lut0.genblk1.genblk1.genblk1.genblk1.genblk1.lut1 (4 -> 2)
  Optimizing lut $abc$40721$lut$aiger40720$4602.genblk1.genblk1.genblk1.genblk1.genblk1.genblk1.genblk1.genblk1.lut0.genblk1.genblk1.genblk1.genblk1.genblk1.genblk1.genblk1.lut0.genblk1.genblk1.genblk1.genblk1.genblk1.genblk1.lut0.genblk1.genblk1.genblk1.genblk1.genblk1.lut1 (4 -> 3)
  Optimizing lut $abc$40721$lut$aiger40720$4602.genblk1.genblk1.genblk1.genblk1.genblk1.genblk1.genblk1.genblk1.lut1.genblk1.genblk1.genblk1.genblk1.genblk1.genblk1.genblk1.lut1.genblk1.genblk1.genblk1.genblk1.genblk1.genblk1.lut0.genblk1.genblk1.genblk1.genblk1.genblk1.lut1 (4 -> 1)
  Optimizing lut $abc$40721$lut$aiger40720$4602.genblk1.genblk1.genblk1.genblk1.genblk1.genblk1.genblk1.genblk1.lut1.genblk1.genblk1.genblk1.genblk1.genblk1.genblk1.genblk1.lut0.genblk1.genblk1.genblk1.genblk1.genblk1.genblk1.lut0.genblk1.genblk1.genblk1.genblk1.genblk1.lut1 (4 -> 2)
  Optimizing lut $abc$40721$lut$aiger40720$4575.genblk1.genblk1.genblk1.genblk1.genblk1.genblk1.genblk1.genblk1.lut0.genblk1.genblk1.genblk1.genblk1.genblk1.genblk1.genblk1.lut1.genblk1.genblk1.genblk1.genblk1.genblk1.genblk1.lut0.genblk1.genblk1.genblk1.genblk1.genblk1.lut1 (4 -> 3)
  Optimizing lut $abc$40721$lut$aiger40720$4575.genblk1.genblk1.genblk1.genblk1.genblk1.genblk1.genblk1.genblk1.lut0.genblk1.genblk1.genblk1.genblk1.genblk1.genblk1.genblk1.lut0.genblk1.genblk1.genblk1.genblk1.genblk1.genblk1.lut0.genblk1.genblk1.genblk1.genblk1.genblk1.lut1 (4 -> 3)
  Optimizing lut $abc$40721$lut$aiger40720$4575.genblk1.genblk1.genblk1.genblk1.genblk1.genblk1.genblk1.genblk1.lut1.genblk1.genblk1.genblk1.genblk1.genblk1.genblk1.genblk1.lut1.genblk1.genblk1.genblk1.genblk1.genblk1.genblk1.lut0.genblk1.genblk1.genblk1.genblk1.genblk1.lut1 (4 -> 0)
  Optimizing lut $abc$40721$lut$aiger40720$4575.genblk1.genblk1.genblk1.genblk1.genblk1.genblk1.genblk1.genblk1.lut1.genblk1.genblk1.genblk1.genblk1.genblk1.genblk1.genblk1.lut0.genblk1.genblk1.genblk1.genblk1.genblk1.genblk1.lut0.genblk1.genblk1.genblk1.genblk1.genblk1.lut1 (4 -> 0)
  Optimizing lut $abc$40721$lut$aiger40720$4428.genblk1.genblk1.genblk1.genblk1.genblk1.genblk1.genblk1.genblk1.lut0.genblk1.genblk1.genblk1.genblk1.genblk1.genblk1.genblk1.lut1.genblk1.genblk1.genblk1.genblk1.genblk1.genblk1.lut0.genblk1.genblk1.genblk1.genblk1.genblk1.lut1 (4 -> 2)
  Optimizing lut $abc$40721$lut$aiger40720$4452.genblk1.genblk1.genblk1.genblk1.genblk1.genblk1.genblk1.lut0.genblk1.genblk1.genblk1.genblk1.genblk1.genblk1.lut0.genblk1.genblk1.genblk1.genblk1.genblk1.lut0 (4 -> 2)
  Optimizing lut $abc$40721$lut$aiger40720$4452.genblk1.genblk1.genblk1.genblk1.genblk1.genblk1.genblk1.lut1.genblk1.genblk1.genblk1.genblk1.genblk1.genblk1.lut1.genblk1.genblk1.genblk1.genblk1.genblk1.lut0 (4 -> 2)
  Optimizing lut $abc$40721$lut$aiger40720$4428.genblk1.genblk1.genblk1.genblk1.genblk1.genblk1.genblk1.genblk1.lut0.genblk1.genblk1.genblk1.genblk1.genblk1.genblk1.genblk1.lut0.genblk1.genblk1.genblk1.genblk1.genblk1.genblk1.lut0.genblk1.genblk1.genblk1.genblk1.genblk1.lut1 (4 -> 3)
  Optimizing lut $abc$40721$lut$aiger40720$4428.genblk1.genblk1.genblk1.genblk1.genblk1.genblk1.genblk1.genblk1.lut1.genblk1.genblk1.genblk1.genblk1.genblk1.genblk1.genblk1.lut1.genblk1.genblk1.genblk1.genblk1.genblk1.genblk1.lut0.genblk1.genblk1.genblk1.genblk1.genblk1.lut1 (4 -> 0)
  Optimizing lut $abc$40721$lut$aiger40720$4428.genblk1.genblk1.genblk1.genblk1.genblk1.genblk1.genblk1.genblk1.lut1.genblk1.genblk1.genblk1.genblk1.genblk1.genblk1.genblk1.lut0.genblk1.genblk1.genblk1.genblk1.genblk1.genblk1.lut0.genblk1.genblk1.genblk1.genblk1.genblk1.lut1 (4 -> 2)
  Optimizing lut $abc$40721$lut$aiger40720$4368.genblk1.genblk1.genblk1.genblk1.genblk1.genblk1.genblk1.genblk1.lut0.genblk1.genblk1.genblk1.genblk1.genblk1.genblk1.genblk1.lut1.genblk1.genblk1.genblk1.genblk1.genblk1.genblk1.lut0.genblk1.genblk1.genblk1.genblk1.genblk1.lut1 (4 -> 2)
  Optimizing lut $abc$40721$lut$aiger40720$4368.genblk1.genblk1.genblk1.genblk1.genblk1.genblk1.genblk1.genblk1.lut1.genblk1.genblk1.genblk1.genblk1.genblk1.genblk1.genblk1.lut1.genblk1.genblk1.genblk1.genblk1.genblk1.genblk1.lut0.genblk1.genblk1.genblk1.genblk1.genblk1.lut1 (4 -> 0)
  Optimizing lut $abc$40721$lut$aiger40720$4368.genblk1.genblk1.genblk1.genblk1.genblk1.genblk1.genblk1.genblk1.lut1.genblk1.genblk1.genblk1.genblk1.genblk1.genblk1.genblk1.lut0.genblk1.genblk1.genblk1.genblk1.genblk1.genblk1.lut0.genblk1.genblk1.genblk1.genblk1.genblk1.lut1 (4 -> 2)
  Optimizing lut $abc$40721$lut$aiger40720$4357.genblk1.genblk1.genblk1.genblk1.genblk1.genblk1.genblk1.genblk1.lut0.genblk1.genblk1.genblk1.genblk1.genblk1.genblk1.genblk1.lut1.genblk1.genblk1.genblk1.genblk1.genblk1.genblk1.lut0.genblk1.genblk1.genblk1.genblk1.genblk1.lut1 (4 -> 1)
  Optimizing lut $abc$40721$lut$aiger40720$4357.genblk1.genblk1.genblk1.genblk1.genblk1.genblk1.genblk1.genblk1.lut0.genblk1.genblk1.genblk1.genblk1.genblk1.genblk1.genblk1.lut0.genblk1.genblk1.genblk1.genblk1.genblk1.genblk1.lut0.genblk1.genblk1.genblk1.genblk1.genblk1.lut1 (4 -> 2)
  Optimizing lut $abc$40721$lut$aiger40720$4357.genblk1.genblk1.genblk1.genblk1.genblk1.genblk1.genblk1.genblk1.lut1.genblk1.genblk1.genblk1.genblk1.genblk1.genblk1.genblk1.lut1.genblk1.genblk1.genblk1.genblk1.genblk1.genblk1.lut0.genblk1.genblk1.genblk1.genblk1.genblk1.lut1 (4 -> 1)
  Optimizing lut $abc$40721$lut$aiger40720$4357.genblk1.genblk1.genblk1.genblk1.genblk1.genblk1.genblk1.genblk1.lut1.genblk1.genblk1.genblk1.genblk1.genblk1.genblk1.genblk1.lut0.genblk1.genblk1.genblk1.genblk1.genblk1.genblk1.lut0.genblk1.genblk1.genblk1.genblk1.genblk1.lut1 (4 -> 2)
  Optimizing lut $abc$40721$lut$aiger40720$3988.genblk1.genblk1.genblk1.genblk1.genblk1.genblk1.genblk1.genblk1.lut0.genblk1.genblk1.genblk1.genblk1.genblk1.genblk1.genblk1.lut1.genblk1.genblk1.genblk1.genblk1.genblk1.genblk1.lut0.genblk1.genblk1.genblk1.genblk1.genblk1.lut1 (4 -> 0)
  Optimizing lut $abc$40721$lut$aiger40720$4079.genblk1.genblk1.genblk1.genblk1.genblk1.genblk1.genblk1.lut0.genblk1.genblk1.genblk1.genblk1.genblk1.genblk1.lut1.genblk1.genblk1.genblk1.genblk1.genblk1.lut0 (4 -> 2)
  Optimizing lut $abc$40721$lut$aiger40720$4079.genblk1.genblk1.genblk1.genblk1.genblk1.genblk1.genblk1.lut0.genblk1.genblk1.genblk1.genblk1.genblk1.genblk1.lut0.genblk1.genblk1.genblk1.genblk1.genblk1.lut0 (4 -> 2)
  Optimizing lut $abc$40721$lut$aiger40720$4079.genblk1.genblk1.genblk1.genblk1.genblk1.genblk1.genblk1.lut1.genblk1.genblk1.genblk1.genblk1.genblk1.genblk1.lut1.genblk1.genblk1.genblk1.genblk1.genblk1.lut0 (4 -> 1)
  Optimizing lut $abc$40721$lut$aiger40720$4079.genblk1.genblk1.genblk1.genblk1.genblk1.genblk1.genblk1.lut1.genblk1.genblk1.genblk1.genblk1.genblk1.genblk1.lut0.genblk1.genblk1.genblk1.genblk1.genblk1.lut0 (4 -> 1)
  Optimizing lut $abc$40721$lut$aiger40720$3988.genblk1.genblk1.genblk1.genblk1.genblk1.genblk1.genblk1.genblk1.lut1.genblk1.genblk1.genblk1.genblk1.genblk1.genblk1.genblk1.lut1.genblk1.genblk1.genblk1.genblk1.genblk1.genblk1.lut0.genblk1.genblk1.genblk1.genblk1.genblk1.lut1 (4 -> 1)
  Optimizing lut $abc$40721$lut$aiger40720$3988.genblk1.genblk1.genblk1.genblk1.genblk1.genblk1.genblk1.genblk1.lut1.genblk1.genblk1.genblk1.genblk1.genblk1.genblk1.genblk1.lut0.genblk1.genblk1.genblk1.genblk1.genblk1.genblk1.lut0.genblk1.genblk1.genblk1.genblk1.genblk1.lut1 (4 -> 2)
  Optimizing lut $abc$40721$lut$aiger40720$3971.genblk1.genblk1.genblk1.genblk1.genblk1.genblk1.genblk1.genblk1.lut0.genblk1.genblk1.genblk1.genblk1.genblk1.genblk1.genblk1.lut1.genblk1.genblk1.genblk1.genblk1.genblk1.genblk1.lut0.genblk1.genblk1.genblk1.genblk1.genblk1.lut1 (4 -> 1)
  Optimizing lut $abc$40721$lut$aiger40720$3971.genblk1.genblk1.genblk1.genblk1.genblk1.genblk1.genblk1.genblk1.lut0.genblk1.genblk1.genblk1.genblk1.genblk1.genblk1.genblk1.lut0.genblk1.genblk1.genblk1.genblk1.genblk1.genblk1.lut0.genblk1.genblk1.genblk1.genblk1.genblk1.lut1 (4 -> 2)
  Optimizing lut $abc$40721$lut$aiger40720$3971.genblk1.genblk1.genblk1.genblk1.genblk1.genblk1.genblk1.genblk1.lut1.genblk1.genblk1.genblk1.genblk1.genblk1.genblk1.genblk1.lut1.genblk1.genblk1.genblk1.genblk1.genblk1.genblk1.lut0.genblk1.genblk1.genblk1.genblk1.genblk1.lut1 (4 -> 1)
  Optimizing lut $abc$40721$lut$aiger40720$3971.genblk1.genblk1.genblk1.genblk1.genblk1.genblk1.genblk1.genblk1.lut1.genblk1.genblk1.genblk1.genblk1.genblk1.genblk1.genblk1.lut0.genblk1.genblk1.genblk1.genblk1.genblk1.genblk1.lut0.genblk1.genblk1.genblk1.genblk1.genblk1.lut1 (4 -> 2)
  Optimizing lut $abc$40721$lut$aiger40720$4030.genblk1.genblk1.genblk1.genblk1.genblk1.genblk1.genblk1.genblk1.lut0.genblk1.genblk1.genblk1.genblk1.genblk1.genblk1.genblk1.lut1.genblk1.genblk1.genblk1.genblk1.genblk1.genblk1.lut0.genblk1.genblk1.genblk1.genblk1.genblk1.lut1 (4 -> 2)
  Optimizing lut $abc$40721$lut$aiger40720$4030.genblk1.genblk1.genblk1.genblk1.genblk1.genblk1.genblk1.genblk1.lut1.genblk1.genblk1.genblk1.genblk1.genblk1.genblk1.genblk1.lut1.genblk1.genblk1.genblk1.genblk1.genblk1.genblk1.lut0.genblk1.genblk1.genblk1.genblk1.genblk1.lut1 (4 -> 1)
  Optimizing lut $abc$40721$lut$aiger40720$4030.genblk1.genblk1.genblk1.genblk1.genblk1.genblk1.genblk1.genblk1.lut1.genblk1.genblk1.genblk1.genblk1.genblk1.genblk1.genblk1.lut0.genblk1.genblk1.genblk1.genblk1.genblk1.genblk1.lut0.genblk1.genblk1.genblk1.genblk1.genblk1.lut1 (4 -> 2)
  Optimizing lut $abc$40721$lut$aiger40720$3166.genblk1.genblk1.genblk1.genblk1.genblk1.genblk1.genblk1.genblk1.lut0.genblk1.genblk1.genblk1.genblk1.genblk1.genblk1.genblk1.lut1.genblk1.genblk1.genblk1.genblk1.genblk1.genblk1.lut0.genblk1.genblk1.genblk1.genblk1.genblk1.lut1 (4 -> 2)
  Optimizing lut $abc$40721$lut$aiger40720$3381.genblk1.genblk1.genblk1.genblk1.genblk1.genblk1.genblk1.lut1.genblk1.genblk1.genblk1.genblk1.genblk1.genblk1.lut1.genblk1.genblk1.genblk1.genblk1.genblk1.lut0 (4 -> 3)
  Optimizing lut $abc$40721$lut$aiger40720$3381.genblk1.genblk1.genblk1.genblk1.genblk1.genblk1.genblk1.lut1.genblk1.genblk1.genblk1.genblk1.genblk1.genblk1.lut0.genblk1.genblk1.genblk1.genblk1.genblk1.lut0 (4 -> 3)
  Optimizing lut $abc$40721$lut$aiger40720$3166.genblk1.genblk1.genblk1.genblk1.genblk1.genblk1.genblk1.genblk1.lut0.genblk1.genblk1.genblk1.genblk1.genblk1.genblk1.genblk1.lut0.genblk1.genblk1.genblk1.genblk1.genblk1.genblk1.lut0.genblk1.genblk1.genblk1.genblk1.genblk1.lut1 (4 -> 3)
  Optimizing lut $abc$40721$lut$aiger40720$3166.genblk1.genblk1.genblk1.genblk1.genblk1.genblk1.genblk1.genblk1.lut1.genblk1.genblk1.genblk1.genblk1.genblk1.genblk1.genblk1.lut1.genblk1.genblk1.genblk1.genblk1.genblk1.genblk1.lut0.genblk1.genblk1.genblk1.genblk1.genblk1.lut1 (4 -> 0)
  Optimizing lut $abc$40721$lut$aiger40720$3166.genblk1.genblk1.genblk1.genblk1.genblk1.genblk1.genblk1.genblk1.lut1.genblk1.genblk1.genblk1.genblk1.genblk1.genblk1.genblk1.lut0.genblk1.genblk1.genblk1.genblk1.genblk1.genblk1.lut0.genblk1.genblk1.genblk1.genblk1.genblk1.lut1 (4 -> 2)
  Optimizing lut $abc$40721$lut$aiger40720$3814.genblk1.genblk1.genblk1.genblk1.genblk1.genblk1.genblk1.genblk1.lut0.genblk1.genblk1.genblk1.genblk1.genblk1.genblk1.genblk1.lut1.genblk1.genblk1.genblk1.genblk1.genblk1.genblk1.lut0.genblk1.genblk1.genblk1.genblk1.genblk1.lut1 (4 -> 2)
  Optimizing lut $abc$40721$lut$aiger40720$3902.genblk1.genblk1.genblk1.genblk1.genblk1.genblk1.genblk1.lut1.genblk1.genblk1.genblk1.genblk1.genblk1.genblk1.lut1.genblk1.genblk1.genblk1.genblk1.genblk1.lut0 (4 -> 0)
  Optimizing lut $abc$40721$lut$aiger40720$3902.genblk1.genblk1.genblk1.genblk1.genblk1.genblk1.genblk1.lut1.genblk1.genblk1.genblk1.genblk1.genblk1.genblk1.lut0.genblk1.genblk1.genblk1.genblk1.genblk1.lut0 (4 -> 0)
  Optimizing lut $abc$40721$lut$aiger40720$3814.genblk1.genblk1.genblk1.genblk1.genblk1.genblk1.genblk1.genblk1.lut0.genblk1.genblk1.genblk1.genblk1.genblk1.genblk1.genblk1.lut0.genblk1.genblk1.genblk1.genblk1.genblk1.genblk1.lut0.genblk1.genblk1.genblk1.genblk1.genblk1.lut1 (4 -> 3)
  Optimizing lut $abc$40721$lut$aiger40720$3814.genblk1.genblk1.genblk1.genblk1.genblk1.genblk1.genblk1.genblk1.lut1.genblk1.genblk1.genblk1.genblk1.genblk1.genblk1.genblk1.lut1.genblk1.genblk1.genblk1.genblk1.genblk1.genblk1.lut0.genblk1.genblk1.genblk1.genblk1.genblk1.lut1 (4 -> 0)
  Optimizing lut $abc$40721$lut$aiger40720$3814.genblk1.genblk1.genblk1.genblk1.genblk1.genblk1.genblk1.genblk1.lut1.genblk1.genblk1.genblk1.genblk1.genblk1.genblk1.genblk1.lut0.genblk1.genblk1.genblk1.genblk1.genblk1.genblk1.lut0.genblk1.genblk1.genblk1.genblk1.genblk1.lut1 (4 -> 2)
  Optimizing lut $abc$40721$lut$aiger40720$2696.genblk1.genblk1.genblk1.genblk1.genblk1.genblk1.genblk1.genblk1.lut0.genblk1.genblk1.genblk1.genblk1.genblk1.genblk1.genblk1.lut1.genblk1.genblk1.genblk1.genblk1.genblk1.genblk1.lut0.genblk1.genblk1.genblk1.genblk1.genblk1.lut1 (4 -> 2)
  Optimizing lut $abc$40721$lut$aiger40720$2696.genblk1.genblk1.genblk1.genblk1.genblk1.genblk1.genblk1.genblk1.lut1.genblk1.genblk1.genblk1.genblk1.genblk1.genblk1.genblk1.lut1.genblk1.genblk1.genblk1.genblk1.genblk1.genblk1.lut0.genblk1.genblk1.genblk1.genblk1.genblk1.lut1 (4 -> 1)
  Optimizing lut $abc$40721$lut$aiger40720$2696.genblk1.genblk1.genblk1.genblk1.genblk1.genblk1.genblk1.genblk1.lut1.genblk1.genblk1.genblk1.genblk1.genblk1.genblk1.genblk1.lut0.genblk1.genblk1.genblk1.genblk1.genblk1.genblk1.lut0.genblk1.genblk1.genblk1.genblk1.genblk1.lut1 (4 -> 2)
  Optimizing lut $abc$40721$lut$aiger40720$2879.genblk1.genblk1.genblk1.genblk1.genblk1.genblk1.genblk1.genblk1.lut0.genblk1.genblk1.genblk1.genblk1.genblk1.genblk1.genblk1.lut1.genblk1.genblk1.genblk1.genblk1.genblk1.genblk1.lut0.genblk1.genblk1.genblk1.genblk1.genblk1.lut1 (4 -> 0)
  Optimizing lut $abc$40721$lut$aiger40720$2879.genblk1.genblk1.genblk1.genblk1.genblk1.genblk1.genblk1.genblk1.lut0.genblk1.genblk1.genblk1.genblk1.genblk1.genblk1.genblk1.lut0.genblk1.genblk1.genblk1.genblk1.genblk1.genblk1.lut0.genblk1.genblk1.genblk1.genblk1.genblk1.lut1 (4 -> 0)
  Optimizing lut $abc$40721$lut$aiger40720$2879.genblk1.genblk1.genblk1.genblk1.genblk1.genblk1.genblk1.genblk1.lut1.genblk1.genblk1.genblk1.genblk1.genblk1.genblk1.genblk1.lut1.genblk1.genblk1.genblk1.genblk1.genblk1.genblk1.lut0.genblk1.genblk1.genblk1.genblk1.genblk1.lut1 (4 -> 0)
  Optimizing lut $abc$40721$lut$aiger40720$2879.genblk1.genblk1.genblk1.genblk1.genblk1.genblk1.genblk1.genblk1.lut1.genblk1.genblk1.genblk1.genblk1.genblk1.genblk1.genblk1.lut0.genblk1.genblk1.genblk1.genblk1.genblk1.genblk1.lut0.genblk1.genblk1.genblk1.genblk1.genblk1.lut1 (4 -> 1)
  Optimizing lut $abc$40721$lut$aiger40720$2863.genblk1.genblk1.genblk1.genblk1.genblk1.genblk1.genblk1.genblk1.lut0.genblk1.genblk1.genblk1.genblk1.genblk1.genblk1.genblk1.lut1.genblk1.genblk1.genblk1.genblk1.genblk1.genblk1.lut0.genblk1.genblk1.genblk1.genblk1.genblk1.lut1 (4 -> 1)
  Optimizing lut $abc$40721$lut$aiger40720$2863.genblk1.genblk1.genblk1.genblk1.genblk1.genblk1.genblk1.genblk1.lut0.genblk1.genblk1.genblk1.genblk1.genblk1.genblk1.genblk1.lut0.genblk1.genblk1.genblk1.genblk1.genblk1.genblk1.lut0.genblk1.genblk1.genblk1.genblk1.genblk1.lut1 (4 -> 1)
  Optimizing lut $abc$40721$lut$aiger40720$2863.genblk1.genblk1.genblk1.genblk1.genblk1.genblk1.genblk1.genblk1.lut1.genblk1.genblk1.genblk1.genblk1.genblk1.genblk1.genblk1.lut1.genblk1.genblk1.genblk1.genblk1.genblk1.genblk1.lut0.genblk1.genblk1.genblk1.genblk1.genblk1.lut1 (4 -> 1)
  Optimizing lut $abc$40721$lut$aiger40720$2863.genblk1.genblk1.genblk1.genblk1.genblk1.genblk1.genblk1.genblk1.lut1.genblk1.genblk1.genblk1.genblk1.genblk1.genblk1.genblk1.lut0.genblk1.genblk1.genblk1.genblk1.genblk1.genblk1.lut0.genblk1.genblk1.genblk1.genblk1.genblk1.lut1 (4 -> 0)
  Optimizing lut $abc$40721$lut$aiger40720$2850.genblk1.genblk1.genblk1.genblk1.genblk1.genblk1.genblk1.genblk1.lut0.genblk1.genblk1.genblk1.genblk1.genblk1.genblk1.genblk1.lut1.genblk1.genblk1.genblk1.genblk1.genblk1.genblk1.lut0.genblk1.genblk1.genblk1.genblk1.genblk1.lut1 (4 -> 0)
  Optimizing lut $abc$40721$lut$aiger40720$2850.genblk1.genblk1.genblk1.genblk1.genblk1.genblk1.genblk1.genblk1.lut0.genblk1.genblk1.genblk1.genblk1.genblk1.genblk1.genblk1.lut0.genblk1.genblk1.genblk1.genblk1.genblk1.genblk1.lut0.genblk1.genblk1.genblk1.genblk1.genblk1.lut1 (4 -> 0)
  Optimizing lut $abc$40721$lut$aiger40720$2850.genblk1.genblk1.genblk1.genblk1.genblk1.genblk1.genblk1.genblk1.lut1.genblk1.genblk1.genblk1.genblk1.genblk1.genblk1.genblk1.lut1.genblk1.genblk1.genblk1.genblk1.genblk1.genblk1.lut0.genblk1.genblk1.genblk1.genblk1.genblk1.lut1 (4 -> 0)
  Optimizing lut $abc$40721$lut$aiger40720$2850.genblk1.genblk1.genblk1.genblk1.genblk1.genblk1.genblk1.genblk1.lut1.genblk1.genblk1.genblk1.genblk1.genblk1.genblk1.genblk1.lut0.genblk1.genblk1.genblk1.genblk1.genblk1.genblk1.lut0.genblk1.genblk1.genblk1.genblk1.genblk1.lut1 (4 -> 0)
  Optimizing lut $abc$40721$lut$aiger40720$2836.genblk1.genblk1.genblk1.genblk1.genblk1.genblk1.genblk1.genblk1.lut0.genblk1.genblk1.genblk1.genblk1.genblk1.genblk1.genblk1.lut1.genblk1.genblk1.genblk1.genblk1.genblk1.genblk1.lut0.genblk1.genblk1.genblk1.genblk1.genblk1.lut1 (4 -> 0)
  Optimizing lut $abc$40721$lut$aiger40720$2836.genblk1.genblk1.genblk1.genblk1.genblk1.genblk1.genblk1.genblk1.lut0.genblk1.genblk1.genblk1.genblk1.genblk1.genblk1.genblk1.lut0.genblk1.genblk1.genblk1.genblk1.genblk1.genblk1.lut0.genblk1.genblk1.genblk1.genblk1.genblk1.lut1 (4 -> 0)
  Optimizing lut $abc$40721$lut$aiger40720$2836.genblk1.genblk1.genblk1.genblk1.genblk1.genblk1.genblk1.genblk1.lut1.genblk1.genblk1.genblk1.genblk1.genblk1.genblk1.genblk1.lut1.genblk1.genblk1.genblk1.genblk1.genblk1.genblk1.lut0.genblk1.genblk1.genblk1.genblk1.genblk1.lut1 (4 -> 0)
  Optimizing lut $abc$40721$lut$aiger40720$2836.genblk1.genblk1.genblk1.genblk1.genblk1.genblk1.genblk1.genblk1.lut1.genblk1.genblk1.genblk1.genblk1.genblk1.genblk1.genblk1.lut0.genblk1.genblk1.genblk1.genblk1.genblk1.genblk1.lut0.genblk1.genblk1.genblk1.genblk1.genblk1.lut1 (4 -> 0)
  Optimizing lut $abc$40721$lut$aiger40720$3204.genblk1.genblk1.genblk1.genblk1.genblk1.genblk1.genblk1.genblk1.lut0.genblk1.genblk1.genblk1.genblk1.genblk1.genblk1.genblk1.lut1.genblk1.genblk1.genblk1.genblk1.genblk1.genblk1.lut0.genblk1.genblk1.genblk1.genblk1.genblk1.lut1 (4 -> 2)
  Optimizing lut $abc$40721$lut$aiger40720$3204.genblk1.genblk1.genblk1.genblk1.genblk1.genblk1.genblk1.genblk1.lut0.genblk1.genblk1.genblk1.genblk1.genblk1.genblk1.genblk1.lut0.genblk1.genblk1.genblk1.genblk1.genblk1.genblk1.lut0.genblk1.genblk1.genblk1.genblk1.genblk1.lut1 (4 -> 3)
  Optimizing lut $abc$40721$lut$aiger40720$3204.genblk1.genblk1.genblk1.genblk1.genblk1.genblk1.genblk1.genblk1.lut1.genblk1.genblk1.genblk1.genblk1.genblk1.genblk1.genblk1.lut1.genblk1.genblk1.genblk1.genblk1.genblk1.genblk1.lut0.genblk1.genblk1.genblk1.genblk1.genblk1.lut1 (4 -> 0)
  Optimizing lut $abc$40721$lut$aiger40720$3204.genblk1.genblk1.genblk1.genblk1.genblk1.genblk1.genblk1.genblk1.lut1.genblk1.genblk1.genblk1.genblk1.genblk1.genblk1.genblk1.lut0.genblk1.genblk1.genblk1.genblk1.genblk1.genblk1.lut0.genblk1.genblk1.genblk1.genblk1.genblk1.lut1 (4 -> 2)
  Optimizing lut $abc$40721$lut$aiger40720$3193.genblk1.genblk1.genblk1.genblk1.genblk1.genblk1.genblk1.genblk1.lut0.genblk1.genblk1.genblk1.genblk1.genblk1.genblk1.genblk1.lut1.genblk1.genblk1.genblk1.genblk1.genblk1.genblk1.lut0.genblk1.genblk1.genblk1.genblk1.genblk1.lut1 (4 -> 2)
  Optimizing lut $abc$40721$lut$aiger40720$3193.genblk1.genblk1.genblk1.genblk1.genblk1.genblk1.genblk1.genblk1.lut0.genblk1.genblk1.genblk1.genblk1.genblk1.genblk1.genblk1.lut0.genblk1.genblk1.genblk1.genblk1.genblk1.genblk1.lut0.genblk1.genblk1.genblk1.genblk1.genblk1.lut1 (4 -> 3)
  Optimizing lut $abc$40721$lut$aiger40720$3193.genblk1.genblk1.genblk1.genblk1.genblk1.genblk1.genblk1.genblk1.lut1.genblk1.genblk1.genblk1.genblk1.genblk1.genblk1.genblk1.lut1.genblk1.genblk1.genblk1.genblk1.genblk1.genblk1.lut0.genblk1.genblk1.genblk1.genblk1.genblk1.lut1 (4 -> 1)
  Optimizing lut $abc$40721$lut$aiger40720$3193.genblk1.genblk1.genblk1.genblk1.genblk1.genblk1.genblk1.genblk1.lut1.genblk1.genblk1.genblk1.genblk1.genblk1.genblk1.genblk1.lut0.genblk1.genblk1.genblk1.genblk1.genblk1.genblk1.lut0.genblk1.genblk1.genblk1.genblk1.genblk1.lut1 (4 -> 2)
  Optimizing lut $abc$40721$lut$aiger40720$2669.genblk1.genblk1.genblk1.genblk1.genblk1.genblk1.genblk1.genblk1.lut0.genblk1.genblk1.genblk1.genblk1.genblk1.genblk1.genblk1.lut1.genblk1.genblk1.genblk1.genblk1.genblk1.genblk1.lut0.genblk1.genblk1.genblk1.genblk1.genblk1.lut1 (4 -> 1)
  Optimizing lut $abc$40721$lut$aiger40720$2669.genblk1.genblk1.genblk1.genblk1.genblk1.genblk1.genblk1.genblk1.lut0.genblk1.genblk1.genblk1.genblk1.genblk1.genblk1.genblk1.lut0.genblk1.genblk1.genblk1.genblk1.genblk1.genblk1.lut0.genblk1.genblk1.genblk1.genblk1.genblk1.lut1 (4 -> 0)
  Optimizing lut $abc$40721$lut$aiger40720$2669.genblk1.genblk1.genblk1.genblk1.genblk1.genblk1.genblk1.genblk1.lut1.genblk1.genblk1.genblk1.genblk1.genblk1.genblk1.genblk1.lut1.genblk1.genblk1.genblk1.genblk1.genblk1.genblk1.lut0.genblk1.genblk1.genblk1.genblk1.genblk1.lut1 (4 -> 1)
  Optimizing lut $abc$40721$lut$aiger40720$2669.genblk1.genblk1.genblk1.genblk1.genblk1.genblk1.genblk1.genblk1.lut1.genblk1.genblk1.genblk1.genblk1.genblk1.genblk1.genblk1.lut0.genblk1.genblk1.genblk1.genblk1.genblk1.genblk1.lut0.genblk1.genblk1.genblk1.genblk1.genblk1.lut1 (4 -> 0)
  Optimizing lut $abc$40721$lut$aiger40720$2653.genblk1.genblk1.genblk1.genblk1.genblk1.genblk1.genblk1.genblk1.lut0.genblk1.genblk1.genblk1.genblk1.genblk1.genblk1.genblk1.lut1.genblk1.genblk1.genblk1.genblk1.genblk1.genblk1.lut0.genblk1.genblk1.genblk1.genblk1.genblk1.lut1 (4 -> 0)
  Optimizing lut $abc$40721$lut$aiger40720$2653.genblk1.genblk1.genblk1.genblk1.genblk1.genblk1.genblk1.genblk1.lut0.genblk1.genblk1.genblk1.genblk1.genblk1.genblk1.genblk1.lut0.genblk1.genblk1.genblk1.genblk1.genblk1.genblk1.lut0.genblk1.genblk1.genblk1.genblk1.genblk1.lut1 (4 -> 0)
  Optimizing lut $abc$40721$lut$aiger40720$2653.genblk1.genblk1.genblk1.genblk1.genblk1.genblk1.genblk1.genblk1.lut1.genblk1.genblk1.genblk1.genblk1.genblk1.genblk1.genblk1.lut1.genblk1.genblk1.genblk1.genblk1.genblk1.genblk1.lut0.genblk1.genblk1.genblk1.genblk1.genblk1.lut1 (4 -> 0)
  Optimizing lut $abc$40721$lut$aiger40720$2653.genblk1.genblk1.genblk1.genblk1.genblk1.genblk1.genblk1.genblk1.lut1.genblk1.genblk1.genblk1.genblk1.genblk1.genblk1.genblk1.lut0.genblk1.genblk1.genblk1.genblk1.genblk1.genblk1.lut0.genblk1.genblk1.genblk1.genblk1.genblk1.lut1 (4 -> 0)
  Optimizing lut $abc$40721$lut$aiger40720$2631.genblk1.genblk1.genblk1.genblk1.genblk1.genblk1.genblk1.genblk1.lut0.genblk1.genblk1.genblk1.genblk1.genblk1.genblk1.genblk1.lut1.genblk1.genblk1.genblk1.genblk1.genblk1.genblk1.lut0.genblk1.genblk1.genblk1.genblk1.genblk1.lut1 (4 -> 0)
  Optimizing lut $abc$40721$lut$aiger40720$2640.genblk1.genblk1.genblk1.genblk1.genblk1.genblk1.genblk1.lut0.genblk1.genblk1.genblk1.genblk1.genblk1.genblk1.lut1.genblk1.genblk1.genblk1.genblk1.genblk1.lut0 (4 -> 0)
  Optimizing lut $abc$40721$lut$aiger40720$2640.genblk1.genblk1.genblk1.genblk1.genblk1.genblk1.genblk1.lut0.genblk1.genblk1.genblk1.genblk1.genblk1.genblk1.lut0.genblk1.genblk1.genblk1.genblk1.genblk1.lut0 (4 -> 0)
  Optimizing lut $abc$40721$lut$aiger40720$2640.genblk1.genblk1.genblk1.genblk1.genblk1.genblk1.genblk1.lut1.genblk1.genblk1.genblk1.genblk1.genblk1.genblk1.lut1.genblk1.genblk1.genblk1.genblk1.genblk1.lut0 (4 -> 0)
  Optimizing lut $abc$40721$lut$aiger40720$2640.genblk1.genblk1.genblk1.genblk1.genblk1.genblk1.genblk1.lut1.genblk1.genblk1.genblk1.genblk1.genblk1.genblk1.lut0.genblk1.genblk1.genblk1.genblk1.genblk1.lut0 (4 -> 0)
  Optimizing lut $abc$40721$lut$aiger40720$2631.genblk1.genblk1.genblk1.genblk1.genblk1.genblk1.genblk1.genblk1.lut0.genblk1.genblk1.genblk1.genblk1.genblk1.genblk1.genblk1.lut0.genblk1.genblk1.genblk1.genblk1.genblk1.genblk1.lut0.genblk1.genblk1.genblk1.genblk1.genblk1.lut1 (4 -> 0)
  Optimizing lut $abc$40721$lut$aiger40720$2631.genblk1.genblk1.genblk1.genblk1.genblk1.genblk1.genblk1.genblk1.lut1.genblk1.genblk1.genblk1.genblk1.genblk1.genblk1.genblk1.lut1.genblk1.genblk1.genblk1.genblk1.genblk1.genblk1.lut0.genblk1.genblk1.genblk1.genblk1.genblk1.lut1 (4 -> 0)
  Optimizing lut $abc$40721$lut$aiger40720$2631.genblk1.genblk1.genblk1.genblk1.genblk1.genblk1.genblk1.genblk1.lut1.genblk1.genblk1.genblk1.genblk1.genblk1.genblk1.genblk1.lut0.genblk1.genblk1.genblk1.genblk1.genblk1.genblk1.lut0.genblk1.genblk1.genblk1.genblk1.genblk1.lut1 (4 -> 1)
  Optimizing lut $abc$40721$lut$aiger40720$2615.genblk1.genblk1.genblk1.genblk1.genblk1.genblk1.lut0.genblk1.genblk1.genblk1.genblk1.genblk1.lut1 (4 -> 3)
  Optimizing lut $abc$40721$lut$aiger40720$2817.genblk1.genblk1.genblk1.genblk1.genblk1.genblk1.genblk1.genblk1.lut0.genblk1.genblk1.genblk1.genblk1.genblk1.genblk1.genblk1.lut1.genblk1.genblk1.genblk1.genblk1.genblk1.genblk1.lut0.genblk1.genblk1.genblk1.genblk1.genblk1.lut1 (4 -> 0)
  Optimizing lut $abc$40721$lut$aiger40720$2817.genblk1.genblk1.genblk1.genblk1.genblk1.genblk1.genblk1.genblk1.lut0.genblk1.genblk1.genblk1.genblk1.genblk1.genblk1.genblk1.lut0.genblk1.genblk1.genblk1.genblk1.genblk1.genblk1.lut0.genblk1.genblk1.genblk1.genblk1.genblk1.lut1 (4 -> 1)
  Optimizing lut $abc$40721$lut$aiger40720$2817.genblk1.genblk1.genblk1.genblk1.genblk1.genblk1.genblk1.genblk1.lut1.genblk1.genblk1.genblk1.genblk1.genblk1.genblk1.genblk1.lut1.genblk1.genblk1.genblk1.genblk1.genblk1.genblk1.lut0.genblk1.genblk1.genblk1.genblk1.genblk1.lut1 (4 -> 0)
  Optimizing lut $abc$40721$lut$aiger40720$2817.genblk1.genblk1.genblk1.genblk1.genblk1.genblk1.genblk1.genblk1.lut1.genblk1.genblk1.genblk1.genblk1.genblk1.genblk1.genblk1.lut0.genblk1.genblk1.genblk1.genblk1.genblk1.genblk1.lut0.genblk1.genblk1.genblk1.genblk1.genblk1.lut1 (4 -> 0)
  Optimizing lut $abc$40721$lut$aiger40720$2802.genblk1.genblk1.genblk1.genblk1.genblk1.genblk1.genblk1.genblk1.lut0.genblk1.genblk1.genblk1.genblk1.genblk1.genblk1.genblk1.lut1.genblk1.genblk1.genblk1.genblk1.genblk1.genblk1.lut0.genblk1.genblk1.genblk1.genblk1.genblk1.lut1 (4 -> 0)
  Optimizing lut $abc$40721$lut$aiger40720$2802.genblk1.genblk1.genblk1.genblk1.genblk1.genblk1.genblk1.genblk1.lut0.genblk1.genblk1.genblk1.genblk1.genblk1.genblk1.genblk1.lut0.genblk1.genblk1.genblk1.genblk1.genblk1.genblk1.lut0.genblk1.genblk1.genblk1.genblk1.genblk1.lut1 (4 -> 0)
  Optimizing lut $abc$40721$lut$aiger40720$2802.genblk1.genblk1.genblk1.genblk1.genblk1.genblk1.genblk1.genblk1.lut1.genblk1.genblk1.genblk1.genblk1.genblk1.genblk1.genblk1.lut1.genblk1.genblk1.genblk1.genblk1.genblk1.genblk1.lut0.genblk1.genblk1.genblk1.genblk1.genblk1.lut1 (4 -> 0)
  Optimizing lut $abc$40721$lut$aiger40720$2802.genblk1.genblk1.genblk1.genblk1.genblk1.genblk1.genblk1.genblk1.lut1.genblk1.genblk1.genblk1.genblk1.genblk1.genblk1.genblk1.lut0.genblk1.genblk1.genblk1.genblk1.genblk1.genblk1.lut0.genblk1.genblk1.genblk1.genblk1.genblk1.lut1 (4 -> 0)
  Optimizing lut $abc$40721$lut$aiger40720$2789.genblk1.genblk1.genblk1.genblk1.genblk1.genblk1.genblk1.genblk1.lut0.genblk1.genblk1.genblk1.genblk1.genblk1.genblk1.genblk1.lut1.genblk1.genblk1.genblk1.genblk1.genblk1.genblk1.lut0.genblk1.genblk1.genblk1.genblk1.genblk1.lut1 (4 -> 1)
  Optimizing lut $abc$40721$lut$aiger40720$2789.genblk1.genblk1.genblk1.genblk1.genblk1.genblk1.genblk1.genblk1.lut0.genblk1.genblk1.genblk1.genblk1.genblk1.genblk1.genblk1.lut0.genblk1.genblk1.genblk1.genblk1.genblk1.genblk1.lut0.genblk1.genblk1.genblk1.genblk1.genblk1.lut1 (4 -> 0)
  Optimizing lut $abc$40721$lut$aiger40720$2789.genblk1.genblk1.genblk1.genblk1.genblk1.genblk1.genblk1.genblk1.lut1.genblk1.genblk1.genblk1.genblk1.genblk1.genblk1.genblk1.lut1.genblk1.genblk1.genblk1.genblk1.genblk1.genblk1.lut0.genblk1.genblk1.genblk1.genblk1.genblk1.lut1 (4 -> 0)
  Optimizing lut $abc$40721$lut$aiger40720$2789.genblk1.genblk1.genblk1.genblk1.genblk1.genblk1.genblk1.genblk1.lut1.genblk1.genblk1.genblk1.genblk1.genblk1.genblk1.genblk1.lut0.genblk1.genblk1.genblk1.genblk1.genblk1.genblk1.lut0.genblk1.genblk1.genblk1.genblk1.genblk1.lut1 (4 -> 0)
  Optimizing lut $abc$40721$lut$aiger40720$2777.genblk1.genblk1.genblk1.genblk1.genblk1.genblk1.genblk1.genblk1.lut0.genblk1.genblk1.genblk1.genblk1.genblk1.genblk1.genblk1.lut1.genblk1.genblk1.genblk1.genblk1.genblk1.genblk1.lut0.genblk1.genblk1.genblk1.genblk1.genblk1.lut1 (4 -> 1)
  Optimizing lut $abc$40721$lut$aiger40720$2777.genblk1.genblk1.genblk1.genblk1.genblk1.genblk1.genblk1.genblk1.lut0.genblk1.genblk1.genblk1.genblk1.genblk1.genblk1.genblk1.lut0.genblk1.genblk1.genblk1.genblk1.genblk1.genblk1.lut0.genblk1.genblk1.genblk1.genblk1.genblk1.lut1 (4 -> 0)
  Optimizing lut $abc$40721$lut$aiger40720$2777.genblk1.genblk1.genblk1.genblk1.genblk1.genblk1.genblk1.genblk1.lut1.genblk1.genblk1.genblk1.genblk1.genblk1.genblk1.genblk1.lut1.genblk1.genblk1.genblk1.genblk1.genblk1.genblk1.lut0.genblk1.genblk1.genblk1.genblk1.genblk1.lut1 (4 -> 1)
  Optimizing lut $abc$40721$lut$aiger40720$2777.genblk1.genblk1.genblk1.genblk1.genblk1.genblk1.genblk1.genblk1.lut1.genblk1.genblk1.genblk1.genblk1.genblk1.genblk1.genblk1.lut0.genblk1.genblk1.genblk1.genblk1.genblk1.genblk1.lut0.genblk1.genblk1.genblk1.genblk1.genblk1.lut1 (4 -> 1)
  Optimizing lut $abc$40721$lut$aiger40720$2940.genblk1.genblk1.genblk1.genblk1.genblk1.genblk1.genblk1.genblk1.lut0.genblk1.genblk1.genblk1.genblk1.genblk1.genblk1.genblk1.lut1.genblk1.genblk1.genblk1.genblk1.genblk1.genblk1.lut0.genblk1.genblk1.genblk1.genblk1.genblk1.lut1 (4 -> 0)
  Optimizing lut $abc$40721$lut$aiger40720$2940.genblk1.genblk1.genblk1.genblk1.genblk1.genblk1.genblk1.genblk1.lut0.genblk1.genblk1.genblk1.genblk1.genblk1.genblk1.genblk1.lut0.genblk1.genblk1.genblk1.genblk1.genblk1.genblk1.lut0.genblk1.genblk1.genblk1.genblk1.genblk1.lut1 (4 -> 0)
  Optimizing lut $abc$40721$lut$aiger40720$2940.genblk1.genblk1.genblk1.genblk1.genblk1.genblk1.genblk1.genblk1.lut1.genblk1.genblk1.genblk1.genblk1.genblk1.genblk1.genblk1.lut1.genblk1.genblk1.genblk1.genblk1.genblk1.genblk1.lut0.genblk1.genblk1.genblk1.genblk1.genblk1.lut1 (4 -> 0)
  Optimizing lut $abc$40721$lut$aiger40720$2940.genblk1.genblk1.genblk1.genblk1.genblk1.genblk1.genblk1.genblk1.lut1.genblk1.genblk1.genblk1.genblk1.genblk1.genblk1.genblk1.lut0.genblk1.genblk1.genblk1.genblk1.genblk1.genblk1.lut0.genblk1.genblk1.genblk1.genblk1.genblk1.lut1 (4 -> 0)
  Optimizing lut $abc$40721$lut$aiger40720$2924.genblk1.genblk1.genblk1.genblk1.genblk1.genblk1.genblk1.genblk1.lut0.genblk1.genblk1.genblk1.genblk1.genblk1.genblk1.genblk1.lut1.genblk1.genblk1.genblk1.genblk1.genblk1.genblk1.lut0.genblk1.genblk1.genblk1.genblk1.genblk1.lut1 (4 -> 1)
  Optimizing lut $abc$40721$lut$aiger40720$2924.genblk1.genblk1.genblk1.genblk1.genblk1.genblk1.genblk1.genblk1.lut0.genblk1.genblk1.genblk1.genblk1.genblk1.genblk1.genblk1.lut0.genblk1.genblk1.genblk1.genblk1.genblk1.genblk1.lut0.genblk1.genblk1.genblk1.genblk1.genblk1.lut1 (4 -> 0)
  Optimizing lut $abc$40721$lut$aiger40720$2924.genblk1.genblk1.genblk1.genblk1.genblk1.genblk1.genblk1.genblk1.lut1.genblk1.genblk1.genblk1.genblk1.genblk1.genblk1.genblk1.lut1.genblk1.genblk1.genblk1.genblk1.genblk1.genblk1.lut0.genblk1.genblk1.genblk1.genblk1.genblk1.lut1 (4 -> 0)
  Optimizing lut $abc$40721$lut$aiger40720$2924.genblk1.genblk1.genblk1.genblk1.genblk1.genblk1.genblk1.genblk1.lut1.genblk1.genblk1.genblk1.genblk1.genblk1.genblk1.genblk1.lut0.genblk1.genblk1.genblk1.genblk1.genblk1.genblk1.lut0.genblk1.genblk1.genblk1.genblk1.genblk1.lut1 (4 -> 1)
  Optimizing lut $abc$40721$lut$aiger40720$2908.genblk1.genblk1.genblk1.genblk1.genblk1.genblk1.genblk1.genblk1.lut0.genblk1.genblk1.genblk1.genblk1.genblk1.genblk1.genblk1.lut1.genblk1.genblk1.genblk1.genblk1.genblk1.genblk1.lut0.genblk1.genblk1.genblk1.genblk1.genblk1.lut1 (4 -> 0)
  Optimizing lut $abc$40721$lut$aiger40720$2908.genblk1.genblk1.genblk1.genblk1.genblk1.genblk1.genblk1.genblk1.lut0.genblk1.genblk1.genblk1.genblk1.genblk1.genblk1.genblk1.lut0.genblk1.genblk1.genblk1.genblk1.genblk1.genblk1.lut0.genblk1.genblk1.genblk1.genblk1.genblk1.lut1 (4 -> 0)
  Optimizing lut $abc$40721$lut$aiger40720$2908.genblk1.genblk1.genblk1.genblk1.genblk1.genblk1.genblk1.genblk1.lut1.genblk1.genblk1.genblk1.genblk1.genblk1.genblk1.genblk1.lut1.genblk1.genblk1.genblk1.genblk1.genblk1.genblk1.lut0.genblk1.genblk1.genblk1.genblk1.genblk1.lut1 (4 -> 0)
  Optimizing lut $abc$40721$lut$aiger40720$2908.genblk1.genblk1.genblk1.genblk1.genblk1.genblk1.genblk1.genblk1.lut1.genblk1.genblk1.genblk1.genblk1.genblk1.genblk1.genblk1.lut0.genblk1.genblk1.genblk1.genblk1.genblk1.genblk1.lut0.genblk1.genblk1.genblk1.genblk1.genblk1.lut1 (4 -> 0)
  Optimizing lut $abc$40721$lut$aiger40720$2895.genblk1.genblk1.genblk1.genblk1.genblk1.genblk1.genblk1.genblk1.lut0.genblk1.genblk1.genblk1.genblk1.genblk1.genblk1.genblk1.lut1.genblk1.genblk1.genblk1.genblk1.genblk1.genblk1.lut0.genblk1.genblk1.genblk1.genblk1.genblk1.lut1 (4 -> 0)
  Optimizing lut $abc$40721$lut$aiger40720$2895.genblk1.genblk1.genblk1.genblk1.genblk1.genblk1.genblk1.genblk1.lut0.genblk1.genblk1.genblk1.genblk1.genblk1.genblk1.genblk1.lut0.genblk1.genblk1.genblk1.genblk1.genblk1.genblk1.lut0.genblk1.genblk1.genblk1.genblk1.genblk1.lut1 (4 -> 1)
  Optimizing lut $abc$40721$lut$aiger40720$2895.genblk1.genblk1.genblk1.genblk1.genblk1.genblk1.genblk1.genblk1.lut1.genblk1.genblk1.genblk1.genblk1.genblk1.genblk1.genblk1.lut1.genblk1.genblk1.genblk1.genblk1.genblk1.genblk1.lut0.genblk1.genblk1.genblk1.genblk1.genblk1.lut1 (4 -> 1)
  Optimizing lut $abc$40721$lut$aiger40720$2895.genblk1.genblk1.genblk1.genblk1.genblk1.genblk1.genblk1.genblk1.lut1.genblk1.genblk1.genblk1.genblk1.genblk1.genblk1.genblk1.lut0.genblk1.genblk1.genblk1.genblk1.genblk1.genblk1.lut0.genblk1.genblk1.genblk1.genblk1.genblk1.lut1 (4 -> 0)
  Optimizing lut $abc$40721$lut$aiger40720$3155.genblk1.genblk1.genblk1.genblk1.genblk1.genblk1.genblk1.genblk1.lut0.genblk1.genblk1.genblk1.genblk1.genblk1.genblk1.genblk1.lut1.genblk1.genblk1.genblk1.genblk1.genblk1.genblk1.lut0.genblk1.genblk1.genblk1.genblk1.genblk1.lut1 (4 -> 0)
  Optimizing lut $abc$40721$lut$aiger40720$3155.genblk1.genblk1.genblk1.genblk1.genblk1.genblk1.genblk1.genblk1.lut0.genblk1.genblk1.genblk1.genblk1.genblk1.genblk1.genblk1.lut0.genblk1.genblk1.genblk1.genblk1.genblk1.genblk1.lut0.genblk1.genblk1.genblk1.genblk1.genblk1.lut1 (4 -> 0)
  Optimizing lut $abc$40721$lut$aiger40720$3155.genblk1.genblk1.genblk1.genblk1.genblk1.genblk1.genblk1.genblk1.lut1.genblk1.genblk1.genblk1.genblk1.genblk1.genblk1.genblk1.lut1.genblk1.genblk1.genblk1.genblk1.genblk1.genblk1.lut0.genblk1.genblk1.genblk1.genblk1.genblk1.lut1 (4 -> 0)
  Optimizing lut $abc$40721$lut$aiger40720$3155.genblk1.genblk1.genblk1.genblk1.genblk1.genblk1.genblk1.genblk1.lut1.genblk1.genblk1.genblk1.genblk1.genblk1.genblk1.genblk1.lut0.genblk1.genblk1.genblk1.genblk1.genblk1.genblk1.lut0.genblk1.genblk1.genblk1.genblk1.genblk1.lut1 (4 -> 0)
  Optimizing lut $abc$40721$lut$aiger40720$3142.genblk1.genblk1.genblk1.genblk1.genblk1.genblk1.genblk1.genblk1.lut0.genblk1.genblk1.genblk1.genblk1.genblk1.genblk1.genblk1.lut1.genblk1.genblk1.genblk1.genblk1.genblk1.genblk1.lut0.genblk1.genblk1.genblk1.genblk1.genblk1.lut1 (4 -> 1)
  Optimizing lut $abc$40721$lut$aiger40720$3142.genblk1.genblk1.genblk1.genblk1.genblk1.genblk1.genblk1.genblk1.lut0.genblk1.genblk1.genblk1.genblk1.genblk1.genblk1.genblk1.lut0.genblk1.genblk1.genblk1.genblk1.genblk1.genblk1.lut0.genblk1.genblk1.genblk1.genblk1.genblk1.lut1 (4 -> 0)
  Optimizing lut $abc$40721$lut$aiger40720$3142.genblk1.genblk1.genblk1.genblk1.genblk1.genblk1.genblk1.genblk1.lut1.genblk1.genblk1.genblk1.genblk1.genblk1.genblk1.genblk1.lut1.genblk1.genblk1.genblk1.genblk1.genblk1.genblk1.lut0.genblk1.genblk1.genblk1.genblk1.genblk1.lut1 (4 -> 0)
  Optimizing lut $abc$40721$lut$aiger40720$3142.genblk1.genblk1.genblk1.genblk1.genblk1.genblk1.genblk1.genblk1.lut1.genblk1.genblk1.genblk1.genblk1.genblk1.genblk1.genblk1.lut0.genblk1.genblk1.genblk1.genblk1.genblk1.genblk1.lut0.genblk1.genblk1.genblk1.genblk1.genblk1.lut1 (4 -> 1)
  Optimizing lut $abc$40721$lut$aiger40720$3125.genblk1.genblk1.genblk1.genblk1.genblk1.genblk1.genblk1.genblk1.lut0.genblk1.genblk1.genblk1.genblk1.genblk1.genblk1.genblk1.lut1.genblk1.genblk1.genblk1.genblk1.genblk1.genblk1.lut0.genblk1.genblk1.genblk1.genblk1.genblk1.lut1 (4 -> 0)
  Optimizing lut $abc$40721$lut$aiger40720$3125.genblk1.genblk1.genblk1.genblk1.genblk1.genblk1.genblk1.genblk1.lut0.genblk1.genblk1.genblk1.genblk1.genblk1.genblk1.genblk1.lut0.genblk1.genblk1.genblk1.genblk1.genblk1.genblk1.lut0.genblk1.genblk1.genblk1.genblk1.genblk1.lut1 (4 -> 0)
  Optimizing lut $abc$40721$lut$aiger40720$3125.genblk1.genblk1.genblk1.genblk1.genblk1.genblk1.genblk1.genblk1.lut1.genblk1.genblk1.genblk1.genblk1.genblk1.genblk1.genblk1.lut1.genblk1.genblk1.genblk1.genblk1.genblk1.genblk1.lut0.genblk1.genblk1.genblk1.genblk1.genblk1.lut1 (4 -> 1)
  Optimizing lut $abc$40721$lut$aiger40720$3125.genblk1.genblk1.genblk1.genblk1.genblk1.genblk1.genblk1.genblk1.lut1.genblk1.genblk1.genblk1.genblk1.genblk1.genblk1.genblk1.lut0.genblk1.genblk1.genblk1.genblk1.genblk1.genblk1.lut0.genblk1.genblk1.genblk1.genblk1.genblk1.lut1 (4 -> 0)
  Optimizing lut $abc$40721$lut$aiger40720$3112.genblk1.genblk1.genblk1.genblk1.genblk1.genblk1.genblk1.genblk1.lut0.genblk1.genblk1.genblk1.genblk1.genblk1.genblk1.genblk1.lut1.genblk1.genblk1.genblk1.genblk1.genblk1.genblk1.lut0.genblk1.genblk1.genblk1.genblk1.genblk1.lut1 (4 -> 0)
  Optimizing lut $abc$40721$lut$aiger40720$3112.genblk1.genblk1.genblk1.genblk1.genblk1.genblk1.genblk1.genblk1.lut0.genblk1.genblk1.genblk1.genblk1.genblk1.genblk1.genblk1.lut0.genblk1.genblk1.genblk1.genblk1.genblk1.genblk1.lut0.genblk1.genblk1.genblk1.genblk1.genblk1.lut1 (4 -> 1)
  Optimizing lut $abc$40721$lut$aiger40720$3112.genblk1.genblk1.genblk1.genblk1.genblk1.genblk1.genblk1.genblk1.lut1.genblk1.genblk1.genblk1.genblk1.genblk1.genblk1.genblk1.lut1.genblk1.genblk1.genblk1.genblk1.genblk1.genblk1.lut0.genblk1.genblk1.genblk1.genblk1.genblk1.lut1 (4 -> 0)
  Optimizing lut $abc$40721$lut$aiger40720$3112.genblk1.genblk1.genblk1.genblk1.genblk1.genblk1.genblk1.genblk1.lut1.genblk1.genblk1.genblk1.genblk1.genblk1.genblk1.genblk1.lut0.genblk1.genblk1.genblk1.genblk1.genblk1.genblk1.lut0.genblk1.genblk1.genblk1.genblk1.genblk1.lut1 (4 -> 0)
  Optimizing lut $abc$40721$lut$aiger40720$7022.genblk1.genblk1.genblk1.genblk1.genblk1.genblk1.genblk1.genblk1.lut0.genblk1.genblk1.genblk1.genblk1.genblk1.genblk1.genblk1.lut1.genblk1.genblk1.genblk1.genblk1.genblk1.genblk1.lut0.genblk1.genblk1.genblk1.genblk1.genblk1.lut1 (4 -> 3)
  Optimizing lut $abc$40721$lut$aiger40720$7022.genblk1.genblk1.genblk1.genblk1.genblk1.genblk1.genblk1.genblk1.lut0.genblk1.genblk1.genblk1.genblk1.genblk1.genblk1.genblk1.lut0.genblk1.genblk1.genblk1.genblk1.genblk1.genblk1.lut0.genblk1.genblk1.genblk1.genblk1.genblk1.lut1 (4 -> 3)
  Optimizing lut $abc$40721$lut$aiger40720$7022.genblk1.genblk1.genblk1.genblk1.genblk1.genblk1.genblk1.genblk1.lut1.genblk1.genblk1.genblk1.genblk1.genblk1.genblk1.genblk1.lut1.genblk1.genblk1.genblk1.genblk1.genblk1.genblk1.lut0.genblk1.genblk1.genblk1.genblk1.genblk1.lut1 (4 -> 3)
  Optimizing lut $abc$40721$lut$aiger40720$7022.genblk1.genblk1.genblk1.genblk1.genblk1.genblk1.genblk1.genblk1.lut1.genblk1.genblk1.genblk1.genblk1.genblk1.genblk1.genblk1.lut0.genblk1.genblk1.genblk1.genblk1.genblk1.genblk1.lut0.genblk1.genblk1.genblk1.genblk1.genblk1.lut1 (4 -> 3)
  Optimizing lut $abc$40721$lut$aiger40720$3076.genblk1.genblk1.genblk1.genblk1.genblk1.genblk1.genblk1.genblk1.lut0.genblk1.genblk1.genblk1.genblk1.genblk1.genblk1.genblk1.lut1.genblk1.genblk1.genblk1.genblk1.genblk1.genblk1.lut0.genblk1.genblk1.genblk1.genblk1.genblk1.lut1 (4 -> 0)
  Optimizing lut $abc$40721$lut$aiger40720$3076.genblk1.genblk1.genblk1.genblk1.genblk1.genblk1.genblk1.genblk1.lut0.genblk1.genblk1.genblk1.genblk1.genblk1.genblk1.genblk1.lut0.genblk1.genblk1.genblk1.genblk1.genblk1.genblk1.lut0.genblk1.genblk1.genblk1.genblk1.genblk1.lut1 (4 -> 1)
  Optimizing lut $abc$40721$lut$aiger40720$3076.genblk1.genblk1.genblk1.genblk1.genblk1.genblk1.genblk1.genblk1.lut1.genblk1.genblk1.genblk1.genblk1.genblk1.genblk1.genblk1.lut1.genblk1.genblk1.genblk1.genblk1.genblk1.genblk1.lut0.genblk1.genblk1.genblk1.genblk1.genblk1.lut1 (4 -> 1)
  Optimizing lut $abc$40721$lut$aiger40720$3076.genblk1.genblk1.genblk1.genblk1.genblk1.genblk1.genblk1.genblk1.lut1.genblk1.genblk1.genblk1.genblk1.genblk1.genblk1.genblk1.lut0.genblk1.genblk1.genblk1.genblk1.genblk1.genblk1.lut0.genblk1.genblk1.genblk1.genblk1.genblk1.lut1 (4 -> 0)
  Optimizing lut $abc$40721$lut$aiger40720$3063.genblk1.genblk1.genblk1.genblk1.genblk1.genblk1.genblk1.genblk1.lut0.genblk1.genblk1.genblk1.genblk1.genblk1.genblk1.genblk1.lut1.genblk1.genblk1.genblk1.genblk1.genblk1.genblk1.lut0.genblk1.genblk1.genblk1.genblk1.genblk1.lut1 (4 -> 0)
  Optimizing lut $abc$40721$lut$aiger40720$3063.genblk1.genblk1.genblk1.genblk1.genblk1.genblk1.genblk1.genblk1.lut0.genblk1.genblk1.genblk1.genblk1.genblk1.genblk1.genblk1.lut0.genblk1.genblk1.genblk1.genblk1.genblk1.genblk1.lut0.genblk1.genblk1.genblk1.genblk1.genblk1.lut1 (4 -> 0)
  Optimizing lut $abc$40721$lut$aiger40720$3063.genblk1.genblk1.genblk1.genblk1.genblk1.genblk1.genblk1.genblk1.lut1.genblk1.genblk1.genblk1.genblk1.genblk1.genblk1.genblk1.lut1.genblk1.genblk1.genblk1.genblk1.genblk1.genblk1.lut0.genblk1.genblk1.genblk1.genblk1.genblk1.lut1 (4 -> 0)
  Optimizing lut $abc$40721$lut$aiger40720$3063.genblk1.genblk1.genblk1.genblk1.genblk1.genblk1.genblk1.genblk1.lut1.genblk1.genblk1.genblk1.genblk1.genblk1.genblk1.genblk1.lut0.genblk1.genblk1.genblk1.genblk1.genblk1.genblk1.lut0.genblk1.genblk1.genblk1.genblk1.genblk1.lut1 (4 -> 1)
  Optimizing lut $abc$40721$lut$aiger40720$3048.genblk1.genblk1.genblk1.genblk1.genblk1.genblk1.genblk1.genblk1.lut0.genblk1.genblk1.genblk1.genblk1.genblk1.genblk1.genblk1.lut1.genblk1.genblk1.genblk1.genblk1.genblk1.genblk1.lut0.genblk1.genblk1.genblk1.genblk1.genblk1.lut1 (4 -> 0)
  Optimizing lut $abc$40721$lut$aiger40720$3048.genblk1.genblk1.genblk1.genblk1.genblk1.genblk1.genblk1.genblk1.lut0.genblk1.genblk1.genblk1.genblk1.genblk1.genblk1.genblk1.lut0.genblk1.genblk1.genblk1.genblk1.genblk1.genblk1.lut0.genblk1.genblk1.genblk1.genblk1.genblk1.lut1 (4 -> 0)
  Optimizing lut $abc$40721$lut$aiger40720$3048.genblk1.genblk1.genblk1.genblk1.genblk1.genblk1.genblk1.genblk1.lut1.genblk1.genblk1.genblk1.genblk1.genblk1.genblk1.genblk1.lut1.genblk1.genblk1.genblk1.genblk1.genblk1.genblk1.lut0.genblk1.genblk1.genblk1.genblk1.genblk1.lut1 (4 -> 0)
  Optimizing lut $abc$40721$lut$aiger40720$3048.genblk1.genblk1.genblk1.genblk1.genblk1.genblk1.genblk1.genblk1.lut1.genblk1.genblk1.genblk1.genblk1.genblk1.genblk1.genblk1.lut0.genblk1.genblk1.genblk1.genblk1.genblk1.genblk1.lut0.genblk1.genblk1.genblk1.genblk1.genblk1.lut1 (4 -> 0)
  Optimizing lut $abc$40721$lut$aiger40720$3034.genblk1.genblk1.genblk1.genblk1.genblk1.genblk1.genblk1.genblk1.lut0.genblk1.genblk1.genblk1.genblk1.genblk1.genblk1.genblk1.lut1.genblk1.genblk1.genblk1.genblk1.genblk1.genblk1.lut0.genblk1.genblk1.genblk1.genblk1.genblk1.lut1 (4 -> 1)
  Optimizing lut $abc$40721$lut$aiger40720$3034.genblk1.genblk1.genblk1.genblk1.genblk1.genblk1.genblk1.genblk1.lut0.genblk1.genblk1.genblk1.genblk1.genblk1.genblk1.genblk1.lut0.genblk1.genblk1.genblk1.genblk1.genblk1.genblk1.lut0.genblk1.genblk1.genblk1.genblk1.genblk1.lut1 (4 -> 0)
  Optimizing lut $abc$40721$lut$aiger40720$3034.genblk1.genblk1.genblk1.genblk1.genblk1.genblk1.genblk1.genblk1.lut1.genblk1.genblk1.genblk1.genblk1.genblk1.genblk1.genblk1.lut1.genblk1.genblk1.genblk1.genblk1.genblk1.genblk1.lut0.genblk1.genblk1.genblk1.genblk1.genblk1.lut1 (4 -> 0)
  Optimizing lut $abc$40721$lut$aiger40720$3034.genblk1.genblk1.genblk1.genblk1.genblk1.genblk1.genblk1.genblk1.lut1.genblk1.genblk1.genblk1.genblk1.genblk1.genblk1.genblk1.lut0.genblk1.genblk1.genblk1.genblk1.genblk1.genblk1.lut0.genblk1.genblk1.genblk1.genblk1.genblk1.lut1 (4 -> 0)
  Optimizing lut $abc$40721$lut$aiger40720$3014.genblk1.genblk1.genblk1.genblk1.genblk1.genblk1.genblk1.genblk1.lut0.genblk1.genblk1.genblk1.genblk1.genblk1.genblk1.genblk1.lut1.genblk1.genblk1.genblk1.genblk1.genblk1.genblk1.lut0.genblk1.genblk1.genblk1.genblk1.genblk1.lut1 (4 -> 0)
  Optimizing lut $abc$40721$lut$aiger40720$3014.genblk1.genblk1.genblk1.genblk1.genblk1.genblk1.genblk1.genblk1.lut1.genblk1.genblk1.genblk1.genblk1.genblk1.genblk1.genblk1.lut1.genblk1.genblk1.genblk1.genblk1.genblk1.genblk1.lut0.genblk1.genblk1.genblk1.genblk1.genblk1.lut1 (4 -> 0)
  Optimizing lut $abc$40721$lut$aiger40720$3014.genblk1.genblk1.genblk1.genblk1.genblk1.genblk1.genblk1.genblk1.lut1.genblk1.genblk1.genblk1.genblk1.genblk1.genblk1.genblk1.lut0.genblk1.genblk1.genblk1.genblk1.genblk1.genblk1.lut0.genblk1.genblk1.genblk1.genblk1.genblk1.lut1 (4 -> 1)
  Optimizing lut $abc$40721$lut$aiger40720$2999.genblk1.genblk1.genblk1.genblk1.genblk1.genblk1.genblk1.genblk1.lut0.genblk1.genblk1.genblk1.genblk1.genblk1.genblk1.genblk1.lut1.genblk1.genblk1.genblk1.genblk1.genblk1.genblk1.lut0.genblk1.genblk1.genblk1.genblk1.genblk1.lut1 (4 -> 0)
  Optimizing lut $abc$40721$lut$aiger40720$2999.genblk1.genblk1.genblk1.genblk1.genblk1.genblk1.genblk1.genblk1.lut0.genblk1.genblk1.genblk1.genblk1.genblk1.genblk1.genblk1.lut0.genblk1.genblk1.genblk1.genblk1.genblk1.genblk1.lut0.genblk1.genblk1.genblk1.genblk1.genblk1.lut1 (4 -> 0)
  Optimizing lut $abc$40721$lut$aiger40720$2999.genblk1.genblk1.genblk1.genblk1.genblk1.genblk1.genblk1.genblk1.lut1.genblk1.genblk1.genblk1.genblk1.genblk1.genblk1.genblk1.lut1.genblk1.genblk1.genblk1.genblk1.genblk1.genblk1.lut0.genblk1.genblk1.genblk1.genblk1.genblk1.lut1 (4 -> 0)
  Optimizing lut $abc$40721$lut$aiger40720$2999.genblk1.genblk1.genblk1.genblk1.genblk1.genblk1.genblk1.genblk1.lut1.genblk1.genblk1.genblk1.genblk1.genblk1.genblk1.genblk1.lut0.genblk1.genblk1.genblk1.genblk1.genblk1.genblk1.lut0.genblk1.genblk1.genblk1.genblk1.genblk1.lut1 (4 -> 0)
  Optimizing lut $abc$40721$lut$aiger40720$2982.genblk1.genblk1.genblk1.genblk1.genblk1.genblk1.genblk1.genblk1.lut0.genblk1.genblk1.genblk1.genblk1.genblk1.genblk1.genblk1.lut1.genblk1.genblk1.genblk1.genblk1.genblk1.genblk1.lut0.genblk1.genblk1.genblk1.genblk1.genblk1.lut1 (4 -> 0)
  Optimizing lut $abc$40721$lut$aiger40720$2982.genblk1.genblk1.genblk1.genblk1.genblk1.genblk1.genblk1.genblk1.lut0.genblk1.genblk1.genblk1.genblk1.genblk1.genblk1.genblk1.lut0.genblk1.genblk1.genblk1.genblk1.genblk1.genblk1.lut0.genblk1.genblk1.genblk1.genblk1.genblk1.lut1 (4 -> 1)
  Optimizing lut $abc$40721$lut$aiger40720$2982.genblk1.genblk1.genblk1.genblk1.genblk1.genblk1.genblk1.genblk1.lut1.genblk1.genblk1.genblk1.genblk1.genblk1.genblk1.genblk1.lut1.genblk1.genblk1.genblk1.genblk1.genblk1.genblk1.lut0.genblk1.genblk1.genblk1.genblk1.genblk1.lut1 (4 -> 0)
  Optimizing lut $abc$40721$lut$aiger40720$2982.genblk1.genblk1.genblk1.genblk1.genblk1.genblk1.genblk1.genblk1.lut1.genblk1.genblk1.genblk1.genblk1.genblk1.genblk1.genblk1.lut0.genblk1.genblk1.genblk1.genblk1.genblk1.genblk1.lut0.genblk1.genblk1.genblk1.genblk1.genblk1.lut1 (4 -> 0)
  Optimizing lut $abc$40721$lut$aiger40720$2967.genblk1.genblk1.genblk1.genblk1.genblk1.genblk1.genblk1.genblk1.lut0.genblk1.genblk1.genblk1.genblk1.genblk1.genblk1.genblk1.lut1.genblk1.genblk1.genblk1.genblk1.genblk1.genblk1.lut0.genblk1.genblk1.genblk1.genblk1.genblk1.lut1 (4 -> 1)
  Optimizing lut $abc$40721$lut$aiger40720$2967.genblk1.genblk1.genblk1.genblk1.genblk1.genblk1.genblk1.genblk1.lut0.genblk1.genblk1.genblk1.genblk1.genblk1.genblk1.genblk1.lut0.genblk1.genblk1.genblk1.genblk1.genblk1.genblk1.lut0.genblk1.genblk1.genblk1.genblk1.genblk1.lut1 (4 -> 0)
  Optimizing lut $abc$40721$lut$aiger40720$2967.genblk1.genblk1.genblk1.genblk1.genblk1.genblk1.genblk1.genblk1.lut1.genblk1.genblk1.genblk1.genblk1.genblk1.genblk1.genblk1.lut1.genblk1.genblk1.genblk1.genblk1.genblk1.genblk1.lut0.genblk1.genblk1.genblk1.genblk1.genblk1.lut1 (4 -> 1)
  Optimizing lut $abc$40721$lut$aiger40720$2967.genblk1.genblk1.genblk1.genblk1.genblk1.genblk1.genblk1.genblk1.lut1.genblk1.genblk1.genblk1.genblk1.genblk1.genblk1.genblk1.lut0.genblk1.genblk1.genblk1.genblk1.genblk1.genblk1.lut0.genblk1.genblk1.genblk1.genblk1.genblk1.lut1 (4 -> 0)
  Optimizing lut $abc$40721$lut$aiger40720$2349.genblk1.genblk1.genblk1.genblk1.genblk1.genblk1.genblk1.genblk1.lut0.genblk1.genblk1.genblk1.genblk1.genblk1.genblk1.genblk1.lut1.genblk1.genblk1.genblk1.genblk1.genblk1.genblk1.lut0.genblk1.genblk1.genblk1.genblk1.genblk1.lut1 (4 -> 1)
  Optimizing lut $abc$40721$lut$aiger40720$2349.genblk1.genblk1.genblk1.genblk1.genblk1.genblk1.genblk1.genblk1.lut0.genblk1.genblk1.genblk1.genblk1.genblk1.genblk1.genblk1.lut0.genblk1.genblk1.genblk1.genblk1.genblk1.genblk1.lut0.genblk1.genblk1.genblk1.genblk1.genblk1.lut1 (4 -> 0)
  Optimizing lut $abc$40721$lut$aiger40720$2349.genblk1.genblk1.genblk1.genblk1.genblk1.genblk1.genblk1.genblk1.lut1.genblk1.genblk1.genblk1.genblk1.genblk1.genblk1.genblk1.lut1.genblk1.genblk1.genblk1.genblk1.genblk1.genblk1.lut0.genblk1.genblk1.genblk1.genblk1.genblk1.lut1 (4 -> 0)
  Optimizing lut $abc$40721$lut$aiger40720$2349.genblk1.genblk1.genblk1.genblk1.genblk1.genblk1.genblk1.genblk1.lut1.genblk1.genblk1.genblk1.genblk1.genblk1.genblk1.genblk1.lut0.genblk1.genblk1.genblk1.genblk1.genblk1.genblk1.lut0.genblk1.genblk1.genblk1.genblk1.genblk1.lut1 (4 -> 0)
  Optimizing lut $abc$40721$lut$aiger40720$2336.genblk1.genblk1.genblk1.genblk1.genblk1.genblk1.genblk1.genblk1.lut0.genblk1.genblk1.genblk1.genblk1.genblk1.genblk1.genblk1.lut1.genblk1.genblk1.genblk1.genblk1.genblk1.genblk1.lut0.genblk1.genblk1.genblk1.genblk1.genblk1.lut1 (4 -> 0)
  Optimizing lut $abc$40721$lut$aiger40720$2336.genblk1.genblk1.genblk1.genblk1.genblk1.genblk1.genblk1.genblk1.lut0.genblk1.genblk1.genblk1.genblk1.genblk1.genblk1.genblk1.lut0.genblk1.genblk1.genblk1.genblk1.genblk1.genblk1.lut0.genblk1.genblk1.genblk1.genblk1.genblk1.lut1 (4 -> 0)
  Optimizing lut $abc$40721$lut$aiger40720$2336.genblk1.genblk1.genblk1.genblk1.genblk1.genblk1.genblk1.genblk1.lut1.genblk1.genblk1.genblk1.genblk1.genblk1.genblk1.genblk1.lut1.genblk1.genblk1.genblk1.genblk1.genblk1.genblk1.lut0.genblk1.genblk1.genblk1.genblk1.genblk1.lut1 (4 -> 1)
  Optimizing lut $abc$40721$lut$aiger40720$2336.genblk1.genblk1.genblk1.genblk1.genblk1.genblk1.genblk1.genblk1.lut1.genblk1.genblk1.genblk1.genblk1.genblk1.genblk1.genblk1.lut0.genblk1.genblk1.genblk1.genblk1.genblk1.genblk1.lut0.genblk1.genblk1.genblk1.genblk1.genblk1.lut1 (4 -> 0)
  Optimizing lut $abc$40721$lut$aiger40720$2320.genblk1.genblk1.genblk1.genblk1.genblk1.genblk1.genblk1.genblk1.lut0.genblk1.genblk1.genblk1.genblk1.genblk1.genblk1.genblk1.lut1.genblk1.genblk1.genblk1.genblk1.genblk1.genblk1.lut0.genblk1.genblk1.genblk1.genblk1.genblk1.lut1 (4 -> 0)
  Optimizing lut $abc$40721$lut$aiger40720$2320.genblk1.genblk1.genblk1.genblk1.genblk1.genblk1.genblk1.genblk1.lut0.genblk1.genblk1.genblk1.genblk1.genblk1.genblk1.genblk1.lut0.genblk1.genblk1.genblk1.genblk1.genblk1.genblk1.lut0.genblk1.genblk1.genblk1.genblk1.genblk1.lut1 (4 -> 1)
  Optimizing lut $abc$40721$lut$aiger40720$2320.genblk1.genblk1.genblk1.genblk1.genblk1.genblk1.genblk1.genblk1.lut1.genblk1.genblk1.genblk1.genblk1.genblk1.genblk1.genblk1.lut1.genblk1.genblk1.genblk1.genblk1.genblk1.genblk1.lut0.genblk1.genblk1.genblk1.genblk1.genblk1.lut1 (4 -> 0)
  Optimizing lut $abc$40721$lut$aiger40720$2320.genblk1.genblk1.genblk1.genblk1.genblk1.genblk1.genblk1.genblk1.lut1.genblk1.genblk1.genblk1.genblk1.genblk1.genblk1.genblk1.lut0.genblk1.genblk1.genblk1.genblk1.genblk1.genblk1.lut0.genblk1.genblk1.genblk1.genblk1.genblk1.lut1 (4 -> 0)
  Optimizing lut $abc$40721$lut$aiger40720$2305.genblk1.genblk1.genblk1.genblk1.genblk1.genblk1.genblk1.genblk1.lut0.genblk1.genblk1.genblk1.genblk1.genblk1.genblk1.genblk1.lut1.genblk1.genblk1.genblk1.genblk1.genblk1.genblk1.lut0.genblk1.genblk1.genblk1.genblk1.genblk1.lut1 (4 -> 0)
  Optimizing lut $abc$40721$lut$aiger40720$2305.genblk1.genblk1.genblk1.genblk1.genblk1.genblk1.genblk1.genblk1.lut0.genblk1.genblk1.genblk1.genblk1.genblk1.genblk1.genblk1.lut0.genblk1.genblk1.genblk1.genblk1.genblk1.genblk1.lut0.genblk1.genblk1.genblk1.genblk1.genblk1.lut1 (4 -> 0)
  Optimizing lut $abc$40721$lut$aiger40720$2305.genblk1.genblk1.genblk1.genblk1.genblk1.genblk1.genblk1.genblk1.lut1.genblk1.genblk1.genblk1.genblk1.genblk1.genblk1.genblk1.lut1.genblk1.genblk1.genblk1.genblk1.genblk1.genblk1.lut0.genblk1.genblk1.genblk1.genblk1.genblk1.lut1 (4 -> 0)
  Optimizing lut $abc$40721$lut$aiger40720$2305.genblk1.genblk1.genblk1.genblk1.genblk1.genblk1.genblk1.genblk1.lut1.genblk1.genblk1.genblk1.genblk1.genblk1.genblk1.genblk1.lut0.genblk1.genblk1.genblk1.genblk1.genblk1.genblk1.lut0.genblk1.genblk1.genblk1.genblk1.genblk1.lut1 (4 -> 1)
  Optimizing lut $abc$40721$lut$aiger40720$2286.genblk1.genblk1.genblk1.genblk1.genblk1.genblk1.genblk1.genblk1.lut0.genblk1.genblk1.genblk1.genblk1.genblk1.genblk1.genblk1.lut1.genblk1.genblk1.genblk1.genblk1.genblk1.genblk1.lut0.genblk1.genblk1.genblk1.genblk1.genblk1.lut1 (4 -> 0)
  Optimizing lut $abc$40721$lut$aiger40720$2286.genblk1.genblk1.genblk1.genblk1.genblk1.genblk1.genblk1.genblk1.lut0.genblk1.genblk1.genblk1.genblk1.genblk1.genblk1.genblk1.lut0.genblk1.genblk1.genblk1.genblk1.genblk1.genblk1.lut0.genblk1.genblk1.genblk1.genblk1.genblk1.lut1 (4 -> 0)
  Optimizing lut $abc$40721$lut$aiger40720$2286.genblk1.genblk1.genblk1.genblk1.genblk1.genblk1.genblk1.genblk1.lut1.genblk1.genblk1.genblk1.genblk1.genblk1.genblk1.genblk1.lut1.genblk1.genblk1.genblk1.genblk1.genblk1.genblk1.lut0.genblk1.genblk1.genblk1.genblk1.genblk1.lut1 (4 -> 0)
  Optimizing lut $abc$40721$lut$aiger40720$2286.genblk1.genblk1.genblk1.genblk1.genblk1.genblk1.genblk1.genblk1.lut1.genblk1.genblk1.genblk1.genblk1.genblk1.genblk1.genblk1.lut0.genblk1.genblk1.genblk1.genblk1.genblk1.genblk1.lut0.genblk1.genblk1.genblk1.genblk1.genblk1.lut1 (4 -> 1)
  Optimizing lut $abc$40721$lut$aiger40720$2271.genblk1.genblk1.genblk1.genblk1.genblk1.genblk1.genblk1.genblk1.lut0.genblk1.genblk1.genblk1.genblk1.genblk1.genblk1.genblk1.lut1.genblk1.genblk1.genblk1.genblk1.genblk1.genblk1.lut0.genblk1.genblk1.genblk1.genblk1.genblk1.lut1 (4 -> 0)
  Optimizing lut $abc$40721$lut$aiger40720$2271.genblk1.genblk1.genblk1.genblk1.genblk1.genblk1.genblk1.genblk1.lut0.genblk1.genblk1.genblk1.genblk1.genblk1.genblk1.genblk1.lut0.genblk1.genblk1.genblk1.genblk1.genblk1.genblk1.lut0.genblk1.genblk1.genblk1.genblk1.genblk1.lut1 (4 -> 0)
  Optimizing lut $abc$40721$lut$aiger40720$2271.genblk1.genblk1.genblk1.genblk1.genblk1.genblk1.genblk1.genblk1.lut1.genblk1.genblk1.genblk1.genblk1.genblk1.genblk1.genblk1.lut1.genblk1.genblk1.genblk1.genblk1.genblk1.genblk1.lut0.genblk1.genblk1.genblk1.genblk1.genblk1.lut1 (4 -> 0)
  Optimizing lut $abc$40721$lut$aiger40720$2271.genblk1.genblk1.genblk1.genblk1.genblk1.genblk1.genblk1.genblk1.lut1.genblk1.genblk1.genblk1.genblk1.genblk1.genblk1.genblk1.lut0.genblk1.genblk1.genblk1.genblk1.genblk1.genblk1.lut0.genblk1.genblk1.genblk1.genblk1.genblk1.lut1 (4 -> 0)
  Optimizing lut $abc$40721$lut$aiger40720$2254.genblk1.genblk1.genblk1.genblk1.genblk1.genblk1.genblk1.genblk1.lut0.genblk1.genblk1.genblk1.genblk1.genblk1.genblk1.genblk1.lut1.genblk1.genblk1.genblk1.genblk1.genblk1.genblk1.lut0.genblk1.genblk1.genblk1.genblk1.genblk1.lut1 (4 -> 1)
  Optimizing lut $abc$40721$lut$aiger40720$2254.genblk1.genblk1.genblk1.genblk1.genblk1.genblk1.genblk1.genblk1.lut0.genblk1.genblk1.genblk1.genblk1.genblk1.genblk1.genblk1.lut0.genblk1.genblk1.genblk1.genblk1.genblk1.genblk1.lut0.genblk1.genblk1.genblk1.genblk1.genblk1.lut1 (4 -> 1)
  Optimizing lut $abc$40721$lut$aiger40720$2254.genblk1.genblk1.genblk1.genblk1.genblk1.genblk1.genblk1.genblk1.lut1.genblk1.genblk1.genblk1.genblk1.genblk1.genblk1.genblk1.lut1.genblk1.genblk1.genblk1.genblk1.genblk1.genblk1.lut0.genblk1.genblk1.genblk1.genblk1.genblk1.lut1 (4 -> 0)
  Optimizing lut $abc$40721$lut$aiger40720$2254.genblk1.genblk1.genblk1.genblk1.genblk1.genblk1.genblk1.genblk1.lut1.genblk1.genblk1.genblk1.genblk1.genblk1.genblk1.genblk1.lut0.genblk1.genblk1.genblk1.genblk1.genblk1.genblk1.lut0.genblk1.genblk1.genblk1.genblk1.genblk1.lut1 (4 -> 0)
  Optimizing lut $abc$40721$lut$aiger40720$2239.genblk1.genblk1.genblk1.genblk1.genblk1.genblk1.genblk1.genblk1.lut0.genblk1.genblk1.genblk1.genblk1.genblk1.genblk1.genblk1.lut1.genblk1.genblk1.genblk1.genblk1.genblk1.genblk1.lut0.genblk1.genblk1.genblk1.genblk1.genblk1.lut1 (4 -> 0)
  Optimizing lut $abc$40721$lut$aiger40720$2239.genblk1.genblk1.genblk1.genblk1.genblk1.genblk1.genblk1.genblk1.lut0.genblk1.genblk1.genblk1.genblk1.genblk1.genblk1.genblk1.lut0.genblk1.genblk1.genblk1.genblk1.genblk1.genblk1.lut0.genblk1.genblk1.genblk1.genblk1.genblk1.lut1 (4 -> 0)
  Optimizing lut $abc$40721$lut$aiger40720$2239.genblk1.genblk1.genblk1.genblk1.genblk1.genblk1.genblk1.genblk1.lut1.genblk1.genblk1.genblk1.genblk1.genblk1.genblk1.genblk1.lut1.genblk1.genblk1.genblk1.genblk1.genblk1.genblk1.lut0.genblk1.genblk1.genblk1.genblk1.genblk1.lut1 (4 -> 1)
  Optimizing lut $abc$40721$lut$aiger40720$2239.genblk1.genblk1.genblk1.genblk1.genblk1.genblk1.genblk1.genblk1.lut1.genblk1.genblk1.genblk1.genblk1.genblk1.genblk1.genblk1.lut0.genblk1.genblk1.genblk1.genblk1.genblk1.genblk1.lut0.genblk1.genblk1.genblk1.genblk1.genblk1.lut1 (4 -> 0)
  Optimizing lut $abc$40721$lut$aiger40720$2409.genblk1.genblk1.genblk1.genblk1.genblk1.genblk1.genblk1.genblk1.lut0.genblk1.genblk1.genblk1.genblk1.genblk1.genblk1.genblk1.lut1.genblk1.genblk1.genblk1.genblk1.genblk1.genblk1.lut0.genblk1.genblk1.genblk1.genblk1.genblk1.lut1 (4 -> 1)
  Optimizing lut $abc$40721$lut$aiger40720$2409.genblk1.genblk1.genblk1.genblk1.genblk1.genblk1.genblk1.genblk1.lut0.genblk1.genblk1.genblk1.genblk1.genblk1.genblk1.genblk1.lut0.genblk1.genblk1.genblk1.genblk1.genblk1.genblk1.lut0.genblk1.genblk1.genblk1.genblk1.genblk1.lut1 (4 -> 0)
  Optimizing lut $abc$40721$lut$aiger40720$2409.genblk1.genblk1.genblk1.genblk1.genblk1.genblk1.genblk1.genblk1.lut1.genblk1.genblk1.genblk1.genblk1.genblk1.genblk1.genblk1.lut1.genblk1.genblk1.genblk1.genblk1.genblk1.genblk1.lut0.genblk1.genblk1.genblk1.genblk1.genblk1.lut1 (4 -> 0)
  Optimizing lut $abc$40721$lut$aiger40720$2409.genblk1.genblk1.genblk1.genblk1.genblk1.genblk1.genblk1.genblk1.lut1.genblk1.genblk1.genblk1.genblk1.genblk1.genblk1.genblk1.lut0.genblk1.genblk1.genblk1.genblk1.genblk1.genblk1.lut0.genblk1.genblk1.genblk1.genblk1.genblk1.lut1 (4 -> 0)
  Optimizing lut $abc$40721$lut$aiger40720$2394.genblk1.genblk1.genblk1.genblk1.genblk1.genblk1.genblk1.genblk1.lut0.genblk1.genblk1.genblk1.genblk1.genblk1.genblk1.genblk1.lut1.genblk1.genblk1.genblk1.genblk1.genblk1.genblk1.lut0.genblk1.genblk1.genblk1.genblk1.genblk1.lut1 (4 -> 0)
  Optimizing lut $abc$40721$lut$aiger40720$2394.genblk1.genblk1.genblk1.genblk1.genblk1.genblk1.genblk1.genblk1.lut0.genblk1.genblk1.genblk1.genblk1.genblk1.genblk1.genblk1.lut0.genblk1.genblk1.genblk1.genblk1.genblk1.genblk1.lut0.genblk1.genblk1.genblk1.genblk1.genblk1.lut1 (4 -> 0)
  Optimizing lut $abc$40721$lut$aiger40720$2394.genblk1.genblk1.genblk1.genblk1.genblk1.genblk1.genblk1.genblk1.lut1.genblk1.genblk1.genblk1.genblk1.genblk1.genblk1.genblk1.lut1.genblk1.genblk1.genblk1.genblk1.genblk1.genblk1.lut0.genblk1.genblk1.genblk1.genblk1.genblk1.lut1 (4 -> 0)
  Optimizing lut $abc$40721$lut$aiger40720$2394.genblk1.genblk1.genblk1.genblk1.genblk1.genblk1.genblk1.genblk1.lut1.genblk1.genblk1.genblk1.genblk1.genblk1.genblk1.genblk1.lut0.genblk1.genblk1.genblk1.genblk1.genblk1.genblk1.lut0.genblk1.genblk1.genblk1.genblk1.genblk1.lut1 (4 -> 0)
  Optimizing lut $abc$40721$lut$aiger40720$2381.genblk1.genblk1.genblk1.genblk1.genblk1.genblk1.genblk1.genblk1.lut0.genblk1.genblk1.genblk1.genblk1.genblk1.genblk1.genblk1.lut1.genblk1.genblk1.genblk1.genblk1.genblk1.genblk1.lut0.genblk1.genblk1.genblk1.genblk1.genblk1.lut1 (4 -> 0)
  Optimizing lut $abc$40721$lut$aiger40720$2381.genblk1.genblk1.genblk1.genblk1.genblk1.genblk1.genblk1.genblk1.lut0.genblk1.genblk1.genblk1.genblk1.genblk1.genblk1.genblk1.lut0.genblk1.genblk1.genblk1.genblk1.genblk1.genblk1.lut0.genblk1.genblk1.genblk1.genblk1.genblk1.lut1 (4 -> 1)
  Optimizing lut $abc$40721$lut$aiger40720$2381.genblk1.genblk1.genblk1.genblk1.genblk1.genblk1.genblk1.genblk1.lut1.genblk1.genblk1.genblk1.genblk1.genblk1.genblk1.genblk1.lut1.genblk1.genblk1.genblk1.genblk1.genblk1.genblk1.lut0.genblk1.genblk1.genblk1.genblk1.genblk1.lut1 (4 -> 1)
  Optimizing lut $abc$40721$lut$aiger40720$2381.genblk1.genblk1.genblk1.genblk1.genblk1.genblk1.genblk1.genblk1.lut1.genblk1.genblk1.genblk1.genblk1.genblk1.genblk1.genblk1.lut0.genblk1.genblk1.genblk1.genblk1.genblk1.genblk1.lut0.genblk1.genblk1.genblk1.genblk1.genblk1.lut1 (4 -> 0)
  Optimizing lut $abc$40721$lut$aiger40720$2366.genblk1.genblk1.genblk1.genblk1.genblk1.genblk1.genblk1.genblk1.lut0.genblk1.genblk1.genblk1.genblk1.genblk1.genblk1.genblk1.lut1.genblk1.genblk1.genblk1.genblk1.genblk1.genblk1.lut0.genblk1.genblk1.genblk1.genblk1.genblk1.lut1 (4 -> 0)
  Optimizing lut $abc$40721$lut$aiger40720$2366.genblk1.genblk1.genblk1.genblk1.genblk1.genblk1.genblk1.genblk1.lut0.genblk1.genblk1.genblk1.genblk1.genblk1.genblk1.genblk1.lut0.genblk1.genblk1.genblk1.genblk1.genblk1.genblk1.lut0.genblk1.genblk1.genblk1.genblk1.genblk1.lut1 (4 -> 0)
  Optimizing lut $abc$40721$lut$aiger40720$2366.genblk1.genblk1.genblk1.genblk1.genblk1.genblk1.genblk1.genblk1.lut1.genblk1.genblk1.genblk1.genblk1.genblk1.genblk1.genblk1.lut1.genblk1.genblk1.genblk1.genblk1.genblk1.genblk1.lut0.genblk1.genblk1.genblk1.genblk1.genblk1.lut1 (4 -> 0)
  Optimizing lut $abc$40721$lut$aiger40720$2366.genblk1.genblk1.genblk1.genblk1.genblk1.genblk1.genblk1.genblk1.lut1.genblk1.genblk1.genblk1.genblk1.genblk1.genblk1.genblk1.lut0.genblk1.genblk1.genblk1.genblk1.genblk1.genblk1.lut0.genblk1.genblk1.genblk1.genblk1.genblk1.lut1 (4 -> 1)
  Optimizing lut $abc$40721$lut$aiger40720$2537.genblk1.genblk1.genblk1.genblk1.genblk1.genblk1.genblk1.genblk1.lut0.genblk1.genblk1.genblk1.genblk1.genblk1.genblk1.genblk1.lut1.genblk1.genblk1.genblk1.genblk1.genblk1.genblk1.lut0.genblk1.genblk1.genblk1.genblk1.genblk1.lut1 (4 -> 1)
  Optimizing lut $abc$40721$lut$aiger40720$2537.genblk1.genblk1.genblk1.genblk1.genblk1.genblk1.genblk1.genblk1.lut0.genblk1.genblk1.genblk1.genblk1.genblk1.genblk1.genblk1.lut0.genblk1.genblk1.genblk1.genblk1.genblk1.genblk1.lut0.genblk1.genblk1.genblk1.genblk1.genblk1.lut1 (4 -> 0)
  Optimizing lut $abc$40721$lut$aiger40720$2537.genblk1.genblk1.genblk1.genblk1.genblk1.genblk1.genblk1.genblk1.lut1.genblk1.genblk1.genblk1.genblk1.genblk1.genblk1.genblk1.lut1.genblk1.genblk1.genblk1.genblk1.genblk1.genblk1.lut0.genblk1.genblk1.genblk1.genblk1.genblk1.lut1 (4 -> 0)
  Optimizing lut $abc$40721$lut$aiger40720$2537.genblk1.genblk1.genblk1.genblk1.genblk1.genblk1.genblk1.genblk1.lut1.genblk1.genblk1.genblk1.genblk1.genblk1.genblk1.genblk1.lut0.genblk1.genblk1.genblk1.genblk1.genblk1.genblk1.lut0.genblk1.genblk1.genblk1.genblk1.genblk1.lut1 (4 -> 0)
  Optimizing lut $abc$40721$lut$aiger40720$2523.genblk1.genblk1.genblk1.genblk1.genblk1.genblk1.genblk1.genblk1.lut0.genblk1.genblk1.genblk1.genblk1.genblk1.genblk1.genblk1.lut1.genblk1.genblk1.genblk1.genblk1.genblk1.genblk1.lut0.genblk1.genblk1.genblk1.genblk1.genblk1.lut1 (4 -> 0)
  Optimizing lut $abc$40721$lut$aiger40720$2523.genblk1.genblk1.genblk1.genblk1.genblk1.genblk1.genblk1.genblk1.lut0.genblk1.genblk1.genblk1.genblk1.genblk1.genblk1.genblk1.lut0.genblk1.genblk1.genblk1.genblk1.genblk1.genblk1.lut0.genblk1.genblk1.genblk1.genblk1.genblk1.lut1 (4 -> 1)
  Optimizing lut $abc$40721$lut$aiger40720$2523.genblk1.genblk1.genblk1.genblk1.genblk1.genblk1.genblk1.genblk1.lut1.genblk1.genblk1.genblk1.genblk1.genblk1.genblk1.genblk1.lut1.genblk1.genblk1.genblk1.genblk1.genblk1.genblk1.lut0.genblk1.genblk1.genblk1.genblk1.genblk1.lut1 (4 -> 1)
  Optimizing lut $abc$40721$lut$aiger40720$11592.genblk1.genblk1.genblk1.genblk1.genblk1.genblk1.genblk1.genblk1.lut1.genblk1.genblk1.genblk1.genblk1.genblk1.genblk1.genblk1.lut0.genblk1.genblk1.genblk1.genblk1.genblk1.genblk1.lut1.genblk1.genblk1.genblk1.genblk1.genblk1.lut0 (4 -> 3)
  Optimizing lut $abc$40721$lut$aiger40720$2510.genblk1.genblk1.genblk1.genblk1.genblk1.genblk1.genblk1.genblk1.lut0.genblk1.genblk1.genblk1.genblk1.genblk1.genblk1.genblk1.lut1.genblk1.genblk1.genblk1.genblk1.genblk1.genblk1.lut0.genblk1.genblk1.genblk1.genblk1.genblk1.lut1 (4 -> 0)
  Optimizing lut $abc$40721$lut$aiger40720$2510.genblk1.genblk1.genblk1.genblk1.genblk1.genblk1.genblk1.genblk1.lut0.genblk1.genblk1.genblk1.genblk1.genblk1.genblk1.genblk1.lut0.genblk1.genblk1.genblk1.genblk1.genblk1.genblk1.lut0.genblk1.genblk1.genblk1.genblk1.genblk1.lut1 (4 -> 0)
  Optimizing lut $abc$40721$lut$aiger40720$2510.genblk1.genblk1.genblk1.genblk1.genblk1.genblk1.genblk1.genblk1.lut1.genblk1.genblk1.genblk1.genblk1.genblk1.genblk1.genblk1.lut1.genblk1.genblk1.genblk1.genblk1.genblk1.genblk1.lut0.genblk1.genblk1.genblk1.genblk1.genblk1.lut1 (4 -> 0)
  Optimizing lut $abc$40721$lut$aiger40720$2510.genblk1.genblk1.genblk1.genblk1.genblk1.genblk1.genblk1.genblk1.lut1.genblk1.genblk1.genblk1.genblk1.genblk1.genblk1.genblk1.lut0.genblk1.genblk1.genblk1.genblk1.genblk1.genblk1.lut0.genblk1.genblk1.genblk1.genblk1.genblk1.lut1 (4 -> 0)
  Optimizing lut $abc$40721$lut$aiger40720$2494.genblk1.genblk1.genblk1.genblk1.genblk1.genblk1.genblk1.genblk1.lut0.genblk1.genblk1.genblk1.genblk1.genblk1.genblk1.genblk1.lut1.genblk1.genblk1.genblk1.genblk1.genblk1.genblk1.lut0.genblk1.genblk1.genblk1.genblk1.genblk1.lut1 (4 -> 0)
  Optimizing lut $abc$40721$lut$aiger40720$2494.genblk1.genblk1.genblk1.genblk1.genblk1.genblk1.genblk1.genblk1.lut0.genblk1.genblk1.genblk1.genblk1.genblk1.genblk1.genblk1.lut0.genblk1.genblk1.genblk1.genblk1.genblk1.genblk1.lut0.genblk1.genblk1.genblk1.genblk1.genblk1.lut1 (4 -> 0)
  Optimizing lut $abc$40721$lut$aiger40720$2494.genblk1.genblk1.genblk1.genblk1.genblk1.genblk1.genblk1.genblk1.lut1.genblk1.genblk1.genblk1.genblk1.genblk1.genblk1.genblk1.lut1.genblk1.genblk1.genblk1.genblk1.genblk1.genblk1.lut0.genblk1.genblk1.genblk1.genblk1.genblk1.lut1 (4 -> 0)
  Optimizing lut $abc$40721$lut$aiger40720$2494.genblk1.genblk1.genblk1.genblk1.genblk1.genblk1.genblk1.genblk1.lut1.genblk1.genblk1.genblk1.genblk1.genblk1.genblk1.genblk1.lut0.genblk1.genblk1.genblk1.genblk1.genblk1.genblk1.lut0.genblk1.genblk1.genblk1.genblk1.genblk1.lut1 (4 -> 1)
  Optimizing lut $abc$40721$lut$aiger40720$2605.genblk1.genblk1.genblk1.genblk1.genblk1.genblk1.genblk1.genblk1.lut0.genblk1.genblk1.genblk1.genblk1.genblk1.genblk1.genblk1.lut1.genblk1.genblk1.genblk1.genblk1.genblk1.genblk1.lut0.genblk1.genblk1.genblk1.genblk1.genblk1.lut1 (4 -> 0)
  Optimizing lut $abc$40721$lut$aiger40720$2605.genblk1.genblk1.genblk1.genblk1.genblk1.genblk1.genblk1.genblk1.lut0.genblk1.genblk1.genblk1.genblk1.genblk1.genblk1.genblk1.lut0.genblk1.genblk1.genblk1.genblk1.genblk1.genblk1.lut0.genblk1.genblk1.genblk1.genblk1.genblk1.lut1 (4 -> 1)
  Optimizing lut $abc$40721$lut$aiger40720$2605.genblk1.genblk1.genblk1.genblk1.genblk1.genblk1.genblk1.genblk1.lut1.genblk1.genblk1.genblk1.genblk1.genblk1.genblk1.genblk1.lut1.genblk1.genblk1.genblk1.genblk1.genblk1.genblk1.lut0.genblk1.genblk1.genblk1.genblk1.genblk1.lut1 (4 -> 0)
  Optimizing lut $abc$40721$lut$aiger40720$2605.genblk1.genblk1.genblk1.genblk1.genblk1.genblk1.genblk1.genblk1.lut1.genblk1.genblk1.genblk1.genblk1.genblk1.genblk1.genblk1.lut0.genblk1.genblk1.genblk1.genblk1.genblk1.genblk1.lut0.genblk1.genblk1.genblk1.genblk1.genblk1.lut1 (4 -> 0)
  Optimizing lut $abc$40721$lut$aiger40720$2589.genblk1.genblk1.genblk1.genblk1.genblk1.genblk1.genblk1.genblk1.lut0.genblk1.genblk1.genblk1.genblk1.genblk1.genblk1.genblk1.lut1.genblk1.genblk1.genblk1.genblk1.genblk1.genblk1.lut0.genblk1.genblk1.genblk1.genblk1.genblk1.lut1 (4 -> 1)
  Optimizing lut $abc$40721$lut$aiger40720$2589.genblk1.genblk1.genblk1.genblk1.genblk1.genblk1.genblk1.genblk1.lut0.genblk1.genblk1.genblk1.genblk1.genblk1.genblk1.genblk1.lut0.genblk1.genblk1.genblk1.genblk1.genblk1.genblk1.lut0.genblk1.genblk1.genblk1.genblk1.genblk1.lut1 (4 -> 0)
  Optimizing lut $abc$40721$lut$aiger40720$2589.genblk1.genblk1.genblk1.genblk1.genblk1.genblk1.genblk1.genblk1.lut1.genblk1.genblk1.genblk1.genblk1.genblk1.genblk1.genblk1.lut1.genblk1.genblk1.genblk1.genblk1.genblk1.genblk1.lut0.genblk1.genblk1.genblk1.genblk1.genblk1.lut1 (4 -> 1)
  Optimizing lut $abc$40721$lut$aiger40720$2589.genblk1.genblk1.genblk1.genblk1.genblk1.genblk1.genblk1.genblk1.lut1.genblk1.genblk1.genblk1.genblk1.genblk1.genblk1.genblk1.lut0.genblk1.genblk1.genblk1.genblk1.genblk1.genblk1.lut0.genblk1.genblk1.genblk1.genblk1.genblk1.lut1 (4 -> 1)
  Optimizing lut $abc$40721$lut$aiger40720$2575.genblk1.genblk1.genblk1.genblk1.genblk1.genblk1.genblk1.genblk1.lut0.genblk1.genblk1.genblk1.genblk1.genblk1.genblk1.genblk1.lut1.genblk1.genblk1.genblk1.genblk1.genblk1.genblk1.lut0.genblk1.genblk1.genblk1.genblk1.genblk1.lut1 (4 -> 0)
  Optimizing lut $abc$40721$lut$aiger40720$2575.genblk1.genblk1.genblk1.genblk1.genblk1.genblk1.genblk1.genblk1.lut0.genblk1.genblk1.genblk1.genblk1.genblk1.genblk1.genblk1.lut0.genblk1.genblk1.genblk1.genblk1.genblk1.genblk1.lut0.genblk1.genblk1.genblk1.genblk1.genblk1.lut1 (4 -> 0)
  Optimizing lut $abc$40721$lut$aiger40720$2575.genblk1.genblk1.genblk1.genblk1.genblk1.genblk1.genblk1.genblk1.lut1.genblk1.genblk1.genblk1.genblk1.genblk1.genblk1.genblk1.lut1.genblk1.genblk1.genblk1.genblk1.genblk1.genblk1.lut0.genblk1.genblk1.genblk1.genblk1.genblk1.lut1 (4 -> 0)
  Optimizing lut $abc$40721$lut$aiger40720$2575.genblk1.genblk1.genblk1.genblk1.genblk1.genblk1.genblk1.genblk1.lut1.genblk1.genblk1.genblk1.genblk1.genblk1.genblk1.genblk1.lut0.genblk1.genblk1.genblk1.genblk1.genblk1.genblk1.lut0.genblk1.genblk1.genblk1.genblk1.genblk1.lut1 (4 -> 0)
  Optimizing lut $abc$40721$lut$aiger40720$2562.genblk1.genblk1.genblk1.genblk1.genblk1.genblk1.genblk1.genblk1.lut0.genblk1.genblk1.genblk1.genblk1.genblk1.genblk1.genblk1.lut1.genblk1.genblk1.genblk1.genblk1.genblk1.genblk1.lut0.genblk1.genblk1.genblk1.genblk1.genblk1.lut1 (4 -> 0)
  Optimizing lut $abc$40721$lut$aiger40720$2562.genblk1.genblk1.genblk1.genblk1.genblk1.genblk1.genblk1.genblk1.lut0.genblk1.genblk1.genblk1.genblk1.genblk1.genblk1.genblk1.lut0.genblk1.genblk1.genblk1.genblk1.genblk1.genblk1.lut0.genblk1.genblk1.genblk1.genblk1.genblk1.lut1 (4 -> 0)
  Optimizing lut $abc$40721$lut$aiger40720$2562.genblk1.genblk1.genblk1.genblk1.genblk1.genblk1.genblk1.genblk1.lut1.genblk1.genblk1.genblk1.genblk1.genblk1.genblk1.genblk1.lut1.genblk1.genblk1.genblk1.genblk1.genblk1.genblk1.lut0.genblk1.genblk1.genblk1.genblk1.genblk1.lut1 (4 -> 0)
  Optimizing lut $abc$40721$lut$aiger40720$2562.genblk1.genblk1.genblk1.genblk1.genblk1.genblk1.genblk1.genblk1.lut1.genblk1.genblk1.genblk1.genblk1.genblk1.genblk1.genblk1.lut0.genblk1.genblk1.genblk1.genblk1.genblk1.genblk1.lut0.genblk1.genblk1.genblk1.genblk1.genblk1.lut1 (4 -> 0)
  Optimizing lut $abc$40721$lut$aiger40720$2477.genblk1.genblk1.genblk1.genblk1.genblk1.genblk1.genblk1.genblk1.lut0.genblk1.genblk1.genblk1.genblk1.genblk1.genblk1.genblk1.lut1.genblk1.genblk1.genblk1.genblk1.genblk1.genblk1.lut0.genblk1.genblk1.genblk1.genblk1.genblk1.lut1 (4 -> 0)
  Optimizing lut $abc$40721$lut$aiger40720$2477.genblk1.genblk1.genblk1.genblk1.genblk1.genblk1.genblk1.genblk1.lut0.genblk1.genblk1.genblk1.genblk1.genblk1.genblk1.genblk1.lut0.genblk1.genblk1.genblk1.genblk1.genblk1.genblk1.lut0.genblk1.genblk1.genblk1.genblk1.genblk1.lut1 (4 -> 0)
  Optimizing lut $abc$40721$lut$aiger40720$2477.genblk1.genblk1.genblk1.genblk1.genblk1.genblk1.genblk1.genblk1.lut1.genblk1.genblk1.genblk1.genblk1.genblk1.genblk1.genblk1.lut1.genblk1.genblk1.genblk1.genblk1.genblk1.genblk1.lut0.genblk1.genblk1.genblk1.genblk1.genblk1.lut1 (4 -> 1)
  Optimizing lut $abc$40721$lut$aiger40720$2477.genblk1.genblk1.genblk1.genblk1.genblk1.genblk1.genblk1.genblk1.lut1.genblk1.genblk1.genblk1.genblk1.genblk1.genblk1.genblk1.lut0.genblk1.genblk1.genblk1.genblk1.genblk1.genblk1.lut0.genblk1.genblk1.genblk1.genblk1.genblk1.lut1 (4 -> 0)
  Optimizing lut $abc$40721$lut$aiger40720$2463.genblk1.genblk1.genblk1.genblk1.genblk1.genblk1.genblk1.genblk1.lut0.genblk1.genblk1.genblk1.genblk1.genblk1.genblk1.genblk1.lut1.genblk1.genblk1.genblk1.genblk1.genblk1.genblk1.lut0.genblk1.genblk1.genblk1.genblk1.genblk1.lut1 (4 -> 1)
  Optimizing lut $abc$40721$lut$aiger40720$2463.genblk1.genblk1.genblk1.genblk1.genblk1.genblk1.genblk1.genblk1.lut0.genblk1.genblk1.genblk1.genblk1.genblk1.genblk1.genblk1.lut0.genblk1.genblk1.genblk1.genblk1.genblk1.genblk1.lut0.genblk1.genblk1.genblk1.genblk1.genblk1.lut1 (4 -> 0)
  Optimizing lut $abc$40721$lut$aiger40720$2463.genblk1.genblk1.genblk1.genblk1.genblk1.genblk1.genblk1.genblk1.lut1.genblk1.genblk1.genblk1.genblk1.genblk1.genblk1.genblk1.lut1.genblk1.genblk1.genblk1.genblk1.genblk1.genblk1.lut0.genblk1.genblk1.genblk1.genblk1.genblk1.lut1 (4 -> 0)
  Optimizing lut $abc$40721$lut$aiger40720$2463.genblk1.genblk1.genblk1.genblk1.genblk1.genblk1.genblk1.genblk1.lut1.genblk1.genblk1.genblk1.genblk1.genblk1.genblk1.genblk1.lut0.genblk1.genblk1.genblk1.genblk1.genblk1.genblk1.lut0.genblk1.genblk1.genblk1.genblk1.genblk1.lut1 (4 -> 0)
  Optimizing lut $abc$40721$lut$aiger40720$2450.genblk1.genblk1.genblk1.genblk1.genblk1.genblk1.genblk1.genblk1.lut0.genblk1.genblk1.genblk1.genblk1.genblk1.genblk1.genblk1.lut1.genblk1.genblk1.genblk1.genblk1.genblk1.genblk1.lut0.genblk1.genblk1.genblk1.genblk1.genblk1.lut1 (4 -> 0)
  Optimizing lut $abc$40721$lut$aiger40720$2450.genblk1.genblk1.genblk1.genblk1.genblk1.genblk1.genblk1.genblk1.lut0.genblk1.genblk1.genblk1.genblk1.genblk1.genblk1.genblk1.lut0.genblk1.genblk1.genblk1.genblk1.genblk1.genblk1.lut0.genblk1.genblk1.genblk1.genblk1.genblk1.lut1 (4 -> 1)
  Optimizing lut $abc$40721$lut$aiger40720$2450.genblk1.genblk1.genblk1.genblk1.genblk1.genblk1.genblk1.genblk1.lut1.genblk1.genblk1.genblk1.genblk1.genblk1.genblk1.genblk1.lut1.genblk1.genblk1.genblk1.genblk1.genblk1.genblk1.lut0.genblk1.genblk1.genblk1.genblk1.genblk1.lut1 (4 -> 0)
  Optimizing lut $abc$40721$lut$aiger40720$2450.genblk1.genblk1.genblk1.genblk1.genblk1.genblk1.genblk1.genblk1.lut1.genblk1.genblk1.genblk1.genblk1.genblk1.genblk1.genblk1.lut0.genblk1.genblk1.genblk1.genblk1.genblk1.genblk1.lut0.genblk1.genblk1.genblk1.genblk1.genblk1.lut1 (4 -> 0)
  Optimizing lut $abc$40721$lut$aiger40720$2436.genblk1.genblk1.genblk1.genblk1.genblk1.genblk1.genblk1.genblk1.lut0.genblk1.genblk1.genblk1.genblk1.genblk1.genblk1.genblk1.lut1.genblk1.genblk1.genblk1.genblk1.genblk1.genblk1.lut0.genblk1.genblk1.genblk1.genblk1.genblk1.lut1 (4 -> 0)
  Optimizing lut $abc$40721$lut$aiger40720$2436.genblk1.genblk1.genblk1.genblk1.genblk1.genblk1.genblk1.genblk1.lut0.genblk1.genblk1.genblk1.genblk1.genblk1.genblk1.genblk1.lut0.genblk1.genblk1.genblk1.genblk1.genblk1.genblk1.lut0.genblk1.genblk1.genblk1.genblk1.genblk1.lut1 (4 -> 0)
  Optimizing lut $abc$40721$lut$aiger40720$2436.genblk1.genblk1.genblk1.genblk1.genblk1.genblk1.genblk1.genblk1.lut1.genblk1.genblk1.genblk1.genblk1.genblk1.genblk1.genblk1.lut1.genblk1.genblk1.genblk1.genblk1.genblk1.genblk1.lut0.genblk1.genblk1.genblk1.genblk1.genblk1.lut1 (4 -> 0)
  Optimizing lut $abc$40721$lut$aiger40720$2436.genblk1.genblk1.genblk1.genblk1.genblk1.genblk1.genblk1.genblk1.lut1.genblk1.genblk1.genblk1.genblk1.genblk1.genblk1.genblk1.lut0.genblk1.genblk1.genblk1.genblk1.genblk1.genblk1.lut0.genblk1.genblk1.genblk1.genblk1.genblk1.lut1 (4 -> 1)
  Optimizing lut $abc$40721$lut$aiger40720$3477.genblk1.genblk1.genblk1.genblk1.genblk1.genblk1.genblk1.genblk1.lut0.genblk1.genblk1.genblk1.genblk1.genblk1.genblk1.genblk1.lut1.genblk1.genblk1.genblk1.genblk1.genblk1.genblk1.lut0.genblk1.genblk1.genblk1.genblk1.genblk1.lut1 (4 -> 1)
  Optimizing lut $abc$40721$lut$aiger40720$3477.genblk1.genblk1.genblk1.genblk1.genblk1.genblk1.genblk1.genblk1.lut0.genblk1.genblk1.genblk1.genblk1.genblk1.genblk1.genblk1.lut0.genblk1.genblk1.genblk1.genblk1.genblk1.genblk1.lut0.genblk1.genblk1.genblk1.genblk1.genblk1.lut1 (4 -> 1)
  Optimizing lut $abc$40721$lut$aiger40720$3477.genblk1.genblk1.genblk1.genblk1.genblk1.genblk1.genblk1.genblk1.lut1.genblk1.genblk1.genblk1.genblk1.genblk1.genblk1.genblk1.lut1.genblk1.genblk1.genblk1.genblk1.genblk1.genblk1.lut0.genblk1.genblk1.genblk1.genblk1.genblk1.lut1 (4 -> 0)
  Optimizing lut $abc$40721$lut$aiger40720$3477.genblk1.genblk1.genblk1.genblk1.genblk1.genblk1.genblk1.genblk1.lut1.genblk1.genblk1.genblk1.genblk1.genblk1.genblk1.genblk1.lut0.genblk1.genblk1.genblk1.genblk1.genblk1.genblk1.lut0.genblk1.genblk1.genblk1.genblk1.genblk1.lut1 (4 -> 0)
  Optimizing lut $abc$40721$lut$aiger40720$3462.genblk1.genblk1.genblk1.genblk1.genblk1.genblk1.genblk1.genblk1.lut0.genblk1.genblk1.genblk1.genblk1.genblk1.genblk1.genblk1.lut1.genblk1.genblk1.genblk1.genblk1.genblk1.genblk1.lut0.genblk1.genblk1.genblk1.genblk1.genblk1.lut1 (4 -> 0)
  Optimizing lut $abc$40721$lut$aiger40720$3462.genblk1.genblk1.genblk1.genblk1.genblk1.genblk1.genblk1.genblk1.lut0.genblk1.genblk1.genblk1.genblk1.genblk1.genblk1.genblk1.lut0.genblk1.genblk1.genblk1.genblk1.genblk1.genblk1.lut0.genblk1.genblk1.genblk1.genblk1.genblk1.lut1 (4 -> 0)
  Optimizing lut $abc$40721$lut$aiger40720$3462.genblk1.genblk1.genblk1.genblk1.genblk1.genblk1.genblk1.genblk1.lut1.genblk1.genblk1.genblk1.genblk1.genblk1.genblk1.genblk1.lut1.genblk1.genblk1.genblk1.genblk1.genblk1.genblk1.lut0.genblk1.genblk1.genblk1.genblk1.genblk1.lut1 (4 -> 0)
  Optimizing lut $abc$40721$lut$aiger40720$3462.genblk1.genblk1.genblk1.genblk1.genblk1.genblk1.genblk1.genblk1.lut1.genblk1.genblk1.genblk1.genblk1.genblk1.genblk1.genblk1.lut0.genblk1.genblk1.genblk1.genblk1.genblk1.genblk1.lut0.genblk1.genblk1.genblk1.genblk1.genblk1.lut1 (4 -> 1)
  Optimizing lut $abc$40721$lut$aiger40720$3445.genblk1.genblk1.genblk1.genblk1.genblk1.genblk1.genblk1.genblk1.lut0.genblk1.genblk1.genblk1.genblk1.genblk1.genblk1.genblk1.lut1.genblk1.genblk1.genblk1.genblk1.genblk1.genblk1.lut0.genblk1.genblk1.genblk1.genblk1.genblk1.lut1 (4 -> 0)
  Optimizing lut $abc$40721$lut$aiger40720$3445.genblk1.genblk1.genblk1.genblk1.genblk1.genblk1.genblk1.genblk1.lut0.genblk1.genblk1.genblk1.genblk1.genblk1.genblk1.genblk1.lut0.genblk1.genblk1.genblk1.genblk1.genblk1.genblk1.lut0.genblk1.genblk1.genblk1.genblk1.genblk1.lut1 (4 -> 0)
  Optimizing lut $abc$40721$lut$aiger40720$3445.genblk1.genblk1.genblk1.genblk1.genblk1.genblk1.genblk1.genblk1.lut1.genblk1.genblk1.genblk1.genblk1.genblk1.genblk1.genblk1.lut1.genblk1.genblk1.genblk1.genblk1.genblk1.genblk1.lut0.genblk1.genblk1.genblk1.genblk1.genblk1.lut1 (4 -> 1)
  Optimizing lut $abc$40721$lut$aiger40720$3445.genblk1.genblk1.genblk1.genblk1.genblk1.genblk1.genblk1.genblk1.lut1.genblk1.genblk1.genblk1.genblk1.genblk1.genblk1.genblk1.lut0.genblk1.genblk1.genblk1.genblk1.genblk1.genblk1.lut0.genblk1.genblk1.genblk1.genblk1.genblk1.lut1 (4 -> 0)
  Optimizing lut $abc$40721$lut$aiger40720$3430.genblk1.genblk1.genblk1.genblk1.genblk1.genblk1.genblk1.genblk1.lut0.genblk1.genblk1.genblk1.genblk1.genblk1.genblk1.genblk1.lut1.genblk1.genblk1.genblk1.genblk1.genblk1.genblk1.lut0.genblk1.genblk1.genblk1.genblk1.genblk1.lut1 (4 -> 0)
  Optimizing lut $abc$40721$lut$aiger40720$3430.genblk1.genblk1.genblk1.genblk1.genblk1.genblk1.genblk1.genblk1.lut0.genblk1.genblk1.genblk1.genblk1.genblk1.genblk1.genblk1.lut0.genblk1.genblk1.genblk1.genblk1.genblk1.genblk1.lut0.genblk1.genblk1.genblk1.genblk1.genblk1.lut1 (4 -> 0)
  Optimizing lut $abc$40721$lut$aiger40720$3430.genblk1.genblk1.genblk1.genblk1.genblk1.genblk1.genblk1.genblk1.lut1.genblk1.genblk1.genblk1.genblk1.genblk1.genblk1.genblk1.lut1.genblk1.genblk1.genblk1.genblk1.genblk1.genblk1.lut0.genblk1.genblk1.genblk1.genblk1.genblk1.lut1 (4 -> 0)
  Optimizing lut $abc$40721$lut$aiger40720$3430.genblk1.genblk1.genblk1.genblk1.genblk1.genblk1.genblk1.genblk1.lut1.genblk1.genblk1.genblk1.genblk1.genblk1.genblk1.genblk1.lut0.genblk1.genblk1.genblk1.genblk1.genblk1.genblk1.lut0.genblk1.genblk1.genblk1.genblk1.genblk1.lut1 (4 -> 0)
  Optimizing lut $abc$40721$lut$aiger40720$6074.genblk1.genblk1.genblk1.genblk1.genblk1.genblk1.genblk1.genblk1.lut0.genblk1.genblk1.genblk1.genblk1.genblk1.genblk1.genblk1.lut1.genblk1.genblk1.genblk1.genblk1.genblk1.genblk1.lut0.genblk1.genblk1.genblk1.genblk1.genblk1.lut1 (4 -> 0)
  Optimizing lut $abc$40721$lut$aiger40720$6074.genblk1.genblk1.genblk1.genblk1.genblk1.genblk1.genblk1.genblk1.lut0.genblk1.genblk1.genblk1.genblk1.genblk1.genblk1.genblk1.lut0.genblk1.genblk1.genblk1.genblk1.genblk1.genblk1.lut0.genblk1.genblk1.genblk1.genblk1.genblk1.lut1 (4 -> 0)
  Optimizing lut $abc$40721$lut$aiger40720$6074.genblk1.genblk1.genblk1.genblk1.genblk1.genblk1.genblk1.genblk1.lut1.genblk1.genblk1.genblk1.genblk1.genblk1.genblk1.genblk1.lut1.genblk1.genblk1.genblk1.genblk1.genblk1.genblk1.lut0.genblk1.genblk1.genblk1.genblk1.genblk1.lut1 (4 -> 0)
  Optimizing lut $abc$40721$lut$aiger40720$6074.genblk1.genblk1.genblk1.genblk1.genblk1.genblk1.genblk1.genblk1.lut1.genblk1.genblk1.genblk1.genblk1.genblk1.genblk1.genblk1.lut0.genblk1.genblk1.genblk1.genblk1.genblk1.genblk1.lut0.genblk1.genblk1.genblk1.genblk1.genblk1.lut1 (4 -> 0)
  Optimizing lut $abc$40721$lut$aiger40720$6061.genblk1.genblk1.genblk1.genblk1.genblk1.genblk1.genblk1.genblk1.lut0.genblk1.genblk1.genblk1.genblk1.genblk1.genblk1.genblk1.lut1.genblk1.genblk1.genblk1.genblk1.genblk1.genblk1.lut0.genblk1.genblk1.genblk1.genblk1.genblk1.lut1 (4 -> 0)
  Optimizing lut $abc$40721$lut$aiger40720$6061.genblk1.genblk1.genblk1.genblk1.genblk1.genblk1.genblk1.genblk1.lut0.genblk1.genblk1.genblk1.genblk1.genblk1.genblk1.genblk1.lut0.genblk1.genblk1.genblk1.genblk1.genblk1.genblk1.lut0.genblk1.genblk1.genblk1.genblk1.genblk1.lut1 (4 -> 1)
  Optimizing lut $abc$40721$lut$aiger40720$6061.genblk1.genblk1.genblk1.genblk1.genblk1.genblk1.genblk1.genblk1.lut1.genblk1.genblk1.genblk1.genblk1.genblk1.genblk1.genblk1.lut1.genblk1.genblk1.genblk1.genblk1.genblk1.genblk1.lut0.genblk1.genblk1.genblk1.genblk1.genblk1.lut1 (4 -> 0)
  Optimizing lut $abc$40721$lut$aiger40720$6061.genblk1.genblk1.genblk1.genblk1.genblk1.genblk1.genblk1.genblk1.lut1.genblk1.genblk1.genblk1.genblk1.genblk1.genblk1.genblk1.lut0.genblk1.genblk1.genblk1.genblk1.genblk1.genblk1.lut0.genblk1.genblk1.genblk1.genblk1.genblk1.lut1 (4 -> 1)
  Optimizing lut $abc$40721$lut$aiger40720$6045.genblk1.genblk1.genblk1.genblk1.genblk1.genblk1.genblk1.genblk1.lut0.genblk1.genblk1.genblk1.genblk1.genblk1.genblk1.genblk1.lut1.genblk1.genblk1.genblk1.genblk1.genblk1.genblk1.lut0.genblk1.genblk1.genblk1.genblk1.genblk1.lut1 (4 -> 1)
  Optimizing lut $abc$40721$lut$aiger40720$6045.genblk1.genblk1.genblk1.genblk1.genblk1.genblk1.genblk1.genblk1.lut0.genblk1.genblk1.genblk1.genblk1.genblk1.genblk1.genblk1.lut0.genblk1.genblk1.genblk1.genblk1.genblk1.genblk1.lut0.genblk1.genblk1.genblk1.genblk1.genblk1.lut1 (4 -> 0)
  Optimizing lut $abc$40721$lut$aiger40720$6045.genblk1.genblk1.genblk1.genblk1.genblk1.genblk1.genblk1.genblk1.lut1.genblk1.genblk1.genblk1.genblk1.genblk1.genblk1.genblk1.lut1.genblk1.genblk1.genblk1.genblk1.genblk1.genblk1.lut0.genblk1.genblk1.genblk1.genblk1.genblk1.lut1 (4 -> 1)
  Optimizing lut $abc$40721$lut$aiger40720$6045.genblk1.genblk1.genblk1.genblk1.genblk1.genblk1.genblk1.genblk1.lut1.genblk1.genblk1.genblk1.genblk1.genblk1.genblk1.genblk1.lut0.genblk1.genblk1.genblk1.genblk1.genblk1.genblk1.lut0.genblk1.genblk1.genblk1.genblk1.genblk1.lut1 (4 -> 0)
  Optimizing lut $abc$40721$lut$aiger40720$6034.genblk1.genblk1.genblk1.genblk1.genblk1.genblk1.genblk1.genblk1.lut0.genblk1.genblk1.genblk1.genblk1.genblk1.genblk1.genblk1.lut1.genblk1.genblk1.genblk1.genblk1.genblk1.genblk1.lut0.genblk1.genblk1.genblk1.genblk1.genblk1.lut1 (4 -> 0)
  Optimizing lut $abc$40721$lut$aiger40720$6034.genblk1.genblk1.genblk1.genblk1.genblk1.genblk1.genblk1.genblk1.lut0.genblk1.genblk1.genblk1.genblk1.genblk1.genblk1.genblk1.lut0.genblk1.genblk1.genblk1.genblk1.genblk1.genblk1.lut0.genblk1.genblk1.genblk1.genblk1.genblk1.lut1 (4 -> 0)
  Optimizing lut $abc$40721$lut$aiger40720$6034.genblk1.genblk1.genblk1.genblk1.genblk1.genblk1.genblk1.genblk1.lut1.genblk1.genblk1.genblk1.genblk1.genblk1.genblk1.genblk1.lut1.genblk1.genblk1.genblk1.genblk1.genblk1.genblk1.lut0.genblk1.genblk1.genblk1.genblk1.genblk1.lut1 (4 -> 0)
  Optimizing lut $abc$40721$lut$aiger40720$6034.genblk1.genblk1.genblk1.genblk1.genblk1.genblk1.genblk1.genblk1.lut1.genblk1.genblk1.genblk1.genblk1.genblk1.genblk1.genblk1.lut0.genblk1.genblk1.genblk1.genblk1.genblk1.genblk1.lut0.genblk1.genblk1.genblk1.genblk1.genblk1.lut1 (4 -> 0)
  Optimizing lut $abc$40721$lut$aiger40720$2755.genblk1.genblk1.genblk1.genblk1.genblk1.genblk1.genblk1.genblk1.lut0.genblk1.genblk1.genblk1.genblk1.genblk1.genblk1.genblk1.lut1.genblk1.genblk1.genblk1.genblk1.genblk1.genblk1.lut0.genblk1.genblk1.genblk1.genblk1.genblk1.lut1 (4 -> 0)
  Optimizing lut $abc$40721$lut$aiger40720$2755.genblk1.genblk1.genblk1.genblk1.genblk1.genblk1.genblk1.genblk1.lut0.genblk1.genblk1.genblk1.genblk1.genblk1.genblk1.genblk1.lut0.genblk1.genblk1.genblk1.genblk1.genblk1.genblk1.lut0.genblk1.genblk1.genblk1.genblk1.genblk1.lut1 (4 -> 0)
  Optimizing lut $abc$40721$lut$aiger40720$2755.genblk1.genblk1.genblk1.genblk1.genblk1.genblk1.genblk1.genblk1.lut1.genblk1.genblk1.genblk1.genblk1.genblk1.genblk1.genblk1.lut1.genblk1.genblk1.genblk1.genblk1.genblk1.genblk1.lut0.genblk1.genblk1.genblk1.genblk1.genblk1.lut1 (4 -> 0)
  Optimizing lut $abc$40721$lut$aiger40720$2755.genblk1.genblk1.genblk1.genblk1.genblk1.genblk1.genblk1.genblk1.lut1.genblk1.genblk1.genblk1.genblk1.genblk1.genblk1.genblk1.lut0.genblk1.genblk1.genblk1.genblk1.genblk1.genblk1.lut0.genblk1.genblk1.genblk1.genblk1.genblk1.lut1 (4 -> 0)
  Optimizing lut $abc$40721$lut$aiger40720$2742.genblk1.genblk1.genblk1.genblk1.genblk1.genblk1.genblk1.genblk1.lut0.genblk1.genblk1.genblk1.genblk1.genblk1.genblk1.genblk1.lut1.genblk1.genblk1.genblk1.genblk1.genblk1.genblk1.lut0.genblk1.genblk1.genblk1.genblk1.genblk1.lut1 (4 -> 0)
  Optimizing lut $abc$40721$lut$aiger40720$2742.genblk1.genblk1.genblk1.genblk1.genblk1.genblk1.genblk1.genblk1.lut0.genblk1.genblk1.genblk1.genblk1.genblk1.genblk1.genblk1.lut0.genblk1.genblk1.genblk1.genblk1.genblk1.genblk1.lut0.genblk1.genblk1.genblk1.genblk1.genblk1.lut1 (4 -> 1)
  Optimizing lut $abc$40721$lut$aiger40720$2742.genblk1.genblk1.genblk1.genblk1.genblk1.genblk1.genblk1.genblk1.lut1.genblk1.genblk1.genblk1.genblk1.genblk1.genblk1.genblk1.lut1.genblk1.genblk1.genblk1.genblk1.genblk1.genblk1.lut0.genblk1.genblk1.genblk1.genblk1.genblk1.lut1 (4 -> 0)
  Optimizing lut $abc$40721$lut$aiger40720$2742.genblk1.genblk1.genblk1.genblk1.genblk1.genblk1.genblk1.genblk1.lut1.genblk1.genblk1.genblk1.genblk1.genblk1.genblk1.genblk1.lut0.genblk1.genblk1.genblk1.genblk1.genblk1.genblk1.lut0.genblk1.genblk1.genblk1.genblk1.genblk1.lut1 (4 -> 0)
  Optimizing lut $abc$40721$lut$aiger40720$2729.genblk1.genblk1.genblk1.genblk1.genblk1.genblk1.genblk1.genblk1.lut0.genblk1.genblk1.genblk1.genblk1.genblk1.genblk1.genblk1.lut1.genblk1.genblk1.genblk1.genblk1.genblk1.genblk1.lut0.genblk1.genblk1.genblk1.genblk1.genblk1.lut1 (4 -> 1)
  Optimizing lut $abc$40721$lut$aiger40720$2729.genblk1.genblk1.genblk1.genblk1.genblk1.genblk1.genblk1.genblk1.lut0.genblk1.genblk1.genblk1.genblk1.genblk1.genblk1.genblk1.lut0.genblk1.genblk1.genblk1.genblk1.genblk1.genblk1.lut0.genblk1.genblk1.genblk1.genblk1.genblk1.lut1 (4 -> 0)
  Optimizing lut $abc$40721$lut$aiger40720$2729.genblk1.genblk1.genblk1.genblk1.genblk1.genblk1.genblk1.genblk1.lut1.genblk1.genblk1.genblk1.genblk1.genblk1.genblk1.genblk1.lut1.genblk1.genblk1.genblk1.genblk1.genblk1.genblk1.lut0.genblk1.genblk1.genblk1.genblk1.genblk1.lut1 (4 -> 0)
  Optimizing lut $abc$40721$lut$aiger40720$2729.genblk1.genblk1.genblk1.genblk1.genblk1.genblk1.genblk1.genblk1.lut1.genblk1.genblk1.genblk1.genblk1.genblk1.genblk1.genblk1.lut0.genblk1.genblk1.genblk1.genblk1.genblk1.genblk1.lut0.genblk1.genblk1.genblk1.genblk1.genblk1.lut1 (4 -> 1)
  Optimizing lut $abc$40721$lut$aiger40720$2716.genblk1.genblk1.genblk1.genblk1.genblk1.genblk1.genblk1.genblk1.lut0.genblk1.genblk1.genblk1.genblk1.genblk1.genblk1.genblk1.lut1.genblk1.genblk1.genblk1.genblk1.genblk1.genblk1.lut0.genblk1.genblk1.genblk1.genblk1.genblk1.lut1 (4 -> 0)
  Optimizing lut $abc$40721$lut$aiger40720$2716.genblk1.genblk1.genblk1.genblk1.genblk1.genblk1.genblk1.genblk1.lut0.genblk1.genblk1.genblk1.genblk1.genblk1.genblk1.genblk1.lut0.genblk1.genblk1.genblk1.genblk1.genblk1.genblk1.lut0.genblk1.genblk1.genblk1.genblk1.genblk1.lut1 (4 -> 0)
  Optimizing lut $abc$40721$lut$aiger40720$2716.genblk1.genblk1.genblk1.genblk1.genblk1.genblk1.genblk1.genblk1.lut1.genblk1.genblk1.genblk1.genblk1.genblk1.genblk1.genblk1.lut1.genblk1.genblk1.genblk1.genblk1.genblk1.genblk1.lut0.genblk1.genblk1.genblk1.genblk1.genblk1.lut1 (4 -> 1)
  Optimizing lut $abc$40721$lut$aiger40720$2716.genblk1.genblk1.genblk1.genblk1.genblk1.genblk1.genblk1.genblk1.lut1.genblk1.genblk1.genblk1.genblk1.genblk1.genblk1.genblk1.lut0.genblk1.genblk1.genblk1.genblk1.genblk1.genblk1.lut0.genblk1.genblk1.genblk1.genblk1.genblk1.lut1 (4 -> 0)
  Optimizing lut $abc$40721$lut$aiger40720$11592.genblk1.genblk1.genblk1.genblk1.genblk1.genblk1.genblk1.genblk1.lut0.genblk1.genblk1.genblk1.genblk1.genblk1.genblk1.genblk1.lut0.genblk1.genblk1.genblk1.genblk1.genblk1.genblk1.lut0.genblk1.genblk1.genblk1.genblk1.genblk1.lut1 (4 -> 3)
  Optimizing lut $abc$40721$lut$aiger40720$11793.genblk1.genblk1.genblk1.genblk1.genblk1.genblk1.genblk1.genblk1.lut0.genblk1.genblk1.genblk1.genblk1.genblk1.genblk1.genblk1.lut1.genblk1.genblk1.genblk1.genblk1.genblk1.genblk1.lut0.genblk1.genblk1.genblk1.genblk1.genblk1.lut1 (4 -> 3)
  Optimizing lut $abc$40721$lut$aiger40720$11592.genblk1.genblk1.genblk1.genblk1.genblk1.genblk1.genblk1.genblk1.lut0.genblk1.genblk1.genblk1.genblk1.genblk1.genblk1.genblk1.lut1.genblk1.genblk1.genblk1.genblk1.genblk1.genblk1.lut1.genblk1.genblk1.genblk1.genblk1.genblk1.lut1 (4 -> 3)
  Optimizing lut $abc$40721$lut$aiger40720$2716.genblk1.genblk1.genblk1.genblk1.genblk1.genblk1.genblk1.genblk1.lut1.genblk1.genblk1.genblk1.genblk1.genblk1.genblk1.genblk1.lut0.genblk1.genblk1.genblk1.genblk1.genblk1.genblk1.lut1.genblk1.genblk1.genblk1.genblk1.genblk1.lut0 (4 -> 1)
  Optimizing lut $abc$40721$lut$aiger40720$2716.genblk1.genblk1.genblk1.genblk1.genblk1.genblk1.genblk1.genblk1.lut1.genblk1.genblk1.genblk1.genblk1.genblk1.genblk1.genblk1.lut1.genblk1.genblk1.genblk1.genblk1.genblk1.genblk1.lut1.genblk1.genblk1.genblk1.genblk1.genblk1.lut1 (4 -> 0)
  Optimizing lut $abc$40721$lut$aiger40720$2716.genblk1.genblk1.genblk1.genblk1.genblk1.genblk1.genblk1.genblk1.lut0.genblk1.genblk1.genblk1.genblk1.genblk1.genblk1.genblk1.lut1.genblk1.genblk1.genblk1.genblk1.genblk1.genblk1.lut1.genblk1.genblk1.genblk1.genblk1.genblk1.lut1 (4 -> 0)
  Optimizing lut $abc$40721$lut$aiger40720$2729.genblk1.genblk1.genblk1.genblk1.genblk1.genblk1.genblk1.genblk1.lut1.genblk1.genblk1.genblk1.genblk1.genblk1.genblk1.genblk1.lut1.genblk1.genblk1.genblk1.genblk1.genblk1.genblk1.lut1.genblk1.genblk1.genblk1.genblk1.genblk1.lut1 (4 -> 1)
  Optimizing lut $abc$40721$lut$aiger40720$2729.genblk1.genblk1.genblk1.genblk1.genblk1.genblk1.genblk1.genblk1.lut0.genblk1.genblk1.genblk1.genblk1.genblk1.genblk1.genblk1.lut1.genblk1.genblk1.genblk1.genblk1.genblk1.genblk1.lut1.genblk1.genblk1.genblk1.genblk1.genblk1.lut1 (4 -> 0)
  Optimizing lut $abc$40721$lut$aiger40720$2742.genblk1.genblk1.genblk1.genblk1.genblk1.genblk1.genblk1.genblk1.lut1.genblk1.genblk1.genblk1.genblk1.genblk1.genblk1.genblk1.lut1.genblk1.genblk1.genblk1.genblk1.genblk1.genblk1.lut1.genblk1.genblk1.genblk1.genblk1.genblk1.lut1 (4 -> 0)
  Optimizing lut $abc$40721$lut$aiger40720$2742.genblk1.genblk1.genblk1.genblk1.genblk1.genblk1.genblk1.genblk1.lut0.genblk1.genblk1.genblk1.genblk1.genblk1.genblk1.genblk1.lut1.genblk1.genblk1.genblk1.genblk1.genblk1.genblk1.lut1.genblk1.genblk1.genblk1.genblk1.genblk1.lut1 (4 -> 0)
  Optimizing lut $abc$40721$lut$aiger40720$2755.genblk1.genblk1.genblk1.genblk1.genblk1.genblk1.genblk1.genblk1.lut1.genblk1.genblk1.genblk1.genblk1.genblk1.genblk1.genblk1.lut1.genblk1.genblk1.genblk1.genblk1.genblk1.genblk1.lut1.genblk1.genblk1.genblk1.genblk1.genblk1.lut1 (4 -> 0)
  Optimizing lut $abc$40721$lut$aiger40720$2755.genblk1.genblk1.genblk1.genblk1.genblk1.genblk1.genblk1.genblk1.lut0.genblk1.genblk1.genblk1.genblk1.genblk1.genblk1.genblk1.lut1.genblk1.genblk1.genblk1.genblk1.genblk1.genblk1.lut1.genblk1.genblk1.genblk1.genblk1.genblk1.lut1 (4 -> 1)
  Optimizing lut $abc$40721$lut$aiger40720$6034.genblk1.genblk1.genblk1.genblk1.genblk1.genblk1.genblk1.genblk1.lut1.genblk1.genblk1.genblk1.genblk1.genblk1.genblk1.genblk1.lut1.genblk1.genblk1.genblk1.genblk1.genblk1.genblk1.lut1.genblk1.genblk1.genblk1.genblk1.genblk1.lut1 (4 -> 0)
  Optimizing lut $abc$40721$lut$aiger40720$6034.genblk1.genblk1.genblk1.genblk1.genblk1.genblk1.genblk1.genblk1.lut0.genblk1.genblk1.genblk1.genblk1.genblk1.genblk1.genblk1.lut1.genblk1.genblk1.genblk1.genblk1.genblk1.genblk1.lut1.genblk1.genblk1.genblk1.genblk1.genblk1.lut1 (4 -> 0)
  Optimizing lut $abc$40721$lut$aiger40720$6045.genblk1.genblk1.genblk1.genblk1.genblk1.genblk1.genblk1.genblk1.lut1.genblk1.genblk1.genblk1.genblk1.genblk1.genblk1.genblk1.lut1.genblk1.genblk1.genblk1.genblk1.genblk1.genblk1.lut1.genblk1.genblk1.genblk1.genblk1.genblk1.lut1 (4 -> 1)
  Optimizing lut $abc$40721$lut$aiger40720$6045.genblk1.genblk1.genblk1.genblk1.genblk1.genblk1.genblk1.genblk1.lut0.genblk1.genblk1.genblk1.genblk1.genblk1.genblk1.genblk1.lut1.genblk1.genblk1.genblk1.genblk1.genblk1.genblk1.lut1.genblk1.genblk1.genblk1.genblk1.genblk1.lut1 (4 -> 1)
  Optimizing lut $abc$40721$lut$aiger40720$6061.genblk1.genblk1.genblk1.genblk1.genblk1.genblk1.genblk1.genblk1.lut1.genblk1.genblk1.genblk1.genblk1.genblk1.genblk1.genblk1.lut1.genblk1.genblk1.genblk1.genblk1.genblk1.genblk1.lut1.genblk1.genblk1.genblk1.genblk1.genblk1.lut1 (4 -> 0)
  Optimizing lut $abc$40721$lut$aiger40720$6061.genblk1.genblk1.genblk1.genblk1.genblk1.genblk1.genblk1.genblk1.lut0.genblk1.genblk1.genblk1.genblk1.genblk1.genblk1.genblk1.lut1.genblk1.genblk1.genblk1.genblk1.genblk1.genblk1.lut1.genblk1.genblk1.genblk1.genblk1.genblk1.lut1 (4 -> 0)
  Optimizing lut $abc$40721$lut$aiger40720$6074.genblk1.genblk1.genblk1.genblk1.genblk1.genblk1.genblk1.genblk1.lut1.genblk1.genblk1.genblk1.genblk1.genblk1.genblk1.genblk1.lut1.genblk1.genblk1.genblk1.genblk1.genblk1.genblk1.lut1.genblk1.genblk1.genblk1.genblk1.genblk1.lut1 (4 -> 0)
  Optimizing lut $abc$40721$lut$aiger40720$6074.genblk1.genblk1.genblk1.genblk1.genblk1.genblk1.genblk1.genblk1.lut0.genblk1.genblk1.genblk1.genblk1.genblk1.genblk1.genblk1.lut1.genblk1.genblk1.genblk1.genblk1.genblk1.genblk1.lut1.genblk1.genblk1.genblk1.genblk1.genblk1.lut1 (4 -> 0)
  Optimizing lut $abc$40721$lut$aiger40720$3430.genblk1.genblk1.genblk1.genblk1.genblk1.genblk1.genblk1.genblk1.lut1.genblk1.genblk1.genblk1.genblk1.genblk1.genblk1.genblk1.lut1.genblk1.genblk1.genblk1.genblk1.genblk1.genblk1.lut1.genblk1.genblk1.genblk1.genblk1.genblk1.lut1 (4 -> 1)
  Optimizing lut $abc$40721$lut$aiger40720$3430.genblk1.genblk1.genblk1.genblk1.genblk1.genblk1.genblk1.genblk1.lut0.genblk1.genblk1.genblk1.genblk1.genblk1.genblk1.genblk1.lut1.genblk1.genblk1.genblk1.genblk1.genblk1.genblk1.lut1.genblk1.genblk1.genblk1.genblk1.genblk1.lut1 (4 -> 0)
  Optimizing lut $abc$40721$lut$aiger40720$3445.genblk1.genblk1.genblk1.genblk1.genblk1.genblk1.genblk1.genblk1.lut1.genblk1.genblk1.genblk1.genblk1.genblk1.genblk1.genblk1.lut1.genblk1.genblk1.genblk1.genblk1.genblk1.genblk1.lut1.genblk1.genblk1.genblk1.genblk1.genblk1.lut1 (4 -> 0)
  Optimizing lut $abc$40721$lut$aiger40720$3445.genblk1.genblk1.genblk1.genblk1.genblk1.genblk1.genblk1.genblk1.lut0.genblk1.genblk1.genblk1.genblk1.genblk1.genblk1.genblk1.lut1.genblk1.genblk1.genblk1.genblk1.genblk1.genblk1.lut1.genblk1.genblk1.genblk1.genblk1.genblk1.lut1 (4 -> 0)
  Optimizing lut $abc$40721$lut$aiger40720$3462.genblk1.genblk1.genblk1.genblk1.genblk1.genblk1.genblk1.genblk1.lut1.genblk1.genblk1.genblk1.genblk1.genblk1.genblk1.genblk1.lut1.genblk1.genblk1.genblk1.genblk1.genblk1.genblk1.lut1.genblk1.genblk1.genblk1.genblk1.genblk1.lut1 (4 -> 0)
  Optimizing lut $abc$40721$lut$aiger40720$3462.genblk1.genblk1.genblk1.genblk1.genblk1.genblk1.genblk1.genblk1.lut0.genblk1.genblk1.genblk1.genblk1.genblk1.genblk1.genblk1.lut1.genblk1.genblk1.genblk1.genblk1.genblk1.genblk1.lut1.genblk1.genblk1.genblk1.genblk1.genblk1.lut1 (4 -> 1)
  Optimizing lut $abc$40721$lut$aiger40720$3477.genblk1.genblk1.genblk1.genblk1.genblk1.genblk1.genblk1.genblk1.lut1.genblk1.genblk1.genblk1.genblk1.genblk1.genblk1.genblk1.lut1.genblk1.genblk1.genblk1.genblk1.genblk1.genblk1.lut1.genblk1.genblk1.genblk1.genblk1.genblk1.lut1 (4 -> 0)
  Optimizing lut $abc$40721$lut$aiger40720$3477.genblk1.genblk1.genblk1.genblk1.genblk1.genblk1.genblk1.genblk1.lut0.genblk1.genblk1.genblk1.genblk1.genblk1.genblk1.genblk1.lut1.genblk1.genblk1.genblk1.genblk1.genblk1.genblk1.lut1.genblk1.genblk1.genblk1.genblk1.genblk1.lut1 (4 -> 0)
  Optimizing lut $abc$40721$lut$aiger40720$2436.genblk1.genblk1.genblk1.genblk1.genblk1.genblk1.genblk1.genblk1.lut0.genblk1.genblk1.genblk1.genblk1.genblk1.genblk1.genblk1.lut1.genblk1.genblk1.genblk1.genblk1.genblk1.genblk1.lut1.genblk1.genblk1.genblk1.genblk1.genblk1.lut1 (4 -> 1)
  Optimizing lut $abc$40721$lut$aiger40720$2450.genblk1.genblk1.genblk1.genblk1.genblk1.genblk1.genblk1.genblk1.lut1.genblk1.genblk1.genblk1.genblk1.genblk1.genblk1.genblk1.lut1.genblk1.genblk1.genblk1.genblk1.genblk1.genblk1.lut1.genblk1.genblk1.genblk1.genblk1.genblk1.lut1 (4 -> 1)
  Optimizing lut $abc$40721$lut$aiger40720$2450.genblk1.genblk1.genblk1.genblk1.genblk1.genblk1.genblk1.genblk1.lut0.genblk1.genblk1.genblk1.genblk1.genblk1.genblk1.genblk1.lut1.genblk1.genblk1.genblk1.genblk1.genblk1.genblk1.lut1.genblk1.genblk1.genblk1.genblk1.genblk1.lut1 (4 -> 0)
  Optimizing lut $abc$40721$lut$aiger40720$2463.genblk1.genblk1.genblk1.genblk1.genblk1.genblk1.genblk1.genblk1.lut1.genblk1.genblk1.genblk1.genblk1.genblk1.genblk1.genblk1.lut1.genblk1.genblk1.genblk1.genblk1.genblk1.genblk1.lut1.genblk1.genblk1.genblk1.genblk1.genblk1.lut1 (4 -> 0)
  Optimizing lut $abc$40721$lut$aiger40720$2463.genblk1.genblk1.genblk1.genblk1.genblk1.genblk1.genblk1.genblk1.lut0.genblk1.genblk1.genblk1.genblk1.genblk1.genblk1.genblk1.lut1.genblk1.genblk1.genblk1.genblk1.genblk1.genblk1.lut1.genblk1.genblk1.genblk1.genblk1.genblk1.lut1 (4 -> 0)
  Optimizing lut $abc$40721$lut$aiger40720$2477.genblk1.genblk1.genblk1.genblk1.genblk1.genblk1.genblk1.genblk1.lut1.genblk1.genblk1.genblk1.genblk1.genblk1.genblk1.genblk1.lut1.genblk1.genblk1.genblk1.genblk1.genblk1.genblk1.lut1.genblk1.genblk1.genblk1.genblk1.genblk1.lut1 (4 -> 0)
  Optimizing lut $abc$40721$lut$aiger40720$2477.genblk1.genblk1.genblk1.genblk1.genblk1.genblk1.genblk1.genblk1.lut0.genblk1.genblk1.genblk1.genblk1.genblk1.genblk1.genblk1.lut1.genblk1.genblk1.genblk1.genblk1.genblk1.genblk1.lut1.genblk1.genblk1.genblk1.genblk1.genblk1.lut1 (4 -> 0)
  Optimizing lut $abc$40721$lut$aiger40720$2562.genblk1.genblk1.genblk1.genblk1.genblk1.genblk1.genblk1.genblk1.lut1.genblk1.genblk1.genblk1.genblk1.genblk1.genblk1.genblk1.lut1.genblk1.genblk1.genblk1.genblk1.genblk1.genblk1.lut1.genblk1.genblk1.genblk1.genblk1.genblk1.lut1 (4 -> 0)
  Optimizing lut $abc$40721$lut$aiger40720$2562.genblk1.genblk1.genblk1.genblk1.genblk1.genblk1.genblk1.genblk1.lut0.genblk1.genblk1.genblk1.genblk1.genblk1.genblk1.genblk1.lut1.genblk1.genblk1.genblk1.genblk1.genblk1.genblk1.lut1.genblk1.genblk1.genblk1.genblk1.genblk1.lut1 (4 -> 1)
  Optimizing lut $abc$40721$lut$aiger40720$2575.genblk1.genblk1.genblk1.genblk1.genblk1.genblk1.genblk1.genblk1.lut1.genblk1.genblk1.genblk1.genblk1.genblk1.genblk1.genblk1.lut1.genblk1.genblk1.genblk1.genblk1.genblk1.genblk1.lut1.genblk1.genblk1.genblk1.genblk1.genblk1.lut1 (4 -> 0)
  Optimizing lut $abc$40721$lut$aiger40720$2575.genblk1.genblk1.genblk1.genblk1.genblk1.genblk1.genblk1.genblk1.lut0.genblk1.genblk1.genblk1.genblk1.genblk1.genblk1.genblk1.lut1.genblk1.genblk1.genblk1.genblk1.genblk1.genblk1.lut1.genblk1.genblk1.genblk1.genblk1.genblk1.lut1 (4 -> 0)
  Optimizing lut $abc$40721$lut$aiger40720$2589.genblk1.genblk1.genblk1.genblk1.genblk1.genblk1.genblk1.genblk1.lut1.genblk1.genblk1.genblk1.genblk1.genblk1.genblk1.genblk1.lut1.genblk1.genblk1.genblk1.genblk1.genblk1.genblk1.lut1.genblk1.genblk1.genblk1.genblk1.genblk1.lut1 (4 -> 0)
  Optimizing lut $abc$40721$lut$aiger40720$2589.genblk1.genblk1.genblk1.genblk1.genblk1.genblk1.genblk1.genblk1.lut0.genblk1.genblk1.genblk1.genblk1.genblk1.genblk1.genblk1.lut1.genblk1.genblk1.genblk1.genblk1.genblk1.genblk1.lut1.genblk1.genblk1.genblk1.genblk1.genblk1.lut1 (4 -> 0)
  Optimizing lut $abc$40721$lut$aiger40720$2605.genblk1.genblk1.genblk1.genblk1.genblk1.genblk1.genblk1.genblk1.lut1.genblk1.genblk1.genblk1.genblk1.genblk1.genblk1.genblk1.lut1.genblk1.genblk1.genblk1.genblk1.genblk1.genblk1.lut1.genblk1.genblk1.genblk1.genblk1.genblk1.lut1 (4 -> 1)
  Optimizing lut $abc$40721$lut$aiger40720$2605.genblk1.genblk1.genblk1.genblk1.genblk1.genblk1.genblk1.genblk1.lut0.genblk1.genblk1.genblk1.genblk1.genblk1.genblk1.genblk1.lut1.genblk1.genblk1.genblk1.genblk1.genblk1.genblk1.lut1.genblk1.genblk1.genblk1.genblk1.genblk1.lut1 (4 -> 0)
  Optimizing lut $abc$40721$lut$aiger40720$2494.genblk1.genblk1.genblk1.genblk1.genblk1.genblk1.genblk1.genblk1.lut1.genblk1.genblk1.genblk1.genblk1.genblk1.genblk1.genblk1.lut1.genblk1.genblk1.genblk1.genblk1.genblk1.genblk1.lut1.genblk1.genblk1.genblk1.genblk1.genblk1.lut1 (4 -> 0)
  Optimizing lut $abc$40721$lut$aiger40720$2494.genblk1.genblk1.genblk1.genblk1.genblk1.genblk1.genblk1.genblk1.lut0.genblk1.genblk1.genblk1.genblk1.genblk1.genblk1.genblk1.lut1.genblk1.genblk1.genblk1.genblk1.genblk1.genblk1.lut1.genblk1.genblk1.genblk1.genblk1.genblk1.lut1 (4 -> 0)
  Optimizing lut $abc$40721$lut$aiger40720$2510.genblk1.genblk1.genblk1.genblk1.genblk1.genblk1.genblk1.genblk1.lut1.genblk1.genblk1.genblk1.genblk1.genblk1.genblk1.genblk1.lut1.genblk1.genblk1.genblk1.genblk1.genblk1.genblk1.lut1.genblk1.genblk1.genblk1.genblk1.genblk1.lut1 (4 -> 1)
  Optimizing lut $abc$40721$lut$aiger40720$2510.genblk1.genblk1.genblk1.genblk1.genblk1.genblk1.genblk1.genblk1.lut0.genblk1.genblk1.genblk1.genblk1.genblk1.genblk1.genblk1.lut1.genblk1.genblk1.genblk1.genblk1.genblk1.genblk1.lut1.genblk1.genblk1.genblk1.genblk1.genblk1.lut1 (4 -> 1)
  Optimizing lut $abc$40721$lut$aiger40720$2523.genblk1.genblk1.genblk1.genblk1.genblk1.genblk1.genblk1.genblk1.lut1.genblk1.genblk1.genblk1.genblk1.genblk1.genblk1.genblk1.lut1.genblk1.genblk1.genblk1.genblk1.genblk1.genblk1.lut1.genblk1.genblk1.genblk1.genblk1.genblk1.lut1 (4 -> 0)
  Optimizing lut $abc$40721$lut$aiger40720$2523.genblk1.genblk1.genblk1.genblk1.genblk1.genblk1.genblk1.genblk1.lut0.genblk1.genblk1.genblk1.genblk1.genblk1.genblk1.genblk1.lut1.genblk1.genblk1.genblk1.genblk1.genblk1.genblk1.lut1.genblk1.genblk1.genblk1.genblk1.genblk1.lut1 (4 -> 0)
  Optimizing lut $abc$40721$lut$aiger40720$2537.genblk1.genblk1.genblk1.genblk1.genblk1.genblk1.genblk1.genblk1.lut1.genblk1.genblk1.genblk1.genblk1.genblk1.genblk1.genblk1.lut1.genblk1.genblk1.genblk1.genblk1.genblk1.genblk1.lut1.genblk1.genblk1.genblk1.genblk1.genblk1.lut1 (4 -> 0)
  Optimizing lut $abc$40721$lut$aiger40720$2537.genblk1.genblk1.genblk1.genblk1.genblk1.genblk1.genblk1.genblk1.lut0.genblk1.genblk1.genblk1.genblk1.genblk1.genblk1.genblk1.lut1.genblk1.genblk1.genblk1.genblk1.genblk1.genblk1.lut1.genblk1.genblk1.genblk1.genblk1.genblk1.lut1 (4 -> 0)
  Optimizing lut $abc$40721$lut$aiger40720$2366.genblk1.genblk1.genblk1.genblk1.genblk1.genblk1.genblk1.genblk1.lut1.genblk1.genblk1.genblk1.genblk1.genblk1.genblk1.genblk1.lut0.genblk1.genblk1.genblk1.genblk1.genblk1.genblk1.lut1.genblk1.genblk1.genblk1.genblk1.genblk1.lut0 (4 -> 0)
  Optimizing lut $abc$40721$lut$aiger40720$2366.genblk1.genblk1.genblk1.genblk1.genblk1.genblk1.genblk1.genblk1.lut0.genblk1.genblk1.genblk1.genblk1.genblk1.genblk1.genblk1.lut1.genblk1.genblk1.genblk1.genblk1.genblk1.genblk1.lut1.genblk1.genblk1.genblk1.genblk1.genblk1.lut1 (4 -> 0)
  Optimizing lut $abc$40721$lut$aiger40720$2381.genblk1.genblk1.genblk1.genblk1.genblk1.genblk1.genblk1.genblk1.lut1.genblk1.genblk1.genblk1.genblk1.genblk1.genblk1.genblk1.lut1.genblk1.genblk1.genblk1.genblk1.genblk1.genblk1.lut1.genblk1.genblk1.genblk1.genblk1.genblk1.lut1 (4 -> 0)
  Optimizing lut $abc$40721$lut$aiger40720$2381.genblk1.genblk1.genblk1.genblk1.genblk1.genblk1.genblk1.genblk1.lut0.genblk1.genblk1.genblk1.genblk1.genblk1.genblk1.genblk1.lut1.genblk1.genblk1.genblk1.genblk1.genblk1.genblk1.lut1.genblk1.genblk1.genblk1.genblk1.genblk1.lut1 (4 -> 0)
  Optimizing lut $abc$40721$lut$aiger40720$2394.genblk1.genblk1.genblk1.genblk1.genblk1.genblk1.genblk1.genblk1.lut1.genblk1.genblk1.genblk1.genblk1.genblk1.genblk1.genblk1.lut1.genblk1.genblk1.genblk1.genblk1.genblk1.genblk1.lut1.genblk1.genblk1.genblk1.genblk1.genblk1.lut1 (4 -> 1)
  Optimizing lut $abc$40721$lut$aiger40720$2394.genblk1.genblk1.genblk1.genblk1.genblk1.genblk1.genblk1.genblk1.lut0.genblk1.genblk1.genblk1.genblk1.genblk1.genblk1.genblk1.lut1.genblk1.genblk1.genblk1.genblk1.genblk1.genblk1.lut1.genblk1.genblk1.genblk1.genblk1.genblk1.lut1 (4 -> 1)
  Optimizing lut $abc$40721$lut$aiger40720$2409.genblk1.genblk1.genblk1.genblk1.genblk1.genblk1.genblk1.genblk1.lut1.genblk1.genblk1.genblk1.genblk1.genblk1.genblk1.genblk1.lut1.genblk1.genblk1.genblk1.genblk1.genblk1.genblk1.lut1.genblk1.genblk1.genblk1.genblk1.genblk1.lut1 (4 -> 0)
  Optimizing lut $abc$40721$lut$aiger40720$2409.genblk1.genblk1.genblk1.genblk1.genblk1.genblk1.genblk1.genblk1.lut0.genblk1.genblk1.genblk1.genblk1.genblk1.genblk1.genblk1.lut1.genblk1.genblk1.genblk1.genblk1.genblk1.genblk1.lut1.genblk1.genblk1.genblk1.genblk1.genblk1.lut1 (4 -> 0)
  Optimizing lut $abc$40721$lut$aiger40720$2239.genblk1.genblk1.genblk1.genblk1.genblk1.genblk1.genblk1.genblk1.lut1.genblk1.genblk1.genblk1.genblk1.genblk1.genblk1.genblk1.lut1.genblk1.genblk1.genblk1.genblk1.genblk1.genblk1.lut1.genblk1.genblk1.genblk1.genblk1.genblk1.lut1 (4 -> 0)
  Optimizing lut $abc$40721$lut$aiger40720$2239.genblk1.genblk1.genblk1.genblk1.genblk1.genblk1.genblk1.genblk1.lut0.genblk1.genblk1.genblk1.genblk1.genblk1.genblk1.genblk1.lut1.genblk1.genblk1.genblk1.genblk1.genblk1.genblk1.lut1.genblk1.genblk1.genblk1.genblk1.genblk1.lut1 (4 -> 0)
  Optimizing lut $abc$40721$lut$aiger40720$2254.genblk1.genblk1.genblk1.genblk1.genblk1.genblk1.genblk1.genblk1.lut1.genblk1.genblk1.genblk1.genblk1.genblk1.genblk1.genblk1.lut1.genblk1.genblk1.genblk1.genblk1.genblk1.genblk1.lut1.genblk1.genblk1.genblk1.genblk1.genblk1.lut1 (4 -> 0)
  Optimizing lut $abc$40721$lut$aiger40720$2254.genblk1.genblk1.genblk1.genblk1.genblk1.genblk1.genblk1.genblk1.lut0.genblk1.genblk1.genblk1.genblk1.genblk1.genblk1.genblk1.lut1.genblk1.genblk1.genblk1.genblk1.genblk1.genblk1.lut1.genblk1.genblk1.genblk1.genblk1.genblk1.lut1 (4 -> 0)
  Optimizing lut $abc$40721$lut$aiger40720$2271.genblk1.genblk1.genblk1.genblk1.genblk1.genblk1.genblk1.genblk1.lut1.genblk1.genblk1.genblk1.genblk1.genblk1.genblk1.genblk1.lut1.genblk1.genblk1.genblk1.genblk1.genblk1.genblk1.lut1.genblk1.genblk1.genblk1.genblk1.genblk1.lut1 (4 -> 1)
  Optimizing lut $abc$40721$lut$aiger40720$2271.genblk1.genblk1.genblk1.genblk1.genblk1.genblk1.genblk1.genblk1.lut0.genblk1.genblk1.genblk1.genblk1.genblk1.genblk1.genblk1.lut1.genblk1.genblk1.genblk1.genblk1.genblk1.genblk1.lut1.genblk1.genblk1.genblk1.genblk1.genblk1.lut1 (4 -> 1)
  Optimizing lut $abc$40721$lut$aiger40720$2286.genblk1.genblk1.genblk1.genblk1.genblk1.genblk1.genblk1.genblk1.lut1.genblk1.genblk1.genblk1.genblk1.genblk1.genblk1.genblk1.lut1.genblk1.genblk1.genblk1.genblk1.genblk1.genblk1.lut1.genblk1.genblk1.genblk1.genblk1.genblk1.lut1 (4 -> 0)
  Optimizing lut $abc$40721$lut$aiger40720$2286.genblk1.genblk1.genblk1.genblk1.genblk1.genblk1.genblk1.genblk1.lut0.genblk1.genblk1.genblk1.genblk1.genblk1.genblk1.genblk1.lut1.genblk1.genblk1.genblk1.genblk1.genblk1.genblk1.lut1.genblk1.genblk1.genblk1.genblk1.genblk1.lut1 (4 -> 0)
  Optimizing lut $abc$40721$lut$aiger40720$2305.genblk1.genblk1.genblk1.genblk1.genblk1.genblk1.genblk1.genblk1.lut1.genblk1.genblk1.genblk1.genblk1.genblk1.genblk1.genblk1.lut1.genblk1.genblk1.genblk1.genblk1.genblk1.genblk1.lut1.genblk1.genblk1.genblk1.genblk1.genblk1.lut1 (4 -> 0)
  Optimizing lut $abc$40721$lut$aiger40720$2305.genblk1.genblk1.genblk1.genblk1.genblk1.genblk1.genblk1.genblk1.lut0.genblk1.genblk1.genblk1.genblk1.genblk1.genblk1.genblk1.lut1.genblk1.genblk1.genblk1.genblk1.genblk1.genblk1.lut1.genblk1.genblk1.genblk1.genblk1.genblk1.lut1 (4 -> 0)
  Optimizing lut $abc$40721$lut$aiger40720$2320.genblk1.genblk1.genblk1.genblk1.genblk1.genblk1.genblk1.genblk1.lut1.genblk1.genblk1.genblk1.genblk1.genblk1.genblk1.genblk1.lut1.genblk1.genblk1.genblk1.genblk1.genblk1.genblk1.lut1.genblk1.genblk1.genblk1.genblk1.genblk1.lut1 (4 -> 0)
  Optimizing lut $abc$40721$lut$aiger40720$2320.genblk1.genblk1.genblk1.genblk1.genblk1.genblk1.genblk1.genblk1.lut0.genblk1.genblk1.genblk1.genblk1.genblk1.genblk1.genblk1.lut1.genblk1.genblk1.genblk1.genblk1.genblk1.genblk1.lut1.genblk1.genblk1.genblk1.genblk1.genblk1.lut1 (4 -> 0)
  Optimizing lut $abc$40721$lut$aiger40720$2336.genblk1.genblk1.genblk1.genblk1.genblk1.genblk1.genblk1.genblk1.lut1.genblk1.genblk1.genblk1.genblk1.genblk1.genblk1.genblk1.lut1.genblk1.genblk1.genblk1.genblk1.genblk1.genblk1.lut1.genblk1.genblk1.genblk1.genblk1.genblk1.lut1 (4 -> 0)
  Optimizing lut $abc$40721$lut$aiger40720$2336.genblk1.genblk1.genblk1.genblk1.genblk1.genblk1.genblk1.genblk1.lut0.genblk1.genblk1.genblk1.genblk1.genblk1.genblk1.genblk1.lut1.genblk1.genblk1.genblk1.genblk1.genblk1.genblk1.lut1.genblk1.genblk1.genblk1.genblk1.genblk1.lut1 (4 -> 0)
  Optimizing lut $abc$40721$lut$aiger40720$2349.genblk1.genblk1.genblk1.genblk1.genblk1.genblk1.genblk1.genblk1.lut1.genblk1.genblk1.genblk1.genblk1.genblk1.genblk1.genblk1.lut1.genblk1.genblk1.genblk1.genblk1.genblk1.genblk1.lut1.genblk1.genblk1.genblk1.genblk1.genblk1.lut1 (4 -> 1)
  Optimizing lut $abc$40721$lut$aiger40720$2349.genblk1.genblk1.genblk1.genblk1.genblk1.genblk1.genblk1.genblk1.lut0.genblk1.genblk1.genblk1.genblk1.genblk1.genblk1.genblk1.lut1.genblk1.genblk1.genblk1.genblk1.genblk1.genblk1.lut1.genblk1.genblk1.genblk1.genblk1.genblk1.lut1 (4 -> 1)
  Optimizing lut $abc$40721$lut$aiger40720$2967.genblk1.genblk1.genblk1.genblk1.genblk1.genblk1.genblk1.genblk1.lut0.genblk1.genblk1.genblk1.genblk1.genblk1.genblk1.genblk1.lut1.genblk1.genblk1.genblk1.genblk1.genblk1.genblk1.lut1.genblk1.genblk1.genblk1.genblk1.genblk1.lut1 (4 -> 0)
  Optimizing lut $abc$40721$lut$aiger40720$2982.genblk1.genblk1.genblk1.genblk1.genblk1.genblk1.genblk1.genblk1.lut1.genblk1.genblk1.genblk1.genblk1.genblk1.genblk1.genblk1.lut1.genblk1.genblk1.genblk1.genblk1.genblk1.genblk1.lut1.genblk1.genblk1.genblk1.genblk1.genblk1.lut1 (4 -> 0)
  Optimizing lut $abc$40721$lut$aiger40720$2982.genblk1.genblk1.genblk1.genblk1.genblk1.genblk1.genblk1.genblk1.lut0.genblk1.genblk1.genblk1.genblk1.genblk1.genblk1.genblk1.lut1.genblk1.genblk1.genblk1.genblk1.genblk1.genblk1.lut1.genblk1.genblk1.genblk1.genblk1.genblk1.lut1 (4 -> 0)
  Optimizing lut $abc$40721$lut$aiger40720$2999.genblk1.genblk1.genblk1.genblk1.genblk1.genblk1.genblk1.genblk1.lut1.genblk1.genblk1.genblk1.genblk1.genblk1.genblk1.genblk1.lut1.genblk1.genblk1.genblk1.genblk1.genblk1.genblk1.lut1.genblk1.genblk1.genblk1.genblk1.genblk1.lut1 (4 -> 1)
  Optimizing lut $abc$40721$lut$aiger40720$2999.genblk1.genblk1.genblk1.genblk1.genblk1.genblk1.genblk1.genblk1.lut0.genblk1.genblk1.genblk1.genblk1.genblk1.genblk1.genblk1.lut1.genblk1.genblk1.genblk1.genblk1.genblk1.genblk1.lut1.genblk1.genblk1.genblk1.genblk1.genblk1.lut1 (4 -> 1)
  Optimizing lut $abc$40721$lut$aiger40720$3014.genblk1.genblk1.genblk1.genblk1.genblk1.genblk1.genblk1.genblk1.lut1.genblk1.genblk1.genblk1.genblk1.genblk1.genblk1.genblk1.lut1.genblk1.genblk1.genblk1.genblk1.genblk1.genblk1.lut1.genblk1.genblk1.genblk1.genblk1.genblk1.lut1 (4 -> 0)
  Optimizing lut $abc$40721$lut$aiger40720$3014.genblk1.genblk1.genblk1.genblk1.genblk1.genblk1.genblk1.genblk1.lut0.genblk1.genblk1.genblk1.genblk1.genblk1.genblk1.genblk1.lut1.genblk1.genblk1.genblk1.genblk1.genblk1.genblk1.lut1.genblk1.genblk1.genblk1.genblk1.genblk1.lut1 (4 -> 0)
  Optimizing lut $abc$40721$lut$aiger40720$7723.genblk1.genblk1.genblk1.genblk1.genblk1.genblk1.lut0.genblk1.genblk1.genblk1.genblk1.genblk1.lut0 (4 -> 2)
  Optimizing lut $abc$40721$lut$aiger40720$3034.genblk1.genblk1.genblk1.genblk1.genblk1.genblk1.genblk1.genblk1.lut0.genblk1.genblk1.genblk1.genblk1.genblk1.genblk1.genblk1.lut1.genblk1.genblk1.genblk1.genblk1.genblk1.genblk1.lut1.genblk1.genblk1.genblk1.genblk1.genblk1.lut1 (4 -> 0)
  Optimizing lut $abc$40721$lut$aiger40720$3048.genblk1.genblk1.genblk1.genblk1.genblk1.genblk1.genblk1.genblk1.lut1.genblk1.genblk1.genblk1.genblk1.genblk1.genblk1.genblk1.lut1.genblk1.genblk1.genblk1.genblk1.genblk1.genblk1.lut1.genblk1.genblk1.genblk1.genblk1.genblk1.lut1 (4 -> 0)
  Optimizing lut $abc$40721$lut$aiger40720$3048.genblk1.genblk1.genblk1.genblk1.genblk1.genblk1.genblk1.genblk1.lut0.genblk1.genblk1.genblk1.genblk1.genblk1.genblk1.genblk1.lut1.genblk1.genblk1.genblk1.genblk1.genblk1.genblk1.lut1.genblk1.genblk1.genblk1.genblk1.genblk1.lut1 (4 -> 0)
  Optimizing lut $abc$40721$lut$aiger40720$3063.genblk1.genblk1.genblk1.genblk1.genblk1.genblk1.genblk1.genblk1.lut1.genblk1.genblk1.genblk1.genblk1.genblk1.genblk1.genblk1.lut1.genblk1.genblk1.genblk1.genblk1.genblk1.genblk1.lut1.genblk1.genblk1.genblk1.genblk1.genblk1.lut1 (4 -> 1)
  Optimizing lut $abc$40721$lut$aiger40720$3063.genblk1.genblk1.genblk1.genblk1.genblk1.genblk1.genblk1.genblk1.lut0.genblk1.genblk1.genblk1.genblk1.genblk1.genblk1.genblk1.lut1.genblk1.genblk1.genblk1.genblk1.genblk1.genblk1.lut1.genblk1.genblk1.genblk1.genblk1.genblk1.lut1 (4 -> 1)
  Optimizing lut $abc$40721$lut$aiger40720$3076.genblk1.genblk1.genblk1.genblk1.genblk1.genblk1.genblk1.genblk1.lut1.genblk1.genblk1.genblk1.genblk1.genblk1.genblk1.genblk1.lut1.genblk1.genblk1.genblk1.genblk1.genblk1.genblk1.lut1.genblk1.genblk1.genblk1.genblk1.genblk1.lut1 (4 -> 0)
  Optimizing lut $abc$40721$lut$aiger40720$3076.genblk1.genblk1.genblk1.genblk1.genblk1.genblk1.genblk1.genblk1.lut0.genblk1.genblk1.genblk1.genblk1.genblk1.genblk1.genblk1.lut1.genblk1.genblk1.genblk1.genblk1.genblk1.genblk1.lut1.genblk1.genblk1.genblk1.genblk1.genblk1.lut1 (4 -> 0)
  Optimizing lut $abc$40721$lut$aiger40720$7351.genblk1.genblk1.genblk1.genblk1.genblk1.genblk1.genblk1.genblk1.lut1.genblk1.genblk1.genblk1.genblk1.genblk1.genblk1.genblk1.lut1.genblk1.genblk1.genblk1.genblk1.genblk1.genblk1.lut1.genblk1.genblk1.genblk1.genblk1.genblk1.lut1 (4 -> 2)
  Optimizing lut $abc$40721$lut$aiger40720$7532.genblk1.genblk1.genblk1.genblk1.genblk1.genblk1.lut1.genblk1.genblk1.genblk1.genblk1.genblk1.lut0 (4 -> 2)
  Optimizing lut $abc$40721$lut$aiger40720$7022.genblk1.genblk1.genblk1.genblk1.genblk1.genblk1.genblk1.genblk1.lut0.genblk1.genblk1.genblk1.genblk1.genblk1.genblk1.genblk1.lut1.genblk1.genblk1.genblk1.genblk1.genblk1.genblk1.lut1.genblk1.genblk1.genblk1.genblk1.genblk1.lut1 (4 -> 3)
  Optimizing lut $abc$40721$lut$aiger40720$3112.genblk1.genblk1.genblk1.genblk1.genblk1.genblk1.genblk1.genblk1.lut0.genblk1.genblk1.genblk1.genblk1.genblk1.genblk1.genblk1.lut1.genblk1.genblk1.genblk1.genblk1.genblk1.genblk1.lut1.genblk1.genblk1.genblk1.genblk1.genblk1.lut1 (4 -> 1)
  Optimizing lut $abc$40721$lut$aiger40720$3125.genblk1.genblk1.genblk1.genblk1.genblk1.genblk1.genblk1.genblk1.lut1.genblk1.genblk1.genblk1.genblk1.genblk1.genblk1.genblk1.lut1.genblk1.genblk1.genblk1.genblk1.genblk1.genblk1.lut1.genblk1.genblk1.genblk1.genblk1.genblk1.lut1 (4 -> 0)
  Optimizing lut $abc$40721$lut$aiger40720$3125.genblk1.genblk1.genblk1.genblk1.genblk1.genblk1.genblk1.genblk1.lut0.genblk1.genblk1.genblk1.genblk1.genblk1.genblk1.genblk1.lut1.genblk1.genblk1.genblk1.genblk1.genblk1.genblk1.lut1.genblk1.genblk1.genblk1.genblk1.genblk1.lut1 (4 -> 0)
  Optimizing lut $abc$40721$lut$aiger40720$3142.genblk1.genblk1.genblk1.genblk1.genblk1.genblk1.genblk1.genblk1.lut1.genblk1.genblk1.genblk1.genblk1.genblk1.genblk1.genblk1.lut1.genblk1.genblk1.genblk1.genblk1.genblk1.genblk1.lut1.genblk1.genblk1.genblk1.genblk1.genblk1.lut1 (4 -> 0)
  Optimizing lut $abc$40721$lut$aiger40720$3142.genblk1.genblk1.genblk1.genblk1.genblk1.genblk1.genblk1.genblk1.lut0.genblk1.genblk1.genblk1.genblk1.genblk1.genblk1.genblk1.lut1.genblk1.genblk1.genblk1.genblk1.genblk1.genblk1.lut1.genblk1.genblk1.genblk1.genblk1.genblk1.lut1 (4 -> 0)
  Optimizing lut $abc$40721$lut$aiger40720$3155.genblk1.genblk1.genblk1.genblk1.genblk1.genblk1.genblk1.genblk1.lut1.genblk1.genblk1.genblk1.genblk1.genblk1.genblk1.genblk1.lut1.genblk1.genblk1.genblk1.genblk1.genblk1.genblk1.lut1.genblk1.genblk1.genblk1.genblk1.genblk1.lut1 (4 -> 1)
  Optimizing lut $abc$40721$lut$aiger40720$3155.genblk1.genblk1.genblk1.genblk1.genblk1.genblk1.genblk1.genblk1.lut0.genblk1.genblk1.genblk1.genblk1.genblk1.genblk1.genblk1.lut1.genblk1.genblk1.genblk1.genblk1.genblk1.genblk1.lut1.genblk1.genblk1.genblk1.genblk1.genblk1.lut1 (4 -> 0)
  Optimizing lut $abc$40721$lut$aiger40720$2895.genblk1.genblk1.genblk1.genblk1.genblk1.genblk1.genblk1.genblk1.lut0.genblk1.genblk1.genblk1.genblk1.genblk1.genblk1.genblk1.lut1.genblk1.genblk1.genblk1.genblk1.genblk1.genblk1.lut1.genblk1.genblk1.genblk1.genblk1.genblk1.lut1 (4 -> 1)
  Optimizing lut $abc$40721$lut$aiger40720$2908.genblk1.genblk1.genblk1.genblk1.genblk1.genblk1.genblk1.genblk1.lut1.genblk1.genblk1.genblk1.genblk1.genblk1.genblk1.genblk1.lut1.genblk1.genblk1.genblk1.genblk1.genblk1.genblk1.lut1.genblk1.genblk1.genblk1.genblk1.genblk1.lut1 (4 -> 0)
  Optimizing lut $abc$40721$lut$aiger40720$2908.genblk1.genblk1.genblk1.genblk1.genblk1.genblk1.genblk1.genblk1.lut0.genblk1.genblk1.genblk1.genblk1.genblk1.genblk1.genblk1.lut1.genblk1.genblk1.genblk1.genblk1.genblk1.genblk1.lut1.genblk1.genblk1.genblk1.genblk1.genblk1.lut1 (4 -> 0)
  Optimizing lut $abc$40721$lut$aiger40720$2924.genblk1.genblk1.genblk1.genblk1.genblk1.genblk1.genblk1.genblk1.lut1.genblk1.genblk1.genblk1.genblk1.genblk1.genblk1.genblk1.lut1.genblk1.genblk1.genblk1.genblk1.genblk1.genblk1.lut1.genblk1.genblk1.genblk1.genblk1.genblk1.lut1 (4 -> 0)
  Optimizing lut $abc$40721$lut$aiger40720$2924.genblk1.genblk1.genblk1.genblk1.genblk1.genblk1.genblk1.genblk1.lut0.genblk1.genblk1.genblk1.genblk1.genblk1.genblk1.genblk1.lut1.genblk1.genblk1.genblk1.genblk1.genblk1.genblk1.lut1.genblk1.genblk1.genblk1.genblk1.genblk1.lut1 (4 -> 0)
  Optimizing lut $abc$40721$lut$aiger40720$2940.genblk1.genblk1.genblk1.genblk1.genblk1.genblk1.genblk1.genblk1.lut1.genblk1.genblk1.genblk1.genblk1.genblk1.genblk1.genblk1.lut1.genblk1.genblk1.genblk1.genblk1.genblk1.genblk1.lut1.genblk1.genblk1.genblk1.genblk1.genblk1.lut1 (4 -> 0)
  Optimizing lut $abc$40721$lut$aiger40720$2940.genblk1.genblk1.genblk1.genblk1.genblk1.genblk1.genblk1.genblk1.lut0.genblk1.genblk1.genblk1.genblk1.genblk1.genblk1.genblk1.lut1.genblk1.genblk1.genblk1.genblk1.genblk1.genblk1.lut1.genblk1.genblk1.genblk1.genblk1.genblk1.lut1 (4 -> 0)
  Optimizing lut $abc$40721$lut$aiger40720$2777.genblk1.genblk1.genblk1.genblk1.genblk1.genblk1.genblk1.genblk1.lut0.genblk1.genblk1.genblk1.genblk1.genblk1.genblk1.genblk1.lut1.genblk1.genblk1.genblk1.genblk1.genblk1.genblk1.lut1.genblk1.genblk1.genblk1.genblk1.genblk1.lut1 (4 -> 0)
  Optimizing lut $abc$40721$lut$aiger40720$2789.genblk1.genblk1.genblk1.genblk1.genblk1.genblk1.genblk1.genblk1.lut1.genblk1.genblk1.genblk1.genblk1.genblk1.genblk1.genblk1.lut1.genblk1.genblk1.genblk1.genblk1.genblk1.genblk1.lut1.genblk1.genblk1.genblk1.genblk1.genblk1.lut1 (4 -> 0)
  Optimizing lut $abc$40721$lut$aiger40720$2789.genblk1.genblk1.genblk1.genblk1.genblk1.genblk1.genblk1.genblk1.lut0.genblk1.genblk1.genblk1.genblk1.genblk1.genblk1.genblk1.lut1.genblk1.genblk1.genblk1.genblk1.genblk1.genblk1.lut1.genblk1.genblk1.genblk1.genblk1.genblk1.lut1 (4 -> 1)
  Optimizing lut $abc$40721$lut$aiger40720$2802.genblk1.genblk1.genblk1.genblk1.genblk1.genblk1.genblk1.genblk1.lut1.genblk1.genblk1.genblk1.genblk1.genblk1.genblk1.genblk1.lut1.genblk1.genblk1.genblk1.genblk1.genblk1.genblk1.lut1.genblk1.genblk1.genblk1.genblk1.genblk1.lut1 (4 -> 0)
  Optimizing lut $abc$40721$lut$aiger40720$2802.genblk1.genblk1.genblk1.genblk1.genblk1.genblk1.genblk1.genblk1.lut0.genblk1.genblk1.genblk1.genblk1.genblk1.genblk1.genblk1.lut1.genblk1.genblk1.genblk1.genblk1.genblk1.genblk1.lut1.genblk1.genblk1.genblk1.genblk1.genblk1.lut1 (4 -> 0)
  Optimizing lut $abc$40721$lut$aiger40720$2817.genblk1.genblk1.genblk1.genblk1.genblk1.genblk1.genblk1.genblk1.lut1.genblk1.genblk1.genblk1.genblk1.genblk1.genblk1.genblk1.lut1.genblk1.genblk1.genblk1.genblk1.genblk1.genblk1.lut1.genblk1.genblk1.genblk1.genblk1.genblk1.lut1 (4 -> 0)
  Optimizing lut $abc$40721$lut$aiger40720$2817.genblk1.genblk1.genblk1.genblk1.genblk1.genblk1.genblk1.genblk1.lut0.genblk1.genblk1.genblk1.genblk1.genblk1.genblk1.genblk1.lut1.genblk1.genblk1.genblk1.genblk1.genblk1.genblk1.lut1.genblk1.genblk1.genblk1.genblk1.genblk1.lut1 (4 -> 0)
  Optimizing lut $abc$40721$lut$aiger40720$2631.genblk1.genblk1.genblk1.genblk1.genblk1.genblk1.genblk1.genblk1.lut1.genblk1.genblk1.genblk1.genblk1.genblk1.genblk1.genblk1.lut0.genblk1.genblk1.genblk1.genblk1.genblk1.genblk1.lut1.genblk1.genblk1.genblk1.genblk1.genblk1.lut0 (4 -> 1)
  Optimizing lut $abc$40721$lut$aiger40720$2615.genblk1.genblk1.genblk1.genblk1.genblk1.genblk1.lut1.genblk1.genblk1.genblk1.genblk1.genblk1.lut0 (4 -> 0)
  Optimizing lut $abc$40721$lut$aiger40720$2615.genblk1.genblk1.genblk1.genblk1.genblk1.genblk1.lut0.genblk1.genblk1.genblk1.genblk1.genblk1.lut0 (4 -> 3)
  Optimizing lut $abc$40721$lut$aiger40720$2631.genblk1.genblk1.genblk1.genblk1.genblk1.genblk1.genblk1.genblk1.lut1.genblk1.genblk1.genblk1.genblk1.genblk1.genblk1.genblk1.lut1.genblk1.genblk1.genblk1.genblk1.genblk1.genblk1.lut1.genblk1.genblk1.genblk1.genblk1.genblk1.lut1 (4 -> 0)
  Optimizing lut $abc$40721$lut$aiger40720$2631.genblk1.genblk1.genblk1.genblk1.genblk1.genblk1.genblk1.genblk1.lut0.genblk1.genblk1.genblk1.genblk1.genblk1.genblk1.genblk1.lut1.genblk1.genblk1.genblk1.genblk1.genblk1.genblk1.lut1.genblk1.genblk1.genblk1.genblk1.genblk1.lut1 (4 -> 0)
  Optimizing lut $abc$40721$lut$aiger40720$2640.genblk1.genblk1.genblk1.genblk1.genblk1.genblk1.genblk1.lut0.genblk1.genblk1.genblk1.genblk1.genblk1.genblk1.lut0.genblk1.genblk1.genblk1.genblk1.genblk1.lut1 (4 -> 0)
  Optimizing lut $abc$40721$lut$aiger40720$2653.genblk1.genblk1.genblk1.genblk1.genblk1.genblk1.genblk1.genblk1.lut1.genblk1.genblk1.genblk1.genblk1.genblk1.genblk1.genblk1.lut0.genblk1.genblk1.genblk1.genblk1.genblk1.genblk1.lut1.genblk1.genblk1.genblk1.genblk1.genblk1.lut0 (4 -> 0)
  Optimizing lut $abc$40721$lut$aiger40720$2653.genblk1.genblk1.genblk1.genblk1.genblk1.genblk1.genblk1.genblk1.lut1.genblk1.genblk1.genblk1.genblk1.genblk1.genblk1.genblk1.lut1.genblk1.genblk1.genblk1.genblk1.genblk1.genblk1.lut1.genblk1.genblk1.genblk1.genblk1.genblk1.lut1 (4 -> 1)
  Optimizing lut $abc$40721$lut$aiger40720$2653.genblk1.genblk1.genblk1.genblk1.genblk1.genblk1.genblk1.genblk1.lut0.genblk1.genblk1.genblk1.genblk1.genblk1.genblk1.genblk1.lut1.genblk1.genblk1.genblk1.genblk1.genblk1.genblk1.lut1.genblk1.genblk1.genblk1.genblk1.genblk1.lut1 (4 -> 1)
  Optimizing lut $abc$40721$lut$aiger40720$2669.genblk1.genblk1.genblk1.genblk1.genblk1.genblk1.genblk1.genblk1.lut1.genblk1.genblk1.genblk1.genblk1.genblk1.genblk1.genblk1.lut1.genblk1.genblk1.genblk1.genblk1.genblk1.genblk1.lut1.genblk1.genblk1.genblk1.genblk1.genblk1.lut1 (4 -> 0)
  Optimizing lut $abc$40721$lut$aiger40720$2669.genblk1.genblk1.genblk1.genblk1.genblk1.genblk1.genblk1.genblk1.lut0.genblk1.genblk1.genblk1.genblk1.genblk1.genblk1.genblk1.lut1.genblk1.genblk1.genblk1.genblk1.genblk1.genblk1.lut1.genblk1.genblk1.genblk1.genblk1.genblk1.lut1 (4 -> 0)
  Optimizing lut $abc$40721$lut$aiger40720$3193.genblk1.genblk1.genblk1.genblk1.genblk1.genblk1.genblk1.genblk1.lut1.genblk1.genblk1.genblk1.genblk1.genblk1.genblk1.genblk1.lut1.genblk1.genblk1.genblk1.genblk1.genblk1.genblk1.lut1.genblk1.genblk1.genblk1.genblk1.genblk1.lut1 (4 -> 1)
  Optimizing lut $abc$40721$lut$aiger40720$3193.genblk1.genblk1.genblk1.genblk1.genblk1.genblk1.genblk1.genblk1.lut0.genblk1.genblk1.genblk1.genblk1.genblk1.genblk1.genblk1.lut1.genblk1.genblk1.genblk1.genblk1.genblk1.genblk1.lut1.genblk1.genblk1.genblk1.genblk1.genblk1.lut1 (4 -> 2)
  Optimizing lut $abc$40721$lut$aiger40720$3204.genblk1.genblk1.genblk1.genblk1.genblk1.genblk1.genblk1.genblk1.lut1.genblk1.genblk1.genblk1.genblk1.genblk1.genblk1.genblk1.lut1.genblk1.genblk1.genblk1.genblk1.genblk1.genblk1.lut1.genblk1.genblk1.genblk1.genblk1.genblk1.lut1 (4 -> 0)
  Optimizing lut $abc$40721$lut$aiger40720$3204.genblk1.genblk1.genblk1.genblk1.genblk1.genblk1.genblk1.genblk1.lut0.genblk1.genblk1.genblk1.genblk1.genblk1.genblk1.genblk1.lut1.genblk1.genblk1.genblk1.genblk1.genblk1.genblk1.lut1.genblk1.genblk1.genblk1.genblk1.genblk1.lut1 (4 -> 2)
  Optimizing lut $abc$40721$lut$aiger40720$2836.genblk1.genblk1.genblk1.genblk1.genblk1.genblk1.genblk1.genblk1.lut0.genblk1.genblk1.genblk1.genblk1.genblk1.genblk1.genblk1.lut1.genblk1.genblk1.genblk1.genblk1.genblk1.genblk1.lut1.genblk1.genblk1.genblk1.genblk1.genblk1.lut1 (4 -> 1)
  Optimizing lut $abc$40721$lut$aiger40720$2850.genblk1.genblk1.genblk1.genblk1.genblk1.genblk1.genblk1.genblk1.lut1.genblk1.genblk1.genblk1.genblk1.genblk1.genblk1.genblk1.lut1.genblk1.genblk1.genblk1.genblk1.genblk1.genblk1.lut1.genblk1.genblk1.genblk1.genblk1.genblk1.lut1 (4 -> 0)
  Optimizing lut $abc$40721$lut$aiger40720$2850.genblk1.genblk1.genblk1.genblk1.genblk1.genblk1.genblk1.genblk1.lut0.genblk1.genblk1.genblk1.genblk1.genblk1.genblk1.genblk1.lut1.genblk1.genblk1.genblk1.genblk1.genblk1.genblk1.lut1.genblk1.genblk1.genblk1.genblk1.genblk1.lut1 (4 -> 0)
  Optimizing lut $abc$40721$lut$aiger40720$2863.genblk1.genblk1.genblk1.genblk1.genblk1.genblk1.genblk1.genblk1.lut1.genblk1.genblk1.genblk1.genblk1.genblk1.genblk1.genblk1.lut1.genblk1.genblk1.genblk1.genblk1.genblk1.genblk1.lut1.genblk1.genblk1.genblk1.genblk1.genblk1.lut1 (4 -> 1)
  Optimizing lut $abc$40721$lut$aiger40720$2863.genblk1.genblk1.genblk1.genblk1.genblk1.genblk1.genblk1.genblk1.lut0.genblk1.genblk1.genblk1.genblk1.genblk1.genblk1.genblk1.lut1.genblk1.genblk1.genblk1.genblk1.genblk1.genblk1.lut1.genblk1.genblk1.genblk1.genblk1.genblk1.lut1 (4 -> 0)
  Optimizing lut $abc$40721$lut$aiger40720$2879.genblk1.genblk1.genblk1.genblk1.genblk1.genblk1.genblk1.genblk1.lut1.genblk1.genblk1.genblk1.genblk1.genblk1.genblk1.genblk1.lut1.genblk1.genblk1.genblk1.genblk1.genblk1.genblk1.lut1.genblk1.genblk1.genblk1.genblk1.genblk1.lut1 (4 -> 0)
  Optimizing lut $abc$40721$lut$aiger40720$2879.genblk1.genblk1.genblk1.genblk1.genblk1.genblk1.genblk1.genblk1.lut0.genblk1.genblk1.genblk1.genblk1.genblk1.genblk1.genblk1.lut1.genblk1.genblk1.genblk1.genblk1.genblk1.genblk1.lut1.genblk1.genblk1.genblk1.genblk1.genblk1.lut1 (4 -> 0)
  Optimizing lut $abc$40721$lut$aiger40720$2696.genblk1.genblk1.genblk1.genblk1.genblk1.genblk1.genblk1.genblk1.lut1.genblk1.genblk1.genblk1.genblk1.genblk1.genblk1.genblk1.lut0.genblk1.genblk1.genblk1.genblk1.genblk1.genblk1.lut1.genblk1.genblk1.genblk1.genblk1.genblk1.lut0 (4 -> 3)
  Optimizing lut $abc$40721$lut$aiger40720$2696.genblk1.genblk1.genblk1.genblk1.genblk1.genblk1.genblk1.genblk1.lut0.genblk1.genblk1.genblk1.genblk1.genblk1.genblk1.genblk1.lut1.genblk1.genblk1.genblk1.genblk1.genblk1.genblk1.lut1.genblk1.genblk1.genblk1.genblk1.genblk1.lut1 (4 -> 2)
  Optimizing lut $abc$40721$lut$aiger40720$3883.genblk1.genblk1.genblk1.genblk1.genblk1.genblk1.lut0.genblk1.genblk1.genblk1.genblk1.genblk1.lut0 (4 -> 0)
  Optimizing lut $abc$40721$lut$aiger40720$3814.genblk1.genblk1.genblk1.genblk1.genblk1.genblk1.genblk1.genblk1.lut1.genblk1.genblk1.genblk1.genblk1.genblk1.genblk1.genblk1.lut1.genblk1.genblk1.genblk1.genblk1.genblk1.genblk1.lut1.genblk1.genblk1.genblk1.genblk1.genblk1.lut1 (4 -> 0)
  Optimizing lut $abc$40721$lut$aiger40720$3814.genblk1.genblk1.genblk1.genblk1.genblk1.genblk1.genblk1.genblk1.lut0.genblk1.genblk1.genblk1.genblk1.genblk1.genblk1.genblk1.lut1.genblk1.genblk1.genblk1.genblk1.genblk1.genblk1.lut1.genblk1.genblk1.genblk1.genblk1.genblk1.lut1 (4 -> 3)
  Optimizing lut $abc$40721$lut$aiger40720$3902.genblk1.genblk1.genblk1.genblk1.genblk1.genblk1.genblk1.lut0.genblk1.genblk1.genblk1.genblk1.genblk1.genblk1.lut0.genblk1.genblk1.genblk1.genblk1.genblk1.lut1 (4 -> 0)
  Optimizing lut $abc$40721$lut$aiger40720$3166.genblk1.genblk1.genblk1.genblk1.genblk1.genblk1.genblk1.genblk1.lut1.genblk1.genblk1.genblk1.genblk1.genblk1.genblk1.genblk1.lut0.genblk1.genblk1.genblk1.genblk1.genblk1.genblk1.lut1.genblk1.genblk1.genblk1.genblk1.genblk1.lut0 (4 -> 2)
  Optimizing lut $abc$40721$lut$aiger40720$3166.genblk1.genblk1.genblk1.genblk1.genblk1.genblk1.genblk1.genblk1.lut1.genblk1.genblk1.genblk1.genblk1.genblk1.genblk1.genblk1.lut1.genblk1.genblk1.genblk1.genblk1.genblk1.genblk1.lut1.genblk1.genblk1.genblk1.genblk1.genblk1.lut1 (4 -> 0)
  Optimizing lut $abc$40721$lut$aiger40720$3166.genblk1.genblk1.genblk1.genblk1.genblk1.genblk1.genblk1.genblk1.lut0.genblk1.genblk1.genblk1.genblk1.genblk1.genblk1.genblk1.lut1.genblk1.genblk1.genblk1.genblk1.genblk1.genblk1.lut1.genblk1.genblk1.genblk1.genblk1.genblk1.lut1 (4 -> 3)
  Optimizing lut $abc$40721$lut$aiger40720$3381.genblk1.genblk1.genblk1.genblk1.genblk1.genblk1.genblk1.lut1.genblk1.genblk1.genblk1.genblk1.genblk1.genblk1.lut0.genblk1.genblk1.genblk1.genblk1.genblk1.lut1 (4 -> 2)
  Optimizing lut $abc$40721$lut$aiger40720$3381.genblk1.genblk1.genblk1.genblk1.genblk1.genblk1.genblk1.lut0.genblk1.genblk1.genblk1.genblk1.genblk1.genblk1.lut0.genblk1.genblk1.genblk1.genblk1.genblk1.lut1 (4 -> 3)
  Optimizing lut $abc$40721$lut$aiger40720$4202.genblk1.genblk1.genblk1.genblk1.genblk1.genblk1.lut1.genblk1.genblk1.genblk1.genblk1.genblk1.lut0 (4 -> 3)
  Optimizing lut $abc$40721$lut$aiger40720$4131.genblk1.genblk1.genblk1.genblk1.genblk1.genblk1.lut1.genblk1.genblk1.genblk1.genblk1.genblk1.lut0 (4 -> 1)
  Optimizing lut $abc$40721$lut$aiger40720$4131.genblk1.genblk1.genblk1.genblk1.genblk1.genblk1.lut0.genblk1.genblk1.genblk1.genblk1.genblk1.lut0 (4 -> 2)
  Optimizing lut $abc$40721$lut$aiger40720$4030.genblk1.genblk1.genblk1.genblk1.genblk1.genblk1.genblk1.genblk1.lut1.genblk1.genblk1.genblk1.genblk1.genblk1.genblk1.genblk1.lut1.genblk1.genblk1.genblk1.genblk1.genblk1.genblk1.lut1.genblk1.genblk1.genblk1.genblk1.genblk1.lut1 (4 -> 2)
  Optimizing lut $abc$40721$lut$aiger40720$4030.genblk1.genblk1.genblk1.genblk1.genblk1.genblk1.genblk1.genblk1.lut0.genblk1.genblk1.genblk1.genblk1.genblk1.genblk1.genblk1.lut1.genblk1.genblk1.genblk1.genblk1.genblk1.genblk1.lut1.genblk1.genblk1.genblk1.genblk1.genblk1.lut1 (4 -> 3)
  Optimizing lut $abc$40721$lut$aiger40720$4034.genblk1.genblk1.genblk1.genblk1.genblk1.lut1 (4 -> 1)
  Optimizing lut $abc$40721$lut$aiger40720$4145.genblk1.genblk1.genblk1.genblk1.genblk1.genblk1.lut0.genblk1.genblk1.genblk1.genblk1.genblk1.lut0 (4 -> 0)
  Optimizing lut $abc$40721$lut$aiger40720$3971.genblk1.genblk1.genblk1.genblk1.genblk1.genblk1.genblk1.genblk1.lut1.genblk1.genblk1.genblk1.genblk1.genblk1.genblk1.genblk1.lut1.genblk1.genblk1.genblk1.genblk1.genblk1.genblk1.lut1.genblk1.genblk1.genblk1.genblk1.genblk1.lut1 (4 -> 3)
  Optimizing lut $abc$40721$lut$aiger40720$3971.genblk1.genblk1.genblk1.genblk1.genblk1.genblk1.genblk1.genblk1.lut0.genblk1.genblk1.genblk1.genblk1.genblk1.genblk1.genblk1.lut1.genblk1.genblk1.genblk1.genblk1.genblk1.genblk1.lut1.genblk1.genblk1.genblk1.genblk1.genblk1.lut1 (4 -> 3)
  Optimizing lut $abc$40721$lut$aiger40720$3975.genblk1.genblk1.genblk1.genblk1.genblk1.lut1 (4 -> 1)
  Optimizing lut $abc$40721$lut$aiger40720$3988.genblk1.genblk1.genblk1.genblk1.genblk1.genblk1.genblk1.genblk1.lut0.genblk1.genblk1.genblk1.genblk1.genblk1.genblk1.genblk1.lut1.genblk1.genblk1.genblk1.genblk1.genblk1.genblk1.lut1.genblk1.genblk1.genblk1.genblk1.genblk1.lut1 (4 -> 0)
  Optimizing lut $abc$40721$lut$aiger40720$3999.genblk1.genblk1.genblk1.genblk1.genblk1.genblk1.lut1.genblk1.genblk1.genblk1.genblk1.genblk1.lut0 (4 -> 1)
  Optimizing lut $abc$40721$lut$aiger40720$3999.genblk1.genblk1.genblk1.genblk1.genblk1.genblk1.lut0.genblk1.genblk1.genblk1.genblk1.genblk1.lut0 (4 -> 2)
  Optimizing lut $abc$40721$lut$aiger40720$4357.genblk1.genblk1.genblk1.genblk1.genblk1.genblk1.genblk1.genblk1.lut1.genblk1.genblk1.genblk1.genblk1.genblk1.genblk1.genblk1.lut0.genblk1.genblk1.genblk1.genblk1.genblk1.genblk1.lut1.genblk1.genblk1.genblk1.genblk1.genblk1.lut0 (4 -> 2)
  Optimizing lut $abc$40721$lut$aiger40720$4357.genblk1.genblk1.genblk1.genblk1.genblk1.genblk1.genblk1.genblk1.lut1.genblk1.genblk1.genblk1.genblk1.genblk1.genblk1.genblk1.lut1.genblk1.genblk1.genblk1.genblk1.genblk1.genblk1.lut1.genblk1.genblk1.genblk1.genblk1.genblk1.lut1 (4 -> 3)
  Optimizing lut $abc$40721$lut$aiger40720$4357.genblk1.genblk1.genblk1.genblk1.genblk1.genblk1.genblk1.genblk1.lut0.genblk1.genblk1.genblk1.genblk1.genblk1.genblk1.genblk1.lut1.genblk1.genblk1.genblk1.genblk1.genblk1.genblk1.lut1.genblk1.genblk1.genblk1.genblk1.genblk1.lut1 (4 -> 3)
  Optimizing lut $abc$40721$lut$aiger40720$4368.genblk1.genblk1.genblk1.genblk1.genblk1.genblk1.genblk1.genblk1.lut1.genblk1.genblk1.genblk1.genblk1.genblk1.genblk1.genblk1.lut1.genblk1.genblk1.genblk1.genblk1.genblk1.genblk1.lut1.genblk1.genblk1.genblk1.genblk1.genblk1.lut1 (4 -> 0)
  Optimizing lut $abc$40721$lut$aiger40720$4368.genblk1.genblk1.genblk1.genblk1.genblk1.genblk1.genblk1.genblk1.lut0.genblk1.genblk1.genblk1.genblk1.genblk1.genblk1.genblk1.lut1.genblk1.genblk1.genblk1.genblk1.genblk1.genblk1.lut1.genblk1.genblk1.genblk1.genblk1.genblk1.lut1 (4 -> 3)
  Optimizing lut $abc$40721$lut$aiger40720$4379.genblk1.genblk1.genblk1.genblk1.genblk1.genblk1.lut1.genblk1.genblk1.genblk1.genblk1.genblk1.lut0 (4 -> 1)
  Optimizing lut $abc$40721$lut$aiger40720$4379.genblk1.genblk1.genblk1.genblk1.genblk1.genblk1.lut0.genblk1.genblk1.genblk1.genblk1.genblk1.lut0 (4 -> 2)
  Optimizing lut $abc$40721$lut$aiger40720$4428.genblk1.genblk1.genblk1.genblk1.genblk1.genblk1.genblk1.genblk1.lut1.genblk1.genblk1.genblk1.genblk1.genblk1.genblk1.genblk1.lut1.genblk1.genblk1.genblk1.genblk1.genblk1.genblk1.lut1.genblk1.genblk1.genblk1.genblk1.genblk1.lut1 (4 -> 0)
  Optimizing lut $abc$40721$lut$aiger40720$4428.genblk1.genblk1.genblk1.genblk1.genblk1.genblk1.genblk1.genblk1.lut0.genblk1.genblk1.genblk1.genblk1.genblk1.genblk1.genblk1.lut1.genblk1.genblk1.genblk1.genblk1.genblk1.genblk1.lut1.genblk1.genblk1.genblk1.genblk1.genblk1.lut1 (4 -> 2)
  Optimizing lut $abc$40721$lut$aiger40720$4575.genblk1.genblk1.genblk1.genblk1.genblk1.genblk1.genblk1.genblk1.lut1.genblk1.genblk1.genblk1.genblk1.genblk1.genblk1.genblk1.lut0.genblk1.genblk1.genblk1.genblk1.genblk1.genblk1.lut1.genblk1.genblk1.genblk1.genblk1.genblk1.lut0 (4 -> 0)
  Optimizing lut $abc$40721$lut$aiger40720$4466.genblk1.genblk1.genblk1.genblk1.genblk1.lut1 (4 -> 0)
  Optimizing lut $abc$40721$lut$aiger40720$5845.genblk1.genblk1.genblk1.genblk1.genblk1.genblk1.lut0.genblk1.genblk1.genblk1.genblk1.genblk1.lut0 (4 -> 0)
  Optimizing lut $abc$40721$lut$aiger40720$4575.genblk1.genblk1.genblk1.genblk1.genblk1.genblk1.genblk1.genblk1.lut1.genblk1.genblk1.genblk1.genblk1.genblk1.genblk1.genblk1.lut1.genblk1.genblk1.genblk1.genblk1.genblk1.genblk1.lut1.genblk1.genblk1.genblk1.genblk1.genblk1.lut1 (4 -> 0)
  Optimizing lut $abc$40721$lut$aiger40720$4575.genblk1.genblk1.genblk1.genblk1.genblk1.genblk1.genblk1.genblk1.lut0.genblk1.genblk1.genblk1.genblk1.genblk1.genblk1.genblk1.lut1.genblk1.genblk1.genblk1.genblk1.genblk1.genblk1.lut1.genblk1.genblk1.genblk1.genblk1.genblk1.lut1 (4 -> 3)
  Optimizing lut $abc$40721$lut$aiger40720$4602.genblk1.genblk1.genblk1.genblk1.genblk1.genblk1.genblk1.genblk1.lut1.genblk1.genblk1.genblk1.genblk1.genblk1.genblk1.genblk1.lut1.genblk1.genblk1.genblk1.genblk1.genblk1.genblk1.lut1.genblk1.genblk1.genblk1.genblk1.genblk1.lut1 (4 -> 2)
  Optimizing lut $abc$40721$lut$aiger40720$4602.genblk1.genblk1.genblk1.genblk1.genblk1.genblk1.genblk1.genblk1.lut0.genblk1.genblk1.genblk1.genblk1.genblk1.genblk1.genblk1.lut1.genblk1.genblk1.genblk1.genblk1.genblk1.genblk1.lut1.genblk1.genblk1.genblk1.genblk1.genblk1.lut1 (4 -> 3)
  Optimizing lut $abc$40721$lut$aiger40720$4613.genblk1.genblk1.genblk1.genblk1.genblk1.genblk1.genblk1.genblk1.lut1.genblk1.genblk1.genblk1.genblk1.genblk1.genblk1.genblk1.lut1.genblk1.genblk1.genblk1.genblk1.genblk1.genblk1.lut1.genblk1.genblk1.genblk1.genblk1.genblk1.lut1 (4 -> 0)
  Optimizing lut $abc$40721$lut$aiger40720$4613.genblk1.genblk1.genblk1.genblk1.genblk1.genblk1.genblk1.genblk1.lut0.genblk1.genblk1.genblk1.genblk1.genblk1.genblk1.genblk1.lut1.genblk1.genblk1.genblk1.genblk1.genblk1.genblk1.lut1.genblk1.genblk1.genblk1.genblk1.genblk1.lut1 (4 -> 3)
  Optimizing lut $abc$40721$lut$aiger40720$4626.genblk1.genblk1.genblk1.genblk1.genblk1.genblk1.genblk1.lut0.genblk1.genblk1.genblk1.genblk1.genblk1.genblk1.lut0.genblk1.genblk1.genblk1.genblk1.genblk1.lut1 (4 -> 2)
  Optimizing lut $abc$40721$lut$aiger40720$4668.genblk1.genblk1.genblk1.genblk1.genblk1.genblk1.genblk1.genblk1.lut1.genblk1.genblk1.genblk1.genblk1.genblk1.genblk1.genblk1.lut0.genblk1.genblk1.genblk1.genblk1.genblk1.genblk1.lut1.genblk1.genblk1.genblk1.genblk1.genblk1.lut0 (4 -> 0)
  Optimizing lut $abc$40721$lut$aiger40720$4668.genblk1.genblk1.genblk1.genblk1.genblk1.genblk1.genblk1.genblk1.lut1.genblk1.genblk1.genblk1.genblk1.genblk1.genblk1.genblk1.lut1.genblk1.genblk1.genblk1.genblk1.genblk1.genblk1.lut1.genblk1.genblk1.genblk1.genblk1.genblk1.lut1 (4 -> 0)
  Optimizing lut $abc$40721$lut$aiger40720$4673.genblk1.genblk1.genblk1.genblk1.genblk1.genblk1.lut1.genblk1.genblk1.genblk1.genblk1.genblk1.lut0 (4 -> 0)
  Optimizing lut $abc$40721$lut$aiger40720$4673.genblk1.genblk1.genblk1.genblk1.genblk1.genblk1.lut0.genblk1.genblk1.genblk1.genblk1.genblk1.lut0 (4 -> 2)
  Optimizing lut $abc$40721$lut$aiger40720$4940.genblk1.genblk1.genblk1.genblk1.genblk1.genblk1.genblk1.genblk1.lut1.genblk1.genblk1.genblk1.genblk1.genblk1.genblk1.genblk1.lut1.genblk1.genblk1.genblk1.genblk1.genblk1.genblk1.lut1.genblk1.genblk1.genblk1.genblk1.genblk1.lut1 (4 -> 1)
  Optimizing lut $abc$40721$lut$aiger40720$4940.genblk1.genblk1.genblk1.genblk1.genblk1.genblk1.genblk1.genblk1.lut0.genblk1.genblk1.genblk1.genblk1.genblk1.genblk1.genblk1.lut1.genblk1.genblk1.genblk1.genblk1.genblk1.genblk1.lut1.genblk1.genblk1.genblk1.genblk1.genblk1.lut1 (4 -> 3)
  Optimizing lut $abc$40721$lut$aiger40720$5283.genblk1.genblk1.genblk1.genblk1.genblk1.genblk1.genblk1.genblk1.lut0.genblk1.genblk1.genblk1.genblk1.genblk1.genblk1.genblk1.lut1.genblk1.genblk1.genblk1.genblk1.genblk1.genblk1.lut1.genblk1.genblk1.genblk1.genblk1.genblk1.lut1 (4 -> 3)
  Optimizing lut $abc$40721$lut$aiger40720$5302.genblk1.genblk1.genblk1.genblk1.genblk1.genblk1.genblk1.lut0.genblk1.genblk1.genblk1.genblk1.genblk1.genblk1.lut0.genblk1.genblk1.genblk1.genblk1.genblk1.lut1 (4 -> 2)
  Optimizing lut $abc$40721$lut$aiger40720$4946.genblk1.genblk1.genblk1.genblk1.genblk1.genblk1.genblk1.lut1.genblk1.genblk1.genblk1.genblk1.genblk1.genblk1.lut0.genblk1.genblk1.genblk1.genblk1.genblk1.lut1 (4 -> 0)
  Optimizing lut $abc$40721$lut$aiger40720$4946.genblk1.genblk1.genblk1.genblk1.genblk1.genblk1.genblk1.lut0.genblk1.genblk1.genblk1.genblk1.genblk1.genblk1.lut0.genblk1.genblk1.genblk1.genblk1.genblk1.lut1 (4 -> 2)
  Optimizing lut $abc$40721$lut$aiger40720$5882.genblk1.genblk1.genblk1.genblk1.genblk1.genblk1.lut1.genblk1.genblk1.genblk1.genblk1.genblk1.lut0 (4 -> 0)
  Optimizing lut $abc$40721$lut$aiger40720$4165.genblk1.genblk1.genblk1.genblk1.genblk1.genblk1.genblk1.lut0.genblk1.genblk1.genblk1.genblk1.genblk1.genblk1.lut0.genblk1.genblk1.genblk1.genblk1.genblk1.lut1 (4 -> 0)
  Optimizing lut $abc$40721$lut$aiger40720$5150.genblk1.genblk1.genblk1.genblk1.genblk1.genblk1.genblk1.lut1.genblk1.genblk1.genblk1.genblk1.genblk1.genblk1.lut0.genblk1.genblk1.genblk1.genblk1.genblk1.lut1 (4 -> 1)
  Optimizing lut $abc$40721$lut$aiger40720$4763.genblk1.genblk1.genblk1.genblk1.genblk1.genblk1.lut1.genblk1.genblk1.genblk1.genblk1.genblk1.lut0 (4 -> 0)
  Optimizing lut $abc$40721$lut$aiger40720$5150.genblk1.genblk1.genblk1.genblk1.genblk1.genblk1.genblk1.lut0.genblk1.genblk1.genblk1.genblk1.genblk1.genblk1.lut0.genblk1.genblk1.genblk1.genblk1.genblk1.lut1 (4 -> 2)
  Optimizing lut $abc$40721$lut$aiger40720$5451.genblk1.genblk1.genblk1.genblk1.genblk1.genblk1.genblk1.lut1.genblk1.genblk1.genblk1.genblk1.genblk1.genblk1.lut0.genblk1.genblk1.genblk1.genblk1.genblk1.lut1 (4 -> 3)
  Optimizing lut $abc$40721$lut$aiger40720$5313.genblk1.genblk1.genblk1.genblk1.genblk1.genblk1.lut1.genblk1.genblk1.genblk1.genblk1.genblk1.lut0 (4 -> 1)
  Optimizing lut $abc$40721$lut$aiger40720$5313.genblk1.genblk1.genblk1.genblk1.genblk1.genblk1.lut0.genblk1.genblk1.genblk1.genblk1.genblk1.lut0 (4 -> 2)
  Optimizing lut $abc$40721$lut$aiger40720$5451.genblk1.genblk1.genblk1.genblk1.genblk1.genblk1.genblk1.lut0.genblk1.genblk1.genblk1.genblk1.genblk1.genblk1.lut0.genblk1.genblk1.genblk1.genblk1.genblk1.lut1 (4 -> 3)
  Optimizing lut $abc$40721$lut$aiger40720$5115.genblk1.genblk1.genblk1.genblk1.genblk1.genblk1.genblk1.genblk1.lut1.genblk1.genblk1.genblk1.genblk1.genblk1.genblk1.genblk1.lut0.genblk1.genblk1.genblk1.genblk1.genblk1.genblk1.lut1.genblk1.genblk1.genblk1.genblk1.genblk1.lut0 (4 -> 3)
  Optimizing lut $abc$40721$lut$aiger40720$5104.genblk1.genblk1.genblk1.genblk1.genblk1.lut1 (4 -> 3)
  Optimizing lut $abc$40721$lut$aiger40720$5115.genblk1.genblk1.genblk1.genblk1.genblk1.genblk1.genblk1.genblk1.lut0.genblk1.genblk1.genblk1.genblk1.genblk1.genblk1.genblk1.lut1.genblk1.genblk1.genblk1.genblk1.genblk1.genblk1.lut1.genblk1.genblk1.genblk1.genblk1.genblk1.lut1 (4 -> 2)
  Optimizing lut $abc$40721$lut$aiger40720$4982.genblk1.genblk1.genblk1.genblk1.genblk1.genblk1.genblk1.genblk1.lut1.genblk1.genblk1.genblk1.genblk1.genblk1.genblk1.genblk1.lut1.genblk1.genblk1.genblk1.genblk1.genblk1.genblk1.lut1.genblk1.genblk1.genblk1.genblk1.genblk1.lut1 (4 -> 1)
  Optimizing lut $abc$40721$lut$aiger40720$4982.genblk1.genblk1.genblk1.genblk1.genblk1.genblk1.genblk1.genblk1.lut0.genblk1.genblk1.genblk1.genblk1.genblk1.genblk1.genblk1.lut1.genblk1.genblk1.genblk1.genblk1.genblk1.genblk1.lut1.genblk1.genblk1.genblk1.genblk1.genblk1.lut1 (4 -> 3)
  Optimizing lut $abc$40721$lut$aiger40720$5127.genblk1.genblk1.genblk1.genblk1.genblk1.genblk1.genblk1.genblk1.lut1.genblk1.genblk1.genblk1.genblk1.genblk1.genblk1.genblk1.lut1.genblk1.genblk1.genblk1.genblk1.genblk1.genblk1.lut1.genblk1.genblk1.genblk1.genblk1.genblk1.lut1 (4 -> 0)
  Optimizing lut $abc$40721$lut$aiger40720$5127.genblk1.genblk1.genblk1.genblk1.genblk1.genblk1.genblk1.genblk1.lut0.genblk1.genblk1.genblk1.genblk1.genblk1.genblk1.genblk1.lut1.genblk1.genblk1.genblk1.genblk1.genblk1.genblk1.lut1.genblk1.genblk1.genblk1.genblk1.genblk1.lut1 (4 -> 3)
  Optimizing lut $abc$40721$lut$aiger40720$5136.genblk1.genblk1.genblk1.genblk1.genblk1.genblk1.lut1.genblk1.genblk1.genblk1.genblk1.genblk1.lut0 (4 -> 0)
  Optimizing lut $abc$40721$lut$aiger40720$5136.genblk1.genblk1.genblk1.genblk1.genblk1.genblk1.lut0.genblk1.genblk1.genblk1.genblk1.genblk1.lut0 (4 -> 0)
  Optimizing lut $abc$40721$lut$aiger40720$5013.genblk1.genblk1.genblk1.genblk1.genblk1.genblk1.lut0.genblk1.genblk1.genblk1.genblk1.genblk1.lut0 (4 -> 2)
  Optimizing lut $abc$40721$lut$aiger40720$5052.genblk1.genblk1.genblk1.genblk1.genblk1.genblk1.genblk1.genblk1.lut1.genblk1.genblk1.genblk1.genblk1.genblk1.genblk1.genblk1.lut0.genblk1.genblk1.genblk1.genblk1.genblk1.genblk1.lut1.genblk1.genblk1.genblk1.genblk1.genblk1.lut0 (4 -> 3)
  Optimizing lut $abc$40721$lut$aiger40720$5045.genblk1.genblk1.genblk1.genblk1.genblk1.genblk1.lut1.genblk1.genblk1.genblk1.genblk1.genblk1.lut0 (4 -> 3)
  Optimizing lut $abc$40721$lut$aiger40720$5052.genblk1.genblk1.genblk1.genblk1.genblk1.genblk1.genblk1.genblk1.lut1.genblk1.genblk1.genblk1.genblk1.genblk1.genblk1.genblk1.lut1.genblk1.genblk1.genblk1.genblk1.genblk1.genblk1.lut1.genblk1.genblk1.genblk1.genblk1.genblk1.lut1 (4 -> 0)
  Optimizing lut $abc$40721$lut$aiger40720$5052.genblk1.genblk1.genblk1.genblk1.genblk1.genblk1.genblk1.genblk1.lut0.genblk1.genblk1.genblk1.genblk1.genblk1.genblk1.genblk1.lut1.genblk1.genblk1.genblk1.genblk1.genblk1.genblk1.lut1.genblk1.genblk1.genblk1.genblk1.genblk1.lut1 (4 -> 3)
  Optimizing lut $abc$40721$lut$aiger40720$5059.genblk1.genblk1.genblk1.genblk1.genblk1.genblk1.genblk1.genblk1.lut1.genblk1.genblk1.genblk1.genblk1.genblk1.genblk1.genblk1.lut1.genblk1.genblk1.genblk1.genblk1.genblk1.genblk1.lut1.genblk1.genblk1.genblk1.genblk1.genblk1.lut1 (4 -> 0)
  Optimizing lut $abc$40721$lut$aiger40720$5059.genblk1.genblk1.genblk1.genblk1.genblk1.genblk1.genblk1.genblk1.lut0.genblk1.genblk1.genblk1.genblk1.genblk1.genblk1.genblk1.lut1.genblk1.genblk1.genblk1.genblk1.genblk1.genblk1.lut1.genblk1.genblk1.genblk1.genblk1.genblk1.lut1 (4 -> 0)
  Optimizing lut $abc$40721$lut$aiger40720$5064.genblk1.genblk1.genblk1.genblk1.genblk1.genblk1.lut1.genblk1.genblk1.genblk1.genblk1.genblk1.lut0 (4 -> 0)
  Optimizing lut $abc$40721$lut$aiger40720$5064.genblk1.genblk1.genblk1.genblk1.genblk1.genblk1.lut0.genblk1.genblk1.genblk1.genblk1.genblk1.lut0 (4 -> 2)
  Optimizing lut $abc$40721$lut$aiger40720$5178.genblk1.genblk1.genblk1.genblk1.genblk1.genblk1.lut0.genblk1.genblk1.genblk1.genblk1.genblk1.lut0 (4 -> 0)
  Optimizing lut $abc$40721$lut$aiger40720$5249.genblk1.genblk1.genblk1.genblk1.genblk1.genblk1.genblk1.lut0.genblk1.genblk1.genblk1.genblk1.genblk1.genblk1.lut0.genblk1.genblk1.genblk1.genblk1.genblk1.lut1 (4 -> 3)
  Optimizing lut $abc$40721$lut$aiger40720$5289.genblk1.genblk1.genblk1.genblk1.genblk1.genblk1.genblk1.lut1.genblk1.genblk1.genblk1.genblk1.genblk1.genblk1.lut0.genblk1.genblk1.genblk1.genblk1.genblk1.lut1 (4 -> 0)
  Optimizing lut $abc$40721$lut$aiger40720$5289.genblk1.genblk1.genblk1.genblk1.genblk1.genblk1.genblk1.lut0.genblk1.genblk1.genblk1.genblk1.genblk1.genblk1.lut0.genblk1.genblk1.genblk1.genblk1.genblk1.lut1 (4 -> 2)
  Optimizing lut $abc$40721$lut$aiger40720$5230.genblk1.genblk1.genblk1.genblk1.genblk1.genblk1.genblk1.genblk1.lut0.genblk1.genblk1.genblk1.genblk1.genblk1.genblk1.genblk1.lut1.genblk1.genblk1.genblk1.genblk1.genblk1.genblk1.lut1.genblk1.genblk1.genblk1.genblk1.genblk1.lut1 (4 -> 1)
  Optimizing lut $abc$40721$lut$aiger40720$5660.genblk1.genblk1.genblk1.genblk1.genblk1.genblk1.lut0.genblk1.genblk1.genblk1.genblk1.genblk1.lut0 (4 -> 0)
  Optimizing lut $abc$40721$lut$aiger40720$5785.genblk1.genblk1.genblk1.genblk1.genblk1.genblk1.genblk1.lut0.genblk1.genblk1.genblk1.genblk1.genblk1.genblk1.lut0.genblk1.genblk1.genblk1.genblk1.genblk1.lut1 (4 -> 0)
  Optimizing lut $abc$40721$lut$aiger40720$5892.genblk1.genblk1.genblk1.genblk1.genblk1.genblk1.genblk1.genblk1.lut1.genblk1.genblk1.genblk1.genblk1.genblk1.genblk1.genblk1.lut1.genblk1.genblk1.genblk1.genblk1.genblk1.genblk1.lut1.genblk1.genblk1.genblk1.genblk1.genblk1.lut1 (4 -> 0)
  Optimizing lut $abc$40721$lut$aiger40720$5892.genblk1.genblk1.genblk1.genblk1.genblk1.genblk1.genblk1.genblk1.lut0.genblk1.genblk1.genblk1.genblk1.genblk1.genblk1.genblk1.lut1.genblk1.genblk1.genblk1.genblk1.genblk1.genblk1.lut1.genblk1.genblk1.genblk1.genblk1.genblk1.lut1 (4 -> 0)
  Optimizing lut $abc$40721$lut$aiger40720$7701.genblk1.genblk1.genblk1.genblk1.genblk1.genblk1.genblk1.lut1.genblk1.genblk1.genblk1.genblk1.genblk1.genblk1.lut0.genblk1.genblk1.genblk1.genblk1.genblk1.lut1 (4 -> 0)
  Optimizing lut $abc$40721$lut$aiger40720$8446.genblk1.genblk1.genblk1.genblk1.genblk1.genblk1.genblk1.genblk1.lut1.genblk1.genblk1.genblk1.genblk1.genblk1.genblk1.genblk1.lut0.genblk1.genblk1.genblk1.genblk1.genblk1.genblk1.lut1.genblk1.genblk1.genblk1.genblk1.genblk1.lut0 (4 -> 0)
  Optimizing lut $abc$40721$lut$aiger40720$8446.genblk1.genblk1.genblk1.genblk1.genblk1.genblk1.genblk1.genblk1.lut1.genblk1.genblk1.genblk1.genblk1.genblk1.genblk1.genblk1.lut1.genblk1.genblk1.genblk1.genblk1.genblk1.genblk1.lut1.genblk1.genblk1.genblk1.genblk1.genblk1.lut1 (4 -> 0)
  Optimizing lut $abc$40721$lut$aiger40720$8446.genblk1.genblk1.genblk1.genblk1.genblk1.genblk1.genblk1.genblk1.lut0.genblk1.genblk1.genblk1.genblk1.genblk1.genblk1.genblk1.lut1.genblk1.genblk1.genblk1.genblk1.genblk1.genblk1.lut1.genblk1.genblk1.genblk1.genblk1.genblk1.lut1 (4 -> 0)
  Optimizing lut $abc$40721$lut$aiger40720$9185.genblk1.genblk1.genblk1.genblk1.genblk1.genblk1.genblk1.genblk1.lut1.genblk1.genblk1.genblk1.genblk1.genblk1.genblk1.genblk1.lut1.genblk1.genblk1.genblk1.genblk1.genblk1.genblk1.lut1.genblk1.genblk1.genblk1.genblk1.genblk1.lut1 (4 -> 0)
  Optimizing lut $abc$40721$lut$aiger40720$9185.genblk1.genblk1.genblk1.genblk1.genblk1.genblk1.genblk1.genblk1.lut0.genblk1.genblk1.genblk1.genblk1.genblk1.genblk1.genblk1.lut1.genblk1.genblk1.genblk1.genblk1.genblk1.genblk1.lut1.genblk1.genblk1.genblk1.genblk1.genblk1.lut1 (4 -> 0)
  Optimizing lut $auto$abc_ops_reintegrate.cc:611:reintegrate$40737.genblk1.genblk1.genblk1.genblk1.genblk1.genblk1.genblk1.genblk1.lut1.genblk1.genblk1.genblk1.genblk1.genblk1.genblk1.genblk1.lut0.genblk1.genblk1.genblk1.genblk1.genblk1.genblk1.lut1.genblk1.genblk1.genblk1.genblk1.genblk1.lut0 (4 -> 0)
  Optimizing lut $abc$40721$lut$aiger40720$9674.genblk1.genblk1.genblk1.genblk1.genblk1.genblk1.lut0.genblk1.genblk1.genblk1.genblk1.genblk1.lut0 (4 -> 0)
  Optimizing lut $abc$40721$lut$aiger40720$9514.genblk1.genblk1.genblk1.genblk1.genblk1.lut1 (4 -> 1)
  Optimizing lut $abc$40721$lut$aiger40720$9618.genblk1.genblk1.genblk1.genblk1.genblk1.genblk1.lut1.genblk1.genblk1.genblk1.genblk1.genblk1.lut0 (4 -> 3)
  Optimizing lut $auto$abc_ops_reintegrate.cc:611:reintegrate$40737.genblk1.genblk1.genblk1.genblk1.genblk1.genblk1.genblk1.genblk1.lut1.genblk1.genblk1.genblk1.genblk1.genblk1.genblk1.genblk1.lut1.genblk1.genblk1.genblk1.genblk1.genblk1.genblk1.lut1.genblk1.genblk1.genblk1.genblk1.genblk1.lut1 (4 -> 0)
  Optimizing lut $auto$abc_ops_reintegrate.cc:611:reintegrate$40737.genblk1.genblk1.genblk1.genblk1.genblk1.genblk1.genblk1.genblk1.lut0.genblk1.genblk1.genblk1.genblk1.genblk1.genblk1.genblk1.lut1.genblk1.genblk1.genblk1.genblk1.genblk1.genblk1.lut1.genblk1.genblk1.genblk1.genblk1.genblk1.lut1 (4 -> 0)
  Optimizing lut $auto$abc_ops_reintegrate.cc:611:reintegrate$40736.genblk1.genblk1.genblk1.genblk1.genblk1.genblk1.genblk1.lut0.genblk1.genblk1.genblk1.genblk1.genblk1.genblk1.lut0.genblk1.genblk1.genblk1.genblk1.genblk1.lut1 (4 -> 1)
  Optimizing lut $auto$abc_ops_reintegrate.cc:611:reintegrate$40733.genblk1.genblk1.genblk1.genblk1.genblk1.genblk1.genblk1.genblk1.lut1.genblk1.genblk1.genblk1.genblk1.genblk1.genblk1.genblk1.lut0.genblk1.genblk1.genblk1.genblk1.genblk1.genblk1.lut1.genblk1.genblk1.genblk1.genblk1.genblk1.lut0 (4 -> 0)
  Optimizing lut $auto$abc_ops_reintegrate.cc:611:reintegrate$40735.genblk1.genblk1.genblk1.genblk1.genblk1.lut1 (4 -> 3)
  Optimizing lut $auto$abc_ops_reintegrate.cc:611:reintegrate$40733.genblk1.genblk1.genblk1.genblk1.genblk1.genblk1.genblk1.genblk1.lut0.genblk1.genblk1.genblk1.genblk1.genblk1.genblk1.genblk1.lut1.genblk1.genblk1.genblk1.genblk1.genblk1.genblk1.lut1.genblk1.genblk1.genblk1.genblk1.genblk1.lut1 (4 -> 0)
  Optimizing lut $auto$abc_ops_reintegrate.cc:611:reintegrate$40732.genblk1.genblk1.genblk1.genblk1.genblk1.genblk1.lut1.genblk1.genblk1.genblk1.genblk1.genblk1.lut0 (4 -> 3)
  Optimizing lut $auto$abc_ops_reintegrate.cc:611:reintegrate$40731.genblk1.genblk1.genblk1.genblk1.genblk1.lut1 (4 -> 3)
  Optimizing lut $abc$40721$lut$aiger40720$11793.genblk1.genblk1.genblk1.genblk1.genblk1.genblk1.genblk1.genblk1.lut0.genblk1.genblk1.genblk1.genblk1.genblk1.genblk1.genblk1.lut1.genblk1.genblk1.genblk1.genblk1.genblk1.genblk1.lut1.genblk1.genblk1.genblk1.genblk1.genblk1.lut1 (4 -> 2)
  Optimizing lut $abc$40721$lut$aiger$o3054.genblk1.genblk1.genblk1.genblk1.genblk1.lut0 (4 -> 1)
  Optimizing lut $abc$40721$lut$aiger$o2541.genblk1.genblk1.genblk1.genblk1.genblk1.lut0 (4 -> 0)
  Optimizing lut $auto$abc_ops_reintegrate.cc:611:reintegrate$40733.genblk1.genblk1.genblk1.genblk1.genblk1.genblk1.genblk1.genblk1.lut0.genblk1.genblk1.genblk1.genblk1.genblk1.genblk1.genblk1.lut0.genblk1.genblk1.genblk1.genblk1.genblk1.genblk1.lut0.genblk1.genblk1.genblk1.genblk1.genblk1.lut1 (4 -> 0)
  Optimizing lut $auto$abc_ops_reintegrate.cc:611:reintegrate$40733.genblk1.genblk1.genblk1.genblk1.genblk1.genblk1.genblk1.genblk1.lut1.genblk1.genblk1.genblk1.genblk1.genblk1.genblk1.genblk1.lut0.genblk1.genblk1.genblk1.genblk1.genblk1.genblk1.lut1.genblk1.genblk1.genblk1.genblk1.genblk1.lut1 (4 -> 0)
  Optimizing lut $auto$abc_ops_reintegrate.cc:611:reintegrate$40736.genblk1.genblk1.genblk1.genblk1.genblk1.genblk1.genblk1.lut1.genblk1.genblk1.genblk1.genblk1.genblk1.genblk1.lut1.genblk1.genblk1.genblk1.genblk1.genblk1.lut1 (4 -> 1)
  Optimizing lut $auto$abc_ops_reintegrate.cc:611:reintegrate$40737.genblk1.genblk1.genblk1.genblk1.genblk1.genblk1.genblk1.genblk1.lut1.genblk1.genblk1.genblk1.genblk1.genblk1.genblk1.genblk1.lut0.genblk1.genblk1.genblk1.genblk1.genblk1.genblk1.lut1.genblk1.genblk1.genblk1.genblk1.genblk1.lut1 (4 -> 0)
  Optimizing lut $abc$40721$lut$aiger40720$9618.genblk1.genblk1.genblk1.genblk1.genblk1.genblk1.lut0.genblk1.genblk1.genblk1.genblk1.genblk1.lut1 (4 -> 3)
  Optimizing lut $abc$40721$lut$aiger40720$9674.genblk1.genblk1.genblk1.genblk1.genblk1.genblk1.lut0.genblk1.genblk1.genblk1.genblk1.genblk1.lut1 (4 -> 0)
  Optimizing lut $abc$40721$lut$aiger40720$9185.genblk1.genblk1.genblk1.genblk1.genblk1.genblk1.genblk1.genblk1.lut1.genblk1.genblk1.genblk1.genblk1.genblk1.genblk1.genblk1.lut0.genblk1.genblk1.genblk1.genblk1.genblk1.genblk1.lut1.genblk1.genblk1.genblk1.genblk1.genblk1.lut1 (4 -> 0)
  Optimizing lut $abc$40721$lut$aiger40720$8446.genblk1.genblk1.genblk1.genblk1.genblk1.genblk1.genblk1.genblk1.lut0.genblk1.genblk1.genblk1.genblk1.genblk1.genblk1.genblk1.lut0.genblk1.genblk1.genblk1.genblk1.genblk1.genblk1.lut0.genblk1.genblk1.genblk1.genblk1.genblk1.lut1 (4 -> 0)
  Optimizing lut $abc$40721$lut$aiger40720$7701.genblk1.genblk1.genblk1.genblk1.genblk1.genblk1.genblk1.lut1.genblk1.genblk1.genblk1.genblk1.genblk1.genblk1.lut1.genblk1.genblk1.genblk1.genblk1.genblk1.lut1 (4 -> 1)
  Optimizing lut $abc$40721$lut$aiger40720$8295.genblk1.genblk1.genblk1.genblk1.genblk1.genblk1.genblk1.genblk1.lut0.genblk1.genblk1.genblk1.genblk1.genblk1.genblk1.genblk1.lut0.genblk1.genblk1.genblk1.genblk1.genblk1.genblk1.lut0.genblk1.genblk1.genblk1.genblk1.genblk1.lut1 (4 -> 3)
  Optimizing lut $abc$40721$lut$aiger40720$7071.genblk1.genblk1.genblk1.genblk1.genblk1.genblk1.lut0.genblk1.genblk1.genblk1.genblk1.genblk1.lut1 (4 -> 3)
  Optimizing lut $abc$40721$lut$aiger40720$5892.genblk1.genblk1.genblk1.genblk1.genblk1.genblk1.genblk1.genblk1.lut0.genblk1.genblk1.genblk1.genblk1.genblk1.genblk1.genblk1.lut0.genblk1.genblk1.genblk1.genblk1.genblk1.genblk1.lut0.genblk1.genblk1.genblk1.genblk1.genblk1.lut1 (4 -> 0)
  Optimizing lut $abc$40721$lut$aiger40720$5892.genblk1.genblk1.genblk1.genblk1.genblk1.genblk1.genblk1.genblk1.lut1.genblk1.genblk1.genblk1.genblk1.genblk1.genblk1.genblk1.lut0.genblk1.genblk1.genblk1.genblk1.genblk1.genblk1.lut1.genblk1.genblk1.genblk1.genblk1.genblk1.lut1 (4 -> 0)
  Optimizing lut $abc$40721$lut$aiger40720$5785.genblk1.genblk1.genblk1.genblk1.genblk1.genblk1.genblk1.lut1.genblk1.genblk1.genblk1.genblk1.genblk1.genblk1.lut1.genblk1.genblk1.genblk1.genblk1.genblk1.lut1 (4 -> 0)
  Optimizing lut $abc$40721$lut$aiger40720$5186.genblk1.genblk1.genblk1.genblk1.genblk1.lut0 (4 -> 0)
  Optimizing lut $abc$40721$lut$aiger40720$5289.genblk1.genblk1.genblk1.genblk1.genblk1.genblk1.genblk1.lut1.genblk1.genblk1.genblk1.genblk1.genblk1.genblk1.lut1.genblk1.genblk1.genblk1.genblk1.genblk1.lut1 (4 -> 0)
  Optimizing lut $abc$40721$lut$aiger40720$5249.genblk1.genblk1.genblk1.genblk1.genblk1.genblk1.genblk1.lut1.genblk1.genblk1.genblk1.genblk1.genblk1.genblk1.lut1.genblk1.genblk1.genblk1.genblk1.genblk1.lut1 (4 -> 3)
  Optimizing lut $abc$40721$lut$aiger40720$5059.genblk1.genblk1.genblk1.genblk1.genblk1.genblk1.genblk1.genblk1.lut0.genblk1.genblk1.genblk1.genblk1.genblk1.genblk1.genblk1.lut0.genblk1.genblk1.genblk1.genblk1.genblk1.genblk1.lut0.genblk1.genblk1.genblk1.genblk1.genblk1.lut1 (4 -> 3)
  Optimizing lut $abc$40721$lut$aiger40720$5059.genblk1.genblk1.genblk1.genblk1.genblk1.genblk1.genblk1.genblk1.lut1.genblk1.genblk1.genblk1.genblk1.genblk1.genblk1.genblk1.lut0.genblk1.genblk1.genblk1.genblk1.genblk1.genblk1.lut1.genblk1.genblk1.genblk1.genblk1.genblk1.lut1 (4 -> 0)
  Optimizing lut $abc$40721$lut$aiger40720$5052.genblk1.genblk1.genblk1.genblk1.genblk1.genblk1.genblk1.genblk1.lut1.genblk1.genblk1.genblk1.genblk1.genblk1.genblk1.genblk1.lut0.genblk1.genblk1.genblk1.genblk1.genblk1.genblk1.lut1.genblk1.genblk1.genblk1.genblk1.genblk1.lut1 (4 -> 2)
  Optimizing lut $abc$40721$lut$aiger40720$5036.genblk1.genblk1.genblk1.genblk1.genblk1.genblk1.genblk1.lut0.genblk1.genblk1.genblk1.genblk1.genblk1.genblk1.lut1.genblk1.genblk1.genblk1.genblk1.genblk1.lut0 (4 -> 1)
  Optimizing lut $abc$40721$lut$aiger40720$5036.genblk1.genblk1.genblk1.genblk1.genblk1.genblk1.genblk1.lut1.genblk1.genblk1.genblk1.genblk1.genblk1.genblk1.lut1.genblk1.genblk1.genblk1.genblk1.genblk1.lut1 (4 -> 3)
  Optimizing lut $abc$40721$lut$aiger40720$5127.genblk1.genblk1.genblk1.genblk1.genblk1.genblk1.genblk1.genblk1.lut1.genblk1.genblk1.genblk1.genblk1.genblk1.genblk1.genblk1.lut0.genblk1.genblk1.genblk1.genblk1.genblk1.genblk1.lut1.genblk1.genblk1.genblk1.genblk1.genblk1.lut1 (4 -> 0)
  Optimizing lut $abc$40721$lut$aiger40720$4982.genblk1.genblk1.genblk1.genblk1.genblk1.genblk1.genblk1.genblk1.lut1.genblk1.genblk1.genblk1.genblk1.genblk1.genblk1.genblk1.lut0.genblk1.genblk1.genblk1.genblk1.genblk1.genblk1.lut1.genblk1.genblk1.genblk1.genblk1.genblk1.lut1 (4 -> 2)
  Optimizing lut $abc$40721$lut$aiger40720$5115.genblk1.genblk1.genblk1.genblk1.genblk1.genblk1.genblk1.genblk1.lut1.genblk1.genblk1.genblk1.genblk1.genblk1.genblk1.genblk1.lut0.genblk1.genblk1.genblk1.genblk1.genblk1.genblk1.lut1.genblk1.genblk1.genblk1.genblk1.genblk1.lut1 (4 -> 2)
  Optimizing lut $abc$40721$lut$aiger40720$5150.genblk1.genblk1.genblk1.genblk1.genblk1.genblk1.genblk1.lut0.genblk1.genblk1.genblk1.genblk1.genblk1.genblk1.lut1.genblk1.genblk1.genblk1.genblk1.genblk1.lut0 (4 -> 2)
  Optimizing lut $abc$40721$lut$aiger40720$5150.genblk1.genblk1.genblk1.genblk1.genblk1.genblk1.genblk1.lut1.genblk1.genblk1.genblk1.genblk1.genblk1.genblk1.lut1.genblk1.genblk1.genblk1.genblk1.genblk1.lut1 (4 -> 3)
  Optimizing lut $abc$40721$lut$aiger40720$4763.genblk1.genblk1.genblk1.genblk1.genblk1.genblk1.lut0.genblk1.genblk1.genblk1.genblk1.genblk1.lut1 (4 -> 0)
  Optimizing lut $abc$40721$lut$aiger40720$4165.genblk1.genblk1.genblk1.genblk1.genblk1.genblk1.genblk1.lut1.genblk1.genblk1.genblk1.genblk1.genblk1.genblk1.lut1.genblk1.genblk1.genblk1.genblk1.genblk1.lut1 (4 -> 0)
  Optimizing lut $abc$40721$lut$aiger40720$4946.genblk1.genblk1.genblk1.genblk1.genblk1.genblk1.genblk1.lut0.genblk1.genblk1.genblk1.genblk1.genblk1.genblk1.lut1.genblk1.genblk1.genblk1.genblk1.genblk1.lut0 (4 -> 2)
  Optimizing lut $abc$40721$lut$aiger40720$4946.genblk1.genblk1.genblk1.genblk1.genblk1.genblk1.genblk1.lut1.genblk1.genblk1.genblk1.genblk1.genblk1.genblk1.lut1.genblk1.genblk1.genblk1.genblk1.genblk1.lut1 (4 -> 0)
  Optimizing lut $abc$40721$lut$aiger40720$5283.genblk1.genblk1.genblk1.genblk1.genblk1.genblk1.genblk1.genblk1.lut1.genblk1.genblk1.genblk1.genblk1.genblk1.genblk1.genblk1.lut0.genblk1.genblk1.genblk1.genblk1.genblk1.genblk1.lut1.genblk1.genblk1.genblk1.genblk1.genblk1.lut1 (4 -> 3)
  Optimizing lut $abc$40721$lut$aiger40720$5089.genblk1.genblk1.genblk1.genblk1.genblk1.lut0 (4 -> 1)
  Optimizing lut $abc$40721$lut$aiger40720$4940.genblk1.genblk1.genblk1.genblk1.genblk1.genblk1.genblk1.genblk1.lut1.genblk1.genblk1.genblk1.genblk1.genblk1.genblk1.genblk1.lut0.genblk1.genblk1.genblk1.genblk1.genblk1.genblk1.lut1.genblk1.genblk1.genblk1.genblk1.genblk1.lut1 (4 -> 2)
  Optimizing lut $abc$40721$lut$aiger40720$4668.genblk1.genblk1.genblk1.genblk1.genblk1.genblk1.genblk1.genblk1.lut1.genblk1.genblk1.genblk1.genblk1.genblk1.genblk1.genblk1.lut0.genblk1.genblk1.genblk1.genblk1.genblk1.genblk1.lut1.genblk1.genblk1.genblk1.genblk1.genblk1.lut1 (4 -> 0)
  Optimizing lut $abc$40721$lut$aiger40720$4626.genblk1.genblk1.genblk1.genblk1.genblk1.genblk1.genblk1.lut1.genblk1.genblk1.genblk1.genblk1.genblk1.genblk1.lut1.genblk1.genblk1.genblk1.genblk1.genblk1.lut1 (4 -> 3)
  Optimizing lut $abc$40721$lut$aiger40720$4613.genblk1.genblk1.genblk1.genblk1.genblk1.genblk1.genblk1.genblk1.lut1.genblk1.genblk1.genblk1.genblk1.genblk1.genblk1.genblk1.lut0.genblk1.genblk1.genblk1.genblk1.genblk1.genblk1.lut1.genblk1.genblk1.genblk1.genblk1.genblk1.lut1 (4 -> 3)
  Optimizing lut $abc$40721$lut$aiger40720$4602.genblk1.genblk1.genblk1.genblk1.genblk1.genblk1.genblk1.genblk1.lut1.genblk1.genblk1.genblk1.genblk1.genblk1.genblk1.genblk1.lut0.genblk1.genblk1.genblk1.genblk1.genblk1.genblk1.lut1.genblk1.genblk1.genblk1.genblk1.genblk1.lut1 (4 -> 3)
  Optimizing lut $abc$40721$lut$aiger40720$4575.genblk1.genblk1.genblk1.genblk1.genblk1.genblk1.genblk1.genblk1.lut1.genblk1.genblk1.genblk1.genblk1.genblk1.genblk1.genblk1.lut0.genblk1.genblk1.genblk1.genblk1.genblk1.genblk1.lut1.genblk1.genblk1.genblk1.genblk1.genblk1.lut1 (4 -> 0)
  Optimizing lut $abc$40721$lut$aiger40720$4428.genblk1.genblk1.genblk1.genblk1.genblk1.genblk1.genblk1.genblk1.lut1.genblk1.genblk1.genblk1.genblk1.genblk1.genblk1.genblk1.lut0.genblk1.genblk1.genblk1.genblk1.genblk1.genblk1.lut1.genblk1.genblk1.genblk1.genblk1.genblk1.lut1 (4 -> 2)
  Optimizing lut $abc$40721$lut$aiger40720$4368.genblk1.genblk1.genblk1.genblk1.genblk1.genblk1.genblk1.genblk1.lut1.genblk1.genblk1.genblk1.genblk1.genblk1.genblk1.genblk1.lut0.genblk1.genblk1.genblk1.genblk1.genblk1.genblk1.lut1.genblk1.genblk1.genblk1.genblk1.genblk1.lut1 (4 -> 3)
  Optimizing lut $abc$40721$lut$aiger40720$4079.genblk1.genblk1.genblk1.genblk1.genblk1.genblk1.genblk1.lut1.genblk1.genblk1.genblk1.genblk1.genblk1.genblk1.lut1.genblk1.genblk1.genblk1.genblk1.genblk1.lut1 (4 -> 3)
  Optimizing lut $abc$40721$lut$aiger40720$4038.genblk1.genblk1.genblk1.genblk1.genblk1.lut0 (4 -> 1)
  Optimizing lut $abc$40721$lut$aiger40720$4030.genblk1.genblk1.genblk1.genblk1.genblk1.genblk1.genblk1.genblk1.lut1.genblk1.genblk1.genblk1.genblk1.genblk1.genblk1.genblk1.lut0.genblk1.genblk1.genblk1.genblk1.genblk1.genblk1.lut1.genblk1.genblk1.genblk1.genblk1.genblk1.lut1 (4 -> 3)
  Optimizing lut $abc$40721$lut$aiger40720$3381.genblk1.genblk1.genblk1.genblk1.genblk1.genblk1.genblk1.lut1.genblk1.genblk1.genblk1.genblk1.genblk1.genblk1.lut1.genblk1.genblk1.genblk1.genblk1.genblk1.lut1 (4 -> 2)
  Optimizing lut $abc$40721$lut$aiger40720$3814.genblk1.genblk1.genblk1.genblk1.genblk1.genblk1.genblk1.genblk1.lut1.genblk1.genblk1.genblk1.genblk1.genblk1.genblk1.genblk1.lut0.genblk1.genblk1.genblk1.genblk1.genblk1.genblk1.lut1.genblk1.genblk1.genblk1.genblk1.genblk1.lut1 (4 -> 3)
  Optimizing lut $abc$40721$lut$aiger40720$3864.genblk1.genblk1.genblk1.genblk1.genblk1.lut0 (4 -> 1)
  Optimizing lut $abc$40721$lut$aiger40720$2290.genblk1.genblk1.genblk1.genblk1.genblk1.lut0 (4 -> 1)
  Optimizing lut $abc$40721$lut$aiger40720$2863.genblk1.genblk1.genblk1.genblk1.genblk1.genblk1.genblk1.genblk1.lut1.genblk1.genblk1.genblk1.genblk1.genblk1.genblk1.genblk1.lut0.genblk1.genblk1.genblk1.genblk1.genblk1.genblk1.lut1.genblk1.genblk1.genblk1.genblk1.genblk1.lut1 (4 -> 0)
  Optimizing lut $abc$40721$lut$aiger40720$2850.genblk1.genblk1.genblk1.genblk1.genblk1.genblk1.genblk1.genblk1.lut1.genblk1.genblk1.genblk1.genblk1.genblk1.genblk1.genblk1.lut0.genblk1.genblk1.genblk1.genblk1.genblk1.genblk1.lut1.genblk1.genblk1.genblk1.genblk1.genblk1.lut1 (4 -> 0)
  Optimizing lut $abc$40721$lut$aiger40720$2836.genblk1.genblk1.genblk1.genblk1.genblk1.genblk1.genblk1.genblk1.lut1.genblk1.genblk1.genblk1.genblk1.genblk1.genblk1.genblk1.lut0.genblk1.genblk1.genblk1.genblk1.genblk1.genblk1.lut1.genblk1.genblk1.genblk1.genblk1.genblk1.lut1 (4 -> 1)
  Optimizing lut $abc$40721$lut$aiger40720$3018.genblk1.genblk1.genblk1.genblk1.genblk1.lut0 (4 -> 1)
  Optimizing lut $abc$40721$lut$aiger40720$3193.genblk1.genblk1.genblk1.genblk1.genblk1.genblk1.genblk1.genblk1.lut1.genblk1.genblk1.genblk1.genblk1.genblk1.genblk1.genblk1.lut0.genblk1.genblk1.genblk1.genblk1.genblk1.genblk1.lut1.genblk1.genblk1.genblk1.genblk1.genblk1.lut1 (4 -> 2)
  Optimizing lut $abc$40721$lut$aiger40720$2669.genblk1.genblk1.genblk1.genblk1.genblk1.genblk1.genblk1.genblk1.lut1.genblk1.genblk1.genblk1.genblk1.genblk1.genblk1.genblk1.lut0.genblk1.genblk1.genblk1.genblk1.genblk1.genblk1.lut1.genblk1.genblk1.genblk1.genblk1.genblk1.lut1 (4 -> 0)
  Optimizing lut $abc$40721$lut$aiger40720$2653.genblk1.genblk1.genblk1.genblk1.genblk1.genblk1.genblk1.genblk1.lut1.genblk1.genblk1.genblk1.genblk1.genblk1.genblk1.genblk1.lut0.genblk1.genblk1.genblk1.genblk1.genblk1.genblk1.lut1.genblk1.genblk1.genblk1.genblk1.genblk1.lut1 (4 -> 1)
  Optimizing lut $abc$40721$lut$aiger40720$2640.genblk1.genblk1.genblk1.genblk1.genblk1.genblk1.genblk1.lut1.genblk1.genblk1.genblk1.genblk1.genblk1.genblk1.lut1.genblk1.genblk1.genblk1.genblk1.genblk1.lut1 (4 -> 0)
  Optimizing lut $abc$40721$lut$aiger40720$2631.genblk1.genblk1.genblk1.genblk1.genblk1.genblk1.genblk1.genblk1.lut1.genblk1.genblk1.genblk1.genblk1.genblk1.genblk1.genblk1.lut0.genblk1.genblk1.genblk1.genblk1.genblk1.genblk1.lut1.genblk1.genblk1.genblk1.genblk1.genblk1.lut1 (4 -> 0)
  Optimizing lut $abc$40721$lut$aiger40720$2802.genblk1.genblk1.genblk1.genblk1.genblk1.genblk1.genblk1.genblk1.lut1.genblk1.genblk1.genblk1.genblk1.genblk1.genblk1.genblk1.lut0.genblk1.genblk1.genblk1.genblk1.genblk1.genblk1.lut1.genblk1.genblk1.genblk1.genblk1.genblk1.lut1 (4 -> 0)
  Optimizing lut $abc$40721$lut$aiger40720$2789.genblk1.genblk1.genblk1.genblk1.genblk1.genblk1.genblk1.genblk1.lut1.genblk1.genblk1.genblk1.genblk1.genblk1.genblk1.genblk1.lut0.genblk1.genblk1.genblk1.genblk1.genblk1.genblk1.lut1.genblk1.genblk1.genblk1.genblk1.genblk1.lut1 (4 -> 0)
  Optimizing lut $abc$40721$lut$aiger40720$2777.genblk1.genblk1.genblk1.genblk1.genblk1.genblk1.genblk1.genblk1.lut1.genblk1.genblk1.genblk1.genblk1.genblk1.genblk1.genblk1.lut0.genblk1.genblk1.genblk1.genblk1.genblk1.genblk1.lut1.genblk1.genblk1.genblk1.genblk1.genblk1.lut1 (4 -> 0)
  Optimizing lut $abc$40721$lut$aiger40720$2924.genblk1.genblk1.genblk1.genblk1.genblk1.genblk1.genblk1.genblk1.lut1.genblk1.genblk1.genblk1.genblk1.genblk1.genblk1.genblk1.lut0.genblk1.genblk1.genblk1.genblk1.genblk1.genblk1.lut1.genblk1.genblk1.genblk1.genblk1.genblk1.lut1 (4 -> 0)
  Optimizing lut $abc$40721$lut$aiger40720$2908.genblk1.genblk1.genblk1.genblk1.genblk1.genblk1.genblk1.genblk1.lut1.genblk1.genblk1.genblk1.genblk1.genblk1.genblk1.genblk1.lut0.genblk1.genblk1.genblk1.genblk1.genblk1.genblk1.lut1.genblk1.genblk1.genblk1.genblk1.genblk1.lut1 (4 -> 0)
  Optimizing lut $abc$40721$lut$aiger40720$2895.genblk1.genblk1.genblk1.genblk1.genblk1.genblk1.genblk1.genblk1.lut1.genblk1.genblk1.genblk1.genblk1.genblk1.genblk1.genblk1.lut0.genblk1.genblk1.genblk1.genblk1.genblk1.genblk1.lut1.genblk1.genblk1.genblk1.genblk1.genblk1.lut1 (4 -> 0)
  Optimizing lut $abc$40721$lut$aiger40720$3142.genblk1.genblk1.genblk1.genblk1.genblk1.genblk1.genblk1.genblk1.lut1.genblk1.genblk1.genblk1.genblk1.genblk1.genblk1.genblk1.lut0.genblk1.genblk1.genblk1.genblk1.genblk1.genblk1.lut1.genblk1.genblk1.genblk1.genblk1.genblk1.lut1 (4 -> 1)
  Optimizing lut $abc$40721$lut$aiger40720$3125.genblk1.genblk1.genblk1.genblk1.genblk1.genblk1.genblk1.genblk1.lut1.genblk1.genblk1.genblk1.genblk1.genblk1.genblk1.genblk1.lut0.genblk1.genblk1.genblk1.genblk1.genblk1.genblk1.lut1.genblk1.genblk1.genblk1.genblk1.genblk1.lut1 (4 -> 0)
  Optimizing lut $abc$40721$lut$aiger40720$3112.genblk1.genblk1.genblk1.genblk1.genblk1.genblk1.genblk1.genblk1.lut1.genblk1.genblk1.genblk1.genblk1.genblk1.genblk1.genblk1.lut0.genblk1.genblk1.genblk1.genblk1.genblk1.genblk1.lut1.genblk1.genblk1.genblk1.genblk1.genblk1.lut1 (4 -> 0)
  Optimizing lut $abc$40721$lut$aiger40720$3063.genblk1.genblk1.genblk1.genblk1.genblk1.genblk1.genblk1.genblk1.lut1.genblk1.genblk1.genblk1.genblk1.genblk1.genblk1.genblk1.lut0.genblk1.genblk1.genblk1.genblk1.genblk1.genblk1.lut1.genblk1.genblk1.genblk1.genblk1.genblk1.lut1 (4 -> 0)
  Optimizing lut $abc$40721$lut$aiger40720$3048.genblk1.genblk1.genblk1.genblk1.genblk1.genblk1.genblk1.genblk1.lut1.genblk1.genblk1.genblk1.genblk1.genblk1.genblk1.genblk1.lut0.genblk1.genblk1.genblk1.genblk1.genblk1.genblk1.lut1.genblk1.genblk1.genblk1.genblk1.genblk1.lut1 (4 -> 1)
  Optimizing lut $abc$40721$lut$aiger40720$3034.genblk1.genblk1.genblk1.genblk1.genblk1.genblk1.genblk1.genblk1.lut1.genblk1.genblk1.genblk1.genblk1.genblk1.genblk1.genblk1.lut0.genblk1.genblk1.genblk1.genblk1.genblk1.genblk1.lut1.genblk1.genblk1.genblk1.genblk1.genblk1.lut1 (4 -> 0)
  Optimizing lut $abc$40721$lut$aiger40720$2999.genblk1.genblk1.genblk1.genblk1.genblk1.genblk1.genblk1.genblk1.lut1.genblk1.genblk1.genblk1.genblk1.genblk1.genblk1.genblk1.lut0.genblk1.genblk1.genblk1.genblk1.genblk1.genblk1.lut1.genblk1.genblk1.genblk1.genblk1.genblk1.lut1 (4 -> 0)
  Optimizing lut $abc$40721$lut$aiger40720$2982.genblk1.genblk1.genblk1.genblk1.genblk1.genblk1.genblk1.genblk1.lut1.genblk1.genblk1.genblk1.genblk1.genblk1.genblk1.genblk1.lut0.genblk1.genblk1.genblk1.genblk1.genblk1.genblk1.lut1.genblk1.genblk1.genblk1.genblk1.genblk1.lut1 (4 -> 1)
  Optimizing lut $abc$40721$lut$aiger40720$2967.genblk1.genblk1.genblk1.genblk1.genblk1.genblk1.genblk1.genblk1.lut1.genblk1.genblk1.genblk1.genblk1.genblk1.genblk1.genblk1.lut0.genblk1.genblk1.genblk1.genblk1.genblk1.genblk1.lut1.genblk1.genblk1.genblk1.genblk1.genblk1.lut1 (4 -> 0)
  Optimizing lut $abc$40721$lut$aiger40720$2336.genblk1.genblk1.genblk1.genblk1.genblk1.genblk1.genblk1.genblk1.lut1.genblk1.genblk1.genblk1.genblk1.genblk1.genblk1.genblk1.lut0.genblk1.genblk1.genblk1.genblk1.genblk1.genblk1.lut1.genblk1.genblk1.genblk1.genblk1.genblk1.lut1 (4 -> 0)
  Optimizing lut $abc$40721$lut$aiger40720$2320.genblk1.genblk1.genblk1.genblk1.genblk1.genblk1.genblk1.genblk1.lut1.genblk1.genblk1.genblk1.genblk1.genblk1.genblk1.genblk1.lut0.genblk1.genblk1.genblk1.genblk1.genblk1.genblk1.lut1.genblk1.genblk1.genblk1.genblk1.genblk1.lut1 (4 -> 0)
  Optimizing lut $abc$40721$lut$aiger40720$2305.genblk1.genblk1.genblk1.genblk1.genblk1.genblk1.genblk1.genblk1.lut1.genblk1.genblk1.genblk1.genblk1.genblk1.genblk1.genblk1.lut0.genblk1.genblk1.genblk1.genblk1.genblk1.genblk1.lut1.genblk1.genblk1.genblk1.genblk1.genblk1.lut1 (4 -> 1)
  Optimizing lut $abc$40721$lut$aiger40720$2271.genblk1.genblk1.genblk1.genblk1.genblk1.genblk1.genblk1.genblk1.lut1.genblk1.genblk1.genblk1.genblk1.genblk1.genblk1.genblk1.lut0.genblk1.genblk1.genblk1.genblk1.genblk1.genblk1.lut1.genblk1.genblk1.genblk1.genblk1.genblk1.lut1 (4 -> 0)
  Optimizing lut $abc$40721$lut$aiger40720$2254.genblk1.genblk1.genblk1.genblk1.genblk1.genblk1.genblk1.genblk1.lut1.genblk1.genblk1.genblk1.genblk1.genblk1.genblk1.genblk1.lut0.genblk1.genblk1.genblk1.genblk1.genblk1.genblk1.lut1.genblk1.genblk1.genblk1.genblk1.genblk1.lut1 (4 -> 1)
  Optimizing lut $abc$40721$lut$aiger40720$2239.genblk1.genblk1.genblk1.genblk1.genblk1.genblk1.genblk1.genblk1.lut1.genblk1.genblk1.genblk1.genblk1.genblk1.genblk1.genblk1.lut0.genblk1.genblk1.genblk1.genblk1.genblk1.genblk1.lut1.genblk1.genblk1.genblk1.genblk1.genblk1.lut1 (4 -> 0)
  Optimizing lut $abc$40721$lut$aiger40720$2394.genblk1.genblk1.genblk1.genblk1.genblk1.genblk1.genblk1.genblk1.lut1.genblk1.genblk1.genblk1.genblk1.genblk1.genblk1.genblk1.lut0.genblk1.genblk1.genblk1.genblk1.genblk1.genblk1.lut1.genblk1.genblk1.genblk1.genblk1.genblk1.lut1 (4 -> 1)
  Optimizing lut $abc$40721$lut$aiger40720$2381.genblk1.genblk1.genblk1.genblk1.genblk1.genblk1.genblk1.genblk1.lut1.genblk1.genblk1.genblk1.genblk1.genblk1.genblk1.genblk1.lut0.genblk1.genblk1.genblk1.genblk1.genblk1.genblk1.lut1.genblk1.genblk1.genblk1.genblk1.genblk1.lut1 (4 -> 0)
  Optimizing lut $abc$40721$lut$aiger40720$2366.genblk1.genblk1.genblk1.genblk1.genblk1.genblk1.genblk1.genblk1.lut1.genblk1.genblk1.genblk1.genblk1.genblk1.genblk1.genblk1.lut0.genblk1.genblk1.genblk1.genblk1.genblk1.genblk1.lut1.genblk1.genblk1.genblk1.genblk1.genblk1.lut1 (4 -> 0)
  Optimizing lut $abc$40721$lut$aiger40720$2523.genblk1.genblk1.genblk1.genblk1.genblk1.genblk1.genblk1.genblk1.lut1.genblk1.genblk1.genblk1.genblk1.genblk1.genblk1.genblk1.lut0.genblk1.genblk1.genblk1.genblk1.genblk1.genblk1.lut1.genblk1.genblk1.genblk1.genblk1.genblk1.lut1 (4 -> 1)
  Optimizing lut $abc$40721$lut$aiger40720$2510.genblk1.genblk1.genblk1.genblk1.genblk1.genblk1.genblk1.genblk1.lut1.genblk1.genblk1.genblk1.genblk1.genblk1.genblk1.genblk1.lut0.genblk1.genblk1.genblk1.genblk1.genblk1.genblk1.lut1.genblk1.genblk1.genblk1.genblk1.genblk1.lut1 (4 -> 0)
  Optimizing lut $abc$40721$lut$aiger40720$2494.genblk1.genblk1.genblk1.genblk1.genblk1.genblk1.genblk1.genblk1.lut1.genblk1.genblk1.genblk1.genblk1.genblk1.genblk1.genblk1.lut0.genblk1.genblk1.genblk1.genblk1.genblk1.genblk1.lut1.genblk1.genblk1.genblk1.genblk1.genblk1.lut1 (4 -> 0)
  Optimizing lut $abc$40721$lut$aiger40720$2589.genblk1.genblk1.genblk1.genblk1.genblk1.genblk1.genblk1.genblk1.lut1.genblk1.genblk1.genblk1.genblk1.genblk1.genblk1.genblk1.lut0.genblk1.genblk1.genblk1.genblk1.genblk1.genblk1.lut1.genblk1.genblk1.genblk1.genblk1.genblk1.lut1 (4 -> 0)
  Optimizing lut $abc$40721$lut$aiger40720$2575.genblk1.genblk1.genblk1.genblk1.genblk1.genblk1.genblk1.genblk1.lut1.genblk1.genblk1.genblk1.genblk1.genblk1.genblk1.genblk1.lut0.genblk1.genblk1.genblk1.genblk1.genblk1.genblk1.lut1.genblk1.genblk1.genblk1.genblk1.genblk1.lut1 (4 -> 0)
  Optimizing lut $abc$40721$lut$aiger40720$2562.genblk1.genblk1.genblk1.genblk1.genblk1.genblk1.genblk1.genblk1.lut1.genblk1.genblk1.genblk1.genblk1.genblk1.genblk1.genblk1.lut0.genblk1.genblk1.genblk1.genblk1.genblk1.genblk1.lut1.genblk1.genblk1.genblk1.genblk1.genblk1.lut1 (4 -> 0)
  Optimizing lut $abc$40721$lut$aiger40720$2463.genblk1.genblk1.genblk1.genblk1.genblk1.genblk1.genblk1.genblk1.lut1.genblk1.genblk1.genblk1.genblk1.genblk1.genblk1.genblk1.lut0.genblk1.genblk1.genblk1.genblk1.genblk1.genblk1.lut1.genblk1.genblk1.genblk1.genblk1.genblk1.lut1 (4 -> 0)
  Optimizing lut $abc$40721$lut$aiger40720$2450.genblk1.genblk1.genblk1.genblk1.genblk1.genblk1.genblk1.genblk1.lut1.genblk1.genblk1.genblk1.genblk1.genblk1.genblk1.genblk1.lut0.genblk1.genblk1.genblk1.genblk1.genblk1.genblk1.lut1.genblk1.genblk1.genblk1.genblk1.genblk1.lut1 (4 -> 0)
  Optimizing lut $abc$40721$lut$aiger40720$2436.genblk1.genblk1.genblk1.genblk1.genblk1.genblk1.genblk1.genblk1.lut1.genblk1.genblk1.genblk1.genblk1.genblk1.genblk1.genblk1.lut0.genblk1.genblk1.genblk1.genblk1.genblk1.genblk1.lut1.genblk1.genblk1.genblk1.genblk1.genblk1.lut1 (4 -> 1)
  Optimizing lut $abc$40721$lut$aiger40720$3462.genblk1.genblk1.genblk1.genblk1.genblk1.genblk1.genblk1.genblk1.lut1.genblk1.genblk1.genblk1.genblk1.genblk1.genblk1.genblk1.lut0.genblk1.genblk1.genblk1.genblk1.genblk1.genblk1.lut1.genblk1.genblk1.genblk1.genblk1.genblk1.lut1 (4 -> 0)
  Optimizing lut $abc$40721$lut$aiger40720$3445.genblk1.genblk1.genblk1.genblk1.genblk1.genblk1.genblk1.genblk1.lut1.genblk1.genblk1.genblk1.genblk1.genblk1.genblk1.genblk1.lut0.genblk1.genblk1.genblk1.genblk1.genblk1.genblk1.lut1.genblk1.genblk1.genblk1.genblk1.genblk1.lut1 (4 -> 0)
  Optimizing lut $abc$40721$lut$aiger40720$3430.genblk1.genblk1.genblk1.genblk1.genblk1.genblk1.genblk1.genblk1.lut1.genblk1.genblk1.genblk1.genblk1.genblk1.genblk1.genblk1.lut0.genblk1.genblk1.genblk1.genblk1.genblk1.genblk1.lut1.genblk1.genblk1.genblk1.genblk1.genblk1.lut1 (4 -> 1)
  Optimizing lut $abc$40721$lut$aiger40720$6061.genblk1.genblk1.genblk1.genblk1.genblk1.genblk1.genblk1.genblk1.lut1.genblk1.genblk1.genblk1.genblk1.genblk1.genblk1.genblk1.lut0.genblk1.genblk1.genblk1.genblk1.genblk1.genblk1.lut1.genblk1.genblk1.genblk1.genblk1.genblk1.lut1 (4 -> 0)
  Optimizing lut $abc$40721$lut$aiger40720$6045.genblk1.genblk1.genblk1.genblk1.genblk1.genblk1.genblk1.genblk1.lut1.genblk1.genblk1.genblk1.genblk1.genblk1.genblk1.genblk1.lut0.genblk1.genblk1.genblk1.genblk1.genblk1.genblk1.lut1.genblk1.genblk1.genblk1.genblk1.genblk1.lut1 (4 -> 0)
  Optimizing lut $abc$40721$lut$aiger40720$6034.genblk1.genblk1.genblk1.genblk1.genblk1.genblk1.genblk1.genblk1.lut1.genblk1.genblk1.genblk1.genblk1.genblk1.genblk1.genblk1.lut0.genblk1.genblk1.genblk1.genblk1.genblk1.genblk1.lut1.genblk1.genblk1.genblk1.genblk1.genblk1.lut1 (4 -> 0)
  Optimizing lut $abc$40721$lut$aiger40720$2742.genblk1.genblk1.genblk1.genblk1.genblk1.genblk1.genblk1.genblk1.lut1.genblk1.genblk1.genblk1.genblk1.genblk1.genblk1.genblk1.lut0.genblk1.genblk1.genblk1.genblk1.genblk1.genblk1.lut1.genblk1.genblk1.genblk1.genblk1.genblk1.lut1 (4 -> 0)
  Optimizing lut $abc$40721$lut$aiger40720$2729.genblk1.genblk1.genblk1.genblk1.genblk1.genblk1.genblk1.genblk1.lut1.genblk1.genblk1.genblk1.genblk1.genblk1.genblk1.genblk1.lut0.genblk1.genblk1.genblk1.genblk1.genblk1.genblk1.lut1.genblk1.genblk1.genblk1.genblk1.genblk1.lut1 (4 -> 1)
  Optimizing lut $abc$40721$lut$aiger40720$2716.genblk1.genblk1.genblk1.genblk1.genblk1.genblk1.genblk1.genblk1.lut1.genblk1.genblk1.genblk1.genblk1.genblk1.genblk1.genblk1.lut0.genblk1.genblk1.genblk1.genblk1.genblk1.genblk1.lut1.genblk1.genblk1.genblk1.genblk1.genblk1.lut1 (4 -> 0)
  Optimizing lut $abc$40721$lut$aiger40720$7904.genblk1.genblk1.genblk1.genblk1.genblk1.genblk1.genblk1.lut1.genblk1.genblk1.genblk1.genblk1.genblk1.genblk1.lut1.genblk1.genblk1.genblk1.genblk1.genblk1.lut1 (4 -> 0)
  Optimizing lut $abc$40721$lut$aiger40720$6526.genblk1.genblk1.genblk1.genblk1.genblk1.lut0 (4 -> 0)
  Optimizing lut $abc$40721$lut$aiger40720$11373.genblk1.genblk1.genblk1.genblk1.genblk1.lut0 (4 -> 0)
  Optimizing lut $abc$40721$lut$aiger$o3099.genblk1.genblk1.genblk1.genblk1.genblk1.lut0 (4 -> 1)
  Optimizing lut $abc$40721$lut$aiger40720$3142.genblk1.genblk1.genblk1.genblk1.genblk1.genblk1.genblk1.genblk1.lut0.genblk1.genblk1.genblk1.genblk1.genblk1.genblk1.genblk1.lut0.genblk1.genblk1.genblk1.genblk1.genblk1.genblk1.lut1.genblk1.genblk1.genblk1.genblk1.genblk1.lut1 (4 -> 0)
  Optimizing lut $abc$40721$lut$aiger40720$9185.genblk1.genblk1.genblk1.genblk1.genblk1.genblk1.genblk1.genblk1.lut0.genblk1.genblk1.genblk1.genblk1.genblk1.genblk1.genblk1.lut0.genblk1.genblk1.genblk1.genblk1.genblk1.genblk1.lut1.genblk1.genblk1.genblk1.genblk1.genblk1.lut1 (4 -> 0)
  Optimizing lut $auto$abc_ops_reintegrate.cc:611:reintegrate$40747.genblk1.genblk1.genblk1.genblk1.genblk1.lut1 (4 -> 3)
  Optimizing lut $abc$40721$lut$aiger40720$3014.genblk1.genblk1.genblk1.genblk1.genblk1.genblk1.genblk1.genblk1.lut0.genblk1.genblk1.genblk1.genblk1.genblk1.genblk1.genblk1.lut0.genblk1.genblk1.genblk1.genblk1.genblk1.genblk1.lut0.genblk1.genblk1.genblk1.genblk1.genblk1.lut1 (4 -> 0)
  Optimizing lut $abc$40721$lut$aiger40720$5451.genblk1.genblk1.genblk1.genblk1.genblk1.genblk1.genblk1.lut0.genblk1.genblk1.genblk1.genblk1.genblk1.genblk1.lut1.genblk1.genblk1.genblk1.genblk1.genblk1.lut1 (4 -> 3)
  Optimizing lut $abc$40721$lut$aiger40720$3155.genblk1.genblk1.genblk1.genblk1.genblk1.genblk1.genblk1.genblk1.lut0.genblk1.genblk1.genblk1.genblk1.genblk1.genblk1.genblk1.lut0.genblk1.genblk1.genblk1.genblk1.genblk1.genblk1.lut1.genblk1.genblk1.genblk1.genblk1.genblk1.lut1 (4 -> 1)
  Optimizing lut $abc$40721$lut$aiger40720$4940.genblk1.genblk1.genblk1.genblk1.genblk1.genblk1.genblk1.genblk1.lut0.genblk1.genblk1.genblk1.genblk1.genblk1.genblk1.genblk1.lut0.genblk1.genblk1.genblk1.genblk1.genblk1.genblk1.lut1.genblk1.genblk1.genblk1.genblk1.genblk1.lut1 (4 -> 3)
  Optimizing lut $abc$40721$lut$aiger40720$7975.genblk1.genblk1.genblk1.genblk1.genblk1.genblk1.genblk1.genblk1.lut1.genblk1.genblk1.genblk1.genblk1.genblk1.genblk1.genblk1.lut1.genblk1.genblk1.genblk1.genblk1.genblk1.genblk1.lut1.genblk1.genblk1.genblk1.genblk1.genblk1.lut1 (4 -> 0)
  Optimizing lut $abc$40721$lut$aiger$o3140.genblk1.genblk1.genblk1.genblk1.genblk1.lut1 (4 -> 1)
  Optimizing lut $abc$40721$lut$aiger$o3102.genblk1.genblk1.genblk1.genblk1.genblk1.lut0 (4 -> 2)
  Optimizing lut $abc$40721$lut$aiger40720$6061.genblk1.genblk1.genblk1.genblk1.genblk1.genblk1.genblk1.genblk1.lut0.genblk1.genblk1.genblk1.genblk1.genblk1.genblk1.genblk1.lut0.genblk1.genblk1.genblk1.genblk1.genblk1.genblk1.lut1.genblk1.genblk1.genblk1.genblk1.genblk1.lut1 (4 -> 0)
  Optimizing lut $auto$abc_ops_reintegrate.cc:611:reintegrate$40727.genblk1.genblk1.genblk1.genblk1.genblk1.lut1 (4 -> 3)
  Optimizing lut $abc$40721$lut$aiger40720$7197.genblk1.genblk1.genblk1.genblk1.genblk1.genblk1.genblk1.lut1.genblk1.genblk1.genblk1.genblk1.genblk1.genblk1.lut1.genblk1.genblk1.genblk1.genblk1.genblk1.lut1 (4 -> 0)
  Optimizing lut $abc$40721$lut$aiger40720$6074.genblk1.genblk1.genblk1.genblk1.genblk1.genblk1.genblk1.genblk1.lut0.genblk1.genblk1.genblk1.genblk1.genblk1.genblk1.genblk1.lut0.genblk1.genblk1.genblk1.genblk1.genblk1.genblk1.lut1.genblk1.genblk1.genblk1.genblk1.genblk1.lut1 (4 -> 0)
  Optimizing lut $abc$40721$lut$aiger40720$6074.genblk1.genblk1.genblk1.genblk1.genblk1.genblk1.genblk1.genblk1.lut1.genblk1.genblk1.genblk1.genblk1.genblk1.genblk1.genblk1.lut0.genblk1.genblk1.genblk1.genblk1.genblk1.genblk1.lut1.genblk1.genblk1.genblk1.genblk1.genblk1.lut1 (4 -> 1)
  Optimizing lut $abc$40721$lut$aiger40720$2696.genblk1.genblk1.genblk1.genblk1.genblk1.genblk1.genblk1.genblk1.lut0.genblk1.genblk1.genblk1.genblk1.genblk1.genblk1.genblk1.lut0.genblk1.genblk1.genblk1.genblk1.genblk1.genblk1.lut0.genblk1.genblk1.genblk1.genblk1.genblk1.lut1 (4 -> 3)
  Optimizing lut $abc$40721$lut$aiger40720$3193.genblk1.genblk1.genblk1.genblk1.genblk1.genblk1.genblk1.genblk1.lut0.genblk1.genblk1.genblk1.genblk1.genblk1.genblk1.genblk1.lut0.genblk1.genblk1.genblk1.genblk1.genblk1.genblk1.lut1.genblk1.genblk1.genblk1.genblk1.genblk1.lut1 (4 -> 3)
  Optimizing lut $abc$40721$lut$aiger40720$5302.genblk1.genblk1.genblk1.genblk1.genblk1.genblk1.genblk1.lut1.genblk1.genblk1.genblk1.genblk1.genblk1.genblk1.lut1.genblk1.genblk1.genblk1.genblk1.genblk1.lut1 (4 -> 3)
  Optimizing lut $abc$40721$lut$aiger40720$9185.genblk1.genblk1.genblk1.genblk1.genblk1.genblk1.genblk1.genblk1.lut0.genblk1.genblk1.genblk1.genblk1.genblk1.genblk1.genblk1.lut0.genblk1.genblk1.genblk1.genblk1.genblk1.genblk1.lut0.genblk1.genblk1.genblk1.genblk1.genblk1.lut1 (4 -> 0)
  Optimizing lut $abc$40721$lut$aiger40720$11090.genblk1.genblk1.genblk1.genblk1.genblk1.lut0 (4 -> 0)
  Optimizing lut $abc$40721$lut$aiger$o2537.genblk1.genblk1.genblk1.genblk1.genblk1.lut1 (4 -> 0)
  Optimizing lut $abc$40721$lut$aiger40720$3034.genblk1.genblk1.genblk1.genblk1.genblk1.genblk1.genblk1.genblk1.lut1.genblk1.genblk1.genblk1.genblk1.genblk1.genblk1.genblk1.lut1.genblk1.genblk1.genblk1.genblk1.genblk1.genblk1.lut1.genblk1.genblk1.genblk1.genblk1.genblk1.lut1 (4 -> 0)
  Optimizing lut $abc$40721$lut$aiger40720$5882.genblk1.genblk1.genblk1.genblk1.genblk1.genblk1.lut1.genblk1.genblk1.genblk1.genblk1.genblk1.lut1 (4 -> 0)
  Optimizing lut $abc$40721$lut$aiger40720$3014.genblk1.genblk1.genblk1.genblk1.genblk1.genblk1.genblk1.genblk1.lut1.genblk1.genblk1.genblk1.genblk1.genblk1.genblk1.genblk1.lut0.genblk1.genblk1.genblk1.genblk1.genblk1.genblk1.lut1.genblk1.genblk1.genblk1.genblk1.genblk1.lut1 (4 -> 0)
  Optimizing lut $abc$40721$lut$aiger40720$2836.genblk1.genblk1.genblk1.genblk1.genblk1.genblk1.genblk1.genblk1.lut1.genblk1.genblk1.genblk1.genblk1.genblk1.genblk1.genblk1.lut1.genblk1.genblk1.genblk1.genblk1.genblk1.genblk1.lut1.genblk1.genblk1.genblk1.genblk1.genblk1.lut1 (4 -> 0)
  Optimizing lut $abc$40721$lut$aiger40720$8446.genblk1.genblk1.genblk1.genblk1.genblk1.genblk1.genblk1.genblk1.lut0.genblk1.genblk1.genblk1.genblk1.genblk1.genblk1.genblk1.lut0.genblk1.genblk1.genblk1.genblk1.genblk1.genblk1.lut1.genblk1.genblk1.genblk1.genblk1.genblk1.lut1 (4 -> 0)
  Optimizing lut $abc$40721$lut$aiger40720$3204.genblk1.genblk1.genblk1.genblk1.genblk1.genblk1.genblk1.genblk1.lut0.genblk1.genblk1.genblk1.genblk1.genblk1.genblk1.genblk1.lut0.genblk1.genblk1.genblk1.genblk1.genblk1.genblk1.lut1.genblk1.genblk1.genblk1.genblk1.genblk1.lut1 (4 -> 3)
  Optimizing lut $abc$40721$lut$aiger40720$3155.genblk1.genblk1.genblk1.genblk1.genblk1.genblk1.genblk1.genblk1.lut1.genblk1.genblk1.genblk1.genblk1.genblk1.genblk1.genblk1.lut0.genblk1.genblk1.genblk1.genblk1.genblk1.genblk1.lut1.genblk1.genblk1.genblk1.genblk1.genblk1.lut1 (4 -> 0)
  Optimizing lut $abc$40721$lut$aiger$o3095.genblk1.genblk1.genblk1.genblk1.genblk1.lut1 (4 -> 3)
  Optimizing lut $abc$40721$lut$aiger40720$5230.genblk1.genblk1.genblk1.genblk1.genblk1.genblk1.genblk1.genblk1.lut0.genblk1.genblk1.genblk1.genblk1.genblk1.genblk1.genblk1.lut0.genblk1.genblk1.genblk1.genblk1.genblk1.genblk1.lut1.genblk1.genblk1.genblk1.genblk1.genblk1.lut1 (4 -> 0)
  Optimizing lut $abc$40721$lut$aiger40720$10162.genblk1.genblk1.genblk1.genblk1.genblk1.lut0 (4 -> 0)
  Optimizing lut $abc$40721$lut$aiger40720$5892.genblk1.genblk1.genblk1.genblk1.genblk1.genblk1.genblk1.genblk1.lut0.genblk1.genblk1.genblk1.genblk1.genblk1.genblk1.genblk1.lut0.genblk1.genblk1.genblk1.genblk1.genblk1.genblk1.lut1.genblk1.genblk1.genblk1.genblk1.genblk1.lut1 (4 -> 0)
  Optimizing lut $abc$40721$lut$aiger40720$11608.genblk1.genblk1.genblk1.genblk1.genblk1.lut0 (4 -> 0)
  Optimizing lut $abc$40721$lut$aiger40720$2967.genblk1.genblk1.genblk1.genblk1.genblk1.genblk1.genblk1.genblk1.lut1.genblk1.genblk1.genblk1.genblk1.genblk1.genblk1.genblk1.lut1.genblk1.genblk1.genblk1.genblk1.genblk1.genblk1.lut1.genblk1.genblk1.genblk1.genblk1.genblk1.lut1 (4 -> 0)
  Optimizing lut $abc$40721$lut$aiger40720$7197.genblk1.genblk1.genblk1.genblk1.genblk1.genblk1.genblk1.lut0.genblk1.genblk1.genblk1.genblk1.genblk1.genblk1.lut1.genblk1.genblk1.genblk1.genblk1.genblk1.lut1 (4 -> 0)
  Optimizing lut $abc$40721$lut$aiger40720$5249.genblk1.genblk1.genblk1.genblk1.genblk1.genblk1.genblk1.lut0.genblk1.genblk1.genblk1.genblk1.genblk1.genblk1.lut1.genblk1.genblk1.genblk1.genblk1.genblk1.lut1 (4 -> 0)
  Optimizing lut $abc$40721$lut$aiger40720$10155.genblk1.genblk1.genblk1.genblk1.genblk1.lut0 (4 -> 0)
  Optimizing lut $abc$40721$lut$aiger40720$6045.genblk1.genblk1.genblk1.genblk1.genblk1.genblk1.genblk1.genblk1.lut0.genblk1.genblk1.genblk1.genblk1.genblk1.genblk1.genblk1.lut0.genblk1.genblk1.genblk1.genblk1.genblk1.genblk1.lut1.genblk1.genblk1.genblk1.genblk1.genblk1.lut1 (4 -> 0)
  Optimizing lut $abc$40721$lut$aiger40720$4982.genblk1.genblk1.genblk1.genblk1.genblk1.genblk1.genblk1.genblk1.lut0.genblk1.genblk1.genblk1.genblk1.genblk1.genblk1.genblk1.lut0.genblk1.genblk1.genblk1.genblk1.genblk1.genblk1.lut1.genblk1.genblk1.genblk1.genblk1.genblk1.lut1 (4 -> 3)
  Optimizing lut $abc$40721$lut$aiger$o3095.genblk1.genblk1.genblk1.genblk1.genblk1.lut0 (4 -> 3)
  Optimizing lut $abc$40721$lut$aiger40720$11018.genblk1.genblk1.genblk1.genblk1.genblk1.lut0 (4 -> 0)
  Optimizing lut $abc$40721$lut$aiger$o3023.genblk1.genblk1.genblk1.genblk1.genblk1.lut1 (4 -> 3)
  Optimizing lut $abc$40721$lut$aiger40720$6542.genblk1.genblk1.genblk1.genblk1.genblk1.lut0 (4 -> 3)
  Optimizing lut $abc$40721$lut$aiger40720$6531.genblk1.genblk1.genblk1.genblk1.genblk1.lut0 (4 -> 0)
  Optimizing lut $abc$40721$lut$aiger40720$11011.genblk1.genblk1.genblk1.genblk1.genblk1.lut0 (4 -> 0)
  Optimizing lut $abc$40721$lut$aiger40720$8373.genblk1.genblk1.genblk1.genblk1.genblk1.lut0 (4 -> 0)
  Optimizing lut $abc$40721$lut$aiger40720$2895.genblk1.genblk1.genblk1.genblk1.genblk1.genblk1.genblk1.genblk1.lut1.genblk1.genblk1.genblk1.genblk1.genblk1.genblk1.genblk1.lut1.genblk1.genblk1.genblk1.genblk1.genblk1.genblk1.lut1.genblk1.genblk1.genblk1.genblk1.genblk1.lut1 (4 -> 1)
  Optimizing lut $abc$40721$lut$aiger40720$5013.genblk1.genblk1.genblk1.genblk1.genblk1.genblk1.lut1.genblk1.genblk1.genblk1.genblk1.genblk1.lut0 (4 -> 1)
  Optimizing lut $abc$40721$lut$aiger40720$6267.genblk1.genblk1.genblk1.genblk1.genblk1.genblk1.lut1.genblk1.genblk1.genblk1.genblk1.genblk1.lut0 (4 -> 0)
  Optimizing lut $abc$40721$lut$aiger40720$5283.genblk1.genblk1.genblk1.genblk1.genblk1.genblk1.genblk1.genblk1.lut1.genblk1.genblk1.genblk1.genblk1.genblk1.genblk1.genblk1.lut1.genblk1.genblk1.genblk1.genblk1.genblk1.genblk1.lut1.genblk1.genblk1.genblk1.genblk1.genblk1.lut1 (4 -> 2)
  Optimizing lut $abc$40721$lut$aiger40720$4673.genblk1.genblk1.genblk1.genblk1.genblk1.genblk1.lut1.genblk1.genblk1.genblk1.genblk1.genblk1.lut1 (4 -> 0)
  Optimizing lut $abc$40721$lut$aiger40720$3666.genblk1.genblk1.genblk1.genblk1.genblk1.lut1 (4 -> 0)
  Optimizing lut $abc$40721$lut$aiger40720$9323.genblk1.genblk1.genblk1.genblk1.genblk1.genblk1.lut1.genblk1.genblk1.genblk1.genblk1.genblk1.lut1 (4 -> 3)
  Optimizing lut $abc$40721$lut$aiger40720$3883.genblk1.genblk1.genblk1.genblk1.genblk1.genblk1.lut1.genblk1.genblk1.genblk1.genblk1.genblk1.lut1 (4 -> 0)
  Optimizing lut $abc$40721$lut$aiger40720$5451.genblk1.genblk1.genblk1.genblk1.genblk1.genblk1.genblk1.lut1.genblk1.genblk1.genblk1.genblk1.genblk1.genblk1.lut1.genblk1.genblk1.genblk1.genblk1.genblk1.lut1 (4 -> 3)
  Optimizing lut $abc$40721$lut$aiger40720$4575.genblk1.genblk1.genblk1.genblk1.genblk1.genblk1.genblk1.genblk1.lut0.genblk1.genblk1.genblk1.genblk1.genblk1.genblk1.genblk1.lut0.genblk1.genblk1.genblk1.genblk1.genblk1.genblk1.lut1.genblk1.genblk1.genblk1.genblk1.genblk1.lut1 (4 -> 3)
  Optimizing lut $abc$40721$lut$aiger40720$6267.genblk1.genblk1.genblk1.genblk1.genblk1.genblk1.lut1.genblk1.genblk1.genblk1.genblk1.genblk1.lut1 (4 -> 1)
  Optimizing lut $abc$40721$lut$aiger$o2388.genblk1.genblk1.genblk1.genblk1.genblk1.lut1 (4 -> 0)
  Optimizing lut $abc$40721$lut$aiger40720$5013.genblk1.genblk1.genblk1.genblk1.genblk1.genblk1.lut1.genblk1.genblk1.genblk1.genblk1.genblk1.lut1 (4 -> 3)
  Optimizing lut $abc$40721$lut$aiger40720$7736.genblk1.genblk1.genblk1.genblk1.genblk1.lut0 (4 -> 3)
  Optimizing lut $abc$40721$lut$aiger40720$7863.genblk1.genblk1.genblk1.genblk1.genblk1.lut1 (4 -> 3)
  Optimizing lut $abc$40721$lut$aiger40720$3112.genblk1.genblk1.genblk1.genblk1.genblk1.genblk1.genblk1.genblk1.lut0.genblk1.genblk1.genblk1.genblk1.genblk1.genblk1.genblk1.lut0.genblk1.genblk1.genblk1.genblk1.genblk1.genblk1.lut1.genblk1.genblk1.genblk1.genblk1.genblk1.lut1 (4 -> 0)
  Optimizing lut $abc$40721$lut$aiger40720$2817.genblk1.genblk1.genblk1.genblk1.genblk1.genblk1.genblk1.genblk1.lut1.genblk1.genblk1.genblk1.genblk1.genblk1.genblk1.genblk1.lut0.genblk1.genblk1.genblk1.genblk1.genblk1.genblk1.lut1.genblk1.genblk1.genblk1.genblk1.genblk1.lut1 (4 -> 0)
  Optimizing lut $abc$40721$lut$aiger40720$5036.genblk1.genblk1.genblk1.genblk1.genblk1.genblk1.genblk1.lut0.genblk1.genblk1.genblk1.genblk1.genblk1.genblk1.lut1.genblk1.genblk1.genblk1.genblk1.genblk1.lut1 (4 -> 3)
  Optimizing lut $abc$40721$lut$aiger40720$4379.genblk1.genblk1.genblk1.genblk1.genblk1.genblk1.lut1.genblk1.genblk1.genblk1.genblk1.genblk1.lut1 (4 -> 3)
  Optimizing lut $abc$40721$lut$aiger40720$5045.genblk1.genblk1.genblk1.genblk1.genblk1.genblk1.lut1.genblk1.genblk1.genblk1.genblk1.genblk1.lut1 (4 -> 0)
  Optimizing lut $abc$40721$lut$aiger40720$3381.genblk1.genblk1.genblk1.genblk1.genblk1.genblk1.genblk1.lut0.genblk1.genblk1.genblk1.genblk1.genblk1.genblk1.lut1.genblk1.genblk1.genblk1.genblk1.genblk1.lut1 (4 -> 3)
  Optimizing lut $abc$40721$lut$aiger40720$3204.genblk1.genblk1.genblk1.genblk1.genblk1.genblk1.genblk1.genblk1.lut1.genblk1.genblk1.genblk1.genblk1.genblk1.genblk1.genblk1.lut0.genblk1.genblk1.genblk1.genblk1.genblk1.genblk1.lut1.genblk1.genblk1.genblk1.genblk1.genblk1.lut1 (4 -> 2)
  Optimizing lut $abc$40721$lut$aiger40720$3902.genblk1.genblk1.genblk1.genblk1.genblk1.genblk1.genblk1.lut0.genblk1.genblk1.genblk1.genblk1.genblk1.genblk1.lut1.genblk1.genblk1.genblk1.genblk1.genblk1.lut1 (4 -> 0)
  Optimizing lut $abc$40721$lut$aiger40720$3125.genblk1.genblk1.genblk1.genblk1.genblk1.genblk1.genblk1.genblk1.lut0.genblk1.genblk1.genblk1.genblk1.genblk1.genblk1.genblk1.lut0.genblk1.genblk1.genblk1.genblk1.genblk1.genblk1.lut1.genblk1.genblk1.genblk1.genblk1.genblk1.lut1 (4 -> 0)
  Optimizing lut $abc$40721$lut$aiger40720$9506.genblk1.genblk1.genblk1.genblk1.genblk1.lut1 (4 -> 0)
  Optimizing lut $abc$40721$lut$aiger40720$5052.genblk1.genblk1.genblk1.genblk1.genblk1.genblk1.genblk1.genblk1.lut0.genblk1.genblk1.genblk1.genblk1.genblk1.genblk1.genblk1.lut0.genblk1.genblk1.genblk1.genblk1.genblk1.genblk1.lut1.genblk1.genblk1.genblk1.genblk1.genblk1.lut1 (4 -> 2)
  Optimizing lut $abc$40721$lut$aiger40720$5059.genblk1.genblk1.genblk1.genblk1.genblk1.genblk1.genblk1.genblk1.lut0.genblk1.genblk1.genblk1.genblk1.genblk1.genblk1.genblk1.lut0.genblk1.genblk1.genblk1.genblk1.genblk1.genblk1.lut1.genblk1.genblk1.genblk1.genblk1.genblk1.lut1 (4 -> 3)
  Optimizing lut $abc$40721$lut$aiger40720$4368.genblk1.genblk1.genblk1.genblk1.genblk1.genblk1.genblk1.genblk1.lut0.genblk1.genblk1.genblk1.genblk1.genblk1.genblk1.genblk1.lut0.genblk1.genblk1.genblk1.genblk1.genblk1.genblk1.lut0.genblk1.genblk1.genblk1.genblk1.genblk1.lut1 (4 -> 3)
  Optimizing lut $auto$abc_ops_reintegrate.cc:611:reintegrate$40783.genblk1.genblk1.genblk1.genblk1.genblk1.lut0 (4 -> 3)
  Optimizing lut $abc$40721$lut$aiger40720$4030.genblk1.genblk1.genblk1.genblk1.genblk1.genblk1.genblk1.genblk1.lut0.genblk1.genblk1.genblk1.genblk1.genblk1.genblk1.genblk1.lut0.genblk1.genblk1.genblk1.genblk1.genblk1.genblk1.lut0.genblk1.genblk1.genblk1.genblk1.genblk1.lut1 (4 -> 3)
  Optimizing lut $abc$40721$lut$aiger$o3125.genblk1.genblk1.genblk1.genblk1.genblk1.lut0 (4 -> 2)
  Optimizing lut $abc$40721$lut$aiger40720$8446.genblk1.genblk1.genblk1.genblk1.genblk1.genblk1.genblk1.genblk1.lut1.genblk1.genblk1.genblk1.genblk1.genblk1.genblk1.genblk1.lut0.genblk1.genblk1.genblk1.genblk1.genblk1.genblk1.lut1.genblk1.genblk1.genblk1.genblk1.genblk1.lut1 (4 -> 0)
  Optimizing lut $abc$40721$lut$aiger40720$2777.genblk1.genblk1.genblk1.genblk1.genblk1.genblk1.genblk1.genblk1.lut1.genblk1.genblk1.genblk1.genblk1.genblk1.genblk1.genblk1.lut1.genblk1.genblk1.genblk1.genblk1.genblk1.genblk1.lut1.genblk1.genblk1.genblk1.genblk1.genblk1.lut1 (4 -> 0)
  Optimizing lut $abc$40721$lut$aiger40720$3430.genblk1.genblk1.genblk1.genblk1.genblk1.genblk1.genblk1.genblk1.lut0.genblk1.genblk1.genblk1.genblk1.genblk1.genblk1.genblk1.lut0.genblk1.genblk1.genblk1.genblk1.genblk1.genblk1.lut1.genblk1.genblk1.genblk1.genblk1.genblk1.lut1 (4 -> 0)
  Optimizing lut $abc$40721$lut$aiger40720$2320.genblk1.genblk1.genblk1.genblk1.genblk1.genblk1.genblk1.genblk1.lut0.genblk1.genblk1.genblk1.genblk1.genblk1.genblk1.genblk1.lut0.genblk1.genblk1.genblk1.genblk1.genblk1.genblk1.lut1.genblk1.genblk1.genblk1.genblk1.genblk1.lut1 (4 -> 0)
  Optimizing lut $abc$40721$lut$aiger40720$3988.genblk1.genblk1.genblk1.genblk1.genblk1.genblk1.genblk1.genblk1.lut1.genblk1.genblk1.genblk1.genblk1.genblk1.genblk1.genblk1.lut1.genblk1.genblk1.genblk1.genblk1.genblk1.genblk1.lut1.genblk1.genblk1.genblk1.genblk1.genblk1.lut1 (4 -> 3)
  Optimizing lut $abc$40721$lut$aiger40720$3014.genblk1.genblk1.genblk1.genblk1.genblk1.genblk1.genblk1.genblk1.lut0.genblk1.genblk1.genblk1.genblk1.genblk1.genblk1.genblk1.lut0.genblk1.genblk1.genblk1.genblk1.genblk1.genblk1.lut1.genblk1.genblk1.genblk1.genblk1.genblk1.lut1 (4 -> 1)
  Optimizing lut $abc$40721$lut$aiger40720$2271.genblk1.genblk1.genblk1.genblk1.genblk1.genblk1.genblk1.genblk1.lut0.genblk1.genblk1.genblk1.genblk1.genblk1.genblk1.genblk1.lut0.genblk1.genblk1.genblk1.genblk1.genblk1.genblk1.lut1.genblk1.genblk1.genblk1.genblk1.genblk1.lut1 (4 -> 0)
  Optimizing lut $abc$40721$lut$aiger40720$7071.genblk1.genblk1.genblk1.genblk1.genblk1.genblk1.lut1.genblk1.genblk1.genblk1.genblk1.genblk1.lut0 (4 -> 3)
  Optimizing lut $abc$40721$lut$aiger40720$5082.genblk1.genblk1.genblk1.genblk1.genblk1.genblk1.lut1.genblk1.genblk1.genblk1.genblk1.genblk1.lut1 (4 -> 3)
  Optimizing lut $abc$40721$lut$aiger$o2348.genblk1.genblk1.genblk1.genblk1.genblk1.lut1 (4 -> 0)
  Optimizing lut $abc$40721$lut$aiger40720$3462.genblk1.genblk1.genblk1.genblk1.genblk1.genblk1.genblk1.genblk1.lut0.genblk1.genblk1.genblk1.genblk1.genblk1.genblk1.genblk1.lut0.genblk1.genblk1.genblk1.genblk1.genblk1.genblk1.lut1.genblk1.genblk1.genblk1.genblk1.genblk1.lut1 (4 -> 0)
  Optimizing lut $abc$40721$lut$aiger40720$2239.genblk1.genblk1.genblk1.genblk1.genblk1.genblk1.genblk1.genblk1.lut0.genblk1.genblk1.genblk1.genblk1.genblk1.genblk1.genblk1.lut0.genblk1.genblk1.genblk1.genblk1.genblk1.genblk1.lut1.genblk1.genblk1.genblk1.genblk1.genblk1.lut1 (4 -> 0)
  Optimizing lut $abc$40721$lut$aiger40720$3477.genblk1.genblk1.genblk1.genblk1.genblk1.genblk1.genblk1.genblk1.lut0.genblk1.genblk1.genblk1.genblk1.genblk1.genblk1.genblk1.lut0.genblk1.genblk1.genblk1.genblk1.genblk1.genblk1.lut1.genblk1.genblk1.genblk1.genblk1.genblk1.lut1 (4 -> 0)
  Optimizing lut $abc$40721$lut$aiger$o2355.genblk1.genblk1.genblk1.genblk1.genblk1.lut0 (4 -> 0)
  Optimizing lut $abc$40721$lut$aiger40720$3999.genblk1.genblk1.genblk1.genblk1.genblk1.genblk1.lut1.genblk1.genblk1.genblk1.genblk1.genblk1.lut1 (4 -> 3)
  Optimizing lut $abc$40721$lut$aiger40720$3477.genblk1.genblk1.genblk1.genblk1.genblk1.genblk1.genblk1.genblk1.lut1.genblk1.genblk1.genblk1.genblk1.genblk1.genblk1.genblk1.lut0.genblk1.genblk1.genblk1.genblk1.genblk1.genblk1.lut1.genblk1.genblk1.genblk1.genblk1.genblk1.lut1 (4 -> 0)
  Optimizing lut $abc$40721$lut$aiger40720$4202.genblk1.genblk1.genblk1.genblk1.genblk1.genblk1.lut1.genblk1.genblk1.genblk1.genblk1.genblk1.lut1 (4 -> 3)
  Optimizing lut $abc$40721$lut$aiger40720$2254.genblk1.genblk1.genblk1.genblk1.genblk1.genblk1.genblk1.genblk1.lut0.genblk1.genblk1.genblk1.genblk1.genblk1.genblk1.genblk1.lut0.genblk1.genblk1.genblk1.genblk1.genblk1.genblk1.lut1.genblk1.genblk1.genblk1.genblk1.genblk1.lut1 (4 -> 0)
  Optimizing lut $abc$40721$lut$aiger40720$5064.genblk1.genblk1.genblk1.genblk1.genblk1.genblk1.lut1.genblk1.genblk1.genblk1.genblk1.genblk1.lut1 (4 -> 0)
  Optimizing lut $abc$40721$lut$aiger40720$2696.genblk1.genblk1.genblk1.genblk1.genblk1.genblk1.genblk1.genblk1.lut1.genblk1.genblk1.genblk1.genblk1.genblk1.genblk1.genblk1.lut0.genblk1.genblk1.genblk1.genblk1.genblk1.genblk1.lut1.genblk1.genblk1.genblk1.genblk1.genblk1.lut1 (4 -> 2)
  Optimizing lut $abc$40721$lut$aiger40720$4428.genblk1.genblk1.genblk1.genblk1.genblk1.genblk1.genblk1.genblk1.lut0.genblk1.genblk1.genblk1.genblk1.genblk1.genblk1.genblk1.lut0.genblk1.genblk1.genblk1.genblk1.genblk1.genblk1.lut1.genblk1.genblk1.genblk1.genblk1.genblk1.lut1 (4 -> 3)
  Optimizing lut $abc$40721$lut$aiger40720$2436.genblk1.genblk1.genblk1.genblk1.genblk1.genblk1.genblk1.genblk1.lut1.genblk1.genblk1.genblk1.genblk1.genblk1.genblk1.genblk1.lut1.genblk1.genblk1.genblk1.genblk1.genblk1.genblk1.lut1.genblk1.genblk1.genblk1.genblk1.genblk1.lut1 (4 -> 0)
  Optimizing lut $abc$40721$lut$aiger40720$8295.genblk1.genblk1.genblk1.genblk1.genblk1.genblk1.genblk1.genblk1.lut1.genblk1.genblk1.genblk1.genblk1.genblk1.genblk1.genblk1.lut1.genblk1.genblk1.genblk1.genblk1.genblk1.genblk1.lut1.genblk1.genblk1.genblk1.genblk1.genblk1.lut1 (4 -> 3)
  Optimizing lut $abc$40721$lut$aiger40720$3988.genblk1.genblk1.genblk1.genblk1.genblk1.genblk1.genblk1.genblk1.lut0.genblk1.genblk1.genblk1.genblk1.genblk1.genblk1.genblk1.lut0.genblk1.genblk1.genblk1.genblk1.genblk1.genblk1.lut0.genblk1.genblk1.genblk1.genblk1.genblk1.lut1 (4 -> 2)
  Optimizing lut $abc$40721$lut$aiger40720$11367.genblk1.genblk1.genblk1.genblk1.genblk1.lut0 (4 -> 0)
  Optimizing lut $abc$40721$lut$aiger40720$4145.genblk1.genblk1.genblk1.genblk1.genblk1.genblk1.lut1.genblk1.genblk1.genblk1.genblk1.genblk1.lut0 (4 -> 0)
  Optimizing lut $abc$40721$lut$aiger40720$11793.genblk1.genblk1.genblk1.genblk1.genblk1.genblk1.genblk1.genblk1.lut1.genblk1.genblk1.genblk1.genblk1.genblk1.genblk1.genblk1.lut0.genblk1.genblk1.genblk1.genblk1.genblk1.genblk1.lut1.genblk1.genblk1.genblk1.genblk1.genblk1.lut1 (4 -> 2)
  Optimizing lut $abc$40721$lut$aiger40720$3445.genblk1.genblk1.genblk1.genblk1.genblk1.genblk1.genblk1.genblk1.lut0.genblk1.genblk1.genblk1.genblk1.genblk1.genblk1.genblk1.lut0.genblk1.genblk1.genblk1.genblk1.genblk1.genblk1.lut1.genblk1.genblk1.genblk1.genblk1.genblk1.lut1 (4 -> 1)
  Optimizing lut $abc$40721$lut$aiger40720$2669.genblk1.genblk1.genblk1.genblk1.genblk1.genblk1.genblk1.genblk1.lut0.genblk1.genblk1.genblk1.genblk1.genblk1.genblk1.genblk1.lut0.genblk1.genblk1.genblk1.genblk1.genblk1.genblk1.lut1.genblk1.genblk1.genblk1.genblk1.genblk1.lut1 (4 -> 1)
  Optimizing lut $abc$40721$lut$aiger40720$4044.genblk1.genblk1.genblk1.genblk1.genblk1.lut0 (4 -> 0)
  Optimizing lut $abc$40721$lut$aiger40720$2305.genblk1.genblk1.genblk1.genblk1.genblk1.genblk1.genblk1.genblk1.lut0.genblk1.genblk1.genblk1.genblk1.genblk1.genblk1.genblk1.lut0.genblk1.genblk1.genblk1.genblk1.genblk1.genblk1.lut1.genblk1.genblk1.genblk1.genblk1.genblk1.lut1 (4 -> 1)
  Optimizing lut $abc$40721$lut$aiger40720$4452.genblk1.genblk1.genblk1.genblk1.genblk1.genblk1.genblk1.lut0.genblk1.genblk1.genblk1.genblk1.genblk1.genblk1.lut1.genblk1.genblk1.genblk1.genblk1.genblk1.lut1 (4 -> 0)
  Optimizing lut $abc$40721$lut$aiger40720$5115.genblk1.genblk1.genblk1.genblk1.genblk1.genblk1.genblk1.genblk1.lut0.genblk1.genblk1.genblk1.genblk1.genblk1.genblk1.genblk1.lut0.genblk1.genblk1.genblk1.genblk1.genblk1.genblk1.lut1.genblk1.genblk1.genblk1.genblk1.genblk1.lut1 (4 -> 3)
  Optimizing lut $abc$40721$lut$aiger40720$9479.genblk1.genblk1.genblk1.genblk1.genblk1.lut1 (4 -> 0)
  Optimizing lut $abc$40721$lut$aiger40720$7022.genblk1.genblk1.genblk1.genblk1.genblk1.genblk1.genblk1.genblk1.lut1.genblk1.genblk1.genblk1.genblk1.genblk1.genblk1.genblk1.lut0.genblk1.genblk1.genblk1.genblk1.genblk1.genblk1.lut1.genblk1.genblk1.genblk1.genblk1.genblk1.lut1 (4 -> 3)
  Optimizing lut $abc$40721$lut$aiger40720$7197.genblk1.genblk1.genblk1.genblk1.genblk1.genblk1.genblk1.lut0.genblk1.genblk1.genblk1.genblk1.genblk1.genblk1.lut0.genblk1.genblk1.genblk1.genblk1.genblk1.lut1 (4 -> 0)
  Optimizing lut $abc$40721$lut$aiger40720$5136.genblk1.genblk1.genblk1.genblk1.genblk1.genblk1.lut1.genblk1.genblk1.genblk1.genblk1.genblk1.lut1 (4 -> 0)
  Optimizing lut $abc$40721$lut$aiger40720$7701.genblk1.genblk1.genblk1.genblk1.genblk1.genblk1.genblk1.lut0.genblk1.genblk1.genblk1.genblk1.genblk1.genblk1.lut1.genblk1.genblk1.genblk1.genblk1.genblk1.lut1 (4 -> 0)
  Optimizing lut $abc$40721$lut$aiger40720$9832.genblk1.genblk1.genblk1.genblk1.genblk1.lut1 (4 -> 3)
  Optimizing lut $auto$abc_ops_reintegrate.cc:611:reintegrate$40732.genblk1.genblk1.genblk1.genblk1.genblk1.genblk1.lut1.genblk1.genblk1.genblk1.genblk1.genblk1.lut1 (4 -> 3)
  Optimizing lut $auto$abc_ops_reintegrate.cc:611:reintegrate$40733.genblk1.genblk1.genblk1.genblk1.genblk1.genblk1.genblk1.genblk1.lut0.genblk1.genblk1.genblk1.genblk1.genblk1.genblk1.genblk1.lut0.genblk1.genblk1.genblk1.genblk1.genblk1.genblk1.lut1.genblk1.genblk1.genblk1.genblk1.genblk1.lut1 (4 -> 0)
  Optimizing lut $auto$abc_ops_reintegrate.cc:611:reintegrate$40733.genblk1.genblk1.genblk1.genblk1.genblk1.genblk1.genblk1.genblk1.lut1.genblk1.genblk1.genblk1.genblk1.genblk1.genblk1.genblk1.lut1.genblk1.genblk1.genblk1.genblk1.genblk1.genblk1.lut1.genblk1.genblk1.genblk1.genblk1.genblk1.lut1 (4 -> 0)
  Optimizing lut $auto$abc_ops_reintegrate.cc:611:reintegrate$40736.genblk1.genblk1.genblk1.genblk1.genblk1.genblk1.genblk1.lut0.genblk1.genblk1.genblk1.genblk1.genblk1.genblk1.lut1.genblk1.genblk1.genblk1.genblk1.genblk1.lut1 (4 -> 1)
  Optimizing lut $auto$abc_ops_reintegrate.cc:611:reintegrate$40737.genblk1.genblk1.genblk1.genblk1.genblk1.genblk1.genblk1.genblk1.lut0.genblk1.genblk1.genblk1.genblk1.genblk1.genblk1.genblk1.lut0.genblk1.genblk1.genblk1.genblk1.genblk1.genblk1.lut1.genblk1.genblk1.genblk1.genblk1.genblk1.lut1 (4 -> 0)
  Optimizing lut $abc$40721$lut$aiger40720$4079.genblk1.genblk1.genblk1.genblk1.genblk1.genblk1.genblk1.lut0.genblk1.genblk1.genblk1.genblk1.genblk1.genblk1.lut0.genblk1.genblk1.genblk1.genblk1.genblk1.lut1 (4 -> 2)
  Optimizing lut $abc$40721$lut$aiger40720$11793.genblk1.genblk1.genblk1.genblk1.genblk1.genblk1.genblk1.genblk1.lut1.genblk1.genblk1.genblk1.genblk1.genblk1.genblk1.genblk1.lut1.genblk1.genblk1.genblk1.genblk1.genblk1.genblk1.lut1.genblk1.genblk1.genblk1.genblk1.genblk1.lut1 (4 -> 2)
  Optimizing lut $abc$40721$lut$aiger40720$5127.genblk1.genblk1.genblk1.genblk1.genblk1.genblk1.genblk1.genblk1.lut0.genblk1.genblk1.genblk1.genblk1.genblk1.genblk1.genblk1.lut0.genblk1.genblk1.genblk1.genblk1.genblk1.genblk1.lut1.genblk1.genblk1.genblk1.genblk1.genblk1.lut1 (4 -> 3)
  Optimizing lut $abc$40721$lut$aiger40720$7723.genblk1.genblk1.genblk1.genblk1.genblk1.genblk1.lut1.genblk1.genblk1.genblk1.genblk1.genblk1.lut1 (4 -> 0)
  Optimizing lut $abc$40721$lut$aiger40720$7723.genblk1.genblk1.genblk1.genblk1.genblk1.genblk1.lut1.genblk1.genblk1.genblk1.genblk1.genblk1.lut0 (4 -> 0)
  Optimizing lut $abc$40721$lut$aiger40720$5230.genblk1.genblk1.genblk1.genblk1.genblk1.genblk1.genblk1.genblk1.lut0.genblk1.genblk1.genblk1.genblk1.genblk1.genblk1.genblk1.lut0.genblk1.genblk1.genblk1.genblk1.genblk1.genblk1.lut0.genblk1.genblk1.genblk1.genblk1.genblk1.lut1 (4 -> 1)
  Optimizing lut $abc$40721$lut$aiger40720$7022.genblk1.genblk1.genblk1.genblk1.genblk1.genblk1.genblk1.genblk1.lut0.genblk1.genblk1.genblk1.genblk1.genblk1.genblk1.genblk1.lut0.genblk1.genblk1.genblk1.genblk1.genblk1.genblk1.lut1.genblk1.genblk1.genblk1.genblk1.genblk1.lut1 (4 -> 3)
  Optimizing lut $abc$40721$lut$aiger40720$5127.genblk1.genblk1.genblk1.genblk1.genblk1.genblk1.genblk1.genblk1.lut0.genblk1.genblk1.genblk1.genblk1.genblk1.genblk1.genblk1.lut0.genblk1.genblk1.genblk1.genblk1.genblk1.genblk1.lut0.genblk1.genblk1.genblk1.genblk1.genblk1.lut1 (4 -> 3)
  Optimizing lut $abc$40721$lut$aiger40720$5256.genblk1.genblk1.genblk1.genblk1.genblk1.lut1 (4 -> 3)
  Optimizing lut $auto$abc_ops_reintegrate.cc:611:reintegrate$40805.genblk1.genblk1.genblk1.genblk1.genblk1.lut0 (4 -> 1)
  Optimizing lut $auto$abc_ops_reintegrate.cc:611:reintegrate$40794.genblk1.genblk1.genblk1.genblk1.genblk1.lut1 (4 -> 3)
  Optimizing lut $auto$abc_ops_reintegrate.cc:611:reintegrate$40778.genblk1.genblk1.genblk1.genblk1.genblk1.lut1 (4 -> 3)
  Optimizing lut $abc$40721$lut$aiger40720$7022.genblk1.genblk1.genblk1.genblk1.genblk1.genblk1.genblk1.genblk1.lut1.genblk1.genblk1.genblk1.genblk1.genblk1.genblk1.genblk1.lut1.genblk1.genblk1.genblk1.genblk1.genblk1.genblk1.lut1.genblk1.genblk1.genblk1.genblk1.genblk1.lut1 (4 -> 2)
  Optimizing lut $abc$40721$lut$aiger40720$9459.genblk1.genblk1.genblk1.genblk1.genblk1.genblk1.genblk1.lut0.genblk1.genblk1.genblk1.genblk1.genblk1.genblk1.lut1.genblk1.genblk1.genblk1.genblk1.genblk1.lut1 (4 -> 3)
  Optimizing lut $abc$40721$lut$aiger40720$5785.genblk1.genblk1.genblk1.genblk1.genblk1.genblk1.genblk1.lut0.genblk1.genblk1.genblk1.genblk1.genblk1.genblk1.lut1.genblk1.genblk1.genblk1.genblk1.genblk1.lut1 (4 -> 3)
  Optimizing lut $abc$40721$lut$aiger40720$3076.genblk1.genblk1.genblk1.genblk1.genblk1.genblk1.genblk1.genblk1.lut0.genblk1.genblk1.genblk1.genblk1.genblk1.genblk1.genblk1.lut0.genblk1.genblk1.genblk1.genblk1.genblk1.genblk1.lut1.genblk1.genblk1.genblk1.genblk1.genblk1.lut1 (4 -> 0)
  Optimizing lut $abc$40721$lut$aiger40720$6034.genblk1.genblk1.genblk1.genblk1.genblk1.genblk1.genblk1.genblk1.lut0.genblk1.genblk1.genblk1.genblk1.genblk1.genblk1.genblk1.lut0.genblk1.genblk1.genblk1.genblk1.genblk1.genblk1.lut1.genblk1.genblk1.genblk1.genblk1.genblk1.lut1 (4 -> 1)
  Optimizing lut $abc$40721$lut$aiger40720$9215.genblk1.genblk1.genblk1.genblk1.genblk1.lut1 (4 -> 3)
  Optimizing lut $abc$40721$lut$aiger40720$10741.genblk1.genblk1.genblk1.genblk1.genblk1.lut0 (4 -> 0)
  Optimizing lut $abc$40721$lut$aiger40720$3112.genblk1.genblk1.genblk1.genblk1.genblk1.genblk1.genblk1.genblk1.lut1.genblk1.genblk1.genblk1.genblk1.genblk1.genblk1.genblk1.lut1.genblk1.genblk1.genblk1.genblk1.genblk1.genblk1.lut1.genblk1.genblk1.genblk1.genblk1.genblk1.lut1 (4 -> 0)
  Optimizing lut $abc$40721$lut$aiger40720$2286.genblk1.genblk1.genblk1.genblk1.genblk1.genblk1.genblk1.genblk1.lut0.genblk1.genblk1.genblk1.genblk1.genblk1.genblk1.genblk1.lut0.genblk1.genblk1.genblk1.genblk1.genblk1.genblk1.lut1.genblk1.genblk1.genblk1.genblk1.genblk1.lut1 (4 -> 1)
  Optimizing lut $abc$40721$lut$aiger40720$5115.genblk1.genblk1.genblk1.genblk1.genblk1.genblk1.genblk1.genblk1.lut1.genblk1.genblk1.genblk1.genblk1.genblk1.genblk1.genblk1.lut1.genblk1.genblk1.genblk1.genblk1.genblk1.genblk1.lut1.genblk1.genblk1.genblk1.genblk1.genblk1.lut1 (4 -> 0)
  Optimizing lut $abc$40721$lut$aiger40720$11592.genblk1.genblk1.genblk1.genblk1.genblk1.genblk1.genblk1.genblk1.lut1.genblk1.genblk1.genblk1.genblk1.genblk1.genblk1.genblk1.lut1.genblk1.genblk1.genblk1.genblk1.genblk1.genblk1.lut1.genblk1.genblk1.genblk1.genblk1.genblk1.lut1 (4 -> 3)
  Optimizing lut $abc$40721$lut$aiger40720$11592.genblk1.genblk1.genblk1.genblk1.genblk1.genblk1.genblk1.genblk1.lut1.genblk1.genblk1.genblk1.genblk1.genblk1.genblk1.genblk1.lut0.genblk1.genblk1.genblk1.genblk1.genblk1.genblk1.lut1.genblk1.genblk1.genblk1.genblk1.genblk1.lut1 (4 -> 3)
  Optimizing lut $abc$40721$lut$aiger40720$2336.genblk1.genblk1.genblk1.genblk1.genblk1.genblk1.genblk1.genblk1.lut0.genblk1.genblk1.genblk1.genblk1.genblk1.genblk1.genblk1.lut0.genblk1.genblk1.genblk1.genblk1.genblk1.genblk1.lut1.genblk1.genblk1.genblk1.genblk1.genblk1.lut1 (4 -> 0)
  Optimizing lut $abc$40721$lut$aiger40720$2349.genblk1.genblk1.genblk1.genblk1.genblk1.genblk1.genblk1.genblk1.lut0.genblk1.genblk1.genblk1.genblk1.genblk1.genblk1.genblk1.lut0.genblk1.genblk1.genblk1.genblk1.genblk1.genblk1.lut1.genblk1.genblk1.genblk1.genblk1.genblk1.lut1 (4 -> 0)
  Optimizing lut $abc$40721$lut$aiger40720$2349.genblk1.genblk1.genblk1.genblk1.genblk1.genblk1.genblk1.genblk1.lut1.genblk1.genblk1.genblk1.genblk1.genblk1.genblk1.genblk1.lut0.genblk1.genblk1.genblk1.genblk1.genblk1.genblk1.lut1.genblk1.genblk1.genblk1.genblk1.genblk1.lut1 (4 -> 0)
  Optimizing lut $abc$40721$lut$aiger40720$2366.genblk1.genblk1.genblk1.genblk1.genblk1.genblk1.genblk1.genblk1.lut0.genblk1.genblk1.genblk1.genblk1.genblk1.genblk1.genblk1.lut0.genblk1.genblk1.genblk1.genblk1.genblk1.genblk1.lut1.genblk1.genblk1.genblk1.genblk1.genblk1.lut1 (4 -> 0)
  Optimizing lut $abc$40721$lut$aiger40720$2381.genblk1.genblk1.genblk1.genblk1.genblk1.genblk1.genblk1.genblk1.lut0.genblk1.genblk1.genblk1.genblk1.genblk1.genblk1.genblk1.lut0.genblk1.genblk1.genblk1.genblk1.genblk1.genblk1.lut1.genblk1.genblk1.genblk1.genblk1.genblk1.lut1 (4 -> 1)
  Optimizing lut $abc$40721$lut$aiger40720$2394.genblk1.genblk1.genblk1.genblk1.genblk1.genblk1.genblk1.genblk1.lut0.genblk1.genblk1.genblk1.genblk1.genblk1.genblk1.genblk1.lut0.genblk1.genblk1.genblk1.genblk1.genblk1.genblk1.lut1.genblk1.genblk1.genblk1.genblk1.genblk1.lut1 (4 -> 0)
  Optimizing lut $abc$40721$lut$aiger40720$2409.genblk1.genblk1.genblk1.genblk1.genblk1.genblk1.genblk1.genblk1.lut0.genblk1.genblk1.genblk1.genblk1.genblk1.genblk1.genblk1.lut0.genblk1.genblk1.genblk1.genblk1.genblk1.genblk1.lut1.genblk1.genblk1.genblk1.genblk1.genblk1.lut1 (4 -> 0)
  Optimizing lut $abc$40721$lut$aiger40720$2409.genblk1.genblk1.genblk1.genblk1.genblk1.genblk1.genblk1.genblk1.lut1.genblk1.genblk1.genblk1.genblk1.genblk1.genblk1.genblk1.lut0.genblk1.genblk1.genblk1.genblk1.genblk1.genblk1.lut1.genblk1.genblk1.genblk1.genblk1.genblk1.lut1 (4 -> 0)
  Optimizing lut $abc$40721$lut$aiger40720$2696.genblk1.genblk1.genblk1.genblk1.genblk1.genblk1.genblk1.genblk1.lut1.genblk1.genblk1.genblk1.genblk1.genblk1.genblk1.genblk1.lut1.genblk1.genblk1.genblk1.genblk1.genblk1.genblk1.lut1.genblk1.genblk1.genblk1.genblk1.genblk1.lut1 (4 -> 1)
  Optimizing lut $abc$40721$lut$aiger40720$2436.genblk1.genblk1.genblk1.genblk1.genblk1.genblk1.genblk1.genblk1.lut0.genblk1.genblk1.genblk1.genblk1.genblk1.genblk1.genblk1.lut0.genblk1.genblk1.genblk1.genblk1.genblk1.genblk1.lut1.genblk1.genblk1.genblk1.genblk1.genblk1.lut1 (4 -> 0)
  Optimizing lut $abc$40721$lut$aiger40720$2450.genblk1.genblk1.genblk1.genblk1.genblk1.genblk1.genblk1.genblk1.lut0.genblk1.genblk1.genblk1.genblk1.genblk1.genblk1.genblk1.lut0.genblk1.genblk1.genblk1.genblk1.genblk1.genblk1.lut1.genblk1.genblk1.genblk1.genblk1.genblk1.lut1 (4 -> 0)
  Optimizing lut $abc$40721$lut$aiger40720$2463.genblk1.genblk1.genblk1.genblk1.genblk1.genblk1.genblk1.genblk1.lut0.genblk1.genblk1.genblk1.genblk1.genblk1.genblk1.genblk1.lut0.genblk1.genblk1.genblk1.genblk1.genblk1.genblk1.lut1.genblk1.genblk1.genblk1.genblk1.genblk1.lut1 (4 -> 1)
  Optimizing lut $abc$40721$lut$aiger40720$2477.genblk1.genblk1.genblk1.genblk1.genblk1.genblk1.genblk1.genblk1.lut0.genblk1.genblk1.genblk1.genblk1.genblk1.genblk1.genblk1.lut0.genblk1.genblk1.genblk1.genblk1.genblk1.genblk1.lut1.genblk1.genblk1.genblk1.genblk1.genblk1.lut1 (4 -> 0)
  Optimizing lut $abc$40721$lut$aiger40720$2477.genblk1.genblk1.genblk1.genblk1.genblk1.genblk1.genblk1.genblk1.lut1.genblk1.genblk1.genblk1.genblk1.genblk1.genblk1.genblk1.lut0.genblk1.genblk1.genblk1.genblk1.genblk1.genblk1.lut1.genblk1.genblk1.genblk1.genblk1.genblk1.lut1 (4 -> 0)
  Optimizing lut $abc$40721$lut$aiger40720$2494.genblk1.genblk1.genblk1.genblk1.genblk1.genblk1.genblk1.genblk1.lut0.genblk1.genblk1.genblk1.genblk1.genblk1.genblk1.genblk1.lut0.genblk1.genblk1.genblk1.genblk1.genblk1.genblk1.lut1.genblk1.genblk1.genblk1.genblk1.genblk1.lut1 (4 -> 0)
  Optimizing lut $abc$40721$lut$aiger40720$2510.genblk1.genblk1.genblk1.genblk1.genblk1.genblk1.genblk1.genblk1.lut0.genblk1.genblk1.genblk1.genblk1.genblk1.genblk1.genblk1.lut0.genblk1.genblk1.genblk1.genblk1.genblk1.genblk1.lut1.genblk1.genblk1.genblk1.genblk1.genblk1.lut1 (4 -> 0)
  Optimizing lut $abc$40721$lut$aiger40720$2523.genblk1.genblk1.genblk1.genblk1.genblk1.genblk1.genblk1.genblk1.lut0.genblk1.genblk1.genblk1.genblk1.genblk1.genblk1.genblk1.lut0.genblk1.genblk1.genblk1.genblk1.genblk1.genblk1.lut1.genblk1.genblk1.genblk1.genblk1.genblk1.lut1 (4 -> 1)
  Optimizing lut $abc$40721$lut$aiger40720$2537.genblk1.genblk1.genblk1.genblk1.genblk1.genblk1.genblk1.genblk1.lut0.genblk1.genblk1.genblk1.genblk1.genblk1.genblk1.genblk1.lut0.genblk1.genblk1.genblk1.genblk1.genblk1.genblk1.lut1.genblk1.genblk1.genblk1.genblk1.genblk1.lut1 (4 -> 0)
  Optimizing lut $abc$40721$lut$aiger40720$2537.genblk1.genblk1.genblk1.genblk1.genblk1.genblk1.genblk1.genblk1.lut1.genblk1.genblk1.genblk1.genblk1.genblk1.genblk1.genblk1.lut0.genblk1.genblk1.genblk1.genblk1.genblk1.genblk1.lut1.genblk1.genblk1.genblk1.genblk1.genblk1.lut1 (4 -> 0)
  Optimizing lut $abc$40721$lut$aiger40720$3166.genblk1.genblk1.genblk1.genblk1.genblk1.genblk1.genblk1.genblk1.lut1.genblk1.genblk1.genblk1.genblk1.genblk1.genblk1.genblk1.lut0.genblk1.genblk1.genblk1.genblk1.genblk1.genblk1.lut1.genblk1.genblk1.genblk1.genblk1.genblk1.lut1 (4 -> 3)
  Optimizing lut $abc$40721$lut$aiger40720$2562.genblk1.genblk1.genblk1.genblk1.genblk1.genblk1.genblk1.genblk1.lut0.genblk1.genblk1.genblk1.genblk1.genblk1.genblk1.genblk1.lut0.genblk1.genblk1.genblk1.genblk1.genblk1.genblk1.lut1.genblk1.genblk1.genblk1.genblk1.genblk1.lut1 (4 -> 1)
  Optimizing lut $abc$40721$lut$aiger40720$2575.genblk1.genblk1.genblk1.genblk1.genblk1.genblk1.genblk1.genblk1.lut0.genblk1.genblk1.genblk1.genblk1.genblk1.genblk1.genblk1.lut0.genblk1.genblk1.genblk1.genblk1.genblk1.genblk1.lut1.genblk1.genblk1.genblk1.genblk1.genblk1.lut1 (4 -> 0)
  Optimizing lut $abc$40721$lut$aiger40720$2589.genblk1.genblk1.genblk1.genblk1.genblk1.genblk1.genblk1.genblk1.lut0.genblk1.genblk1.genblk1.genblk1.genblk1.genblk1.genblk1.lut0.genblk1.genblk1.genblk1.genblk1.genblk1.genblk1.lut1.genblk1.genblk1.genblk1.genblk1.genblk1.lut1 (4 -> 0)
  Optimizing lut $abc$40721$lut$aiger40720$2605.genblk1.genblk1.genblk1.genblk1.genblk1.genblk1.genblk1.genblk1.lut0.genblk1.genblk1.genblk1.genblk1.genblk1.genblk1.genblk1.lut0.genblk1.genblk1.genblk1.genblk1.genblk1.genblk1.lut1.genblk1.genblk1.genblk1.genblk1.genblk1.lut1 (4 -> 0)
  Optimizing lut $abc$40721$lut$aiger40720$2605.genblk1.genblk1.genblk1.genblk1.genblk1.genblk1.genblk1.genblk1.lut1.genblk1.genblk1.genblk1.genblk1.genblk1.genblk1.genblk1.lut0.genblk1.genblk1.genblk1.genblk1.genblk1.genblk1.lut1.genblk1.genblk1.genblk1.genblk1.genblk1.lut1 (4 -> 1)
  Optimizing lut $abc$40721$lut$aiger40720$2615.genblk1.genblk1.genblk1.genblk1.genblk1.genblk1.lut1.genblk1.genblk1.genblk1.genblk1.genblk1.lut1 (4 -> 0)
  Optimizing lut $abc$40721$lut$aiger40720$2631.genblk1.genblk1.genblk1.genblk1.genblk1.genblk1.genblk1.genblk1.lut0.genblk1.genblk1.genblk1.genblk1.genblk1.genblk1.genblk1.lut0.genblk1.genblk1.genblk1.genblk1.genblk1.genblk1.lut1.genblk1.genblk1.genblk1.genblk1.genblk1.lut1 (4 -> 0)
  Optimizing lut $abc$40721$lut$aiger40720$2653.genblk1.genblk1.genblk1.genblk1.genblk1.genblk1.genblk1.genblk1.lut0.genblk1.genblk1.genblk1.genblk1.genblk1.genblk1.genblk1.lut0.genblk1.genblk1.genblk1.genblk1.genblk1.genblk1.lut1.genblk1.genblk1.genblk1.genblk1.genblk1.lut1 (4 -> 0)
  Optimizing lut $abc$40721$lut$aiger40720$2696.genblk1.genblk1.genblk1.genblk1.genblk1.genblk1.genblk1.genblk1.lut0.genblk1.genblk1.genblk1.genblk1.genblk1.genblk1.genblk1.lut0.genblk1.genblk1.genblk1.genblk1.genblk1.genblk1.lut1.genblk1.genblk1.genblk1.genblk1.genblk1.lut1 (4 -> 3)
  Optimizing lut $abc$40721$lut$aiger40720$2716.genblk1.genblk1.genblk1.genblk1.genblk1.genblk1.genblk1.genblk1.lut0.genblk1.genblk1.genblk1.genblk1.genblk1.genblk1.genblk1.lut0.genblk1.genblk1.genblk1.genblk1.genblk1.genblk1.lut1.genblk1.genblk1.genblk1.genblk1.genblk1.lut1 (4 -> 0)
  Optimizing lut $abc$40721$lut$aiger40720$2729.genblk1.genblk1.genblk1.genblk1.genblk1.genblk1.genblk1.genblk1.lut0.genblk1.genblk1.genblk1.genblk1.genblk1.genblk1.genblk1.lut0.genblk1.genblk1.genblk1.genblk1.genblk1.genblk1.lut1.genblk1.genblk1.genblk1.genblk1.genblk1.lut1 (4 -> 0)
  Optimizing lut $abc$40721$lut$aiger40720$2742.genblk1.genblk1.genblk1.genblk1.genblk1.genblk1.genblk1.genblk1.lut0.genblk1.genblk1.genblk1.genblk1.genblk1.genblk1.genblk1.lut0.genblk1.genblk1.genblk1.genblk1.genblk1.genblk1.lut1.genblk1.genblk1.genblk1.genblk1.genblk1.lut1 (4 -> 0)
  Optimizing lut $abc$40721$lut$aiger40720$2755.genblk1.genblk1.genblk1.genblk1.genblk1.genblk1.genblk1.genblk1.lut0.genblk1.genblk1.genblk1.genblk1.genblk1.genblk1.genblk1.lut0.genblk1.genblk1.genblk1.genblk1.genblk1.genblk1.lut1.genblk1.genblk1.genblk1.genblk1.genblk1.lut1 (4 -> 1)
  Optimizing lut $abc$40721$lut$aiger40720$2755.genblk1.genblk1.genblk1.genblk1.genblk1.genblk1.genblk1.genblk1.lut1.genblk1.genblk1.genblk1.genblk1.genblk1.genblk1.genblk1.lut0.genblk1.genblk1.genblk1.genblk1.genblk1.genblk1.lut1.genblk1.genblk1.genblk1.genblk1.genblk1.lut1 (4 -> 0)
  Optimizing lut $abc$40721$lut$aiger40720$2777.genblk1.genblk1.genblk1.genblk1.genblk1.genblk1.genblk1.genblk1.lut0.genblk1.genblk1.genblk1.genblk1.genblk1.genblk1.genblk1.lut0.genblk1.genblk1.genblk1.genblk1.genblk1.genblk1.lut1.genblk1.genblk1.genblk1.genblk1.genblk1.lut1 (4 -> 0)
  Optimizing lut $abc$40721$lut$aiger40720$2789.genblk1.genblk1.genblk1.genblk1.genblk1.genblk1.genblk1.genblk1.lut0.genblk1.genblk1.genblk1.genblk1.genblk1.genblk1.genblk1.lut0.genblk1.genblk1.genblk1.genblk1.genblk1.genblk1.lut1.genblk1.genblk1.genblk1.genblk1.genblk1.lut1 (4 -> 0)
  Optimizing lut $abc$40721$lut$aiger40720$2802.genblk1.genblk1.genblk1.genblk1.genblk1.genblk1.genblk1.genblk1.lut0.genblk1.genblk1.genblk1.genblk1.genblk1.genblk1.genblk1.lut0.genblk1.genblk1.genblk1.genblk1.genblk1.genblk1.lut1.genblk1.genblk1.genblk1.genblk1.genblk1.lut1 (4 -> 0)
  Optimizing lut $abc$40721$lut$aiger40720$2817.genblk1.genblk1.genblk1.genblk1.genblk1.genblk1.genblk1.genblk1.lut0.genblk1.genblk1.genblk1.genblk1.genblk1.genblk1.genblk1.lut0.genblk1.genblk1.genblk1.genblk1.genblk1.genblk1.lut1.genblk1.genblk1.genblk1.genblk1.genblk1.lut1 (4 -> 0)
  Optimizing lut $abc$40721$lut$aiger40720$2836.genblk1.genblk1.genblk1.genblk1.genblk1.genblk1.genblk1.genblk1.lut0.genblk1.genblk1.genblk1.genblk1.genblk1.genblk1.genblk1.lut0.genblk1.genblk1.genblk1.genblk1.genblk1.genblk1.lut1.genblk1.genblk1.genblk1.genblk1.genblk1.lut1 (4 -> 1)
  Optimizing lut $abc$40721$lut$aiger40720$2850.genblk1.genblk1.genblk1.genblk1.genblk1.genblk1.genblk1.genblk1.lut0.genblk1.genblk1.genblk1.genblk1.genblk1.genblk1.genblk1.lut0.genblk1.genblk1.genblk1.genblk1.genblk1.genblk1.lut1.genblk1.genblk1.genblk1.genblk1.genblk1.lut1 (4 -> 0)
  Optimizing lut $abc$40721$lut$aiger40720$2863.genblk1.genblk1.genblk1.genblk1.genblk1.genblk1.genblk1.genblk1.lut0.genblk1.genblk1.genblk1.genblk1.genblk1.genblk1.genblk1.lut0.genblk1.genblk1.genblk1.genblk1.genblk1.genblk1.lut1.genblk1.genblk1.genblk1.genblk1.genblk1.lut1 (4 -> 0)
  Optimizing lut $abc$40721$lut$aiger40720$2879.genblk1.genblk1.genblk1.genblk1.genblk1.genblk1.genblk1.genblk1.lut0.genblk1.genblk1.genblk1.genblk1.genblk1.genblk1.genblk1.lut0.genblk1.genblk1.genblk1.genblk1.genblk1.genblk1.lut1.genblk1.genblk1.genblk1.genblk1.genblk1.lut1 (4 -> 0)
  Optimizing lut $abc$40721$lut$aiger40720$2879.genblk1.genblk1.genblk1.genblk1.genblk1.genblk1.genblk1.genblk1.lut1.genblk1.genblk1.genblk1.genblk1.genblk1.genblk1.genblk1.lut0.genblk1.genblk1.genblk1.genblk1.genblk1.genblk1.lut1.genblk1.genblk1.genblk1.genblk1.genblk1.lut1 (4 -> 0)
  Optimizing lut $abc$40721$lut$aiger40720$2895.genblk1.genblk1.genblk1.genblk1.genblk1.genblk1.genblk1.genblk1.lut0.genblk1.genblk1.genblk1.genblk1.genblk1.genblk1.genblk1.lut0.genblk1.genblk1.genblk1.genblk1.genblk1.genblk1.lut1.genblk1.genblk1.genblk1.genblk1.genblk1.lut1 (4 -> 0)
  Optimizing lut $abc$40721$lut$aiger40720$2908.genblk1.genblk1.genblk1.genblk1.genblk1.genblk1.genblk1.genblk1.lut0.genblk1.genblk1.genblk1.genblk1.genblk1.genblk1.genblk1.lut0.genblk1.genblk1.genblk1.genblk1.genblk1.genblk1.lut1.genblk1.genblk1.genblk1.genblk1.genblk1.lut1 (4 -> 0)
  Optimizing lut $abc$40721$lut$aiger40720$2924.genblk1.genblk1.genblk1.genblk1.genblk1.genblk1.genblk1.genblk1.lut0.genblk1.genblk1.genblk1.genblk1.genblk1.genblk1.genblk1.lut0.genblk1.genblk1.genblk1.genblk1.genblk1.genblk1.lut1.genblk1.genblk1.genblk1.genblk1.genblk1.lut1 (4 -> 1)
  Optimizing lut $abc$40721$lut$aiger40720$2940.genblk1.genblk1.genblk1.genblk1.genblk1.genblk1.genblk1.genblk1.lut0.genblk1.genblk1.genblk1.genblk1.genblk1.genblk1.genblk1.lut0.genblk1.genblk1.genblk1.genblk1.genblk1.genblk1.lut1.genblk1.genblk1.genblk1.genblk1.genblk1.lut1 (4 -> 0)
  Optimizing lut $abc$40721$lut$aiger40720$2940.genblk1.genblk1.genblk1.genblk1.genblk1.genblk1.genblk1.genblk1.lut1.genblk1.genblk1.genblk1.genblk1.genblk1.genblk1.genblk1.lut0.genblk1.genblk1.genblk1.genblk1.genblk1.genblk1.lut1.genblk1.genblk1.genblk1.genblk1.genblk1.lut1 (4 -> 1)
  Optimizing lut $abc$40721$lut$aiger40720$2967.genblk1.genblk1.genblk1.genblk1.genblk1.genblk1.genblk1.genblk1.lut0.genblk1.genblk1.genblk1.genblk1.genblk1.genblk1.genblk1.lut0.genblk1.genblk1.genblk1.genblk1.genblk1.genblk1.lut1.genblk1.genblk1.genblk1.genblk1.genblk1.lut1 (4 -> 0)
  Optimizing lut $abc$40721$lut$aiger40720$2982.genblk1.genblk1.genblk1.genblk1.genblk1.genblk1.genblk1.genblk1.lut0.genblk1.genblk1.genblk1.genblk1.genblk1.genblk1.genblk1.lut0.genblk1.genblk1.genblk1.genblk1.genblk1.genblk1.lut1.genblk1.genblk1.genblk1.genblk1.genblk1.lut1 (4 -> 0)
  Optimizing lut $abc$40721$lut$aiger40720$2999.genblk1.genblk1.genblk1.genblk1.genblk1.genblk1.genblk1.genblk1.lut0.genblk1.genblk1.genblk1.genblk1.genblk1.genblk1.genblk1.lut0.genblk1.genblk1.genblk1.genblk1.genblk1.genblk1.lut1.genblk1.genblk1.genblk1.genblk1.genblk1.lut1 (4 -> 0)
  Optimizing lut $abc$40721$lut$aiger40720$3297.genblk1.genblk1.genblk1.genblk1.genblk1.lut0 (4 -> 1)
  Optimizing lut $auto$abc_ops_reintegrate.cc:611:reintegrate$40793.genblk1.genblk1.genblk1.genblk1.genblk1.lut0 (4 -> 1)
  Optimizing lut $abc$40721$lut$aiger40720$3076.genblk1.genblk1.genblk1.genblk1.genblk1.genblk1.genblk1.genblk1.lut1.genblk1.genblk1.genblk1.genblk1.genblk1.genblk1.genblk1.lut0.genblk1.genblk1.genblk1.genblk1.genblk1.genblk1.lut1.genblk1.genblk1.genblk1.genblk1.genblk1.lut1 (4 -> 0)
  Optimizing lut $abc$40721$lut$aiger40720$7553.genblk1.genblk1.genblk1.genblk1.genblk1.genblk1.lut1.genblk1.genblk1.genblk1.genblk1.genblk1.lut1 (4 -> 0)
  Optimizing lut $abc$40721$lut$aiger40720$2286.genblk1.genblk1.genblk1.genblk1.genblk1.genblk1.genblk1.genblk1.lut1.genblk1.genblk1.genblk1.genblk1.genblk1.genblk1.genblk1.lut0.genblk1.genblk1.genblk1.genblk1.genblk1.genblk1.lut1.genblk1.genblk1.genblk1.genblk1.genblk1.lut1 (4 -> 0)
  Optimizing lut $abc$40721$lut$aiger40720$4131.genblk1.genblk1.genblk1.genblk1.genblk1.genblk1.lut1.genblk1.genblk1.genblk1.genblk1.genblk1.lut1 (4 -> 3)
  Optimizing lut $abc$40721$lut$aiger40720$7532.genblk1.genblk1.genblk1.genblk1.genblk1.genblk1.lut1.genblk1.genblk1.genblk1.genblk1.genblk1.lut1 (4 -> 3)
  Optimizing lut $abc$40721$lut$aiger40720$7553.genblk1.genblk1.genblk1.genblk1.genblk1.genblk1.lut1.genblk1.genblk1.genblk1.genblk1.genblk1.lut0 (4 -> 0)
  Optimizing lut $abc$40721$lut$aiger40720$5313.genblk1.genblk1.genblk1.genblk1.genblk1.genblk1.lut1.genblk1.genblk1.genblk1.genblk1.genblk1.lut1 (4 -> 3)
  Optimizing lut $abc$40721$lut$aiger40720$3034.genblk1.genblk1.genblk1.genblk1.genblk1.genblk1.genblk1.genblk1.lut0.genblk1.genblk1.genblk1.genblk1.genblk1.genblk1.genblk1.lut0.genblk1.genblk1.genblk1.genblk1.genblk1.genblk1.lut1.genblk1.genblk1.genblk1.genblk1.genblk1.lut1 (4 -> 0)
  Optimizing lut $abc$40721$lut$aiger40720$2366.genblk1.genblk1.genblk1.genblk1.genblk1.genblk1.genblk1.genblk1.lut1.genblk1.genblk1.genblk1.genblk1.genblk1.genblk1.genblk1.lut1.genblk1.genblk1.genblk1.genblk1.genblk1.genblk1.lut1.genblk1.genblk1.genblk1.genblk1.genblk1.lut1 (4 -> 0)
  Optimizing lut $abc$40721$lut$aiger40720$6496.genblk1.genblk1.genblk1.genblk1.genblk1.lut1 (4 -> 0)
  Optimizing lut $abc$40721$lut$aiger40720$7913.genblk1.genblk1.genblk1.genblk1.genblk1.genblk1.genblk1.lut1.genblk1.genblk1.genblk1.genblk1.genblk1.genblk1.lut1.genblk1.genblk1.genblk1.genblk1.genblk1.lut1 (4 -> 0)
  Optimizing lut $abc$40721$lut$aiger40720$9323.genblk1.genblk1.genblk1.genblk1.genblk1.genblk1.lut1.genblk1.genblk1.genblk1.genblk1.genblk1.lut0 (4 -> 2)
  Optimizing lut $abc$40721$lut$aiger40720$3048.genblk1.genblk1.genblk1.genblk1.genblk1.genblk1.genblk1.genblk1.lut0.genblk1.genblk1.genblk1.genblk1.genblk1.genblk1.genblk1.lut0.genblk1.genblk1.genblk1.genblk1.genblk1.genblk1.lut1.genblk1.genblk1.genblk1.genblk1.genblk1.lut1 (4 -> 1)
  Optimizing lut $abc$40721$lut$aiger40720$6480.genblk1.genblk1.genblk1.genblk1.genblk1.lut0 (4 -> 0)
  Optimizing lut $abc$40721$lut$aiger40720$9459.genblk1.genblk1.genblk1.genblk1.genblk1.genblk1.genblk1.lut0.genblk1.genblk1.genblk1.genblk1.genblk1.genblk1.lut1.genblk1.genblk1.genblk1.genblk1.genblk1.lut0 (4 -> 3)
  Optimizing lut $abc$40721$lut$aiger40720$5845.genblk1.genblk1.genblk1.genblk1.genblk1.genblk1.lut1.genblk1.genblk1.genblk1.genblk1.genblk1.lut1 (4 -> 0)
  Optimizing lut $abc$40721$lut$aiger40720$3063.genblk1.genblk1.genblk1.genblk1.genblk1.genblk1.genblk1.genblk1.lut0.genblk1.genblk1.genblk1.genblk1.genblk1.genblk1.genblk1.lut0.genblk1.genblk1.genblk1.genblk1.genblk1.genblk1.lut1.genblk1.genblk1.genblk1.genblk1.genblk1.lut1 (4 -> 0)

18.47. Executing HILOMAP pass (mapping to constant drivers).
Removed 0 unused cells and 11668 unused wires.

18.48. Executing AUTONAME pass.
Renamed 11128 objects in module top.
<suppressed ~11128 debug messages>

18.49. Executing HIERARCHY pass (managing design hierarchy).
Attribute `top' found on module `top'. Setting top module to top.

18.49.1. Analyzing design hierarchy..
Top module:  \top

18.49.2. Analyzing design hierarchy..
Top module:  \top
Removed 0 unused modules.

18.50. Printing statistics.

=== top ===

        +----------Local Count, excluding submodules.
        | 
     4970 wires
     7448 wire bits
     4970 public wires
     7448 public wire bits
       15 ports
       20 port bits
     5525 cells
        9   $scopeinfo
        1   GND
       11   IBUF
     1348   LUT1
      314   LUT2
      442   LUT3
     1236   LUT4
     1266   MUX2_LUT5
      537   MUX2_LUT6
      243   MUX2_LUT7
      107   MUX2_LUT8
        9   OBUF
        1   VCC
        1   pROM
      768 submodules
       39   DFFC
      124   DFFCE
      512   DFFE
       50   DFFP
       20   DFFPE
        1   DFFR
       22   DFFRE

=== design hierarchy ===

        +----------Count including submodules.
        | 
     5525 top

        +----------Count including submodules.
        | 
     4970 wires
     7448 wire bits
     4970 public wires
     7448 public wire bits
       15 ports
       20 port bits
        - memories
        - memory bits
        - processes
     5525 cells
        9   $scopeinfo
        1   GND
       11   IBUF
     1348   LUT1
      314   LUT2
      442   LUT3
     1236   LUT4
     1266   MUX2_LUT5
      537   MUX2_LUT6
      243   MUX2_LUT7
      107   MUX2_LUT8
        9   OBUF
        1   VCC
        1   pROM
      768 submodules
       39   DFFC
      124   DFFCE
      512   DFFE
       50   DFFP
       20   DFFPE
        1   DFFR
       22   DFFRE

18.51. Executing CHECK pass (checking for obvious problems).
Checking module top...
Found and reported 0 problems.

19. Executing JSON backend.

Warnings: 2 unique messages, 4 total
End of script. Logfile hash: a4ea31b0f8, time: 9.17s, user: 1.69s, system: 0.10s, MEM: 235.89 MB peak
Yosys 0.69+post (git sha1 143eb14f9cc55d6f8927e68523b0c9d2166ed02c, Release, AppleClang clang++ 21.0.0.21000334)
Time spent: 80% 1x abc9_exe (7 sec), 6% 15x techmap (0 sec), ...
