
 /----------------------------------------------------------------------------\
 |  yosys -- Yosys Open SYnthesis Suite                                       |
 |  Copyright (C) 2012 - 2026  Claire Xenia Wolf <claire@yosyshq.com>         |
 |  Distributed under an ISC-like license, type "license" to see terms        |
 \----------------------------------------------------------------------------/
 Yosys 0.69+post (git sha1 143eb14f9cc55d6f8927e68523b0c9d2166ed02c, Release, AppleClang clang++ 21.0.0.21000334)

-- Executing script file `synth.ys' --

1. Executing Verilog-2005 frontend: ../src/synthesizer/hdl/wavetable_pkg.sv
Parsing SystemVerilog input from `../src/synthesizer/hdl/wavetable_pkg.sv' to AST representation.
Successfully finished Verilog frontend.

2. Executing Verilog-2005 frontend: ../src/synthesizer/hdl/wavetable_synth.sv
Parsing SystemVerilog input from `../src/synthesizer/hdl/wavetable_synth.sv' to AST representation.
Generating RTLIL representation for module `\wavetable_synth'.
Successfully finished Verilog frontend.

3. Executing Verilog-2005 frontend: ../src/synthesizer/hdl/wavetable_rom.sv
Parsing SystemVerilog input from `../src/synthesizer/hdl/wavetable_rom.sv' to AST representation.
Generating RTLIL representation for module `\wavetable_rom'.
Successfully finished Verilog frontend.

4. Executing Verilog-2005 frontend: ../src/misc/fifo.sv
Parsing SystemVerilog input from `../src/misc/fifo.sv' to AST representation.
Generating RTLIL representation for module `\fifo'.
Warning: Replacing memory \mem with list of registers. See ../src/misc/fifo.sv:39
Successfully finished Verilog frontend.

5. Executing Verilog-2005 frontend: ../src/i2s/i2s_tx.sv
Parsing SystemVerilog input from `../src/i2s/i2s_tx.sv' to AST representation.
Generating RTLIL representation for module `\i2s_tx'.
Successfully finished Verilog frontend.

6. Executing Verilog-2005 frontend: ../src/encoder/encoder.sv
Parsing SystemVerilog input from `../src/encoder/encoder.sv' to AST representation.
Generating RTLIL representation for module `\encoder'.
Successfully finished Verilog frontend.

7. Executing Verilog-2005 frontend: ../src/clk_div/clk_div.sv
Parsing SystemVerilog input from `../src/clk_div/clk_div.sv' to AST representation.
Generating RTLIL representation for module `\clk_div'.
Successfully finished Verilog frontend.

8. Executing Verilog-2005 frontend: ../src/top/top.sv
Parsing SystemVerilog input from `../src/top/top.sv' to AST representation.
Generating RTLIL representation for module `\top'.
Successfully finished Verilog frontend.

9. Executing HIERARCHY pass (managing design hierarchy).

9.1. Analyzing design hierarchy..
Top module:  \top
Used module:     \i2s_tx
Used module:     \fifo
Used module:     \wavetable_synth
Used module:     \encoder
Used module:     \clk_div
Parameter \SYS_CLK_FREQ = 27000000
Parameter \BIT_DEPTH = 16

9.2. Executing AST frontend in derive mode using pre-parsed AST for module `\i2s_tx'.
Parameter \SYS_CLK_FREQ = 27000000
Parameter \BIT_DEPTH = 16
Generating RTLIL representation for module `$paramod$5785904fef3fb2a86d9b4a3d3a35d0648892543e\i2s_tx'.
Parameter \WIDTH = 16
Parameter \DEPTH = 16

9.3. Executing AST frontend in derive mode using pre-parsed AST for module `\fifo'.
Parameter \WIDTH = 16
Parameter \DEPTH = 16
Generating RTLIL representation for module `$paramod$1719986e2d5dc43517b18f4e324b0f602a4474e9\fifo'.
Warning: Replacing memory \mem with list of registers. See ../src/misc/fifo.sv:39
Parameter \CLK_FREQ_HZ = 27000000
Parameter \OUT_FREQ_HZ = 1000

9.4. Executing AST frontend in derive mode using pre-parsed AST for module `\clk_div'.
Parameter \CLK_FREQ_HZ = 27000000
Parameter \OUT_FREQ_HZ = 1000
Generating RTLIL representation for module `$paramod$5ff65cac883644189a11f33c7731774bf2d6e2d2\clk_div'.

9.5. Analyzing design hierarchy..
Top module:  \top
Used module:     $paramod$5785904fef3fb2a86d9b4a3d3a35d0648892543e\i2s_tx
Used module:     $paramod$1719986e2d5dc43517b18f4e324b0f602a4474e9\fifo
Used module:     \wavetable_synth
Used module:     \encoder
Used module:     $paramod$5ff65cac883644189a11f33c7731774bf2d6e2d2\clk_div

9.6. Analyzing design hierarchy..
Top module:  \top
Used module:     $paramod$5785904fef3fb2a86d9b4a3d3a35d0648892543e\i2s_tx
Used module:     $paramod$1719986e2d5dc43517b18f4e324b0f602a4474e9\fifo
Used module:     \wavetable_synth
Used module:     \encoder
Used module:     $paramod$5ff65cac883644189a11f33c7731774bf2d6e2d2\clk_div
Removing unused module `\clk_div'.
Removing unused module `\i2s_tx'.
Removing unused module `\fifo'.
Removing unused module `\wavetable_rom'.
Removed 4 unused modules.

10. Executing PROC pass (convert processes to netlists).

10.1. Executing PROC_CLEAN pass (remove empty switches from decision trees).
Cleaned up 0 empty switches.

10.2. Executing PROC_RMDEAD pass (remove dead branches from decision trees).
Marked 2 switch rules as full_case in process $proc$../src/clk_div/clk_div.sv:15$153 in module $paramod$5ff65cac883644189a11f33c7731774bf2d6e2d2\clk_div.
Marked 2 switch rules as full_case in process $proc$../src/encoder/encoder.sv:86$82 in module encoder.
Marked 1 switch rules as full_case in process $proc$../src/encoder/encoder.sv:59$65 in module encoder.
Marked 1 switch rules as full_case in process $proc$../src/encoder/encoder.sv:46$63 in module encoder.
Removed 1 dead cases from process $proc$../src/misc/fifo.sv:55$150 in module $paramod$1719986e2d5dc43517b18f4e324b0f602a4474e9\fifo.
Marked 1 switch rules as full_case in process $proc$../src/misc/fifo.sv:55$150 in module $paramod$1719986e2d5dc43517b18f4e324b0f602a4474e9\fifo.
Marked 4 switch rules as full_case in process $proc$../src/misc/fifo.sv:32$134 in module $paramod$1719986e2d5dc43517b18f4e324b0f602a4474e9\fifo.
Marked 3 switch rules as full_case in process $proc$../src/i2s/i2s_tx.sv:68$118 in module $paramod$5785904fef3fb2a86d9b4a3d3a35d0648892543e\i2s_tx.
Marked 1 switch rules as full_case in process $proc$../src/i2s/i2s_tx.sv:51$109 in module $paramod$5785904fef3fb2a86d9b4a3d3a35d0648892543e\i2s_tx.
Marked 2 switch rules as full_case in process $proc$../src/i2s/i2s_tx.sv:34$104 in module $paramod$5785904fef3fb2a86d9b4a3d3a35d0648892543e\i2s_tx.
Marked 2 switch rules as full_case in process $proc$../src/top/top.sv:64$100 in module top.
Marked 4 switch rules as full_case in process $proc$../src/synthesizer/hdl/wavetable_synth.sv:66$4 in module wavetable_synth.
Removed a total of 1 dead cases.

10.3. Executing PROC_PRUNE pass (remove redundant assignments in processes).
Removed 16 redundant assignments.
Promoted 3 assignments to connections.

10.4. Executing PROC_INIT pass (extract init attributes).

10.5. Executing PROC_ARST pass (detect async resets in processes).
Found async reset \rst_n in `$paramod$5ff65cac883644189a11f33c7731774bf2d6e2d2\clk_div.$proc$../src/clk_div/clk_div.sv:15$153'.
Found async reset \rst_n in `\encoder.$proc$../src/encoder/encoder.sv:86$82'.
Found async reset \rst_n in `\encoder.$proc$../src/encoder/encoder.sv:59$65'.
Found async reset \rst_n in `\encoder.$proc$../src/encoder/encoder.sv:46$63'.
Found async reset \rst_n in `$paramod$1719986e2d5dc43517b18f4e324b0f602a4474e9\fifo.$proc$../src/misc/fifo.sv:32$134'.
Found async reset \rst_n in `$paramod$5785904fef3fb2a86d9b4a3d3a35d0648892543e\i2s_tx.$proc$../src/i2s/i2s_tx.sv:68$118'.
Found async reset \rst_n in `$paramod$5785904fef3fb2a86d9b4a3d3a35d0648892543e\i2s_tx.$proc$../src/i2s/i2s_tx.sv:51$109'.
Found async reset \rst_n in `$paramod$5785904fef3fb2a86d9b4a3d3a35d0648892543e\i2s_tx.$proc$../src/i2s/i2s_tx.sv:34$104'.
Found async reset \rst_n in `\wavetable_synth.$proc$../src/synthesizer/hdl/wavetable_synth.sv:66$4'.

10.6. Executing PROC_ROM pass (convert switches to ROMs).
Converted 0 switches.
<suppressed ~22 debug messages>

10.7. Executing PROC_MUX pass (convert decision trees to multiplexers).
Creating decoders for process `$paramod$5ff65cac883644189a11f33c7731774bf2d6e2d2\clk_div.$proc$../src/clk_div/clk_div.sv:15$153'.
     1/2: $0\counter[13:0]
     2/2: $0\clk_1ms[0:0]
Creating decoders for process `\encoder.$proc$../src/encoder/encoder.sv:86$82'.
     1/6: $0\trigger[0:0]
     2/6: $0\down[0:0]
     3/6: $0\up[0:0]
     4/6: $0\fe_count[1:0]
     5/6: $0\prev_dir[1:0]
     6/6: $0\dir_reg[1:0]
Creating decoders for process `\encoder.$proc$../src/encoder/encoder.sv:59$65'.
     1/9: $0\C_re[0:0]
     2/9: $0\B_re[0:0]
     3/9: $0\A_re[0:0]
     4/9: $0\C_fe[0:0]
     5/9: $0\B_fe[0:0]
     6/9: $0\A_fe[0:0]
     7/9: $0\C_sync_ff[1:0]
     8/9: $0\B_sync_ff[1:0]
     9/9: $0\A_sync_ff[1:0]
Creating decoders for process `\encoder.$proc$../src/encoder/encoder.sv:46$63'.
     1/3: $0\C_sync[9:0]
     2/3: $0\B_sync[9:0]
     3/3: $0\A_sync[9:0]
Creating decoders for process `$paramod$1719986e2d5dc43517b18f4e324b0f602a4474e9\fifo.$proc$../src/misc/fifo.sv:55$150'.
     1/1: $1$mem2reg_rd$\mem$../src/misc/fifo.sv:55$127_DATA[15:0]$152
Creating decoders for process `$paramod$1719986e2d5dc43517b18f4e324b0f602a4474e9\fifo.$proc$../src/misc/fifo.sv:32$134'.
     1/23: $0\count[4:0]
     2/23: $2$mem2reg_wr$\mem$../src/misc/fifo.sv:39$126_ADDR[3:0]$140
     3/23: $2$mem2reg_wr$\mem$../src/misc/fifo.sv:39$126_DATA[15:0]$141
     4/23: $1$mem2reg_wr$\mem$../src/misc/fifo.sv:39$126_DATA[15:0]$139
     5/23: $1$mem2reg_wr$\mem$../src/misc/fifo.sv:39$126_ADDR[3:0]$138
     6/23: $0\mem[15][15:0]
     7/23: $0\mem[14][15:0]
     8/23: $0\mem[13][15:0]
     9/23: $0\mem[12][15:0]
    10/23: $0\mem[11][15:0]
    11/23: $0\mem[10][15:0]
    12/23: $0\mem[9][15:0]
    13/23: $0\mem[8][15:0]
    14/23: $0\mem[7][15:0]
    15/23: $0\mem[6][15:0]
    16/23: $0\mem[5][15:0]
    17/23: $0\mem[4][15:0]
    18/23: $0\mem[3][15:0]
    19/23: $0\mem[2][15:0]
    20/23: $0\mem[1][15:0]
    21/23: $0\mem[0][15:0]
    22/23: $0\rd_ptr[3:0]
    23/23: $0\wr_ptr[3:0]
Creating decoders for process `$paramod$5785904fef3fb2a86d9b4a3d3a35d0648892543e\i2s_tx.$proc$../src/i2s/i2s_tx.sv:68$118'.
     1/6: $0\sample_latch[15:0]
     2/6: $0\shift_reg[15:0]
     3/6: $0\ws[0:0]
     4/6: $0\bit_cnt[3:0]
     5/6: $0\sdata[0:0]
     6/6: $0\lrck[0:0]
Creating decoders for process `$paramod$5785904fef3fb2a86d9b4a3d3a35d0648892543e\i2s_tx.$proc$../src/i2s/i2s_tx.sv:51$109'.
     1/1: $0\bclk_r_d[0:0]
Creating decoders for process `$paramod$5785904fef3fb2a86d9b4a3d3a35d0648892543e\i2s_tx.$proc$../src/i2s/i2s_tx.sv:34$104'.
     1/2: $0\bclk_cnt[4:0]
     2/2: $0\bclk_r[0:0]
Creating decoders for process `\top.$proc$../src/top/top.sv:64$100'.
     1/1: $0\led_counter[5:0]
Creating decoders for process `\wavetable_synth.$proc$../src/synthesizer/hdl/wavetable_synth.sv:66$4'.
     1/3: $0\wave_offset[9:0]
     2/3: $0\phase_inc[23:0]
     3/3: $0\phase_acc[23:0]

10.8. Executing PROC_DLATCH pass (convert process syncs to latches).
No latch inferred for signal `$paramod$1719986e2d5dc43517b18f4e324b0f602a4474e9\fifo.$mem2reg_rd$\mem$../src/misc/fifo.sv:55$127_DATA' from process `$paramod$1719986e2d5dc43517b18f4e324b0f602a4474e9\fifo.$proc$../src/misc/fifo.sv:55$150'.

10.9. Executing PROC_DFF pass (convert process syncs to FFs).
Creating register for signal `$paramod$5ff65cac883644189a11f33c7731774bf2d6e2d2\clk_div.\clk_1ms' using process `$paramod$5ff65cac883644189a11f33c7731774bf2d6e2d2\clk_div.$proc$../src/clk_div/clk_div.sv:15$153'.
  created $adff cell `$procdff$496' with positive edge clock and positive level reset.
Creating register for signal `$paramod$5ff65cac883644189a11f33c7731774bf2d6e2d2\clk_div.\counter' using process `$paramod$5ff65cac883644189a11f33c7731774bf2d6e2d2\clk_div.$proc$../src/clk_div/clk_div.sv:15$153'.
  created $adff cell `$procdff$501' with positive edge clock and positive level reset.
Creating register for signal `\encoder.\trigger' using process `\encoder.$proc$../src/encoder/encoder.sv:86$82'.
  created $adff cell `$procdff$506' with positive edge clock and positive level reset.
Creating register for signal `\encoder.\up' using process `\encoder.$proc$../src/encoder/encoder.sv:86$82'.
  created $adff cell `$procdff$511' with positive edge clock and positive level reset.
Creating register for signal `\encoder.\down' using process `\encoder.$proc$../src/encoder/encoder.sv:86$82'.
  created $adff cell `$procdff$516' with positive edge clock and positive level reset.
Creating register for signal `\encoder.\dir_reg' using process `\encoder.$proc$../src/encoder/encoder.sv:86$82'.
  created $adff cell `$procdff$521' with positive edge clock and positive level reset.
Creating register for signal `\encoder.\prev_dir' using process `\encoder.$proc$../src/encoder/encoder.sv:86$82'.
  created $adff cell `$procdff$526' with positive edge clock and positive level reset.
Creating register for signal `\encoder.\fe_count' using process `\encoder.$proc$../src/encoder/encoder.sv:86$82'.
  created $dff cell `$procdff$533' with positive edge clock.
Creating register for signal `\encoder.\A_sync_ff' using process `\encoder.$proc$../src/encoder/encoder.sv:59$65'.
  created $adff cell `$procdff$538' with positive edge clock and positive level reset.
Creating register for signal `\encoder.\B_sync_ff' using process `\encoder.$proc$../src/encoder/encoder.sv:59$65'.
  created $adff cell `$procdff$543' with positive edge clock and positive level reset.
Creating register for signal `\encoder.\C_sync_ff' using process `\encoder.$proc$../src/encoder/encoder.sv:59$65'.
  created $adff cell `$procdff$548' with positive edge clock and positive level reset.
Creating register for signal `\encoder.\A_fe' using process `\encoder.$proc$../src/encoder/encoder.sv:59$65'.
  created $adff cell `$procdff$553' with positive edge clock and positive level reset.
Creating register for signal `\encoder.\B_fe' using process `\encoder.$proc$../src/encoder/encoder.sv:59$65'.
  created $adff cell `$procdff$558' with positive edge clock and positive level reset.
Creating register for signal `\encoder.\C_fe' using process `\encoder.$proc$../src/encoder/encoder.sv:59$65'.
  created $adff cell `$procdff$563' with positive edge clock and positive level reset.
Creating register for signal `\encoder.\A_re' using process `\encoder.$proc$../src/encoder/encoder.sv:59$65'.
  created $adff cell `$procdff$568' with positive edge clock and positive level reset.
Creating register for signal `\encoder.\B_re' using process `\encoder.$proc$../src/encoder/encoder.sv:59$65'.
  created $adff cell `$procdff$573' with positive edge clock and positive level reset.
Creating register for signal `\encoder.\C_re' using process `\encoder.$proc$../src/encoder/encoder.sv:59$65'.
  created $adff cell `$procdff$578' with positive edge clock and positive level reset.
Creating register for signal `\encoder.\A_sync' using process `\encoder.$proc$../src/encoder/encoder.sv:46$63'.
  created $adff cell `$procdff$583' with positive edge clock and positive level reset.
Creating register for signal `\encoder.\B_sync' using process `\encoder.$proc$../src/encoder/encoder.sv:46$63'.
  created $adff cell `$procdff$588' with positive edge clock and positive level reset.
Creating register for signal `\encoder.\C_sync' using process `\encoder.$proc$../src/encoder/encoder.sv:46$63'.
  created $adff cell `$procdff$593' with positive edge clock and positive level reset.
Creating register for signal `$paramod$1719986e2d5dc43517b18f4e324b0f602a4474e9\fifo.\wr_ptr' using process `$paramod$1719986e2d5dc43517b18f4e324b0f602a4474e9\fifo.$proc$../src/misc/fifo.sv:32$134'.
  created $adff cell `$procdff$598' with positive edge clock and positive level reset.
Creating register for signal `$paramod$1719986e2d5dc43517b18f4e324b0f602a4474e9\fifo.\rd_ptr' using process `$paramod$1719986e2d5dc43517b18f4e324b0f602a4474e9\fifo.$proc$../src/misc/fifo.sv:32$134'.
  created $adff cell `$procdff$603' with positive edge clock and positive level reset.
Creating register for signal `$paramod$1719986e2d5dc43517b18f4e324b0f602a4474e9\fifo.\count' using process `$paramod$1719986e2d5dc43517b18f4e324b0f602a4474e9\fifo.$proc$../src/misc/fifo.sv:32$134'.
  created $adff cell `$procdff$608' with positive edge clock and positive level reset.
Creating register for signal `$paramod$1719986e2d5dc43517b18f4e324b0f602a4474e9\fifo.\mem[0]' using process `$paramod$1719986e2d5dc43517b18f4e324b0f602a4474e9\fifo.$proc$../src/misc/fifo.sv:32$134'.
  created $dff cell `$procdff$615' with positive edge clock.
Creating register for signal `$paramod$1719986e2d5dc43517b18f4e324b0f602a4474e9\fifo.\mem[1]' using process `$paramod$1719986e2d5dc43517b18f4e324b0f602a4474e9\fifo.$proc$../src/misc/fifo.sv:32$134'.
  created $dff cell `$procdff$622' with positive edge clock.
Creating register for signal `$paramod$1719986e2d5dc43517b18f4e324b0f602a4474e9\fifo.\mem[2]' using process `$paramod$1719986e2d5dc43517b18f4e324b0f602a4474e9\fifo.$proc$../src/misc/fifo.sv:32$134'.
  created $dff cell `$procdff$629' with positive edge clock.
Creating register for signal `$paramod$1719986e2d5dc43517b18f4e324b0f602a4474e9\fifo.\mem[3]' using process `$paramod$1719986e2d5dc43517b18f4e324b0f602a4474e9\fifo.$proc$../src/misc/fifo.sv:32$134'.
  created $dff cell `$procdff$636' with positive edge clock.
Creating register for signal `$paramod$1719986e2d5dc43517b18f4e324b0f602a4474e9\fifo.\mem[4]' using process `$paramod$1719986e2d5dc43517b18f4e324b0f602a4474e9\fifo.$proc$../src/misc/fifo.sv:32$134'.
  created $dff cell `$procdff$643' with positive edge clock.
Creating register for signal `$paramod$1719986e2d5dc43517b18f4e324b0f602a4474e9\fifo.\mem[5]' using process `$paramod$1719986e2d5dc43517b18f4e324b0f602a4474e9\fifo.$proc$../src/misc/fifo.sv:32$134'.
  created $dff cell `$procdff$650' with positive edge clock.
Creating register for signal `$paramod$1719986e2d5dc43517b18f4e324b0f602a4474e9\fifo.\mem[6]' using process `$paramod$1719986e2d5dc43517b18f4e324b0f602a4474e9\fifo.$proc$../src/misc/fifo.sv:32$134'.
  created $dff cell `$procdff$657' with positive edge clock.
Creating register for signal `$paramod$1719986e2d5dc43517b18f4e324b0f602a4474e9\fifo.\mem[7]' using process `$paramod$1719986e2d5dc43517b18f4e324b0f602a4474e9\fifo.$proc$../src/misc/fifo.sv:32$134'.
  created $dff cell `$procdff$664' with positive edge clock.
Creating register for signal `$paramod$1719986e2d5dc43517b18f4e324b0f602a4474e9\fifo.\mem[8]' using process `$paramod$1719986e2d5dc43517b18f4e324b0f602a4474e9\fifo.$proc$../src/misc/fifo.sv:32$134'.
  created $dff cell `$procdff$671' with positive edge clock.
Creating register for signal `$paramod$1719986e2d5dc43517b18f4e324b0f602a4474e9\fifo.\mem[9]' using process `$paramod$1719986e2d5dc43517b18f4e324b0f602a4474e9\fifo.$proc$../src/misc/fifo.sv:32$134'.
  created $dff cell `$procdff$678' with positive edge clock.
Creating register for signal `$paramod$1719986e2d5dc43517b18f4e324b0f602a4474e9\fifo.\mem[10]' using process `$paramod$1719986e2d5dc43517b18f4e324b0f602a4474e9\fifo.$proc$../src/misc/fifo.sv:32$134'.
  created $dff cell `$procdff$685' with positive edge clock.
Creating register for signal `$paramod$1719986e2d5dc43517b18f4e324b0f602a4474e9\fifo.\mem[11]' using process `$paramod$1719986e2d5dc43517b18f4e324b0f602a4474e9\fifo.$proc$../src/misc/fifo.sv:32$134'.
  created $dff cell `$procdff$692' with positive edge clock.
Creating register for signal `$paramod$1719986e2d5dc43517b18f4e324b0f602a4474e9\fifo.\mem[12]' using process `$paramod$1719986e2d5dc43517b18f4e324b0f602a4474e9\fifo.$proc$../src/misc/fifo.sv:32$134'.
  created $dff cell `$procdff$699' with positive edge clock.
Creating register for signal `$paramod$1719986e2d5dc43517b18f4e324b0f602a4474e9\fifo.\mem[13]' using process `$paramod$1719986e2d5dc43517b18f4e324b0f602a4474e9\fifo.$proc$../src/misc/fifo.sv:32$134'.
  created $dff cell `$procdff$706' with positive edge clock.
Creating register for signal `$paramod$1719986e2d5dc43517b18f4e324b0f602a4474e9\fifo.\mem[14]' using process `$paramod$1719986e2d5dc43517b18f4e324b0f602a4474e9\fifo.$proc$../src/misc/fifo.sv:32$134'.
  created $dff cell `$procdff$713' with positive edge clock.
Creating register for signal `$paramod$1719986e2d5dc43517b18f4e324b0f602a4474e9\fifo.\mem[15]' using process `$paramod$1719986e2d5dc43517b18f4e324b0f602a4474e9\fifo.$proc$../src/misc/fifo.sv:32$134'.
  created $dff cell `$procdff$720' with positive edge clock.
Creating register for signal `$paramod$1719986e2d5dc43517b18f4e324b0f602a4474e9\fifo.$mem2reg_wr$\mem$../src/misc/fifo.sv:39$126_ADDR' using process `$paramod$1719986e2d5dc43517b18f4e324b0f602a4474e9\fifo.$proc$../src/misc/fifo.sv:32$134'.
  created $adff cell `$procdff$725' with positive edge clock and positive level reset.
Creating register for signal `$paramod$1719986e2d5dc43517b18f4e324b0f602a4474e9\fifo.$mem2reg_wr$\mem$../src/misc/fifo.sv:39$126_DATA' using process `$paramod$1719986e2d5dc43517b18f4e324b0f602a4474e9\fifo.$proc$../src/misc/fifo.sv:32$134'.
  created $adff cell `$procdff$730' with positive edge clock and positive level reset.
Creating register for signal `$paramod$5785904fef3fb2a86d9b4a3d3a35d0648892543e\i2s_tx.\lrck' using process `$paramod$5785904fef3fb2a86d9b4a3d3a35d0648892543e\i2s_tx.$proc$../src/i2s/i2s_tx.sv:68$118'.
  created $adff cell `$procdff$735' with positive edge clock and positive level reset.
Creating register for signal `$paramod$5785904fef3fb2a86d9b4a3d3a35d0648892543e\i2s_tx.\sdata' using process `$paramod$5785904fef3fb2a86d9b4a3d3a35d0648892543e\i2s_tx.$proc$../src/i2s/i2s_tx.sv:68$118'.
  created $adff cell `$procdff$740' with positive edge clock and positive level reset.
Creating register for signal `$paramod$5785904fef3fb2a86d9b4a3d3a35d0648892543e\i2s_tx.\bit_cnt' using process `$paramod$5785904fef3fb2a86d9b4a3d3a35d0648892543e\i2s_tx.$proc$../src/i2s/i2s_tx.sv:68$118'.
  created $adff cell `$procdff$745' with positive edge clock and positive level reset.
Creating register for signal `$paramod$5785904fef3fb2a86d9b4a3d3a35d0648892543e\i2s_tx.\ws' using process `$paramod$5785904fef3fb2a86d9b4a3d3a35d0648892543e\i2s_tx.$proc$../src/i2s/i2s_tx.sv:68$118'.
  created $adff cell `$procdff$750' with positive edge clock and positive level reset.
Creating register for signal `$paramod$5785904fef3fb2a86d9b4a3d3a35d0648892543e\i2s_tx.\shift_reg' using process `$paramod$5785904fef3fb2a86d9b4a3d3a35d0648892543e\i2s_tx.$proc$../src/i2s/i2s_tx.sv:68$118'.
  created $adff cell `$procdff$755' with positive edge clock and positive level reset.
Creating register for signal `$paramod$5785904fef3fb2a86d9b4a3d3a35d0648892543e\i2s_tx.\sample_latch' using process `$paramod$5785904fef3fb2a86d9b4a3d3a35d0648892543e\i2s_tx.$proc$../src/i2s/i2s_tx.sv:68$118'.
  created $adff cell `$procdff$760' with positive edge clock and positive level reset.
Creating register for signal `$paramod$5785904fef3fb2a86d9b4a3d3a35d0648892543e\i2s_tx.\bclk_r_d' using process `$paramod$5785904fef3fb2a86d9b4a3d3a35d0648892543e\i2s_tx.$proc$../src/i2s/i2s_tx.sv:51$109'.
  created $adff cell `$procdff$765' with positive edge clock and positive level reset.
Creating register for signal `$paramod$5785904fef3fb2a86d9b4a3d3a35d0648892543e\i2s_tx.\bclk_r' using process `$paramod$5785904fef3fb2a86d9b4a3d3a35d0648892543e\i2s_tx.$proc$../src/i2s/i2s_tx.sv:34$104'.
  created $adff cell `$procdff$770' with positive edge clock and positive level reset.
Creating register for signal `$paramod$5785904fef3fb2a86d9b4a3d3a35d0648892543e\i2s_tx.\bclk_cnt' using process `$paramod$5785904fef3fb2a86d9b4a3d3a35d0648892543e\i2s_tx.$proc$../src/i2s/i2s_tx.sv:34$104'.
  created $adff cell `$procdff$775' with positive edge clock and positive level reset.
Creating register for signal `\top.\led_counter' using process `\top.$proc$../src/top/top.sv:64$100'.
  created $dff cell `$procdff$776' with positive edge clock.
Creating register for signal `\wavetable_synth.\phase_acc' using process `\wavetable_synth.$proc$../src/synthesizer/hdl/wavetable_synth.sv:66$4'.
  created $adff cell `$procdff$781' with positive edge clock and positive level reset.
Creating register for signal `\wavetable_synth.\phase_inc' using process `\wavetable_synth.$proc$../src/synthesizer/hdl/wavetable_synth.sv:66$4'.
  created $adff cell `$procdff$786' with positive edge clock and positive level reset.
Creating register for signal `\wavetable_synth.\wave_offset' using process `\wavetable_synth.$proc$../src/synthesizer/hdl/wavetable_synth.sv:66$4'.
  created $adff cell `$procdff$791' with positive edge clock and positive level reset.

10.10. Executing PROC_MEMWR pass (convert process memory writes to cells).

10.11. Executing PROC_CLEAN pass (remove empty switches from decision trees).
Found and cleaned up 1 empty switch in `$paramod$5ff65cac883644189a11f33c7731774bf2d6e2d2\clk_div.$proc$../src/clk_div/clk_div.sv:15$153'.
Removing empty process `$paramod$5ff65cac883644189a11f33c7731774bf2d6e2d2\clk_div.$proc$../src/clk_div/clk_div.sv:15$153'.
Found and cleaned up 4 empty switches in `\encoder.$proc$../src/encoder/encoder.sv:86$82'.
Removing empty process `encoder.$proc$../src/encoder/encoder.sv:86$82'.
Found and cleaned up 1 empty switch in `\encoder.$proc$../src/encoder/encoder.sv:59$65'.
Removing empty process `encoder.$proc$../src/encoder/encoder.sv:59$65'.
Removing empty process `encoder.$proc$../src/encoder/encoder.sv:46$63'.
Found and cleaned up 1 empty switch in `$paramod$1719986e2d5dc43517b18f4e324b0f602a4474e9\fifo.$proc$../src/misc/fifo.sv:55$150'.
Removing empty process `$paramod$1719986e2d5dc43517b18f4e324b0f602a4474e9\fifo.$proc$../src/misc/fifo.sv:55$150'.
Found and cleaned up 4 empty switches in `$paramod$1719986e2d5dc43517b18f4e324b0f602a4474e9\fifo.$proc$../src/misc/fifo.sv:32$134'.
Removing empty process `$paramod$1719986e2d5dc43517b18f4e324b0f602a4474e9\fifo.$proc$../src/misc/fifo.sv:32$134'.
Found and cleaned up 3 empty switches in `$paramod$5785904fef3fb2a86d9b4a3d3a35d0648892543e\i2s_tx.$proc$../src/i2s/i2s_tx.sv:68$118'.
Removing empty process `$paramod$5785904fef3fb2a86d9b4a3d3a35d0648892543e\i2s_tx.$proc$../src/i2s/i2s_tx.sv:68$118'.
Removing empty process `$paramod$5785904fef3fb2a86d9b4a3d3a35d0648892543e\i2s_tx.$proc$../src/i2s/i2s_tx.sv:51$109'.
Found and cleaned up 1 empty switch in `$paramod$5785904fef3fb2a86d9b4a3d3a35d0648892543e\i2s_tx.$proc$../src/i2s/i2s_tx.sv:34$104'.
Removing empty process `$paramod$5785904fef3fb2a86d9b4a3d3a35d0648892543e\i2s_tx.$proc$../src/i2s/i2s_tx.sv:34$104'.
Found and cleaned up 3 empty switches in `\top.$proc$../src/top/top.sv:64$100'.
Removing empty process `top.$proc$../src/top/top.sv:64$100'.
Found and cleaned up 4 empty switches in `\wavetable_synth.$proc$../src/synthesizer/hdl/wavetable_synth.sv:66$4'.
Removing empty process `wavetable_synth.$proc$../src/synthesizer/hdl/wavetable_synth.sv:66$4'.
Cleaned up 22 empty switches.

10.12. Executing OPT_EXPR pass (perform const folding).
Optimizing module $paramod$5ff65cac883644189a11f33c7731774bf2d6e2d2\clk_div.
<suppressed ~4 debug messages>
Optimizing module encoder.
<suppressed ~36 debug messages>
Optimizing module $paramod$1719986e2d5dc43517b18f4e324b0f602a4474e9\fifo.
<suppressed ~45 debug messages>
Optimizing module $paramod$5785904fef3fb2a86d9b4a3d3a35d0648892543e\i2s_tx.
<suppressed ~18 debug messages>
Optimizing module top.
<suppressed ~1 debug messages>
Optimizing module wavetable_synth.
<suppressed ~9 debug messages>

11. Executing OPT pass (performing simple optimizations).

11.1. Executing OPT_EXPR pass (perform const folding).
Optimizing module $paramod$5ff65cac883644189a11f33c7731774bf2d6e2d2\clk_div.
Optimizing module encoder.
Optimizing module $paramod$1719986e2d5dc43517b18f4e324b0f602a4474e9\fifo.
Optimizing module $paramod$5785904fef3fb2a86d9b4a3d3a35d0648892543e\i2s_tx.
Optimizing module top.
Optimizing module wavetable_synth.

11.2. Executing OPT_MERGE pass (detect identical cells).
Finding identical cells in module `$paramod$5ff65cac883644189a11f33c7731774bf2d6e2d2\clk_div'.
Computing hashes of 10 cells of `$paramod$5ff65cac883644189a11f33c7731774bf2d6e2d2\clk_div'.
Finding duplicate cells in `$paramod$5ff65cac883644189a11f33c7731774bf2d6e2d2\clk_div'.
Computing hashes of 9 cells of `$paramod$5ff65cac883644189a11f33c7731774bf2d6e2d2\clk_div'.
Finding duplicate cells in `$paramod$5ff65cac883644189a11f33c7731774bf2d6e2d2\clk_div'.
<suppressed ~3 debug messages>
Finding identical cells in module `\encoder'.
Computing hashes of 77 cells of `\encoder'.
Finding duplicate cells in `\encoder'.
Computing hashes of 58 cells of `\encoder'.
Finding duplicate cells in `\encoder'.
<suppressed ~57 debug messages>
Finding identical cells in module `$paramod$1719986e2d5dc43517b18f4e324b0f602a4474e9\fifo'.
Computing hashes of 145 cells of `$paramod$1719986e2d5dc43517b18f4e324b0f602a4474e9\fifo'.
Finding duplicate cells in `$paramod$1719986e2d5dc43517b18f4e324b0f602a4474e9\fifo'.
Computing hashes of 123 cells of `$paramod$1719986e2d5dc43517b18f4e324b0f602a4474e9\fifo'.
Finding duplicate cells in `$paramod$1719986e2d5dc43517b18f4e324b0f602a4474e9\fifo'.
<suppressed ~66 debug messages>
Finding identical cells in module `$paramod$5785904fef3fb2a86d9b4a3d3a35d0648892543e\i2s_tx'.
Computing hashes of 52 cells of `$paramod$5785904fef3fb2a86d9b4a3d3a35d0648892543e\i2s_tx'.
Finding duplicate cells in `$paramod$5785904fef3fb2a86d9b4a3d3a35d0648892543e\i2s_tx'.
Computing hashes of 39 cells of `$paramod$5785904fef3fb2a86d9b4a3d3a35d0648892543e\i2s_tx'.
Finding duplicate cells in `$paramod$5785904fef3fb2a86d9b4a3d3a35d0648892543e\i2s_tx'.
<suppressed ~39 debug messages>
Finding identical cells in module `\top'.
Computing hashes of 13 cells of `\top'.
Finding duplicate cells in `\top'.
Finding identical cells in module `\wavetable_synth'.
Computing hashes of 23 cells of `\wavetable_synth'.
Finding duplicate cells in `\wavetable_synth'.
Computing hashes of 20 cells of `\wavetable_synth'.
Finding duplicate cells in `\wavetable_synth'.
<suppressed ~9 debug messages>
Removed a total of 58 cells.

11.3. Executing OPT_MUXTREE pass (detect dead branches in mux trees).
Running muxtree optimizer on module $paramod$5ff65cac883644189a11f33c7731774bf2d6e2d2\clk_div..
  Creating internal representation of mux trees.
  Evaluating internal representation of mux trees.
  Analyzing evaluation results.
Running muxtree optimizer on module \encoder..
  Creating internal representation of mux trees.
  Evaluating internal representation of mux trees.
  Analyzing evaluation results.
Running muxtree optimizer on module $paramod$1719986e2d5dc43517b18f4e324b0f602a4474e9\fifo..
  Creating internal representation of mux trees.
  Evaluating internal representation of mux trees.
  Analyzing evaluation results.
    dead port 1/2 on $mux $procmux$215.
    dead port 2/2 on $mux $procmux$215.
    dead port 1/2 on $mux $procmux$212.
    dead port 2/2 on $mux $procmux$212.
Running muxtree optimizer on module $paramod$5785904fef3fb2a86d9b4a3d3a35d0648892543e\i2s_tx..
  Creating internal representation of mux trees.
  Evaluating internal representation of mux trees.
  Analyzing evaluation results.
Running muxtree optimizer on module \top..
  Creating internal representation of mux trees.
  Evaluating internal representation of mux trees.
  Analyzing evaluation results.
Running muxtree optimizer on module \wavetable_synth..
  Creating internal representation of mux trees.
  Evaluating internal representation of mux trees.
  Analyzing evaluation results.
Removed 4 multiplexer ports.
<suppressed ~140 debug messages>

11.4. Executing OPT_REDUCE pass (consolidate $*mux and $reduce_* inputs).
  Optimizing cells in module $paramod$5ff65cac883644189a11f33c7731774bf2d6e2d2\clk_div.
  Optimizing cells in module \encoder.
  Optimizing cells in module $paramod$1719986e2d5dc43517b18f4e324b0f602a4474e9\fifo.
  Optimizing cells in module $paramod$5785904fef3fb2a86d9b4a3d3a35d0648892543e\i2s_tx.
  Optimizing cells in module \top.
  Optimizing cells in module \wavetable_synth.
Performed a total of 0 changes.

11.5. Executing OPT_MERGE pass (detect identical cells).
Finding identical cells in module `$paramod$5ff65cac883644189a11f33c7731774bf2d6e2d2\clk_div'.
Computing hashes of 9 cells of `$paramod$5ff65cac883644189a11f33c7731774bf2d6e2d2\clk_div'.
Finding duplicate cells in `$paramod$5ff65cac883644189a11f33c7731774bf2d6e2d2\clk_div'.
Finding identical cells in module `\encoder'.
Computing hashes of 58 cells of `\encoder'.
Finding duplicate cells in `\encoder'.
Finding identical cells in module `$paramod$1719986e2d5dc43517b18f4e324b0f602a4474e9\fifo'.
Computing hashes of 121 cells of `$paramod$1719986e2d5dc43517b18f4e324b0f602a4474e9\fifo'.
Finding duplicate cells in `$paramod$1719986e2d5dc43517b18f4e324b0f602a4474e9\fifo'.
Finding identical cells in module `$paramod$5785904fef3fb2a86d9b4a3d3a35d0648892543e\i2s_tx'.
Computing hashes of 39 cells of `$paramod$5785904fef3fb2a86d9b4a3d3a35d0648892543e\i2s_tx'.
Finding duplicate cells in `$paramod$5785904fef3fb2a86d9b4a3d3a35d0648892543e\i2s_tx'.
Computing hashes of 38 cells of `$paramod$5785904fef3fb2a86d9b4a3d3a35d0648892543e\i2s_tx'.
Finding duplicate cells in `$paramod$5785904fef3fb2a86d9b4a3d3a35d0648892543e\i2s_tx'.
Computing hashes of 37 cells of `$paramod$5785904fef3fb2a86d9b4a3d3a35d0648892543e\i2s_tx'.
Finding duplicate cells in `$paramod$5785904fef3fb2a86d9b4a3d3a35d0648892543e\i2s_tx'.
<suppressed ~6 debug messages>
Finding identical cells in module `\top'.
Computing hashes of 13 cells of `\top'.
Finding duplicate cells in `\top'.
Finding identical cells in module `\wavetable_synth'.
Computing hashes of 20 cells of `\wavetable_synth'.
Finding duplicate cells in `\wavetable_synth'.
Removed a total of 2 cells.

11.6. Executing OPT_DFF pass (perform DFF optimizations).
Adding EN signal on $procdff$496 ($adff) from module $paramod$5ff65cac883644189a11f33c7731774bf2d6e2d2\clk_div (D = $not$../src/clk_div/clk_div.sv:21$156_Y, Q = \clk_1ms).
Adding EN signal on $procdff$533 ($dff) from module encoder (D = $add$../src/encoder/encoder.sv:98$87_Y, Q = \fe_count).
Adding EN signal on $procdff$538 ($adff) from module encoder (D = { \A_sync_ff [0] $reduce_or$../src/encoder/encoder.sv:78$79_Y }, Q = \A_sync_ff).
Adding EN signal on $procdff$543 ($adff) from module encoder (D = { \B_sync_ff [0] $reduce_or$../src/encoder/encoder.sv:79$80_Y }, Q = \B_sync_ff).
Adding EN signal on $procdff$521 ($adff) from module encoder (D = { \A_fe \C_fe }, Q = \dir_reg).
Adding EN signal on $procdff$548 ($adff) from module encoder (D = { \C_sync_ff [0] $reduce_or$../src/encoder/encoder.sv:80$81_Y }, Q = \C_sync_ff).
Adding EN signal on $procdff$526 ($adff) from module encoder (D = \dir_reg, Q = \prev_dir).
Adding EN signal on $procdff$657 ($dff) from module $paramod$1719986e2d5dc43517b18f4e324b0f602a4474e9\fifo (D = \wr_data, Q = \mem[6]).
Adding EN signal on $procdff$713 ($dff) from module $paramod$1719986e2d5dc43517b18f4e324b0f602a4474e9\fifo (D = \wr_data, Q = \mem[14]).
Adding EN signal on $procdff$598 ($adff) from module $paramod$1719986e2d5dc43517b18f4e324b0f602a4474e9\fifo (D = $ternary$../src/misc/fifo.sv:40$144_Y, Q = \wr_ptr).
Adding EN signal on $procdff$664 ($dff) from module $paramod$1719986e2d5dc43517b18f4e324b0f602a4474e9\fifo (D = \wr_data, Q = \mem[7]).
Adding EN signal on $procdff$603 ($adff) from module $paramod$1719986e2d5dc43517b18f4e324b0f602a4474e9\fifo (D = $ternary$../src/misc/fifo.sv:44$147_Y, Q = \rd_ptr).
Adding EN signal on $procdff$685 ($dff) from module $paramod$1719986e2d5dc43517b18f4e324b0f602a4474e9\fifo (D = \wr_data, Q = \mem[10]).
Adding EN signal on $procdff$699 ($dff) from module $paramod$1719986e2d5dc43517b18f4e324b0f602a4474e9\fifo (D = \wr_data, Q = \mem[12]).
Adding EN signal on $procdff$608 ($adff) from module $paramod$1719986e2d5dc43517b18f4e324b0f602a4474e9\fifo (D = $procmux$208_Y, Q = \count).
Adding EN signal on $procdff$615 ($dff) from module $paramod$1719986e2d5dc43517b18f4e324b0f602a4474e9\fifo (D = \wr_data, Q = \mem[0]).
Adding EN signal on $procdff$671 ($dff) from module $paramod$1719986e2d5dc43517b18f4e324b0f602a4474e9\fifo (D = \wr_data, Q = \mem[8]).
Adding EN signal on $procdff$622 ($dff) from module $paramod$1719986e2d5dc43517b18f4e324b0f602a4474e9\fifo (D = \wr_data, Q = \mem[1]).
Adding EN signal on $procdff$720 ($dff) from module $paramod$1719986e2d5dc43517b18f4e324b0f602a4474e9\fifo (D = \wr_data, Q = \mem[15]).
Adding EN signal on $procdff$629 ($dff) from module $paramod$1719986e2d5dc43517b18f4e324b0f602a4474e9\fifo (D = \wr_data, Q = \mem[2]).
Adding EN signal on $procdff$706 ($dff) from module $paramod$1719986e2d5dc43517b18f4e324b0f602a4474e9\fifo (D = \wr_data, Q = \mem[13]).
Adding EN signal on $procdff$636 ($dff) from module $paramod$1719986e2d5dc43517b18f4e324b0f602a4474e9\fifo (D = \wr_data, Q = \mem[3]).
Adding EN signal on $procdff$678 ($dff) from module $paramod$1719986e2d5dc43517b18f4e324b0f602a4474e9\fifo (D = \wr_data, Q = \mem[9]).
Adding EN signal on $procdff$643 ($dff) from module $paramod$1719986e2d5dc43517b18f4e324b0f602a4474e9\fifo (D = \wr_data, Q = \mem[4]).
Adding EN signal on $procdff$692 ($dff) from module $paramod$1719986e2d5dc43517b18f4e324b0f602a4474e9\fifo (D = \wr_data, Q = \mem[11]).
Adding EN signal on $procdff$650 ($dff) from module $paramod$1719986e2d5dc43517b18f4e324b0f602a4474e9\fifo (D = \wr_data, Q = \mem[5]).
Setting constant 0-bit at position 0 on $procdff$725 ($adff) from module $paramod$1719986e2d5dc43517b18f4e324b0f602a4474e9\fifo.
Setting constant 0-bit at position 1 on $procdff$725 ($adff) from module $paramod$1719986e2d5dc43517b18f4e324b0f602a4474e9\fifo.
Setting constant 0-bit at position 2 on $procdff$725 ($adff) from module $paramod$1719986e2d5dc43517b18f4e324b0f602a4474e9\fifo.
Setting constant 0-bit at position 3 on $procdff$725 ($adff) from module $paramod$1719986e2d5dc43517b18f4e324b0f602a4474e9\fifo.
Setting constant 0-bit at position 0 on $procdff$730 ($adff) from module $paramod$1719986e2d5dc43517b18f4e324b0f602a4474e9\fifo.
Setting constant 0-bit at position 1 on $procdff$730 ($adff) from module $paramod$1719986e2d5dc43517b18f4e324b0f602a4474e9\fifo.
Setting constant 0-bit at position 2 on $procdff$730 ($adff) from module $paramod$1719986e2d5dc43517b18f4e324b0f602a4474e9\fifo.
Setting constant 0-bit at position 3 on $procdff$730 ($adff) from module $paramod$1719986e2d5dc43517b18f4e324b0f602a4474e9\fifo.
Setting constant 0-bit at position 4 on $procdff$730 ($adff) from module $paramod$1719986e2d5dc43517b18f4e324b0f602a4474e9\fifo.
Setting constant 0-bit at position 5 on $procdff$730 ($adff) from module $paramod$1719986e2d5dc43517b18f4e324b0f602a4474e9\fifo.
Setting constant 0-bit at position 6 on $procdff$730 ($adff) from module $paramod$1719986e2d5dc43517b18f4e324b0f602a4474e9\fifo.
Setting constant 0-bit at position 7 on $procdff$730 ($adff) from module $paramod$1719986e2d5dc43517b18f4e324b0f602a4474e9\fifo.
Setting constant 0-bit at position 8 on $procdff$730 ($adff) from module $paramod$1719986e2d5dc43517b18f4e324b0f602a4474e9\fifo.
Setting constant 0-bit at position 9 on $procdff$730 ($adff) from module $paramod$1719986e2d5dc43517b18f4e324b0f602a4474e9\fifo.
Setting constant 0-bit at position 10 on $procdff$730 ($adff) from module $paramod$1719986e2d5dc43517b18f4e324b0f602a4474e9\fifo.
Setting constant 0-bit at position 11 on $procdff$730 ($adff) from module $paramod$1719986e2d5dc43517b18f4e324b0f602a4474e9\fifo.
Setting constant 0-bit at position 12 on $procdff$730 ($adff) from module $paramod$1719986e2d5dc43517b18f4e324b0f602a4474e9\fifo.
Setting constant 0-bit at position 13 on $procdff$730 ($adff) from module $paramod$1719986e2d5dc43517b18f4e324b0f602a4474e9\fifo.
Setting constant 0-bit at position 14 on $procdff$730 ($adff) from module $paramod$1719986e2d5dc43517b18f4e324b0f602a4474e9\fifo.
Setting constant 0-bit at position 15 on $procdff$730 ($adff) from module $paramod$1719986e2d5dc43517b18f4e324b0f602a4474e9\fifo.
Adding EN signal on $procdff$740 ($adff) from module $paramod$5785904fef3fb2a86d9b4a3d3a35d0648892543e\i2s_tx (D = \shift_reg [15], Q = \sdata).
Adding EN signal on $procdff$755 ($adff) from module $paramod$5785904fef3fb2a86d9b4a3d3a35d0648892543e\i2s_tx (D = $procmux$434_Y, Q = \shift_reg).
Adding EN signal on $procdff$745 ($adff) from module $paramod$5785904fef3fb2a86d9b4a3d3a35d0648892543e\i2s_tx (D = $procmux$444_Y, Q = \bit_cnt).
Adding EN signal on $procdff$760 ($adff) from module $paramod$5785904fef3fb2a86d9b4a3d3a35d0648892543e\i2s_tx (D = $procmux$424_Y, Q = \sample_latch).
Adding EN signal on $procdff$770 ($adff) from module $paramod$5785904fef3fb2a86d9b4a3d3a35d0648892543e\i2s_tx (D = $not$../src/i2s/i2s_tx.sv:40$107_Y, Q = \bclk_r).
Adding EN signal on $procdff$750 ($adff) from module $paramod$5785904fef3fb2a86d9b4a3d3a35d0648892543e\i2s_tx (D = $not$../src/i2s/i2s_tx.sv:83$122_Y, Q = \ws).
Adding EN signal on $procdff$735 ($adff) from module $paramod$5785904fef3fb2a86d9b4a3d3a35d0648892543e\i2s_tx (D = $not$../src/i2s/i2s_tx.sv:82$121_Y, Q = \lrck).
Adding SRST signal on $procdff$776 ($dff) from module top (D = $procmux$464_Y, Q = \led_counter, rval = 6'000000).
Adding EN signal on $auto$ff.cc:337:slice$869 ($sdff) from module top (D = $procmux$464_Y, Q = \led_counter).
Adding EN signal on $procdff$791 ($adff) from module wavetable_synth (D = $add$../src/synthesizer/hdl/wavetable_synth.sv:78$9_Y [9:0], Q = \wave_offset).
Adding EN signal on $procdff$786 ($adff) from module wavetable_synth (D = $procmux$486_Y, Q = \phase_inc).
Adding EN signal on $procdff$781 ($adff) from module wavetable_synth (D = $add$../src/synthesizer/hdl/wavetable_synth.sv:72$6_Y, Q = \phase_acc).

11.7. Executing OPT_CLEAN pass (remove unused cells and wires).
Finding unused cells or wires in module $paramod$5ff65cac883644189a11f33c7731774bf2d6e2d2\clk_div..
Finding unused cells or wires in module \encoder..
Finding unused cells or wires in module $paramod$1719986e2d5dc43517b18f4e324b0f602a4474e9\fifo..
Finding unused cells or wires in module $paramod$5785904fef3fb2a86d9b4a3d3a35d0648892543e\i2s_tx..
Finding unused cells or wires in module \top..
Finding unused cells or wires in module \wavetable_synth..
Removed 91 unused cells and 343 unused wires.
<suppressed ~102 debug messages>

11.8. Executing OPT_EXPR pass (perform const folding).
Optimizing module $paramod$5ff65cac883644189a11f33c7731774bf2d6e2d2\clk_div.
Optimizing module encoder.
Optimizing module $paramod$1719986e2d5dc43517b18f4e324b0f602a4474e9\fifo.
<suppressed ~1 debug messages>
Optimizing module $paramod$5785904fef3fb2a86d9b4a3d3a35d0648892543e\i2s_tx.
Optimizing module top.
<suppressed ~1 debug messages>
Optimizing module wavetable_synth.
<suppressed ~1 debug messages>

11.9. Rerunning OPT passes. (Maybe there is more to do..)

11.10. Executing OPT_MUXTREE pass (detect dead branches in mux trees).
Running muxtree optimizer on module $paramod$5ff65cac883644189a11f33c7731774bf2d6e2d2\clk_div..
  Creating internal representation of mux trees.
  Evaluating internal representation of mux trees.
  Analyzing evaluation results.
Running muxtree optimizer on module \encoder..
  Creating internal representation of mux trees.
  Evaluating internal representation of mux trees.
  Analyzing evaluation results.
Running muxtree optimizer on module $paramod$1719986e2d5dc43517b18f4e324b0f602a4474e9\fifo..
  Creating internal representation of mux trees.
  Evaluating internal representation of mux trees.
  Analyzing evaluation results.
Running muxtree optimizer on module $paramod$5785904fef3fb2a86d9b4a3d3a35d0648892543e\i2s_tx..
  Creating internal representation of mux trees.
  Evaluating internal representation of mux trees.
  Analyzing evaluation results.
Running muxtree optimizer on module \top..
  Creating internal representation of mux trees.
  Evaluating internal representation of mux trees.
  Analyzing evaluation results.
Running muxtree optimizer on module \wavetable_synth..
  Creating internal representation of mux trees.
  Evaluating internal representation of mux trees.
  Analyzing evaluation results.
Removed 0 multiplexer ports.
<suppressed ~34 debug messages>

11.11. Executing OPT_REDUCE pass (consolidate $*mux and $reduce_* inputs).
  Optimizing cells in module $paramod$5ff65cac883644189a11f33c7731774bf2d6e2d2\clk_div.
  Optimizing cells in module \encoder.
  Optimizing cells in module $paramod$1719986e2d5dc43517b18f4e324b0f602a4474e9\fifo.
  Optimizing cells in module $paramod$5785904fef3fb2a86d9b4a3d3a35d0648892543e\i2s_tx.
  Optimizing cells in module \top.
  Optimizing cells in module \wavetable_synth.
Performed a total of 0 changes.

11.12. Executing OPT_MERGE pass (detect identical cells).
Finding identical cells in module `$paramod$5ff65cac883644189a11f33c7731774bf2d6e2d2\clk_div'.
Computing hashes of 6 cells of `$paramod$5ff65cac883644189a11f33c7731774bf2d6e2d2\clk_div'.
Finding duplicate cells in `$paramod$5ff65cac883644189a11f33c7731774bf2d6e2d2\clk_div'.
Finding identical cells in module `\encoder'.
Computing hashes of 44 cells of `\encoder'.
Finding duplicate cells in `\encoder'.
Finding identical cells in module `$paramod$1719986e2d5dc43517b18f4e324b0f602a4474e9\fifo'.
Computing hashes of 84 cells of `$paramod$1719986e2d5dc43517b18f4e324b0f602a4474e9\fifo'.
Finding duplicate cells in `$paramod$1719986e2d5dc43517b18f4e324b0f602a4474e9\fifo'.
Finding identical cells in module `$paramod$5785904fef3fb2a86d9b4a3d3a35d0648892543e\i2s_tx'.
Computing hashes of 28 cells of `$paramod$5785904fef3fb2a86d9b4a3d3a35d0648892543e\i2s_tx'.
Finding duplicate cells in `$paramod$5785904fef3fb2a86d9b4a3d3a35d0648892543e\i2s_tx'.
Computing hashes of 26 cells of `$paramod$5785904fef3fb2a86d9b4a3d3a35d0648892543e\i2s_tx'.
Finding duplicate cells in `$paramod$5785904fef3fb2a86d9b4a3d3a35d0648892543e\i2s_tx'.
Computing hashes of 25 cells of `$paramod$5785904fef3fb2a86d9b4a3d3a35d0648892543e\i2s_tx'.
Finding duplicate cells in `$paramod$5785904fef3fb2a86d9b4a3d3a35d0648892543e\i2s_tx'.
<suppressed ~9 debug messages>
Finding identical cells in module `\top'.
Computing hashes of 12 cells of `\top'.
Finding duplicate cells in `\top'.
Finding identical cells in module `\wavetable_synth'.
Computing hashes of 20 cells of `\wavetable_synth'.
Finding duplicate cells in `\wavetable_synth'.
Computing hashes of 19 cells of `\wavetable_synth'.
Finding duplicate cells in `\wavetable_synth'.
<suppressed ~3 debug messages>
Removed a total of 4 cells.

11.13. Executing OPT_DFF pass (perform DFF optimizations).

11.14. Executing OPT_CLEAN pass (remove unused cells and wires).
Finding unused cells or wires in module $paramod$5ff65cac883644189a11f33c7731774bf2d6e2d2\clk_div..
Finding unused cells or wires in module \encoder..
Finding unused cells or wires in module $paramod$1719986e2d5dc43517b18f4e324b0f602a4474e9\fifo..
Finding unused cells or wires in module $paramod$5785904fef3fb2a86d9b4a3d3a35d0648892543e\i2s_tx..
Finding unused cells or wires in module \top..
Finding unused cells or wires in module \wavetable_synth..
Removed 0 unused cells and 3 unused wires.
<suppressed ~2 debug messages>

11.15. Executing OPT_EXPR pass (perform const folding).
Optimizing module $paramod$5ff65cac883644189a11f33c7731774bf2d6e2d2\clk_div.
Optimizing module encoder.
Optimizing module $paramod$1719986e2d5dc43517b18f4e324b0f602a4474e9\fifo.
Optimizing module $paramod$5785904fef3fb2a86d9b4a3d3a35d0648892543e\i2s_tx.
Optimizing module top.
Optimizing module wavetable_synth.

11.16. Rerunning OPT passes. (Maybe there is more to do..)

11.17. Executing OPT_MUXTREE pass (detect dead branches in mux trees).
Running muxtree optimizer on module $paramod$5ff65cac883644189a11f33c7731774bf2d6e2d2\clk_div..
  Creating internal representation of mux trees.
  Evaluating internal representation of mux trees.
  Analyzing evaluation results.
Running muxtree optimizer on module \encoder..
  Creating internal representation of mux trees.
  Evaluating internal representation of mux trees.
  Analyzing evaluation results.
Running muxtree optimizer on module $paramod$1719986e2d5dc43517b18f4e324b0f602a4474e9\fifo..
  Creating internal representation of mux trees.
  Evaluating internal representation of mux trees.
  Analyzing evaluation results.
Running muxtree optimizer on module $paramod$5785904fef3fb2a86d9b4a3d3a35d0648892543e\i2s_tx..
  Creating internal representation of mux trees.
  Evaluating internal representation of mux trees.
  Analyzing evaluation results.
Running muxtree optimizer on module \top..
  Creating internal representation of mux trees.
  Evaluating internal representation of mux trees.
  Analyzing evaluation results.
Running muxtree optimizer on module \wavetable_synth..
  Creating internal representation of mux trees.
  Evaluating internal representation of mux trees.
  Analyzing evaluation results.
Removed 0 multiplexer ports.
<suppressed ~34 debug messages>

11.18. Executing OPT_REDUCE pass (consolidate $*mux and $reduce_* inputs).
  Optimizing cells in module $paramod$5ff65cac883644189a11f33c7731774bf2d6e2d2\clk_div.
  Optimizing cells in module \encoder.
  Optimizing cells in module $paramod$1719986e2d5dc43517b18f4e324b0f602a4474e9\fifo.
  Optimizing cells in module $paramod$5785904fef3fb2a86d9b4a3d3a35d0648892543e\i2s_tx.
  Optimizing cells in module \top.
  Optimizing cells in module \wavetable_synth.
Performed a total of 0 changes.

11.19. Executing OPT_MERGE pass (detect identical cells).
Finding identical cells in module `$paramod$5ff65cac883644189a11f33c7731774bf2d6e2d2\clk_div'.
Computing hashes of 6 cells of `$paramod$5ff65cac883644189a11f33c7731774bf2d6e2d2\clk_div'.
Finding duplicate cells in `$paramod$5ff65cac883644189a11f33c7731774bf2d6e2d2\clk_div'.
Finding identical cells in module `\encoder'.
Computing hashes of 44 cells of `\encoder'.
Finding duplicate cells in `\encoder'.
Finding identical cells in module `$paramod$1719986e2d5dc43517b18f4e324b0f602a4474e9\fifo'.
Computing hashes of 84 cells of `$paramod$1719986e2d5dc43517b18f4e324b0f602a4474e9\fifo'.
Finding duplicate cells in `$paramod$1719986e2d5dc43517b18f4e324b0f602a4474e9\fifo'.
Finding identical cells in module `$paramod$5785904fef3fb2a86d9b4a3d3a35d0648892543e\i2s_tx'.
Computing hashes of 25 cells of `$paramod$5785904fef3fb2a86d9b4a3d3a35d0648892543e\i2s_tx'.
Finding duplicate cells in `$paramod$5785904fef3fb2a86d9b4a3d3a35d0648892543e\i2s_tx'.
Finding identical cells in module `\top'.
Computing hashes of 12 cells of `\top'.
Finding duplicate cells in `\top'.
Finding identical cells in module `\wavetable_synth'.
Computing hashes of 19 cells of `\wavetable_synth'.
Finding duplicate cells in `\wavetable_synth'.
Removed a total of 0 cells.

11.20. Executing OPT_DFF pass (perform DFF optimizations).

11.21. Executing OPT_CLEAN pass (remove unused cells and wires).
Finding unused cells or wires in module $paramod$5ff65cac883644189a11f33c7731774bf2d6e2d2\clk_div..
Finding unused cells or wires in module \encoder..
Finding unused cells or wires in module $paramod$1719986e2d5dc43517b18f4e324b0f602a4474e9\fifo..
Finding unused cells or wires in module $paramod$5785904fef3fb2a86d9b4a3d3a35d0648892543e\i2s_tx..
Finding unused cells or wires in module \top..
Finding unused cells or wires in module \wavetable_synth..

11.22. Executing OPT_EXPR pass (perform const folding).
Optimizing module $paramod$5ff65cac883644189a11f33c7731774bf2d6e2d2\clk_div.
Optimizing module encoder.
Optimizing module $paramod$1719986e2d5dc43517b18f4e324b0f602a4474e9\fifo.
Optimizing module $paramod$5785904fef3fb2a86d9b4a3d3a35d0648892543e\i2s_tx.
Optimizing module top.
Optimizing module wavetable_synth.

11.23. Finished fast OPT passes. (There is nothing left to do.)

12. Executing TECHMAP pass (map to technology primitives).

12.1. Executing Verilog-2005 frontend: /opt/homebrew/bin/../share/yosys/techmap.v
Parsing Verilog input from `/opt/homebrew/bin/../share/yosys/techmap.v' to AST representation.
Generating RTLIL representation for module `\_90_simplemap_bool_ops'.
Generating RTLIL representation for module `\_90_simplemap_reduce_ops'.
Generating RTLIL representation for module `\_90_simplemap_logic_ops'.
Generating RTLIL representation for module `\_90_simplemap_compare_ops'.
Generating RTLIL representation for module `\_90_simplemap_various'.
Generating RTLIL representation for module `\_90_simplemap_registers'.
Generating RTLIL representation for module `\_90_shift_ops_shr_shl_sshl_sshr'.
Generating RTLIL representation for module `\_90_shift_shiftx'.
Generating RTLIL representation for module `\_90_fa'.
Generating RTLIL representation for module `\_90_lcu_brent_kung'.
Generating RTLIL representation for module `\_90_alu'.
Generating RTLIL representation for module `\_90_macc'.
Generating RTLIL representation for module `\_90_alumacc'.
Generating RTLIL representation for module `$__div_mod_u'.
Generating RTLIL representation for module `$__div_mod_trunc'.
Generating RTLIL representation for module `\_90_div'.
Generating RTLIL representation for module `\_90_mod'.
Generating RTLIL representation for module `$__div_mod_floor'.
Generating RTLIL representation for module `\_90_divfloor'.
Generating RTLIL representation for module `\_90_modfloor'.
Generating RTLIL representation for module `\_90_pow'.
Generating RTLIL representation for module `\_90_demux'.
Generating RTLIL representation for module `\_90_lut'.
Generating RTLIL representation for module `$connect'.
Generating RTLIL representation for module `$input_port'.
Successfully finished Verilog frontend.

12.2. Continuing TECHMAP pass.
Using extmapper simplemap for cells of type $adffe.
Using extmapper simplemap for cells of type $reduce_and.
Using extmapper simplemap for cells of type $reduce_bool.
Using extmapper simplemap for cells of type $not.
Running "alumacc" on wrapper $extern:wrap:$add:Y_WIDTH=10:B_WIDTH=10:A_WIDTH=8:B_SIGNED=0:A_SIGNED=0:394426c56d1a028ba8fdd5469b163e04011def47.
Using template $extern:wrap:$add:Y_WIDTH=10:B_WIDTH=10:A_WIDTH=8:B_SIGNED=0:A_SIGNED=0:394426c56d1a028ba8fdd5469b163e04011def47 for cells of type $extern:wrap:$add:Y_WIDTH=10:B_WIDTH=10:A_WIDTH=8:B_SIGNED=0:A_SIGNED=0:394426c56d1a028ba8fdd5469b163e04011def47.
Using extmapper simplemap for cells of type $logic_not.
Running "alumacc" on wrapper $extern:wrap:$add:Y_WIDTH=24:B_WIDTH=24:A_WIDTH=24:B_SIGNED=0:A_SIGNED=0:394426c56d1a028ba8fdd5469b163e04011def47.
Using template $extern:wrap:$add:Y_WIDTH=24:B_WIDTH=24:A_WIDTH=24:B_SIGNED=0:A_SIGNED=0:394426c56d1a028ba8fdd5469b163e04011def47 for cells of type $extern:wrap:$add:Y_WIDTH=24:B_WIDTH=24:A_WIDTH=24:B_SIGNED=0:A_SIGNED=0:394426c56d1a028ba8fdd5469b163e04011def47.
Running "alumacc" on wrapper $extern:wrap:$sub:Y_WIDTH=24:B_WIDTH=24:A_WIDTH=24:B_SIGNED=0:A_SIGNED=0:394426c56d1a028ba8fdd5469b163e04011def47.
Using template $extern:wrap:$sub:Y_WIDTH=24:B_WIDTH=24:A_WIDTH=24:B_SIGNED=0:A_SIGNED=0:394426c56d1a028ba8fdd5469b163e04011def47 for cells of type $extern:wrap:$sub:Y_WIDTH=24:B_WIDTH=24:A_WIDTH=24:B_SIGNED=0:A_SIGNED=0:394426c56d1a028ba8fdd5469b163e04011def47.
Running "alumacc" on wrapper $extern:wrap:$add:Y_WIDTH=32:B_WIDTH=32:A_WIDTH=10:B_SIGNED=0:A_SIGNED=0:394426c56d1a028ba8fdd5469b163e04011def47.
Using template $extern:wrap:$add:Y_WIDTH=32:B_WIDTH=32:A_WIDTH=10:B_SIGNED=0:A_SIGNED=0:394426c56d1a028ba8fdd5469b163e04011def47 for cells of type $extern:wrap:$add:Y_WIDTH=32:B_WIDTH=32:A_WIDTH=10:B_SIGNED=0:A_SIGNED=0:394426c56d1a028ba8fdd5469b163e04011def47.
Using extmapper simplemap for cells of type $mux.
Using template $paramod$21b43a343f2bc4ba62df8a2c90631d371d8e7ce8\_90_alu for cells of type $alu.
Using template $paramod$e82d3fc1811c5751348a3964470632b35a435fc7\_90_alu for cells of type $alu.
Using template $paramod$78648aff6d035ceca1e51be5292d8e9748cdc2be\_90_alu for cells of type $alu.
Using extmapper simplemap for cells of type $pos.
Using template $paramod\_90_fa\WIDTH=32'00000000000000000000000000001010 for cells of type $fa.
Using template $paramod\_90_lcu_brent_kung\WIDTH=32'00000000000000000000000000001010 for cells of type $lcu.
Using extmapper simplemap for cells of type $xor.
Using template $paramod\_90_fa\WIDTH=32'00000000000000000000000000011000 for cells of type $fa.
Using template $paramod\_90_lcu_brent_kung\WIDTH=32'00000000000000000000000000011000 for cells of type $lcu.
Using template $paramod\_90_fa\WIDTH=32'00000000000000000000000000100000 for cells of type $fa.
Using template $paramod\_90_lcu_brent_kung\WIDTH=32'00000000000000000000000000100000 for cells of type $lcu.
Using extmapper simplemap for cells of type $and.
Using extmapper simplemap for cells of type $or.
Using extmapper simplemap for cells of type $sdffe.
Running "alumacc" on wrapper $extern:wrap:$add:Y_WIDTH=6:B_WIDTH=1:A_WIDTH=6:B_SIGNED=0:A_SIGNED=0:394426c56d1a028ba8fdd5469b163e04011def47.
Using template $extern:wrap:$add:Y_WIDTH=6:B_WIDTH=1:A_WIDTH=6:B_SIGNED=0:A_SIGNED=0:394426c56d1a028ba8fdd5469b163e04011def47 for cells of type $extern:wrap:$add:Y_WIDTH=6:B_WIDTH=1:A_WIDTH=6:B_SIGNED=0:A_SIGNED=0:394426c56d1a028ba8fdd5469b163e04011def47.
Running "alumacc" on wrapper $extern:wrap:$sub:Y_WIDTH=6:B_WIDTH=1:A_WIDTH=6:B_SIGNED=0:A_SIGNED=0:394426c56d1a028ba8fdd5469b163e04011def47.
Using template $extern:wrap:$sub:Y_WIDTH=6:B_WIDTH=1:A_WIDTH=6:B_SIGNED=0:A_SIGNED=0:394426c56d1a028ba8fdd5469b163e04011def47 for cells of type $extern:wrap:$sub:Y_WIDTH=6:B_WIDTH=1:A_WIDTH=6:B_SIGNED=0:A_SIGNED=0:394426c56d1a028ba8fdd5469b163e04011def47.
Using template $paramod$32efbfac1c4dc57230cf86180788fdfd12e3b511\_90_alu for cells of type $alu.
Using template $paramod$a04dd9d4d8b430140c4ff94b50470fb380fda2a0\_90_alu for cells of type $alu.
Using template $paramod\_90_fa\WIDTH=32'00000000000000000000000000000110 for cells of type $fa.
Using template $paramod\_90_lcu_brent_kung\WIDTH=32'00000000000000000000000000000110 for cells of type $lcu.
Using extmapper simplemap for cells of type $eq.
Running "alumacc" on wrapper $extern:wrap:$add:Y_WIDTH=5:B_WIDTH=1:A_WIDTH=5:B_SIGNED=0:A_SIGNED=0:394426c56d1a028ba8fdd5469b163e04011def47.
Using template $extern:wrap:$add:Y_WIDTH=5:B_WIDTH=1:A_WIDTH=5:B_SIGNED=0:A_SIGNED=0:394426c56d1a028ba8fdd5469b163e04011def47 for cells of type $extern:wrap:$add:Y_WIDTH=5:B_WIDTH=1:A_WIDTH=5:B_SIGNED=0:A_SIGNED=0:394426c56d1a028ba8fdd5469b163e04011def47.
Using extmapper simplemap for cells of type $logic_and.
Running "alumacc" on wrapper $extern:wrap:$add:Y_WIDTH=4:B_WIDTH=1:A_WIDTH=4:B_SIGNED=0:A_SIGNED=0:394426c56d1a028ba8fdd5469b163e04011def47.
Using template $extern:wrap:$add:Y_WIDTH=4:B_WIDTH=1:A_WIDTH=4:B_SIGNED=0:A_SIGNED=0:394426c56d1a028ba8fdd5469b163e04011def47 for cells of type $extern:wrap:$add:Y_WIDTH=4:B_WIDTH=1:A_WIDTH=4:B_SIGNED=0:A_SIGNED=0:394426c56d1a028ba8fdd5469b163e04011def47.
Using extmapper simplemap for cells of type $adff.
Using template $paramod$672a140277c71df8314410f22acc08d55222c3c7\_90_alu for cells of type $alu.
Using template $paramod$32a7b7b86c07519b7537abc18e96f0331f97914d\_90_alu for cells of type $alu.
Using template $paramod\_90_fa\WIDTH=32'00000000000000000000000000000101 for cells of type $fa.
Using template $paramod\_90_lcu_brent_kung\WIDTH=32'00000000000000000000000000000101 for cells of type $lcu.
Using template $paramod\_90_fa\WIDTH=32'00000000000000000000000000000100 for cells of type $fa.
Using template $paramod\_90_lcu_brent_kung\WIDTH=32'00000000000000000000000000000100 for cells of type $lcu.
Using extmapper simplemap for cells of type $dffe.
Running "alumacc" on wrapper $extern:wrap:$sub:Y_WIDTH=5:B_WIDTH=1:A_WIDTH=5:B_SIGNED=0:A_SIGNED=0:394426c56d1a028ba8fdd5469b163e04011def47.
Using template $extern:wrap:$sub:Y_WIDTH=5:B_WIDTH=1:A_WIDTH=5:B_SIGNED=0:A_SIGNED=0:394426c56d1a028ba8fdd5469b163e04011def47 for cells of type $extern:wrap:$sub:Y_WIDTH=5:B_WIDTH=1:A_WIDTH=5:B_SIGNED=0:A_SIGNED=0:394426c56d1a028ba8fdd5469b163e04011def47.
Using extmapper simplemap for cells of type $pmux.
Using template $paramod$dc04b7d98e503a7bab16fce2df70e6e2c5ca34d6\_90_alu for cells of type $alu.
Using extmapper simplemap for cells of type $reduce_or.
Using extmapper simplemap for cells of type $logic_or.
Running "alumacc" on wrapper $extern:wrap:$add:Y_WIDTH=14:B_WIDTH=1:A_WIDTH=14:B_SIGNED=0:A_SIGNED=0:394426c56d1a028ba8fdd5469b163e04011def47.
Using template $extern:wrap:$add:Y_WIDTH=14:B_WIDTH=1:A_WIDTH=14:B_SIGNED=0:A_SIGNED=0:394426c56d1a028ba8fdd5469b163e04011def47 for cells of type $extern:wrap:$add:Y_WIDTH=14:B_WIDTH=1:A_WIDTH=14:B_SIGNED=0:A_SIGNED=0:394426c56d1a028ba8fdd5469b163e04011def47.
Using template $paramod$713617589782cfade849bb573b5c36106c4b708f\_90_alu for cells of type $alu.
Using template $paramod\_90_fa\WIDTH=32'00000000000000000000000000001110 for cells of type $fa.
Using template $paramod\_90_lcu_brent_kung\WIDTH=32'00000000000000000000000000001110 for cells of type $lcu.
No more expansions possible.
<suppressed ~2129 debug messages>

13. Executing OPT pass (performing simple optimizations).

13.1. Executing OPT_EXPR pass (perform const folding).
Optimizing module $paramod$5ff65cac883644189a11f33c7731774bf2d6e2d2\clk_div.
<suppressed ~145 debug messages>
Optimizing module encoder.
<suppressed ~21 debug messages>
Optimizing module $paramod$1719986e2d5dc43517b18f4e324b0f602a4474e9\fifo.
<suppressed ~284 debug messages>
Optimizing module $paramod$5785904fef3fb2a86d9b4a3d3a35d0648892543e\i2s_tx.
<suppressed ~107 debug messages>
Optimizing module top.
<suppressed ~95 debug messages>
Optimizing module wavetable_synth.
<suppressed ~976 debug messages>

13.2. Executing OPT_MERGE pass (detect identical cells).
Finding identical cells in module `$paramod$5ff65cac883644189a11f33c7731774bf2d6e2d2\clk_div'.
Computing hashes of 102 cells of `$paramod$5ff65cac883644189a11f33c7731774bf2d6e2d2\clk_div'.
Finding duplicate cells in `$paramod$5ff65cac883644189a11f33c7731774bf2d6e2d2\clk_div'.
Computing hashes of 92 cells of `$paramod$5ff65cac883644189a11f33c7731774bf2d6e2d2\clk_div'.
Finding duplicate cells in `$paramod$5ff65cac883644189a11f33c7731774bf2d6e2d2\clk_div'.
<suppressed ~30 debug messages>
Finding identical cells in module `\encoder'.
Computing hashes of 115 cells of `\encoder'.
Finding duplicate cells in `\encoder'.
Finding identical cells in module `$paramod$1719986e2d5dc43517b18f4e324b0f602a4474e9\fifo'.
Computing hashes of 1128 cells of `$paramod$1719986e2d5dc43517b18f4e324b0f602a4474e9\fifo'.
Finding duplicate cells in `$paramod$1719986e2d5dc43517b18f4e324b0f602a4474e9\fifo'.
Computing hashes of 1025 cells of `$paramod$1719986e2d5dc43517b18f4e324b0f602a4474e9\fifo'.
Finding duplicate cells in `$paramod$1719986e2d5dc43517b18f4e324b0f602a4474e9\fifo'.
Computing hashes of 988 cells of `$paramod$1719986e2d5dc43517b18f4e324b0f602a4474e9\fifo'.
Finding duplicate cells in `$paramod$1719986e2d5dc43517b18f4e324b0f602a4474e9\fifo'.
<suppressed ~420 debug messages>
Finding identical cells in module `$paramod$5785904fef3fb2a86d9b4a3d3a35d0648892543e\i2s_tx'.
Computing hashes of 151 cells of `$paramod$5785904fef3fb2a86d9b4a3d3a35d0648892543e\i2s_tx'.
Finding duplicate cells in `$paramod$5785904fef3fb2a86d9b4a3d3a35d0648892543e\i2s_tx'.
Computing hashes of 143 cells of `$paramod$5785904fef3fb2a86d9b4a3d3a35d0648892543e\i2s_tx'.
Finding duplicate cells in `$paramod$5785904fef3fb2a86d9b4a3d3a35d0648892543e\i2s_tx'.
<suppressed ~24 debug messages>
Finding identical cells in module `\top'.
Computing hashes of 76 cells of `\top'.
Finding duplicate cells in `\top'.
Computing hashes of 63 cells of `\top'.
Finding duplicate cells in `\top'.
<suppressed ~39 debug messages>
Finding identical cells in module `\wavetable_synth'.
Computing hashes of 570 cells of `\wavetable_synth'.
Finding duplicate cells in `\wavetable_synth'.
Computing hashes of 543 cells of `\wavetable_synth'.
Finding duplicate cells in `\wavetable_synth'.
<suppressed ~81 debug messages>
Removed a total of 198 cells.

13.3. Executing OPT_MUXTREE pass (detect dead branches in mux trees).
Running muxtree optimizer on module $paramod$5ff65cac883644189a11f33c7731774bf2d6e2d2\clk_div..
  Creating internal representation of mux trees.
  No muxes found in this module.
Running muxtree optimizer on module \encoder..
  Creating internal representation of mux trees.
  No muxes found in this module.
Running muxtree optimizer on module $paramod$1719986e2d5dc43517b18f4e324b0f602a4474e9\fifo..
  Creating internal representation of mux trees.
  No muxes found in this module.
Running muxtree optimizer on module $paramod$5785904fef3fb2a86d9b4a3d3a35d0648892543e\i2s_tx..
  Creating internal representation of mux trees.
  No muxes found in this module.
Running muxtree optimizer on module \top..
  Creating internal representation of mux trees.
  No muxes found in this module.
Running muxtree optimizer on module \wavetable_synth..
  Creating internal representation of mux trees.
  No muxes found in this module.
Removed 0 multiplexer ports.

13.4. Executing OPT_REDUCE pass (consolidate $*mux and $reduce_* inputs).
  Optimizing cells in module $paramod$5ff65cac883644189a11f33c7731774bf2d6e2d2\clk_div.
  Optimizing cells in module \encoder.
  Optimizing cells in module $paramod$1719986e2d5dc43517b18f4e324b0f602a4474e9\fifo.
  Optimizing cells in module $paramod$5785904fef3fb2a86d9b4a3d3a35d0648892543e\i2s_tx.
  Optimizing cells in module \top.
  Optimizing cells in module \wavetable_synth.
Performed a total of 0 changes.

13.5. Executing OPT_MERGE pass (detect identical cells).
Finding identical cells in module `$paramod$5ff65cac883644189a11f33c7731774bf2d6e2d2\clk_div'.
Computing hashes of 92 cells of `$paramod$5ff65cac883644189a11f33c7731774bf2d6e2d2\clk_div'.
Finding duplicate cells in `$paramod$5ff65cac883644189a11f33c7731774bf2d6e2d2\clk_div'.
Finding identical cells in module `\encoder'.
Computing hashes of 115 cells of `\encoder'.
Finding duplicate cells in `\encoder'.
Finding identical cells in module `$paramod$1719986e2d5dc43517b18f4e324b0f602a4474e9\fifo'.
Computing hashes of 988 cells of `$paramod$1719986e2d5dc43517b18f4e324b0f602a4474e9\fifo'.
Finding duplicate cells in `$paramod$1719986e2d5dc43517b18f4e324b0f602a4474e9\fifo'.
Finding identical cells in module `$paramod$5785904fef3fb2a86d9b4a3d3a35d0648892543e\i2s_tx'.
Computing hashes of 143 cells of `$paramod$5785904fef3fb2a86d9b4a3d3a35d0648892543e\i2s_tx'.
Finding duplicate cells in `$paramod$5785904fef3fb2a86d9b4a3d3a35d0648892543e\i2s_tx'.
Finding identical cells in module `\top'.
Computing hashes of 63 cells of `\top'.
Finding duplicate cells in `\top'.
Finding identical cells in module `\wavetable_synth'.
Computing hashes of 543 cells of `\wavetable_synth'.
Finding duplicate cells in `\wavetable_synth'.
Removed a total of 0 cells.

13.6. Executing OPT_DFF pass (perform DFF optimizations).
Adding EN signal on $auto$ff.cc:337:slice$989 ($_DFFE_PN0P_) from module wavetable_synth (D = $procmux$486_Y [0], Q = \phase_inc [0]).
Adding EN signal on $auto$ff.cc:337:slice$990 ($_DFFE_PN1P_) from module wavetable_synth (D = $procmux$486_Y [1], Q = \phase_inc [1]).
Adding EN signal on $auto$ff.cc:337:slice$991 ($_DFFE_PN0P_) from module wavetable_synth (D = $procmux$486_Y [2], Q = \phase_inc [2]).
Adding EN signal on $auto$ff.cc:337:slice$992 ($_DFFE_PN1P_) from module wavetable_synth (D = $procmux$486_Y [3], Q = \phase_inc [3]).
Adding EN signal on $auto$ff.cc:337:slice$993 ($_DFFE_PN0P_) from module wavetable_synth (D = $procmux$486_Y [4], Q = \phase_inc [4]).
Adding EN signal on $auto$ff.cc:337:slice$994 ($_DFFE_PN1P_) from module wavetable_synth (D = $procmux$486_Y [5], Q = \phase_inc [5]).
Adding EN signal on $auto$ff.cc:337:slice$995 ($_DFFE_PN0P_) from module wavetable_synth (D = $procmux$486_Y [6], Q = \phase_inc [6]).
Adding EN signal on $auto$ff.cc:337:slice$996 ($_DFFE_PN0P_) from module wavetable_synth (D = $procmux$486_Y [7], Q = \phase_inc [7]).

13.7. Executing OPT_CLEAN pass (remove unused cells and wires).
Finding unused cells or wires in module $paramod$5ff65cac883644189a11f33c7731774bf2d6e2d2\clk_div..
Finding unused cells or wires in module \encoder..
Finding unused cells or wires in module $paramod$1719986e2d5dc43517b18f4e324b0f602a4474e9\fifo..
Finding unused cells or wires in module $paramod$5785904fef3fb2a86d9b4a3d3a35d0648892543e\i2s_tx..
Finding unused cells or wires in module \top..
Finding unused cells or wires in module \wavetable_synth..
Removed 81 unused cells and 1173 unused wires.
<suppressed ~87 debug messages>

13.8. Executing OPT_EXPR pass (perform const folding).
Optimizing module $paramod$5ff65cac883644189a11f33c7731774bf2d6e2d2\clk_div.
Optimizing module encoder.
Optimizing module $paramod$1719986e2d5dc43517b18f4e324b0f602a4474e9\fifo.
Optimizing module $paramod$5785904fef3fb2a86d9b4a3d3a35d0648892543e\i2s_tx.
Optimizing module top.
Optimizing module wavetable_synth.
<suppressed ~20 debug messages>

13.9. Rerunning OPT passes. (Maybe there is more to do..)

13.10. Executing OPT_MUXTREE pass (detect dead branches in mux trees).
Running muxtree optimizer on module $paramod$5ff65cac883644189a11f33c7731774bf2d6e2d2\clk_div..
  Creating internal representation of mux trees.
  No muxes found in this module.
Running muxtree optimizer on module \encoder..
  Creating internal representation of mux trees.
  No muxes found in this module.
Running muxtree optimizer on module $paramod$1719986e2d5dc43517b18f4e324b0f602a4474e9\fifo..
  Creating internal representation of mux trees.
  No muxes found in this module.
Running muxtree optimizer on module $paramod$5785904fef3fb2a86d9b4a3d3a35d0648892543e\i2s_tx..
  Creating internal representation of mux trees.
  No muxes found in this module.
Running muxtree optimizer on module \top..
  Creating internal representation of mux trees.
  No muxes found in this module.
Running muxtree optimizer on module \wavetable_synth..
  Creating internal representation of mux trees.
  No muxes found in this module.
Removed 0 multiplexer ports.

13.11. Executing OPT_REDUCE pass (consolidate $*mux and $reduce_* inputs).
  Optimizing cells in module $paramod$5ff65cac883644189a11f33c7731774bf2d6e2d2\clk_div.
  Optimizing cells in module \encoder.
  Optimizing cells in module $paramod$1719986e2d5dc43517b18f4e324b0f602a4474e9\fifo.
  Optimizing cells in module $paramod$5785904fef3fb2a86d9b4a3d3a35d0648892543e\i2s_tx.
  Optimizing cells in module \top.
  Optimizing cells in module \wavetable_synth.
Performed a total of 0 changes.

13.12. Executing OPT_MERGE pass (detect identical cells).
Finding identical cells in module `$paramod$5ff65cac883644189a11f33c7731774bf2d6e2d2\clk_div'.
Computing hashes of 85 cells of `$paramod$5ff65cac883644189a11f33c7731774bf2d6e2d2\clk_div'.
Finding duplicate cells in `$paramod$5ff65cac883644189a11f33c7731774bf2d6e2d2\clk_div'.
Finding identical cells in module `\encoder'.
Computing hashes of 115 cells of `\encoder'.
Finding duplicate cells in `\encoder'.
Finding identical cells in module `$paramod$1719986e2d5dc43517b18f4e324b0f602a4474e9\fifo'.
Computing hashes of 981 cells of `$paramod$1719986e2d5dc43517b18f4e324b0f602a4474e9\fifo'.
Finding duplicate cells in `$paramod$1719986e2d5dc43517b18f4e324b0f602a4474e9\fifo'.
Finding identical cells in module `$paramod$5785904fef3fb2a86d9b4a3d3a35d0648892543e\i2s_tx'.
Computing hashes of 137 cells of `$paramod$5785904fef3fb2a86d9b4a3d3a35d0648892543e\i2s_tx'.
Finding duplicate cells in `$paramod$5785904fef3fb2a86d9b4a3d3a35d0648892543e\i2s_tx'.
Finding identical cells in module `\top'.
Computing hashes of 56 cells of `\top'.
Finding duplicate cells in `\top'.
Finding identical cells in module `\wavetable_synth'.
Computing hashes of 505 cells of `\wavetable_synth'.
Finding duplicate cells in `\wavetable_synth'.
Computing hashes of 493 cells of `\wavetable_synth'.
Finding duplicate cells in `\wavetable_synth'.
Computing hashes of 486 cells of `\wavetable_synth'.
Finding duplicate cells in `\wavetable_synth'.
Computing hashes of 483 cells of `\wavetable_synth'.
Finding duplicate cells in `\wavetable_synth'.
Computing hashes of 481 cells of `\wavetable_synth'.
Finding duplicate cells in `\wavetable_synth'.
<suppressed ~72 debug messages>
Removed a total of 24 cells.

13.13. Executing OPT_DFF pass (perform DFF optimizations).
Handling D = Q on $auto$ff.cc:337:slice$1021 ($_DFFE_PN0P_) from module wavetable_synth (removing D path).
Handling D = Q on $auto$ff.cc:337:slice$1022 ($_DFFE_PN0P_) from module wavetable_synth (removing D path).
Handling D = Q on $auto$ff.cc:337:slice$1023 ($_DFFE_PN0P_) from module wavetable_synth (removing D path).
Handling D = Q on $auto$ff.cc:337:slice$1024 ($_DFFE_PN0P_) from module wavetable_synth (removing D path).
Handling D = Q on $auto$ff.cc:337:slice$1025 ($_DFFE_PN0P_) from module wavetable_synth (removing D path).
Handling D = Q on $auto$ff.cc:337:slice$1026 ($_DFFE_PN0P_) from module wavetable_synth (removing D path).
Handling D = Q on $auto$ff.cc:337:slice$1027 ($_DFFE_PN0P_) from module wavetable_synth (removing D path).
Handling D = Q on $auto$ff.cc:337:slice$1028 ($_DFFE_PN0P_) from module wavetable_synth (removing D path).
Setting constant 0-bit at position 0 on $auto$ff.cc:337:slice$1028 ($_DLATCH_N_) from module wavetable_synth.
Setting constant 0-bit at position 0 on $auto$ff.cc:337:slice$1027 ($_DLATCH_N_) from module wavetable_synth.
Setting constant 0-bit at position 0 on $auto$ff.cc:337:slice$1026 ($_DLATCH_N_) from module wavetable_synth.
Setting constant 0-bit at position 0 on $auto$ff.cc:337:slice$1025 ($_DLATCH_N_) from module wavetable_synth.
Setting constant 0-bit at position 0 on $auto$ff.cc:337:slice$1024 ($_DLATCH_N_) from module wavetable_synth.
Setting constant 0-bit at position 0 on $auto$ff.cc:337:slice$1023 ($_DLATCH_N_) from module wavetable_synth.
Setting constant 0-bit at position 0 on $auto$ff.cc:337:slice$1022 ($_DLATCH_N_) from module wavetable_synth.
Setting constant 0-bit at position 0 on $auto$ff.cc:337:slice$1021 ($_DLATCH_N_) from module wavetable_synth.
Setting constant 1-bit at position 0 on $auto$ff.cc:337:slice$6138 ($_DFFE_PN1P_) from module wavetable_synth.
Setting constant 0-bit at position 0 on $auto$ff.cc:337:slice$6119 ($_DFFE_PN0P_) from module wavetable_synth.

13.14. Executing OPT_CLEAN pass (remove unused cells and wires).
Finding unused cells or wires in module $paramod$5ff65cac883644189a11f33c7731774bf2d6e2d2\clk_div..
Finding unused cells or wires in module \encoder..
Finding unused cells or wires in module $paramod$1719986e2d5dc43517b18f4e324b0f602a4474e9\fifo..
Finding unused cells or wires in module $paramod$5785904fef3fb2a86d9b4a3d3a35d0648892543e\i2s_tx..
Finding unused cells or wires in module \top..
Finding unused cells or wires in module \wavetable_synth..
Removed 1 unused cells and 35 unused wires.
<suppressed ~2 debug messages>

13.15. Executing OPT_EXPR pass (perform const folding).
Optimizing module $paramod$5ff65cac883644189a11f33c7731774bf2d6e2d2\clk_div.
Optimizing module encoder.
Optimizing module $paramod$1719986e2d5dc43517b18f4e324b0f602a4474e9\fifo.
Optimizing module $paramod$5785904fef3fb2a86d9b4a3d3a35d0648892543e\i2s_tx.
Optimizing module top.
Optimizing module wavetable_synth.
<suppressed ~76 debug messages>

13.16. Rerunning OPT passes. (Maybe there is more to do..)

13.17. Executing OPT_MUXTREE pass (detect dead branches in mux trees).
Running muxtree optimizer on module $paramod$5ff65cac883644189a11f33c7731774bf2d6e2d2\clk_div..
  Creating internal representation of mux trees.
  No muxes found in this module.
Running muxtree optimizer on module \encoder..
  Creating internal representation of mux trees.
  No muxes found in this module.
Running muxtree optimizer on module $paramod$1719986e2d5dc43517b18f4e324b0f602a4474e9\fifo..
  Creating internal representation of mux trees.
  No muxes found in this module.
Running muxtree optimizer on module $paramod$5785904fef3fb2a86d9b4a3d3a35d0648892543e\i2s_tx..
  Creating internal representation of mux trees.
  No muxes found in this module.
Running muxtree optimizer on module \top..
  Creating internal representation of mux trees.
  No muxes found in this module.
Running muxtree optimizer on module \wavetable_synth..
  Creating internal representation of mux trees.
  No muxes found in this module.
Removed 0 multiplexer ports.

13.18. Executing OPT_REDUCE pass (consolidate $*mux and $reduce_* inputs).
  Optimizing cells in module $paramod$5ff65cac883644189a11f33c7731774bf2d6e2d2\clk_div.
  Optimizing cells in module \encoder.
  Optimizing cells in module $paramod$1719986e2d5dc43517b18f4e324b0f602a4474e9\fifo.
  Optimizing cells in module $paramod$5785904fef3fb2a86d9b4a3d3a35d0648892543e\i2s_tx.
  Optimizing cells in module \top.
  Optimizing cells in module \wavetable_synth.
Performed a total of 0 changes.

13.19. Executing OPT_MERGE pass (detect identical cells).
Finding identical cells in module `$paramod$5ff65cac883644189a11f33c7731774bf2d6e2d2\clk_div'.
Computing hashes of 85 cells of `$paramod$5ff65cac883644189a11f33c7731774bf2d6e2d2\clk_div'.
Finding duplicate cells in `$paramod$5ff65cac883644189a11f33c7731774bf2d6e2d2\clk_div'.
Finding identical cells in module `\encoder'.
Computing hashes of 115 cells of `\encoder'.
Finding duplicate cells in `\encoder'.
Finding identical cells in module `$paramod$1719986e2d5dc43517b18f4e324b0f602a4474e9\fifo'.
Computing hashes of 981 cells of `$paramod$1719986e2d5dc43517b18f4e324b0f602a4474e9\fifo'.
Finding duplicate cells in `$paramod$1719986e2d5dc43517b18f4e324b0f602a4474e9\fifo'.
Finding identical cells in module `$paramod$5785904fef3fb2a86d9b4a3d3a35d0648892543e\i2s_tx'.
Computing hashes of 137 cells of `$paramod$5785904fef3fb2a86d9b4a3d3a35d0648892543e\i2s_tx'.
Finding duplicate cells in `$paramod$5785904fef3fb2a86d9b4a3d3a35d0648892543e\i2s_tx'.
Finding identical cells in module `\top'.
Computing hashes of 56 cells of `\top'.
Finding duplicate cells in `\top'.
Finding identical cells in module `\wavetable_synth'.
Computing hashes of 398 cells of `\wavetable_synth'.
Finding duplicate cells in `\wavetable_synth'.
Removed a total of 0 cells.

13.20. Executing OPT_DFF pass (perform DFF optimizations).
Adding EN signal on $auto$ff.cc:337:slice$6157 ($_DFFE_PN0P_) from module wavetable_synth (D = $procmux$486_Y [4], Q = \phase_inc [4]).
Adding EN signal on $auto$ff.cc:337:slice$6168 ($_DFFE_PN1P_) from module wavetable_synth (D = $procmux$486_Y [5], Q = \phase_inc [5]).

13.21. Executing OPT_CLEAN pass (remove unused cells and wires).
Finding unused cells or wires in module $paramod$5ff65cac883644189a11f33c7731774bf2d6e2d2\clk_div..
Finding unused cells or wires in module \encoder..
Finding unused cells or wires in module $paramod$1719986e2d5dc43517b18f4e324b0f602a4474e9\fifo..
Finding unused cells or wires in module $paramod$5785904fef3fb2a86d9b4a3d3a35d0648892543e\i2s_tx..
Finding unused cells or wires in module \top..
Finding unused cells or wires in module \wavetable_synth..
Removed 5 unused cells and 40 unused wires.
<suppressed ~6 debug messages>

13.22. Executing OPT_EXPR pass (perform const folding).
Optimizing module $paramod$5ff65cac883644189a11f33c7731774bf2d6e2d2\clk_div.
Optimizing module encoder.
Optimizing module $paramod$1719986e2d5dc43517b18f4e324b0f602a4474e9\fifo.
Optimizing module $paramod$5785904fef3fb2a86d9b4a3d3a35d0648892543e\i2s_tx.
Optimizing module top.
Optimizing module wavetable_synth.
<suppressed ~8 debug messages>

13.23. Rerunning OPT passes. (Maybe there is more to do..)

13.24. Executing OPT_MUXTREE pass (detect dead branches in mux trees).
Running muxtree optimizer on module $paramod$5ff65cac883644189a11f33c7731774bf2d6e2d2\clk_div..
  Creating internal representation of mux trees.
  No muxes found in this module.
Running muxtree optimizer on module \encoder..
  Creating internal representation of mux trees.
  No muxes found in this module.
Running muxtree optimizer on module $paramod$1719986e2d5dc43517b18f4e324b0f602a4474e9\fifo..
  Creating internal representation of mux trees.
  No muxes found in this module.
Running muxtree optimizer on module $paramod$5785904fef3fb2a86d9b4a3d3a35d0648892543e\i2s_tx..
  Creating internal representation of mux trees.
  No muxes found in this module.
Running muxtree optimizer on module \top..
  Creating internal representation of mux trees.
  No muxes found in this module.
Running muxtree optimizer on module \wavetable_synth..
  Creating internal representation of mux trees.
  No muxes found in this module.
Removed 0 multiplexer ports.

13.25. Executing OPT_REDUCE pass (consolidate $*mux and $reduce_* inputs).
  Optimizing cells in module $paramod$5ff65cac883644189a11f33c7731774bf2d6e2d2\clk_div.
  Optimizing cells in module \encoder.
  Optimizing cells in module $paramod$1719986e2d5dc43517b18f4e324b0f602a4474e9\fifo.
  Optimizing cells in module $paramod$5785904fef3fb2a86d9b4a3d3a35d0648892543e\i2s_tx.
  Optimizing cells in module \top.
  Optimizing cells in module \wavetable_synth.
Performed a total of 0 changes.

13.26. Executing OPT_MERGE pass (detect identical cells).
Finding identical cells in module `$paramod$5ff65cac883644189a11f33c7731774bf2d6e2d2\clk_div'.
Computing hashes of 85 cells of `$paramod$5ff65cac883644189a11f33c7731774bf2d6e2d2\clk_div'.
Finding duplicate cells in `$paramod$5ff65cac883644189a11f33c7731774bf2d6e2d2\clk_div'.
Finding identical cells in module `\encoder'.
Computing hashes of 115 cells of `\encoder'.
Finding duplicate cells in `\encoder'.
Finding identical cells in module `$paramod$1719986e2d5dc43517b18f4e324b0f602a4474e9\fifo'.
Computing hashes of 981 cells of `$paramod$1719986e2d5dc43517b18f4e324b0f602a4474e9\fifo'.
Finding duplicate cells in `$paramod$1719986e2d5dc43517b18f4e324b0f602a4474e9\fifo'.
Finding identical cells in module `$paramod$5785904fef3fb2a86d9b4a3d3a35d0648892543e\i2s_tx'.
Computing hashes of 137 cells of `$paramod$5785904fef3fb2a86d9b4a3d3a35d0648892543e\i2s_tx'.
Finding duplicate cells in `$paramod$5785904fef3fb2a86d9b4a3d3a35d0648892543e\i2s_tx'.
Finding identical cells in module `\top'.
Computing hashes of 56 cells of `\top'.
Finding duplicate cells in `\top'.
Finding identical cells in module `\wavetable_synth'.
Computing hashes of 395 cells of `\wavetable_synth'.
Finding duplicate cells in `\wavetable_synth'.
Computing hashes of 393 cells of `\wavetable_synth'.
Finding duplicate cells in `\wavetable_synth'.
Computing hashes of 392 cells of `\wavetable_synth'.
Finding duplicate cells in `\wavetable_synth'.
Computing hashes of 391 cells of `\wavetable_synth'.
Finding duplicate cells in `\wavetable_synth'.
<suppressed ~12 debug messages>
Removed a total of 4 cells.

13.27. Executing OPT_DFF pass (perform DFF optimizations).
Setting constant 1-bit at position 0 on $auto$ff.cc:337:slice$6257 ($_DFFE_PN1P_) from module wavetable_synth.
Setting constant 0-bit at position 0 on $auto$ff.cc:337:slice$6243 ($_DFFE_PN0P_) from module wavetable_synth.

13.28. Executing OPT_CLEAN pass (remove unused cells and wires).
Finding unused cells or wires in module $paramod$5ff65cac883644189a11f33c7731774bf2d6e2d2\clk_div..
Finding unused cells or wires in module \encoder..
Finding unused cells or wires in module $paramod$1719986e2d5dc43517b18f4e324b0f602a4474e9\fifo..
Finding unused cells or wires in module $paramod$5785904fef3fb2a86d9b4a3d3a35d0648892543e\i2s_tx..
Finding unused cells or wires in module \top..
Finding unused cells or wires in module \wavetable_synth..
Removed 2 unused cells and 8 unused wires.
<suppressed ~3 debug messages>

13.29. Executing OPT_EXPR pass (perform const folding).
Optimizing module $paramod$5ff65cac883644189a11f33c7731774bf2d6e2d2\clk_div.
Optimizing module encoder.
Optimizing module $paramod$1719986e2d5dc43517b18f4e324b0f602a4474e9\fifo.
Optimizing module $paramod$5785904fef3fb2a86d9b4a3d3a35d0648892543e\i2s_tx.
Optimizing module top.
Optimizing module wavetable_synth.
<suppressed ~22 debug messages>

13.30. Rerunning OPT passes. (Maybe there is more to do..)

13.31. Executing OPT_MUXTREE pass (detect dead branches in mux trees).
Running muxtree optimizer on module $paramod$5ff65cac883644189a11f33c7731774bf2d6e2d2\clk_div..
  Creating internal representation of mux trees.
  No muxes found in this module.
Running muxtree optimizer on module \encoder..
  Creating internal representation of mux trees.
  No muxes found in this module.
Running muxtree optimizer on module $paramod$1719986e2d5dc43517b18f4e324b0f602a4474e9\fifo..
  Creating internal representation of mux trees.
  No muxes found in this module.
Running muxtree optimizer on module $paramod$5785904fef3fb2a86d9b4a3d3a35d0648892543e\i2s_tx..
  Creating internal representation of mux trees.
  No muxes found in this module.
Running muxtree optimizer on module \top..
  Creating internal representation of mux trees.
  No muxes found in this module.
Running muxtree optimizer on module \wavetable_synth..
  Creating internal representation of mux trees.
  No muxes found in this module.
Removed 0 multiplexer ports.

13.32. Executing OPT_REDUCE pass (consolidate $*mux and $reduce_* inputs).
  Optimizing cells in module $paramod$5ff65cac883644189a11f33c7731774bf2d6e2d2\clk_div.
  Optimizing cells in module \encoder.
  Optimizing cells in module $paramod$1719986e2d5dc43517b18f4e324b0f602a4474e9\fifo.
  Optimizing cells in module $paramod$5785904fef3fb2a86d9b4a3d3a35d0648892543e\i2s_tx.
  Optimizing cells in module \top.
  Optimizing cells in module \wavetable_synth.
Performed a total of 0 changes.

13.33. Executing OPT_MERGE pass (detect identical cells).
Finding identical cells in module `$paramod$5ff65cac883644189a11f33c7731774bf2d6e2d2\clk_div'.
Computing hashes of 85 cells of `$paramod$5ff65cac883644189a11f33c7731774bf2d6e2d2\clk_div'.
Finding duplicate cells in `$paramod$5ff65cac883644189a11f33c7731774bf2d6e2d2\clk_div'.
Finding identical cells in module `\encoder'.
Computing hashes of 115 cells of `\encoder'.
Finding duplicate cells in `\encoder'.
Finding identical cells in module `$paramod$1719986e2d5dc43517b18f4e324b0f602a4474e9\fifo'.
Computing hashes of 981 cells of `$paramod$1719986e2d5dc43517b18f4e324b0f602a4474e9\fifo'.
Finding duplicate cells in `$paramod$1719986e2d5dc43517b18f4e324b0f602a4474e9\fifo'.
Finding identical cells in module `$paramod$5785904fef3fb2a86d9b4a3d3a35d0648892543e\i2s_tx'.
Computing hashes of 137 cells of `$paramod$5785904fef3fb2a86d9b4a3d3a35d0648892543e\i2s_tx'.
Finding duplicate cells in `$paramod$5785904fef3fb2a86d9b4a3d3a35d0648892543e\i2s_tx'.
Finding identical cells in module `\top'.
Computing hashes of 56 cells of `\top'.
Finding duplicate cells in `\top'.
Finding identical cells in module `\wavetable_synth'.
Computing hashes of 368 cells of `\wavetable_synth'.
Finding duplicate cells in `\wavetable_synth'.
Removed a total of 0 cells.

13.34. Executing OPT_DFF pass (perform DFF optimizations).
Adding EN signal on $auto$ff.cc:337:slice$6179 ($_DFFE_PN0P_) from module wavetable_synth (D = $procmux$486_Y [6], Q = \phase_inc [6]).
Adding EN signal on $auto$ff.cc:337:slice$6190 ($_DFFE_PN0P_) from module wavetable_synth (D = $procmux$486_Y [7], Q = \phase_inc [7]).

13.35. Executing OPT_CLEAN pass (remove unused cells and wires).
Finding unused cells or wires in module $paramod$5ff65cac883644189a11f33c7731774bf2d6e2d2\clk_div..
Finding unused cells or wires in module \encoder..
Finding unused cells or wires in module $paramod$1719986e2d5dc43517b18f4e324b0f602a4474e9\fifo..
Finding unused cells or wires in module $paramod$5785904fef3fb2a86d9b4a3d3a35d0648892543e\i2s_tx..
Finding unused cells or wires in module \top..
Finding unused cells or wires in module \wavetable_synth..
Removed 0 unused cells and 17 unused wires.
<suppressed ~1 debug messages>

13.36. Executing OPT_EXPR pass (perform const folding).
Optimizing module $paramod$5ff65cac883644189a11f33c7731774bf2d6e2d2\clk_div.
Optimizing module encoder.
Optimizing module $paramod$1719986e2d5dc43517b18f4e324b0f602a4474e9\fifo.
Optimizing module $paramod$5785904fef3fb2a86d9b4a3d3a35d0648892543e\i2s_tx.
Optimizing module top.
Optimizing module wavetable_synth.
<suppressed ~8 debug messages>

13.37. Rerunning OPT passes. (Maybe there is more to do..)

13.38. Executing OPT_MUXTREE pass (detect dead branches in mux trees).
Running muxtree optimizer on module $paramod$5ff65cac883644189a11f33c7731774bf2d6e2d2\clk_div..
  Creating internal representation of mux trees.
  No muxes found in this module.
Running muxtree optimizer on module \encoder..
  Creating internal representation of mux trees.
  No muxes found in this module.
Running muxtree optimizer on module $paramod$1719986e2d5dc43517b18f4e324b0f602a4474e9\fifo..
  Creating internal representation of mux trees.
  No muxes found in this module.
Running muxtree optimizer on module $paramod$5785904fef3fb2a86d9b4a3d3a35d0648892543e\i2s_tx..
  Creating internal representation of mux trees.
  No muxes found in this module.
Running muxtree optimizer on module \top..
  Creating internal representation of mux trees.
  No muxes found in this module.
Running muxtree optimizer on module \wavetable_synth..
  Creating internal representation of mux trees.
  No muxes found in this module.
Removed 0 multiplexer ports.

13.39. Executing OPT_REDUCE pass (consolidate $*mux and $reduce_* inputs).
  Optimizing cells in module $paramod$5ff65cac883644189a11f33c7731774bf2d6e2d2\clk_div.
  Optimizing cells in module \encoder.
  Optimizing cells in module $paramod$1719986e2d5dc43517b18f4e324b0f602a4474e9\fifo.
  Optimizing cells in module $paramod$5785904fef3fb2a86d9b4a3d3a35d0648892543e\i2s_tx.
  Optimizing cells in module \top.
  Optimizing cells in module \wavetable_synth.
Performed a total of 0 changes.

13.40. Executing OPT_MERGE pass (detect identical cells).
Finding identical cells in module `$paramod$5ff65cac883644189a11f33c7731774bf2d6e2d2\clk_div'.
Computing hashes of 85 cells of `$paramod$5ff65cac883644189a11f33c7731774bf2d6e2d2\clk_div'.
Finding duplicate cells in `$paramod$5ff65cac883644189a11f33c7731774bf2d6e2d2\clk_div'.
Finding identical cells in module `\encoder'.
Computing hashes of 115 cells of `\encoder'.
Finding duplicate cells in `\encoder'.
Finding identical cells in module `$paramod$1719986e2d5dc43517b18f4e324b0f602a4474e9\fifo'.
Computing hashes of 981 cells of `$paramod$1719986e2d5dc43517b18f4e324b0f602a4474e9\fifo'.
Finding duplicate cells in `$paramod$1719986e2d5dc43517b18f4e324b0f602a4474e9\fifo'.
Finding identical cells in module `$paramod$5785904fef3fb2a86d9b4a3d3a35d0648892543e\i2s_tx'.
Computing hashes of 137 cells of `$paramod$5785904fef3fb2a86d9b4a3d3a35d0648892543e\i2s_tx'.
Finding duplicate cells in `$paramod$5785904fef3fb2a86d9b4a3d3a35d0648892543e\i2s_tx'.
Finding identical cells in module `\top'.
Computing hashes of 56 cells of `\top'.
Finding duplicate cells in `\top'.
Finding identical cells in module `\wavetable_synth'.
Computing hashes of 370 cells of `\wavetable_synth'.
Finding duplicate cells in `\wavetable_synth'.
Computing hashes of 368 cells of `\wavetable_synth'.
Finding duplicate cells in `\wavetable_synth'.
Computing hashes of 367 cells of `\wavetable_synth'.
Finding duplicate cells in `\wavetable_synth'.
Computing hashes of 366 cells of `\wavetable_synth'.
Finding duplicate cells in `\wavetable_synth'.
Computing hashes of 365 cells of `\wavetable_synth'.
Finding duplicate cells in `\wavetable_synth'.
Computing hashes of 364 cells of `\wavetable_synth'.
Finding duplicate cells in `\wavetable_synth'.
<suppressed ~18 debug messages>
Removed a total of 6 cells.

13.41. Executing OPT_DFF pass (perform DFF optimizations).
Setting constant 0-bit at position 0 on $auto$ff.cc:337:slice$6297 ($_DFFE_PN0P_) from module wavetable_synth.

13.42. Executing OPT_CLEAN pass (remove unused cells and wires).
Finding unused cells or wires in module $paramod$5ff65cac883644189a11f33c7731774bf2d6e2d2\clk_div..
Finding unused cells or wires in module \encoder..
Finding unused cells or wires in module $paramod$1719986e2d5dc43517b18f4e324b0f602a4474e9\fifo..
Finding unused cells or wires in module $paramod$5785904fef3fb2a86d9b4a3d3a35d0648892543e\i2s_tx..
Finding unused cells or wires in module \top..
Finding unused cells or wires in module \wavetable_synth..
Removed 3 unused cells and 9 unused wires.
<suppressed ~4 debug messages>

13.43. Executing OPT_EXPR pass (perform const folding).
Optimizing module $paramod$5ff65cac883644189a11f33c7731774bf2d6e2d2\clk_div.
Optimizing module encoder.
Optimizing module $paramod$1719986e2d5dc43517b18f4e324b0f602a4474e9\fifo.
Optimizing module $paramod$5785904fef3fb2a86d9b4a3d3a35d0648892543e\i2s_tx.
Optimizing module top.
Optimizing module wavetable_synth.
<suppressed ~18 debug messages>

13.44. Rerunning OPT passes. (Maybe there is more to do..)

13.45. Executing OPT_MUXTREE pass (detect dead branches in mux trees).
Running muxtree optimizer on module $paramod$5ff65cac883644189a11f33c7731774bf2d6e2d2\clk_div..
  Creating internal representation of mux trees.
  No muxes found in this module.
Running muxtree optimizer on module \encoder..
  Creating internal representation of mux trees.
  No muxes found in this module.
Running muxtree optimizer on module $paramod$1719986e2d5dc43517b18f4e324b0f602a4474e9\fifo..
  Creating internal representation of mux trees.
  No muxes found in this module.
Running muxtree optimizer on module $paramod$5785904fef3fb2a86d9b4a3d3a35d0648892543e\i2s_tx..
  Creating internal representation of mux trees.
  No muxes found in this module.
Running muxtree optimizer on module \top..
  Creating internal representation of mux trees.
  No muxes found in this module.
Running muxtree optimizer on module \wavetable_synth..
  Creating internal representation of mux trees.
  No muxes found in this module.
Removed 0 multiplexer ports.

13.46. Executing OPT_REDUCE pass (consolidate $*mux and $reduce_* inputs).
  Optimizing cells in module $paramod$5ff65cac883644189a11f33c7731774bf2d6e2d2\clk_div.
  Optimizing cells in module \encoder.
  Optimizing cells in module $paramod$1719986e2d5dc43517b18f4e324b0f602a4474e9\fifo.
  Optimizing cells in module $paramod$5785904fef3fb2a86d9b4a3d3a35d0648892543e\i2s_tx.
  Optimizing cells in module \top.
  Optimizing cells in module \wavetable_synth.
Performed a total of 0 changes.

13.47. Executing OPT_MERGE pass (detect identical cells).
Finding identical cells in module `$paramod$5ff65cac883644189a11f33c7731774bf2d6e2d2\clk_div'.
Computing hashes of 85 cells of `$paramod$5ff65cac883644189a11f33c7731774bf2d6e2d2\clk_div'.
Finding duplicate cells in `$paramod$5ff65cac883644189a11f33c7731774bf2d6e2d2\clk_div'.
Finding identical cells in module `\encoder'.
Computing hashes of 115 cells of `\encoder'.
Finding duplicate cells in `\encoder'.
Finding identical cells in module `$paramod$1719986e2d5dc43517b18f4e324b0f602a4474e9\fifo'.
Computing hashes of 981 cells of `$paramod$1719986e2d5dc43517b18f4e324b0f602a4474e9\fifo'.
Finding duplicate cells in `$paramod$1719986e2d5dc43517b18f4e324b0f602a4474e9\fifo'.
Finding identical cells in module `$paramod$5785904fef3fb2a86d9b4a3d3a35d0648892543e\i2s_tx'.
Computing hashes of 137 cells of `$paramod$5785904fef3fb2a86d9b4a3d3a35d0648892543e\i2s_tx'.
Finding duplicate cells in `$paramod$5785904fef3fb2a86d9b4a3d3a35d0648892543e\i2s_tx'.
Finding identical cells in module `\top'.
Computing hashes of 56 cells of `\top'.
Finding duplicate cells in `\top'.
Finding identical cells in module `\wavetable_synth'.
Computing hashes of 343 cells of `\wavetable_synth'.
Finding duplicate cells in `\wavetable_synth'.
Computing hashes of 342 cells of `\wavetable_synth'.
Finding duplicate cells in `\wavetable_synth'.
<suppressed ~3 debug messages>
Removed a total of 1 cells.

13.48. Executing OPT_DFF pass (perform DFF optimizations).

13.49. Executing OPT_CLEAN pass (remove unused cells and wires).
Finding unused cells or wires in module $paramod$5ff65cac883644189a11f33c7731774bf2d6e2d2\clk_div..
Finding unused cells or wires in module \encoder..
Finding unused cells or wires in module $paramod$1719986e2d5dc43517b18f4e324b0f602a4474e9\fifo..
Finding unused cells or wires in module $paramod$5785904fef3fb2a86d9b4a3d3a35d0648892543e\i2s_tx..
Finding unused cells or wires in module \top..
Finding unused cells or wires in module \wavetable_synth..
Removed 0 unused cells and 11 unused wires.
<suppressed ~1 debug messages>

13.50. Executing OPT_EXPR pass (perform const folding).
Optimizing module $paramod$5ff65cac883644189a11f33c7731774bf2d6e2d2\clk_div.
Optimizing module encoder.
Optimizing module $paramod$1719986e2d5dc43517b18f4e324b0f602a4474e9\fifo.
Optimizing module $paramod$5785904fef3fb2a86d9b4a3d3a35d0648892543e\i2s_tx.
Optimizing module top.
Optimizing module wavetable_synth.

13.51. Rerunning OPT passes. (Maybe there is more to do..)

13.52. Executing OPT_MUXTREE pass (detect dead branches in mux trees).
Running muxtree optimizer on module $paramod$5ff65cac883644189a11f33c7731774bf2d6e2d2\clk_div..
  Creating internal representation of mux trees.
  No muxes found in this module.
Running muxtree optimizer on module \encoder..
  Creating internal representation of mux trees.
  No muxes found in this module.
Running muxtree optimizer on module $paramod$1719986e2d5dc43517b18f4e324b0f602a4474e9\fifo..
  Creating internal representation of mux trees.
  No muxes found in this module.
Running muxtree optimizer on module $paramod$5785904fef3fb2a86d9b4a3d3a35d0648892543e\i2s_tx..
  Creating internal representation of mux trees.
  No muxes found in this module.
Running muxtree optimizer on module \top..
  Creating internal representation of mux trees.
  No muxes found in this module.
Running muxtree optimizer on module \wavetable_synth..
  Creating internal representation of mux trees.
  No muxes found in this module.
Removed 0 multiplexer ports.

13.53. Executing OPT_REDUCE pass (consolidate $*mux and $reduce_* inputs).
  Optimizing cells in module $paramod$5ff65cac883644189a11f33c7731774bf2d6e2d2\clk_div.
  Optimizing cells in module \encoder.
  Optimizing cells in module $paramod$1719986e2d5dc43517b18f4e324b0f602a4474e9\fifo.
  Optimizing cells in module $paramod$5785904fef3fb2a86d9b4a3d3a35d0648892543e\i2s_tx.
  Optimizing cells in module \top.
  Optimizing cells in module \wavetable_synth.
Performed a total of 0 changes.

13.54. Executing OPT_MERGE pass (detect identical cells).
Finding identical cells in module `$paramod$5ff65cac883644189a11f33c7731774bf2d6e2d2\clk_div'.
Computing hashes of 85 cells of `$paramod$5ff65cac883644189a11f33c7731774bf2d6e2d2\clk_div'.
Finding duplicate cells in `$paramod$5ff65cac883644189a11f33c7731774bf2d6e2d2\clk_div'.
Finding identical cells in module `\encoder'.
Computing hashes of 115 cells of `\encoder'.
Finding duplicate cells in `\encoder'.
Finding identical cells in module `$paramod$1719986e2d5dc43517b18f4e324b0f602a4474e9\fifo'.
Computing hashes of 981 cells of `$paramod$1719986e2d5dc43517b18f4e324b0f602a4474e9\fifo'.
Finding duplicate cells in `$paramod$1719986e2d5dc43517b18f4e324b0f602a4474e9\fifo'.
Finding identical cells in module `$paramod$5785904fef3fb2a86d9b4a3d3a35d0648892543e\i2s_tx'.
Computing hashes of 137 cells of `$paramod$5785904fef3fb2a86d9b4a3d3a35d0648892543e\i2s_tx'.
Finding duplicate cells in `$paramod$5785904fef3fb2a86d9b4a3d3a35d0648892543e\i2s_tx'.
Finding identical cells in module `\top'.
Computing hashes of 56 cells of `\top'.
Finding duplicate cells in `\top'.
Finding identical cells in module `\wavetable_synth'.
Computing hashes of 342 cells of `\wavetable_synth'.
Finding duplicate cells in `\wavetable_synth'.
Removed a total of 0 cells.

13.55. Executing OPT_DFF pass (perform DFF optimizations).

13.56. Executing OPT_CLEAN pass (remove unused cells and wires).
Finding unused cells or wires in module $paramod$5ff65cac883644189a11f33c7731774bf2d6e2d2\clk_div..
Finding unused cells or wires in module \encoder..
Finding unused cells or wires in module $paramod$1719986e2d5dc43517b18f4e324b0f602a4474e9\fifo..
Finding unused cells or wires in module $paramod$5785904fef3fb2a86d9b4a3d3a35d0648892543e\i2s_tx..
Finding unused cells or wires in module \top..
Finding unused cells or wires in module \wavetable_synth..

13.57. Executing OPT_EXPR pass (perform const folding).
Optimizing module $paramod$5ff65cac883644189a11f33c7731774bf2d6e2d2\clk_div.
Optimizing module encoder.
Optimizing module $paramod$1719986e2d5dc43517b18f4e324b0f602a4474e9\fifo.
Optimizing module $paramod$5785904fef3fb2a86d9b4a3d3a35d0648892543e\i2s_tx.
Optimizing module top.
Optimizing module wavetable_synth.

13.58. Finished fast OPT passes. (There is nothing left to do.)

14. Executing Verilog backend.

14.1. Executing BMUXMAP pass.

14.2. Executing DEMUXMAP pass.
Dumping module `$paramod$1719986e2d5dc43517b18f4e324b0f602a4474e9\fifo'.
Dumping module `$paramod$5785904fef3fb2a86d9b4a3d3a35d0648892543e\i2s_tx'.
Dumping module `$paramod$5ff65cac883644189a11f33c7731774bf2d6e2d2\clk_div'.
Dumping module `\encoder'.
Dumping module `\top'.
Dumping module `\wavetable_synth'.

15. Executing SYNTH_GOWIN pass.

15.1. Executing Verilog-2005 frontend: /opt/homebrew/bin/../share/yosys/gowin/cells_sim.v
Parsing Verilog input from `/opt/homebrew/bin/../share/yosys/gowin/cells_sim.v' to AST representation.
Generating RTLIL representation for module `\LUT1'.
Generating RTLIL representation for module `\LUT2'.
Generating RTLIL representation for module `\LUT3'.
Generating RTLIL representation for module `\LUT4'.
Generating RTLIL representation for module `\__APICULA_LUT5'.
Generating RTLIL representation for module `\__APICULA_LUT6'.
Generating RTLIL representation for module `\__APICULA_LUT7'.
Generating RTLIL representation for module `\__APICULA_LUT8'.
Generating RTLIL representation for module `\MUX2'.
Generating RTLIL representation for module `\MUX2_LUT5'.
Generating RTLIL representation for module `\MUX2_LUT6'.
Generating RTLIL representation for module `\MUX2_LUT7'.
Generating RTLIL representation for module `\MUX2_LUT8'.
Generating RTLIL representation for module `\DFF'.
Generating RTLIL representation for module `\DFFE'.
Generating RTLIL representation for module `\DFFS'.
Generating RTLIL representation for module `\DFFSE'.
Generating RTLIL representation for module `\DFFR'.
Generating RTLIL representation for module `\DFFRE'.
Generating RTLIL representation for module `\DFFP'.
Generating RTLIL representation for module `\DFFPE'.
Generating RTLIL representation for module `\DFFC'.
Generating RTLIL representation for module `\DFFCE'.
Generating RTLIL representation for module `\DFFN'.
Generating RTLIL representation for module `\DFFNE'.
Generating RTLIL representation for module `\DFFNS'.
Generating RTLIL representation for module `\DFFNSE'.
Generating RTLIL representation for module `\DFFNR'.
Generating RTLIL representation for module `\DFFNRE'.
Generating RTLIL representation for module `\DFFNP'.
Generating RTLIL representation for module `\DFFNPE'.
Generating RTLIL representation for module `\DFFNC'.
Generating RTLIL representation for module `\DFFNCE'.
Generating RTLIL representation for module `\DL'.
Generating RTLIL representation for module `\DLN'.
Generating RTLIL representation for module `\DLE'.
Generating RTLIL representation for module `\DLNE'.
Generating RTLIL representation for module `\DLC'.
Generating RTLIL representation for module `\DLCE'.
Generating RTLIL representation for module `\DLNC'.
Generating RTLIL representation for module `\DLNCE'.
Generating RTLIL representation for module `\DLP'.
Generating RTLIL representation for module `\DLPE'.
Generating RTLIL representation for module `\DLNP'.
Generating RTLIL representation for module `\DLNPE'.
Generating RTLIL representation for module `\VCC'.
Generating RTLIL representation for module `\GND'.
Generating RTLIL representation for module `\IBUF'.
Generating RTLIL representation for module `\OBUF'.
Generating RTLIL representation for module `\TBUF'.
Generating RTLIL representation for module `\IOBUF'.
Generating RTLIL representation for module `\ELVDS_OBUF'.
Generating RTLIL representation for module `\TLVDS_OBUF'.
Generating RTLIL representation for module `\OSER4'.
Generating RTLIL representation for module `\OSER4_MEM'.
Generating RTLIL representation for module `\OSER8'.
Generating RTLIL representation for module `\OSER10'.
Generating RTLIL representation for module `\OVIDEO'.
Generating RTLIL representation for module `\OSER16'.
Generating RTLIL representation for module `\IDES4'.
Generating RTLIL representation for module `\IDES4_MEM'.
Generating RTLIL representation for module `\IDES8'.
Generating RTLIL representation for module `\IDES10'.
Generating RTLIL representation for module `\IVIDEO'.
Generating RTLIL representation for module `\IDES16'.
Generating RTLIL representation for module `\IDDR'.
Generating RTLIL representation for module `\IDDRC'.
Generating RTLIL representation for module `\DQS'.
Generating RTLIL representation for module `\ODDR'.
Generating RTLIL representation for module `\ODDRC'.
Generating RTLIL representation for module `\GSR'.
Generating RTLIL representation for module `\BANDGAP'.
Generating RTLIL representation for module `\ALU'.
Generating RTLIL representation for module `\RAM16S1'.
Generating RTLIL representation for module `\RAM16S2'.
Generating RTLIL representation for module `\RAM16S4'.
Generating RTLIL representation for module `\RAM16SDP1'.
Generating RTLIL representation for module `\RAM16SDP2'.
Generating RTLIL representation for module `\RAM16SDP4'.
Generating RTLIL representation for module `\SP'.
Generating RTLIL representation for module `\SPX9'.
Generating RTLIL representation for module `\SDP'.
Generating RTLIL representation for module `\SDPX9'.
Generating RTLIL representation for module `\DP'.
Generating RTLIL representation for module `\DPX9'.
Generating RTLIL representation for module `\rPLL'.
Generating RTLIL representation for module `\PLLVR'.
Generating RTLIL representation for module `\OSC'.
Generating RTLIL representation for module `\OSCZ'.
Generating RTLIL representation for module `\OSCF'.
Generating RTLIL representation for module `\OSCH'.
Generating RTLIL representation for module `\OSCW'.
Generating RTLIL representation for module `\OSCO'.
Generating RTLIL representation for module `\EMCU'.
Successfully finished Verilog frontend.

15.2. Executing Verilog-2005 frontend: /opt/homebrew/bin/../share/yosys/gowin/cells_xtra_gw1n.v
Parsing Verilog input from `/opt/homebrew/bin/../share/yosys/gowin/cells_xtra_gw1n.v' to AST representation.
Generating RTLIL representation for module `\LUT5'.
Generating RTLIL representation for module `\LUT6'.
Generating RTLIL representation for module `\LUT7'.
Generating RTLIL representation for module `\LUT8'.
Generating RTLIL representation for module `\INV'.
Generating RTLIL representation for module `\IODELAY'.
Generating RTLIL representation for module `\IEM'.
Generating RTLIL representation for module `\ROM16'.
Generating RTLIL representation for module `\ROM'.
Generating RTLIL representation for module `\ROMX9'.
Generating RTLIL representation for module `\pROM'.
Generating RTLIL representation for module `\pROMX9'.
Generating RTLIL representation for module `\SDPB'.
Generating RTLIL representation for module `\SDPX9B'.
Generating RTLIL representation for module `\DPB'.
Generating RTLIL representation for module `\DPX9B'.
Generating RTLIL representation for module `\PADD18'.
Generating RTLIL representation for module `\PADD9'.
Generating RTLIL representation for module `\MULT9X9'.
Generating RTLIL representation for module `\MULT18X18'.
Generating RTLIL representation for module `\MULT36X36'.
Generating RTLIL representation for module `\MULTALU36X18'.
Generating RTLIL representation for module `\MULTADDALU18X18'.
Generating RTLIL representation for module `\MULTALU18X18'.
Generating RTLIL representation for module `\ALU54D'.
Generating RTLIL representation for module `\BUFG'.
Generating RTLIL representation for module `\BUFS'.
Generating RTLIL representation for module `\PLL'.
Generating RTLIL representation for module `\TLVDS_IBUF'.
Generating RTLIL representation for module `\TLVDS_TBUF'.
Generating RTLIL representation for module `\TLVDS_IOBUF'.
Generating RTLIL representation for module `\ELVDS_IBUF'.
Generating RTLIL representation for module `\ELVDS_TBUF'.
Generating RTLIL representation for module `\ELVDS_IOBUF'.
Generating RTLIL representation for module `\MIPI_IBUF'.
Generating RTLIL representation for module `\MIPI_IBUF_HS'.
Generating RTLIL representation for module `\MIPI_IBUF_LP'.
Generating RTLIL representation for module `\MIPI_OBUF'.
Generating RTLIL representation for module `\MIPI_OBUF_A'.
Generating RTLIL representation for module `\ELVDS_IBUF_MIPI'.
Generating RTLIL representation for module `\I3C_IOBUF'.
Generating RTLIL representation for module `\CLKDIV'.
Generating RTLIL representation for module `\DHCEN'.
Generating RTLIL representation for module `\DLLDLY'.
Generating RTLIL representation for module `\FLASH96K'.
Generating RTLIL representation for module `\FLASH256K'.
Generating RTLIL representation for module `\FLASH608K'.
Generating RTLIL representation for module `\DCS'.
Generating RTLIL representation for module `\DQCE'.
Generating RTLIL representation for module `\CLKDIV2'.
Generating RTLIL representation for module `\DHCENC'.
Generating RTLIL representation for module `\FLASH64K'.
Generating RTLIL representation for module `\FLASH64KZ'.
Successfully finished Verilog frontend.

15.3. Executing HIERARCHY pass (managing design hierarchy).

15.3.1. Analyzing design hierarchy..
Top module:  \top
Used module:     $paramod$1719986e2d5dc43517b18f4e324b0f602a4474e9\fifo
Used module:     $paramod$5ff65cac883644189a11f33c7731774bf2d6e2d2\clk_div
Used module:     \encoder
Used module:     $paramod$5785904fef3fb2a86d9b4a3d3a35d0648892543e\i2s_tx
Used module:     \wavetable_synth

15.3.2. Analyzing design hierarchy..
Top module:  \top
Used module:     $paramod$1719986e2d5dc43517b18f4e324b0f602a4474e9\fifo
Used module:     $paramod$5ff65cac883644189a11f33c7731774bf2d6e2d2\clk_div
Used module:     \encoder
Used module:     $paramod$5785904fef3fb2a86d9b4a3d3a35d0648892543e\i2s_tx
Used module:     \wavetable_synth
Removed 0 unused modules.
Warning: Resizing cell port wavetable_synth.u_wavetable_rom.DO from 16 bits to 32 bits.

15.4. Executing PROC pass (convert processes to netlists).

15.4.1. Executing PROC_CLEAN pass (remove empty switches from decision trees).
Cleaned up 0 empty switches.

15.4.2. Executing PROC_RMDEAD pass (remove dead branches from decision trees).
Removed a total of 0 dead cases.

15.4.3. Executing PROC_PRUNE pass (remove redundant assignments in processes).
Removed 0 redundant assignments.
Promoted 0 assignments to connections.

15.4.4. Executing PROC_INIT pass (extract init attributes).

15.4.5. Executing PROC_ARST pass (detect async resets in processes).

15.4.6. Executing PROC_ROM pass (convert switches to ROMs).
Converted 0 switches.

15.4.7. Executing PROC_MUX pass (convert decision trees to multiplexers).

15.4.8. Executing PROC_DLATCH pass (convert process syncs to latches).

15.4.9. Executing PROC_DFF pass (convert process syncs to FFs).

15.4.10. Executing PROC_MEMWR pass (convert process memory writes to cells).

15.4.11. Executing PROC_CLEAN pass (remove empty switches from decision trees).
Cleaned up 0 empty switches.

15.4.12. Executing OPT_EXPR pass (perform const folding).
Optimizing module $paramod$1719986e2d5dc43517b18f4e324b0f602a4474e9\fifo.
Optimizing module $paramod$5785904fef3fb2a86d9b4a3d3a35d0648892543e\i2s_tx.
Optimizing module $paramod$5ff65cac883644189a11f33c7731774bf2d6e2d2\clk_div.
Optimizing module encoder.
Optimizing module top.
Optimizing module wavetable_synth.

15.5. Executing CHECK pass (checking for obvious problems).
Checking module $paramod$1719986e2d5dc43517b18f4e324b0f602a4474e9\fifo...
Checking module $paramod$5785904fef3fb2a86d9b4a3d3a35d0648892543e\i2s_tx...
Checking module $paramod$5ff65cac883644189a11f33c7731774bf2d6e2d2\clk_div...
Checking module encoder...
Checking module top...
Checking module wavetable_synth...
Found and reported 0 problems.

15.6. Executing FLATTEN pass (flatten design).
Deleting now unused module $paramod$1719986e2d5dc43517b18f4e324b0f602a4474e9\fifo.
Deleting now unused module $paramod$5785904fef3fb2a86d9b4a3d3a35d0648892543e\i2s_tx.
Deleting now unused module $paramod$5ff65cac883644189a11f33c7731774bf2d6e2d2\clk_div.
Deleting now unused module encoder.
Deleting now unused module wavetable_synth.
<suppressed ~5 debug messages>

15.7. Executing TRIBUF pass.

15.8. Executing DEMINOUT pass (demote inout ports to input or output).

15.9. Executing OPT_EXPR pass (perform const folding).
Optimizing module top.
<suppressed ~19 debug messages>

15.10. Executing OPT_CLEAN pass (remove unused cells and wires).
Finding unused cells or wires in module \top..
Removed 1 unused cells and 5 unused wires.
<suppressed ~5 debug messages>

15.11. Executing CHECK pass (checking for obvious problems).
Checking module top...
Found and reported 0 problems.

15.12. Executing OPT pass (performing simple optimizations).

15.12.1. Executing OPT_EXPR pass (perform const folding).
Optimizing module top.

15.12.2. Executing OPT_MERGE pass (detect identical cells).
Finding identical cells in module `\top'.
Computing hashes of 1712 cells of `\top'.
Finding duplicate cells in `\top'.
Computing hashes of 1710 cells of `\top'.
Finding duplicate cells in `\top'.
<suppressed ~6 debug messages>
Removed a total of 2 cells.

15.12.3. Executing OPT_MUXTREE pass (detect dead branches in mux trees).
Running muxtree optimizer on module \top..
  Creating internal representation of mux trees.
  No muxes found in this module.
Removed 0 multiplexer ports.

15.12.4. Executing OPT_REDUCE pass (consolidate $*mux and $reduce_* inputs).
  Optimizing cells in module \top.
Performed a total of 0 changes.

15.12.5. Executing OPT_MERGE pass (detect identical cells).
Finding identical cells in module `\top'.
Computing hashes of 1710 cells of `\top'.
Finding duplicate cells in `\top'.
Removed a total of 0 cells.

15.12.6. Executing OPT_DFF pass (perform DFF optimizations).

15.12.7. Executing OPT_CLEAN pass (remove unused cells and wires).
Finding unused cells or wires in module \top..
Removed 0 unused cells and 2 unused wires.
<suppressed ~1 debug messages>

15.12.8. Executing OPT_EXPR pass (perform const folding).
Optimizing module top.

15.12.9. Rerunning OPT passes. (Maybe there is more to do..)

15.12.10. Executing OPT_MUXTREE pass (detect dead branches in mux trees).
Running muxtree optimizer on module \top..
  Creating internal representation of mux trees.
  No muxes found in this module.
Removed 0 multiplexer ports.

15.12.11. Executing OPT_REDUCE pass (consolidate $*mux and $reduce_* inputs).
  Optimizing cells in module \top.
Performed a total of 0 changes.

15.12.12. Executing OPT_MERGE pass (detect identical cells).
Finding identical cells in module `\top'.
Computing hashes of 1710 cells of `\top'.
Finding duplicate cells in `\top'.
Removed a total of 0 cells.

15.12.13. Executing OPT_DFF pass (perform DFF optimizations).

15.12.14. Executing OPT_CLEAN pass (remove unused cells and wires).
Finding unused cells or wires in module \top..

15.12.15. Executing OPT_EXPR pass (perform const folding).
Optimizing module top.

15.12.16. Finished fast OPT passes. (There is nothing left to do.)

15.13. Executing FSM pass (extract and optimize FSM).

15.13.1. Executing FSM_DETECT pass (finding FSMs in design).

15.13.2. Executing FSM_EXTRACT pass (extracting FSM from design).

15.13.3. Executing FSM_OPT pass (simple optimizations of FSMs).

15.13.4. Executing OPT_CLEAN pass (remove unused cells and wires).
Finding unused cells or wires in module \top..

15.13.5. Executing FSM_OPT pass (simple optimizations of FSMs).

15.13.6. Executing FSM_RECODE pass (re-assigning FSM state encoding).

15.13.7. Executing FSM_INFO pass (dumping all available information on FSM cells).

15.13.8. Executing FSM_MAP pass (mapping FSMs to basic logic).

15.14. Executing OPT pass (performing simple optimizations).

15.14.1. Executing OPT_EXPR pass (perform const folding).
Optimizing module top.

15.14.2. Executing OPT_MERGE pass (detect identical cells).
Finding identical cells in module `\top'.
Computing hashes of 1710 cells of `\top'.
Finding duplicate cells in `\top'.
Removed a total of 0 cells.

15.14.3. Executing OPT_MUXTREE pass (detect dead branches in mux trees).
Running muxtree optimizer on module \top..
  Creating internal representation of mux trees.
  No muxes found in this module.
Removed 0 multiplexer ports.

15.14.4. Executing OPT_REDUCE pass (consolidate $*mux and $reduce_* inputs).
  Optimizing cells in module \top.
Performed a total of 0 changes.

15.14.5. Executing OPT_MERGE pass (detect identical cells).
Finding identical cells in module `\top'.
Computing hashes of 1710 cells of `\top'.
Finding duplicate cells in `\top'.
Removed a total of 0 cells.

15.14.6. Executing OPT_DFF pass (perform DFF optimizations).

15.14.7. Executing OPT_CLEAN pass (remove unused cells and wires).
Finding unused cells or wires in module \top..

15.14.8. Executing OPT_EXPR pass (perform const folding).
Optimizing module top.

15.14.9. Finished fast OPT passes. (There is nothing left to do.)

15.15. Executing WREDUCE pass (reducing word size of cells).

15.16. Executing PEEPOPT pass (run peephole optimizers).

15.17. Executing OPT_CLEAN pass (remove unused cells and wires).
Finding unused cells or wires in module \top..

15.18. Executing SHARE pass (SAT-based resource sharing).

15.19. Executing TECHMAP pass (map to technology primitives).

15.19.1. Executing Verilog-2005 frontend: /opt/homebrew/bin/../share/yosys/mul2dsp.v
Parsing Verilog input from `/opt/homebrew/bin/../share/yosys/mul2dsp.v' to AST representation.
Generating RTLIL representation for module `\_80_mul'.
Generating RTLIL representation for module `\_90_soft_mul'.
Successfully finished Verilog frontend.

15.19.2. Continuing TECHMAP pass.
No more expansions possible.
<suppressed ~4 debug messages>

15.20. Executing TECHMAP pass (map to technology primitives).

15.20.1. Executing Verilog-2005 frontend: /opt/homebrew/bin/../share/yosys/mul2dsp.v
Parsing Verilog input from `/opt/homebrew/bin/../share/yosys/mul2dsp.v' to AST representation.
Generating RTLIL representation for module `\_80_mul'.
Generating RTLIL representation for module `\_90_soft_mul'.
Successfully finished Verilog frontend.

15.20.2. Continuing TECHMAP pass.
No more expansions possible.
<suppressed ~4 debug messages>

15.21. Executing TECHMAP pass (map to technology primitives).

15.21.1. Executing Verilog-2005 frontend: /opt/homebrew/bin/../share/yosys/mul2dsp.v
Parsing Verilog input from `/opt/homebrew/bin/../share/yosys/mul2dsp.v' to AST representation.
Generating RTLIL representation for module `\_80_mul'.
Generating RTLIL representation for module `\_90_soft_mul'.
Successfully finished Verilog frontend.

15.21.2. Continuing TECHMAP pass.
No more expansions possible.
<suppressed ~4 debug messages>

15.22. Executing TECHMAP pass (map to technology primitives).

15.22.1. Executing Verilog-2005 frontend: /opt/homebrew/bin/../share/yosys/mul2dsp.v
Parsing Verilog input from `/opt/homebrew/bin/../share/yosys/mul2dsp.v' to AST representation.
Generating RTLIL representation for module `\_80_mul'.
Generating RTLIL representation for module `\_90_soft_mul'.
Successfully finished Verilog frontend.

15.22.2. Continuing TECHMAP pass.
No more expansions possible.
<suppressed ~4 debug messages>

15.23. Executing TECHMAP pass (map to technology primitives).

15.23.1. Executing Verilog-2005 frontend: /opt/homebrew/bin/../share/yosys/gowin/dsp_map.v
Parsing Verilog input from `/opt/homebrew/bin/../share/yosys/gowin/dsp_map.v' to AST representation.
Generating RTLIL representation for module `$__MUL9X9'.
Generating RTLIL representation for module `$__MUL18X18'.
Generating RTLIL representation for module `$__MUL36X36'.
Successfully finished Verilog frontend.

15.23.2. Continuing TECHMAP pass.
No more expansions possible.
<suppressed ~5 debug messages>

15.24. Executing ALUMACC pass (create $alu and $macc cells).
Extracting $alu and $macc cells in module top:
  created 0 $alu and 0 $macc cells.

15.25. Executing OPT pass (performing simple optimizations).

15.25.1. Executing OPT_EXPR pass (perform const folding).
Optimizing module top.

15.25.2. Executing OPT_MERGE pass (detect identical cells).
Finding identical cells in module `\top'.
Computing hashes of 1710 cells of `\top'.
Finding duplicate cells in `\top'.
Removed a total of 0 cells.

15.25.3. Executing OPT_MUXTREE pass (detect dead branches in mux trees).
Running muxtree optimizer on module \top..
  Creating internal representation of mux trees.
  No muxes found in this module.
Removed 0 multiplexer ports.

15.25.4. Executing OPT_REDUCE pass (consolidate $*mux and $reduce_* inputs).
  Optimizing cells in module \top.
Performed a total of 0 changes.

15.25.5. Executing OPT_MERGE pass (detect identical cells).
Finding identical cells in module `\top'.
Computing hashes of 1710 cells of `\top'.
Finding duplicate cells in `\top'.
Removed a total of 0 cells.

15.25.6. Executing OPT_DFF pass (perform DFF optimizations).

15.25.7. Executing OPT_CLEAN pass (remove unused cells and wires).
Finding unused cells or wires in module \top..

15.25.8. Executing OPT_EXPR pass (perform const folding).
Optimizing module top.

15.25.9. Finished fast OPT passes. (There is nothing left to do.)

15.26. Executing MEMORY pass.

15.26.1. Executing OPT_MEM pass (optimize memories).
Performed a total of 0 transformations.

15.26.2. Executing OPT_MEM_PRIORITY pass (removing unnecessary memory write priority relations).
Performed a total of 0 transformations.

15.26.3. Executing OPT_MEM_FEEDBACK pass (finding memory read-to-write feedback paths).

15.26.4. Executing MEMORY_BMUX2ROM pass (converting muxes to ROMs).

15.26.5. Executing MEMORY_DFF pass (merging $dff cells to $memrd).

15.26.6. Executing OPT_CLEAN pass (remove unused cells and wires).
Finding unused cells or wires in module \top..

15.26.7. Executing MEMORY_SHARE pass (consolidating $memrd/$memwr cells).

15.26.8. Executing OPT_MEM_WIDEN pass (optimize memories where all ports are wide).
Performed a total of 0 transformations.

15.26.9. Executing OPT_CLEAN pass (remove unused cells and wires).
Finding unused cells or wires in module \top..

15.26.10. Executing MEMORY_COLLECT pass (generating $mem cells).

15.27. Executing OPT_CLEAN pass (remove unused cells and wires).
Finding unused cells or wires in module \top..

15.28. Executing MEMORY_LIBMAP pass (mapping memories to cells).

15.29. Executing TECHMAP pass (map to technology primitives).

15.29.1. Executing Verilog-2005 frontend: /opt/homebrew/bin/../share/yosys/gowin/lutrams_map.v
Parsing Verilog input from `/opt/homebrew/bin/../share/yosys/gowin/lutrams_map.v' to AST representation.
Generating RTLIL representation for module `$__GOWIN_LUTRAM_'.
Successfully finished Verilog frontend.

15.29.2. Executing Verilog-2005 frontend: /opt/homebrew/bin/../share/yosys/gowin/brams_map.v
Parsing Verilog input from `/opt/homebrew/bin/../share/yosys/gowin/brams_map.v' to AST representation.
Generating RTLIL representation for module `$__GOWIN_SP_'.
Generating RTLIL representation for module `$__GOWIN_DP_'.
Generating RTLIL representation for module `$__GOWIN_SDP_'.
Successfully finished Verilog frontend.

15.29.3. Continuing TECHMAP pass.
No more expansions possible.
<suppressed ~6 debug messages>

15.30. Executing OPT pass (performing simple optimizations).

15.30.1. Executing OPT_EXPR pass (perform const folding).
Optimizing module top.
<suppressed ~46 debug messages>

15.30.2. Executing OPT_MERGE pass (detect identical cells).
Finding identical cells in module `\top'.
Computing hashes of 1665 cells of `\top'.
Finding duplicate cells in `\top'.
Removed a total of 0 cells.

15.30.3. Executing OPT_DFF pass (perform DFF optimizations).

15.30.4. Executing OPT_CLEAN pass (remove unused cells and wires).
Finding unused cells or wires in module \top..
Removed 15 unused cells and 27 unused wires.
<suppressed ~16 debug messages>

15.30.5. Finished fast OPT passes.

15.31. Executing MEMORY_MAP pass (converting memories to logic and flip-flops).

15.32. Executing OPT pass (performing simple optimizations).

15.32.1. Executing OPT_EXPR pass (perform const folding).
Optimizing module top.

15.32.2. Executing OPT_MERGE pass (detect identical cells).
Finding identical cells in module `\top'.
Computing hashes of 1650 cells of `\top'.
Finding duplicate cells in `\top'.
Removed a total of 0 cells.

15.32.3. Executing OPT_MUXTREE pass (detect dead branches in mux trees).
Running muxtree optimizer on module \top..
  Creating internal representation of mux trees.
  No muxes found in this module.
Removed 0 multiplexer ports.

15.32.4. Executing OPT_REDUCE pass (consolidate $*mux and $reduce_* inputs).
  Optimizing cells in module \top.
Performed a total of 0 changes.

15.32.5. Executing OPT_MERGE pass (detect identical cells).
Finding identical cells in module `\top'.
Computing hashes of 1650 cells of `\top'.
Finding duplicate cells in `\top'.
Removed a total of 0 cells.

15.32.6. Executing OPT_DFF pass (perform DFF optimizations).

15.32.7. Executing OPT_CLEAN pass (remove unused cells and wires).
Finding unused cells or wires in module \top..

15.32.8. Executing OPT_EXPR pass (perform const folding).
Optimizing module top.

15.32.9. Finished fast OPT passes. (There is nothing left to do.)

15.33. Executing TECHMAP pass (map to technology primitives).

15.33.1. Executing Verilog-2005 frontend: /opt/homebrew/bin/../share/yosys/techmap.v
Parsing Verilog input from `/opt/homebrew/bin/../share/yosys/techmap.v' to AST representation.
Generating RTLIL representation for module `\_90_simplemap_bool_ops'.
Generating RTLIL representation for module `\_90_simplemap_reduce_ops'.
Generating RTLIL representation for module `\_90_simplemap_logic_ops'.
Generating RTLIL representation for module `\_90_simplemap_compare_ops'.
Generating RTLIL representation for module `\_90_simplemap_various'.
Generating RTLIL representation for module `\_90_simplemap_registers'.
Generating RTLIL representation for module `\_90_shift_ops_shr_shl_sshl_sshr'.
Generating RTLIL representation for module `\_90_shift_shiftx'.
Generating RTLIL representation for module `\_90_fa'.
Generating RTLIL representation for module `\_90_lcu_brent_kung'.
Generating RTLIL representation for module `\_90_alu'.
Generating RTLIL representation for module `\_90_macc'.
Generating RTLIL representation for module `\_90_alumacc'.
Generating RTLIL representation for module `$__div_mod_u'.
Generating RTLIL representation for module `$__div_mod_trunc'.
Generating RTLIL representation for module `\_90_div'.
Generating RTLIL representation for module `\_90_mod'.
Generating RTLIL representation for module `$__div_mod_floor'.
Generating RTLIL representation for module `\_90_divfloor'.
Generating RTLIL representation for module `\_90_modfloor'.
Generating RTLIL representation for module `\_90_pow'.
Generating RTLIL representation for module `\_90_demux'.
Generating RTLIL representation for module `\_90_lut'.
Generating RTLIL representation for module `$connect'.
Generating RTLIL representation for module `$input_port'.
Successfully finished Verilog frontend.

15.33.2. Executing Verilog-2005 frontend: /opt/homebrew/bin/../share/yosys/gowin/arith_map.v
Parsing Verilog input from `/opt/homebrew/bin/../share/yosys/gowin/arith_map.v' to AST representation.
Generating RTLIL representation for module `\_80_gw1n_alu'.
Successfully finished Verilog frontend.

15.33.3. Continuing TECHMAP pass.
No more expansions possible.
<suppressed ~77 debug messages>

15.34. Executing OPT pass (performing simple optimizations).

15.34.1. Executing OPT_EXPR pass (perform const folding).
Optimizing module top.

15.34.2. Executing OPT_MERGE pass (detect identical cells).
Finding identical cells in module `\top'.
Computing hashes of 1650 cells of `\top'.
Finding duplicate cells in `\top'.
Removed a total of 0 cells.

15.34.3. Executing OPT_DFF pass (perform DFF optimizations).

15.34.4. Executing OPT_CLEAN pass (remove unused cells and wires).
Finding unused cells or wires in module \top..

15.34.5. Finished fast OPT passes.

15.35. Executing IOPADMAP pass (mapping inputs/outputs to IO-PAD cells).
Mapping port top.freq_enc_A using IBUF.
Mapping port top.freq_enc_B using IBUF.
Mapping port top.freq_enc_C using IBUF.
Mapping port top.i2s_bclk using OBUF.
Mapping port top.i2s_din using OBUF.
Mapping port top.i2s_lrck using OBUF.
Mapping port top.led using OBUF.
Mapping port top.sys_clk using IBUF.
Mapping port top.sys_rst_n using IBUF.

15.36. Executing OPT_CLEAN pass (remove unused cells and wires).
Finding unused cells or wires in module \top..
Removed 0 unused cells and 8 unused wires.
<suppressed ~1 debug messages>

15.37. Executing DFFLEGALIZE pass (convert FFs and LATCHes to types supported by the target).

15.38. Executing TECHMAP pass (map to technology primitives).

15.38.1. Executing Verilog-2005 frontend: /opt/homebrew/bin/../share/yosys/gowin/cells_map.v
Parsing Verilog input from `/opt/homebrew/bin/../share/yosys/gowin/cells_map.v' to AST representation.
Generating RTLIL representation for module `$_DFF_N_'.
Generating RTLIL representation for module `$_DFF_P_'.
Generating RTLIL representation for module `$_DFFE_PP_'.
Generating RTLIL representation for module `$_DFFE_NP_'.
Generating RTLIL representation for module `$_SDFF_PP0_'.
Generating RTLIL representation for module `$_SDFF_NP0_'.
Generating RTLIL representation for module `$_SDFFE_PP0P_'.
Generating RTLIL representation for module `$_SDFFE_NP0P_'.
Generating RTLIL representation for module `$_SDFF_PP1_'.
Generating RTLIL representation for module `$_SDFF_NP1_'.
Generating RTLIL representation for module `$_SDFFE_PP1P_'.
Generating RTLIL representation for module `$_SDFFE_NP1P_'.
Generating RTLIL representation for module `$_DFF_PP1_'.
Generating RTLIL representation for module `$_DFF_NP1_'.
Generating RTLIL representation for module `$_DFF_PP0_'.
Generating RTLIL representation for module `$_DFF_NP0_'.
Generating RTLIL representation for module `$_DFFE_PP1P_'.
Generating RTLIL representation for module `$_DFFE_NP1P_'.
Generating RTLIL representation for module `$_DFFE_PP0P_'.
Generating RTLIL representation for module `$_DFFE_NP0P_'.
Generating RTLIL representation for module `$lut'.
Successfully finished Verilog frontend.

15.38.2. Continuing TECHMAP pass.
Using template $_SDFFE_PP0P_ for cells of type $_SDFFE_PP0P_.
Using template $_DFFE_PP_ for cells of type $_DFFE_PP_.
Using template $_DFFE_PP0P_ for cells of type $_DFFE_PP0P_.
Using template $_DFF_PP0_ for cells of type $_DFF_PP0_.
Using template $_DFF_PP1_ for cells of type $_DFF_PP1_.
Using template $_DFFE_PP1P_ for cells of type $_DFFE_PP1P_.
No more expansions possible.
<suppressed ~447 debug messages>

15.39. Executing TECHMAP pass (map to technology primitives).

15.39.1. Executing Verilog-2005 frontend: /opt/homebrew/bin/../share/yosys/gowin/cells_latch.v
Parsing Verilog input from `/opt/homebrew/bin/../share/yosys/gowin/cells_latch.v' to AST representation.
Generating RTLIL representation for module `$_DLATCH_P_'.
Generating RTLIL representation for module `$_DLATCH_N_'.
Generating RTLIL representation for module `$_DLATCH_PP0_'.
Generating RTLIL representation for module `$_DLATCH_NP0_'.
Generating RTLIL representation for module `$_DLATCH_PP1_'.
Generating RTLIL representation for module `$_DLATCH_NP1_'.
Successfully finished Verilog frontend.

15.39.2. Continuing TECHMAP pass.
No more expansions possible.
<suppressed ~8 debug messages>

15.40. Executing OPT_EXPR pass (perform const folding).
Optimizing module top.
<suppressed ~23 debug messages>

15.41. Executing SIMPLEMAP pass (map simple cells to gate primitives).

15.42. Executing SORT pass.

15.43. Executing Verilog-2005 frontend: /opt/homebrew/bin/../share/yosys/abc9_model.v
Parsing Verilog input from `/opt/homebrew/bin/../share/yosys/abc9_model.v' to AST representation.
Generating RTLIL representation for module `$__ABC9_DELAY'.
Generating RTLIL representation for module `$__ABC9_SCC_BREAKER'.
Generating RTLIL representation for module `$__DFF_N__$abc9_flop'.
Generating RTLIL representation for module `$__DFF_P__$abc9_flop'.
Successfully finished Verilog frontend.

15.44. Executing ABC9 pass.

15.44.1. Executing ABC9_OPS pass (helper functions for ABC9).

15.44.2. Executing ABC9_OPS pass (helper functions for ABC9).

15.44.3. Executing PROC pass (convert processes to netlists).

15.44.3.1. Executing PROC_CLEAN pass (remove empty switches from decision trees).
Cleaned up 0 empty switches.

15.44.3.2. Executing PROC_RMDEAD pass (remove dead branches from decision trees).
Marked 1 switch rules as full_case in process $proc$/opt/homebrew/bin/../share/yosys/gowin/cells_sim.v:348$6519 in module DFFCE.
Removed a total of 0 dead cases.

15.44.3.3. Executing PROC_PRUNE pass (remove redundant assignments in processes).
Removed 0 redundant assignments.
Promoted 1 assignment to connection.

15.44.3.4. Executing PROC_INIT pass (extract init attributes).
Found init rule in `\DFFCE.$proc$/opt/homebrew/bin/../share/yosys/gowin/cells_sim.v:339$6520'.
  Set init value: \Q = 1'0

15.44.3.5. Executing PROC_ARST pass (detect async resets in processes).
Found async reset \CLEAR in `\DFFCE.$proc$/opt/homebrew/bin/../share/yosys/gowin/cells_sim.v:348$6519'.

15.44.3.6. Executing PROC_ROM pass (convert switches to ROMs).
Converted 0 switches.
<suppressed ~1 debug messages>

15.44.3.7. Executing PROC_MUX pass (convert decision trees to multiplexers).
Creating decoders for process `\DFFCE.$proc$/opt/homebrew/bin/../share/yosys/gowin/cells_sim.v:339$6520'.
Creating decoders for process `\DFFCE.$proc$/opt/homebrew/bin/../share/yosys/gowin/cells_sim.v:348$6519'.
     1/1: $0\Q[0:0]

15.44.3.8. Executing PROC_DLATCH pass (convert process syncs to latches).

15.44.3.9. Executing PROC_DFF pass (convert process syncs to FFs).
Creating register for signal `\DFFCE.\Q' using process `\DFFCE.$proc$/opt/homebrew/bin/../share/yosys/gowin/cells_sim.v:348$6519'.
  created $adff cell `$procdff$7752' with positive edge clock and positive level reset.

15.44.3.10. Executing PROC_MEMWR pass (convert process memory writes to cells).

15.44.3.11. Executing PROC_CLEAN pass (remove empty switches from decision trees).
Removing empty process `DFFCE.$proc$/opt/homebrew/bin/../share/yosys/gowin/cells_sim.v:339$6520'.
Found and cleaned up 1 empty switch in `\DFFCE.$proc$/opt/homebrew/bin/../share/yosys/gowin/cells_sim.v:348$6519'.
Removing empty process `DFFCE.$proc$/opt/homebrew/bin/../share/yosys/gowin/cells_sim.v:348$6519'.
Cleaned up 1 empty switch.

15.44.4. Executing PROC pass (convert processes to netlists).

15.44.4.1. Executing PROC_CLEAN pass (remove empty switches from decision trees).
Cleaned up 0 empty switches.

15.44.4.2. Executing PROC_RMDEAD pass (remove dead branches from decision trees).
Marked 1 switch rules as full_case in process $proc$/opt/homebrew/bin/../share/yosys/gowin/cells_sim.v:328$6517 in module DFFC.
Removed a total of 0 dead cases.

15.44.4.3. Executing PROC_PRUNE pass (remove redundant assignments in processes).
Removed 1 redundant assignment.
Promoted 1 assignment to connection.

15.44.4.4. Executing PROC_INIT pass (extract init attributes).
Found init rule in `\DFFC.$proc$/opt/homebrew/bin/../share/yosys/gowin/cells_sim.v:320$6518'.
  Set init value: \Q = 1'0

15.44.4.5. Executing PROC_ARST pass (detect async resets in processes).
Found async reset \CLEAR in `\DFFC.$proc$/opt/homebrew/bin/../share/yosys/gowin/cells_sim.v:328$6517'.

15.44.4.6. Executing PROC_ROM pass (convert switches to ROMs).
Converted 0 switches.

15.44.4.7. Executing PROC_MUX pass (convert decision trees to multiplexers).
Creating decoders for process `\DFFC.$proc$/opt/homebrew/bin/../share/yosys/gowin/cells_sim.v:320$6518'.
Creating decoders for process `\DFFC.$proc$/opt/homebrew/bin/../share/yosys/gowin/cells_sim.v:328$6517'.
     1/1: $0\Q[0:0]

15.44.4.8. Executing PROC_DLATCH pass (convert process syncs to latches).

15.44.4.9. Executing PROC_DFF pass (convert process syncs to FFs).
Creating register for signal `\DFFC.\Q' using process `\DFFC.$proc$/opt/homebrew/bin/../share/yosys/gowin/cells_sim.v:328$6517'.
  created $adff cell `$procdff$7755' with positive edge clock and positive level reset.

15.44.4.10. Executing PROC_MEMWR pass (convert process memory writes to cells).

15.44.4.11. Executing PROC_CLEAN pass (remove empty switches from decision trees).
Removing empty process `DFFC.$proc$/opt/homebrew/bin/../share/yosys/gowin/cells_sim.v:320$6518'.
Removing empty process `DFFC.$proc$/opt/homebrew/bin/../share/yosys/gowin/cells_sim.v:328$6517'.
Cleaned up 0 empty switches.

15.44.5. Executing PROC pass (convert processes to netlists).

15.44.5.1. Executing PROC_CLEAN pass (remove empty switches from decision trees).
Cleaned up 0 empty switches.

15.44.5.2. Executing PROC_RMDEAD pass (remove dead branches from decision trees).
Marked 1 switch rules as full_case in process $proc$/opt/homebrew/bin/../share/yosys/gowin/cells_sim.v:309$6515 in module DFFPE.
Removed a total of 0 dead cases.

15.44.5.3. Executing PROC_PRUNE pass (remove redundant assignments in processes).
Removed 0 redundant assignments.
Promoted 1 assignment to connection.

15.44.5.4. Executing PROC_INIT pass (extract init attributes).
Found init rule in `\DFFPE.$proc$/opt/homebrew/bin/../share/yosys/gowin/cells_sim.v:300$6516'.
  Set init value: \Q = 1'1

15.44.5.5. Executing PROC_ARST pass (detect async resets in processes).
Found async reset \PRESET in `\DFFPE.$proc$/opt/homebrew/bin/../share/yosys/gowin/cells_sim.v:309$6515'.

15.44.5.6. Executing PROC_ROM pass (convert switches to ROMs).
Converted 0 switches.
<suppressed ~1 debug messages>

15.44.5.7. Executing PROC_MUX pass (convert decision trees to multiplexers).
Creating decoders for process `\DFFPE.$proc$/opt/homebrew/bin/../share/yosys/gowin/cells_sim.v:300$6516'.
Creating decoders for process `\DFFPE.$proc$/opt/homebrew/bin/../share/yosys/gowin/cells_sim.v:309$6515'.
     1/1: $0\Q[0:0]

15.44.5.8. Executing PROC_DLATCH pass (convert process syncs to latches).

15.44.5.9. Executing PROC_DFF pass (convert process syncs to FFs).
Creating register for signal `\DFFPE.\Q' using process `\DFFPE.$proc$/opt/homebrew/bin/../share/yosys/gowin/cells_sim.v:309$6515'.
  created $adff cell `$procdff$7760' with positive edge clock and positive level reset.

15.44.5.10. Executing PROC_MEMWR pass (convert process memory writes to cells).

15.44.5.11. Executing PROC_CLEAN pass (remove empty switches from decision trees).
Removing empty process `DFFPE.$proc$/opt/homebrew/bin/../share/yosys/gowin/cells_sim.v:300$6516'.
Found and cleaned up 1 empty switch in `\DFFPE.$proc$/opt/homebrew/bin/../share/yosys/gowin/cells_sim.v:309$6515'.
Removing empty process `DFFPE.$proc$/opt/homebrew/bin/../share/yosys/gowin/cells_sim.v:309$6515'.
Cleaned up 1 empty switch.

15.44.6. Executing PROC pass (convert processes to netlists).

15.44.6.1. Executing PROC_CLEAN pass (remove empty switches from decision trees).
Cleaned up 0 empty switches.

15.44.6.2. Executing PROC_RMDEAD pass (remove dead branches from decision trees).
Marked 1 switch rules as full_case in process $proc$/opt/homebrew/bin/../share/yosys/gowin/cells_sim.v:289$6513 in module DFFP.
Removed a total of 0 dead cases.

15.44.6.3. Executing PROC_PRUNE pass (remove redundant assignments in processes).
Removed 1 redundant assignment.
Promoted 1 assignment to connection.

15.44.6.4. Executing PROC_INIT pass (extract init attributes).
Found init rule in `\DFFP.$proc$/opt/homebrew/bin/../share/yosys/gowin/cells_sim.v:281$6514'.
  Set init value: \Q = 1'1

15.44.6.5. Executing PROC_ARST pass (detect async resets in processes).
Found async reset \PRESET in `\DFFP.$proc$/opt/homebrew/bin/../share/yosys/gowin/cells_sim.v:289$6513'.

15.44.6.6. Executing PROC_ROM pass (convert switches to ROMs).
Converted 0 switches.

15.44.6.7. Executing PROC_MUX pass (convert decision trees to multiplexers).
Creating decoders for process `\DFFP.$proc$/opt/homebrew/bin/../share/yosys/gowin/cells_sim.v:281$6514'.
Creating decoders for process `\DFFP.$proc$/opt/homebrew/bin/../share/yosys/gowin/cells_sim.v:289$6513'.
     1/1: $0\Q[0:0]

15.44.6.8. Executing PROC_DLATCH pass (convert process syncs to latches).

15.44.6.9. Executing PROC_DFF pass (convert process syncs to FFs).
Creating register for signal `\DFFP.\Q' using process `\DFFP.$proc$/opt/homebrew/bin/../share/yosys/gowin/cells_sim.v:289$6513'.
  created $adff cell `$procdff$7763' with positive edge clock and positive level reset.

15.44.6.10. Executing PROC_MEMWR pass (convert process memory writes to cells).

15.44.6.11. Executing PROC_CLEAN pass (remove empty switches from decision trees).
Removing empty process `DFFP.$proc$/opt/homebrew/bin/../share/yosys/gowin/cells_sim.v:281$6514'.
Removing empty process `DFFP.$proc$/opt/homebrew/bin/../share/yosys/gowin/cells_sim.v:289$6513'.
Cleaned up 0 empty switches.

15.44.7. Executing SCC pass (detecting logic loops).
Found 0 SCCs in module top.
Found 0 SCCs.

15.44.8. Executing ABC9_OPS pass (helper functions for ABC9).

15.44.9. Executing TECHMAP pass (map to technology primitives).

15.44.9.1. Executing Verilog-2005 frontend: /opt/homebrew/bin/../share/yosys/techmap.v
Parsing Verilog input from `/opt/homebrew/bin/../share/yosys/techmap.v' to AST representation.
Generating RTLIL representation for module `\_90_simplemap_bool_ops'.
Generating RTLIL representation for module `\_90_simplemap_reduce_ops'.
Generating RTLIL representation for module `\_90_simplemap_logic_ops'.
Generating RTLIL representation for module `\_90_simplemap_compare_ops'.
Generating RTLIL representation for module `\_90_simplemap_various'.
Generating RTLIL representation for module `\_90_simplemap_registers'.
Generating RTLIL representation for module `\_90_shift_ops_shr_shl_sshl_sshr'.
Generating RTLIL representation for module `\_90_shift_shiftx'.
Generating RTLIL representation for module `\_90_fa'.
Generating RTLIL representation for module `\_90_lcu_brent_kung'.
Generating RTLIL representation for module `\_90_alu'.
Generating RTLIL representation for module `\_90_macc'.
Generating RTLIL representation for module `\_90_alumacc'.
Generating RTLIL representation for module `$__div_mod_u'.
Generating RTLIL representation for module `$__div_mod_trunc'.
Generating RTLIL representation for module `\_90_div'.
Generating RTLIL representation for module `\_90_mod'.
Generating RTLIL representation for module `$__div_mod_floor'.
Generating RTLIL representation for module `\_90_divfloor'.
Generating RTLIL representation for module `\_90_modfloor'.
Generating RTLIL representation for module `\_90_pow'.
Generating RTLIL representation for module `\_90_demux'.
Generating RTLIL representation for module `\_90_lut'.
Generating RTLIL representation for module `$connect'.
Generating RTLIL representation for module `$input_port'.
Successfully finished Verilog frontend.

15.44.9.2. Continuing TECHMAP pass.
No more expansions possible.
<suppressed ~233 debug messages>

15.44.10. Executing OPT pass (performing simple optimizations).

15.44.10.1. Executing OPT_EXPR pass (perform const folding).
Optimizing module DFFCE.
Optimizing module DFFC.
Optimizing module DFFPE.
Optimizing module DFFP.

15.44.10.2. Executing OPT_MERGE pass (detect identical cells).
Finding identical cells in module `\DFFCE'.
Computing hashes of 2 cells of `\DFFCE'.
Finding duplicate cells in `\DFFCE'.
Finding identical cells in module `\DFFC'.
Computing hashes of 2 cells of `\DFFC'.
Finding duplicate cells in `\DFFC'.
Finding identical cells in module `\DFFPE'.
Computing hashes of 2 cells of `\DFFPE'.
Finding duplicate cells in `\DFFPE'.
Finding identical cells in module `\DFFP'.
Computing hashes of 2 cells of `\DFFP'.
Finding duplicate cells in `\DFFP'.
Removed a total of 0 cells.

15.44.10.3. Executing OPT_MUXTREE pass (detect dead branches in mux trees).
Running muxtree optimizer on module \DFFCE..
  Creating internal representation of mux trees.
  No muxes found in this module.
Running muxtree optimizer on module \DFFC..
  Creating internal representation of mux trees.
  No muxes found in this module.
Running muxtree optimizer on module \DFFPE..
  Creating internal representation of mux trees.
  No muxes found in this module.
Running muxtree optimizer on module \DFFP..
  Creating internal representation of mux trees.
  No muxes found in this module.
Removed 0 multiplexer ports.

15.44.10.4. Executing OPT_REDUCE pass (consolidate $*mux and $reduce_* inputs).
  Optimizing cells in module \DFFCE.
  Optimizing cells in module \DFFC.
  Optimizing cells in module \DFFPE.
  Optimizing cells in module \DFFP.
Performed a total of 0 changes.

15.44.10.5. Executing OPT_MERGE pass (detect identical cells).
Finding identical cells in module `\DFFCE'.
Computing hashes of 2 cells of `\DFFCE'.
Finding duplicate cells in `\DFFCE'.
Finding identical cells in module `\DFFC'.
Computing hashes of 2 cells of `\DFFC'.
Finding duplicate cells in `\DFFC'.
Finding identical cells in module `\DFFPE'.
Computing hashes of 2 cells of `\DFFPE'.
Finding duplicate cells in `\DFFPE'.
Finding identical cells in module `\DFFP'.
Computing hashes of 2 cells of `\DFFP'.
Finding duplicate cells in `\DFFP'.
Removed a total of 0 cells.

15.44.10.6. Executing OPT_DFF pass (perform DFF optimizations).

15.44.10.7. Executing OPT_CLEAN pass (remove unused cells and wires).
Finding unused cells or wires in module \DFFCE..
Finding unused cells or wires in module \DFFC..
Finding unused cells or wires in module \DFFPE..
Finding unused cells or wires in module \DFFP..

15.44.10.8. Executing OPT_EXPR pass (perform const folding).
Optimizing module DFFCE.
Optimizing module DFFC.
Optimizing module DFFPE.
Optimizing module DFFP.

15.44.10.9. Finished fast OPT passes. (There is nothing left to do.)

15.44.11. Executing TECHMAP pass (map to technology primitives).

15.44.11.1. Executing Verilog-2005 frontend: /opt/homebrew/bin/../share/yosys/abc9_map.v
Parsing Verilog input from `/opt/homebrew/bin/../share/yosys/abc9_map.v' to AST representation.
Successfully finished Verilog frontend.

15.44.11.2. Continuing TECHMAP pass.
Using template DFFCE for cells of type DFFCE.
Using template DFFC for cells of type DFFC.
Using template DFFP for cells of type DFFP.
Using template DFFPE for cells of type DFFPE.
No more expansions possible.
<suppressed ~168 debug messages>

15.44.12. Executing Verilog-2005 frontend: /opt/homebrew/bin/../share/yosys/abc9_model.v
Parsing Verilog input from `/opt/homebrew/bin/../share/yosys/abc9_model.v' to AST representation.
Replacing existing blackbox module `$__ABC9_DELAY' at /opt/homebrew/bin/../share/yosys/abc9_model.v:2.1-7.10.
Generating RTLIL representation for module `$__ABC9_DELAY'.
Replacing existing blackbox module `$__ABC9_SCC_BREAKER' at /opt/homebrew/bin/../share/yosys/abc9_model.v:9.1-11.10.
Generating RTLIL representation for module `$__ABC9_SCC_BREAKER'.
Replacing existing module `$__DFF_N__$abc9_flop' at /opt/homebrew/bin/../share/yosys/abc9_model.v:14.1-20.10.
Generating RTLIL representation for module `$__DFF_N__$abc9_flop'.
Replacing existing module `$__DFF_P__$abc9_flop' at /opt/homebrew/bin/../share/yosys/abc9_model.v:23.1-29.10.
Generating RTLIL representation for module `$__DFF_P__$abc9_flop'.
Successfully finished Verilog frontend.

15.44.13. Executing ABC9_OPS pass (helper functions for ABC9).
<suppressed ~532 debug messages>

15.44.14. Executing ABC9_OPS pass (helper functions for ABC9).

15.44.15. Executing ABC9_OPS pass (helper functions for ABC9).
<suppressed ~2 debug messages>

15.44.16. Executing TECHMAP pass (map to technology primitives).

15.44.16.1. Executing Verilog-2005 frontend: /opt/homebrew/bin/../share/yosys/techmap.v
Parsing Verilog input from `/opt/homebrew/bin/../share/yosys/techmap.v' to AST representation.
Generating RTLIL representation for module `\_90_simplemap_bool_ops'.
Generating RTLIL representation for module `\_90_simplemap_reduce_ops'.
Generating RTLIL representation for module `\_90_simplemap_logic_ops'.
Generating RTLIL representation for module `\_90_simplemap_compare_ops'.
Generating RTLIL representation for module `\_90_simplemap_various'.
Generating RTLIL representation for module `\_90_simplemap_registers'.
Generating RTLIL representation for module `\_90_shift_ops_shr_shl_sshl_sshr'.
Generating RTLIL representation for module `\_90_shift_shiftx'.
Generating RTLIL representation for module `\_90_fa'.
Generating RTLIL representation for module `\_90_lcu_brent_kung'.
Generating RTLIL representation for module `\_90_alu'.
Generating RTLIL representation for module `\_90_macc'.
Generating RTLIL representation for module `\_90_alumacc'.
Generating RTLIL representation for module `$__div_mod_u'.
Generating RTLIL representation for module `$__div_mod_trunc'.
Generating RTLIL representation for module `\_90_div'.
Generating RTLIL representation for module `\_90_mod'.
Generating RTLIL representation for module `$__div_mod_floor'.
Generating RTLIL representation for module `\_90_divfloor'.
Generating RTLIL representation for module `\_90_modfloor'.
Generating RTLIL representation for module `\_90_pow'.
Generating RTLIL representation for module `\_90_demux'.
Generating RTLIL representation for module `\_90_lut'.
Generating RTLIL representation for module `$connect'.
Generating RTLIL representation for module `$input_port'.
Successfully finished Verilog frontend.

15.44.16.2. Continuing TECHMAP pass.
No more expansions possible.
<suppressed ~235 debug messages>

15.44.17. Executing OPT pass (performing simple optimizations).

15.44.17.1. Executing OPT_EXPR pass (perform const folding).
Optimizing module top.

15.44.17.2. Executing OPT_MERGE pass (detect identical cells).
Finding identical cells in module `\top'.
Computing hashes of 0 cells of `\top'.
Finding duplicate cells in `\top'.
Removed a total of 0 cells.

15.44.17.3. Executing OPT_MUXTREE pass (detect dead branches in mux trees).
Running muxtree optimizer on module \top..
  Creating internal representation of mux trees.
  No muxes found in this module.
Removed 0 multiplexer ports.

15.44.17.4. Executing OPT_REDUCE pass (consolidate $*mux and $reduce_* inputs).
  Optimizing cells in module \top.
Performed a total of 0 changes.

15.44.17.5. Executing OPT_MERGE pass (detect identical cells).
Finding identical cells in module `\top'.
Computing hashes of 0 cells of `\top'.
Finding duplicate cells in `\top'.
Removed a total of 0 cells.

15.44.17.6. Executing OPT_DFF pass (perform DFF optimizations).

15.44.17.7. Executing OPT_CLEAN pass (remove unused cells and wires).
Finding unused cells or wires in module \top..

15.44.17.8. Executing OPT_EXPR pass (perform const folding).
Optimizing module top.

15.44.17.9. Finished fast OPT passes. (There is nothing left to do.)

15.44.18. Executing AIGMAP pass (map logic to AIG).

15.44.19. Executing AIGMAP pass (map logic to AIG).
Module top: replaced 638 cells with 3197 new cells, skipped 1886 cells.
  replaced 3 cell types:
     102 $_MUX_
     423 $_OR_
     113 $_XOR_
  not replaced 18 cell types:
     465 $_AND_
     285 $_NOT_
       5 $scopeinfo
       5 IBUF
       1 pROM
       9 OBUF
      92 DFFCE
      28 DFFC
      12 DFFPE
      30 DFFP
       6 DFFRE
     256 DFFE
      92 DFFCE_$abc9_byp
      28 DFFC_$abc9_byp
      12 DFFPE_$abc9_byp
      30 DFFP_$abc9_byp
     268 $paramod$__ABC9_DELAY\DELAY=32'00000000000000000000000000111111
     262 $paramod$__ABC9_DELAY\DELAY=32'00000000000000000000001001000000

15.44.19.1. Executing ABC9_OPS pass (helper functions for ABC9).

15.44.19.2. Executing ABC9_OPS pass (helper functions for ABC9).

15.44.19.3. Executing XAIGER backend.
<suppressed ~435 debug messages>
Extracted 1533 AND gates and 5264 wires from module `top' to a netlist network with 459 inputs and 916 outputs.

15.44.19.4. Executing ABC9_EXE pass (technology mapping using ABC9).

15.44.19.5. Executing ABC9.
Running ABC command: "<yosys-exe-dir>/yosys-abc" -s -f <abc-temp-dir>/abc.script 2>&1
ABC: ======== ABC command line "source <abc-temp-dir>/abc.script"
ABC: + read_lut <abc-temp-dir>/input.lut 
ABC: + read_box <abc-temp-dir>/input.box 
ABC: + &read <abc-temp-dir>/input.xaig 
ABC: + &ps 
ABC: <abc-temp-dir>/input : i/o =    459/    916  and =    1353  lev =   17 (1.35)  mem = 0.06 MB  box = 692  bb = 692
ABC: + &scorr 
ABC: Warning: The network is combinational.
ABC: + &sweep 
ABC: + &dc2 
ABC: + &dch -f -r 
ABC: + &ps 
ABC: <abc-temp-dir>/input : i/o =    459/    916  and =    1765  lev =   38 (1.56)  mem = 0.07 MB  ch =  155  box = 692  bb = 692
ABC: cst =       0  cls =    134  lit =     155  unused =    2627  proof =     0
ABC: + &if -W 500 -v 
ABC: K = 8. Memory (bytes): Truth =    0. Cut =   80. Obj =  160. Set =  816. CutMin = no
ABC: Node =    1765.  Ch =   134.  Total mem =    0.79 MB. Peak cut mem =    0.05 MB.
ABC: P:  Del = 10959.00.  Ar =    2646.0.  Edge =     1698.  Cut =    28867.  T =     0.00 sec
ABC: P:  Del = 10959.00.  Ar =    2670.0.  Edge =     1707.  Cut =    28867.  T =     0.00 sec
ABC: P:  Del = 10959.00.  Ar =    1054.0.  Edge =     1694.  Cut =    50436.  T =     0.01 sec
ABC: F:  Del = 10959.00.  Ar =     782.0.  Edge =     1752.  Cut =    33418.  T =     0.01 sec
ABC: A:  Del = 10959.00.  Ar =     658.0.  Edge =     1517.  Cut =    29926.  T =     0.01 sec
ABC: A:  Del = 10959.00.  Ar =     618.0.  Edge =     1517.  Cut =    29911.  T =     0.01 sec
ABC: Total time =     0.03 sec
ABC: + &write -n <abc-temp-dir>/output.aig 
ABC: + &mfs 
ABC: + &ps -l 
ABC: <abc-temp-dir>/input : i/o =    459/    916  and =    1587  lev =   34 (1.55)  mem = 0.06 MB  box = 692  bb = 692
ABC: Mapping (K=8)  :  lut =    380  edge =    1466  lev =    6 (0.86)  levB =    7  mem = 0.03 MB
ABC: LUT = 380 : 2=50 13.2 %  3=68 17.9 %  4=179 47.1 %  5=69 18.2 %  6=3 0.8 %  7=5 1.3 %  8=6 1.6 %  Ave = 3.86
ABC: + &write -n <abc-temp-dir>/output.aig 
ABC: + &verify 
ABC: Networks are equivalent.  Time =     0.03 sec
ABC: + time 
ABC: elapse: 0.16 seconds, total: 0.16 seconds

15.44.19.6. Executing AIGER frontend.
<suppressed ~11 debug messages>
Removed 2297 unused cells and 5020 unused wires.

15.44.19.7. Executing ABC_OPS_REINTEGRATE pass (reintegrate ABC mapped design into module).
ABC RESULTS:              $lut cells:      397
ABC RESULTS:   \DFFCE_$abc9_byp cells:       92
ABC RESULTS:   \DFFC_$abc9_byp cells:       28
ABC RESULTS:   \DFFPE_$abc9_byp cells:       12
ABC RESULTS:   \DFFP_$abc9_byp cells:       30
ABC RESULTS:           input signals:      187
ABC RESULTS:          output signals:      779
<suppressed ~2750 debug messages>
Removing temp directory.

15.44.20. Executing TECHMAP pass (map to technology primitives).

15.44.20.1. Executing Verilog-2005 frontend: /opt/homebrew/bin/../share/yosys/abc9_unmap.v
Parsing Verilog input from `/opt/homebrew/bin/../share/yosys/abc9_unmap.v' to AST representation.
Generating RTLIL representation for module `$__DFF_x__$abc9_flop'.
Generating RTLIL representation for module `$__ABC9_SCC_BREAKER'.
Successfully finished Verilog frontend.

15.44.20.2. Continuing TECHMAP pass.
Using template DFFCE_$abc9_byp for cells of type DFFCE_$abc9_byp.
Using template DFFC_$abc9_byp for cells of type DFFC_$abc9_byp.
Using template DFFPE_$abc9_byp for cells of type DFFPE_$abc9_byp.
Using template DFFP_$abc9_byp for cells of type DFFP_$abc9_byp.
No more expansions possible.
<suppressed ~171 debug messages>
Removed 67 unused cells and 10143 unused wires.

15.45. Executing TECHMAP pass (map to technology primitives).

15.45.1. Executing Verilog-2005 frontend: /opt/homebrew/bin/../share/yosys/gowin/cells_map.v
Parsing Verilog input from `/opt/homebrew/bin/../share/yosys/gowin/cells_map.v' to AST representation.
Generating RTLIL representation for module `$_DFF_N_'.
Generating RTLIL representation for module `$_DFF_P_'.
Generating RTLIL representation for module `$_DFFE_PP_'.
Generating RTLIL representation for module `$_DFFE_NP_'.
Generating RTLIL representation for module `$_SDFF_PP0_'.
Generating RTLIL representation for module `$_SDFF_NP0_'.
Generating RTLIL representation for module `$_SDFFE_PP0P_'.
Generating RTLIL representation for module `$_SDFFE_NP0P_'.
Generating RTLIL representation for module `$_SDFF_PP1_'.
Generating RTLIL representation for module `$_SDFF_NP1_'.
Generating RTLIL representation for module `$_SDFFE_PP1P_'.
Generating RTLIL representation for module `$_SDFFE_NP1P_'.
Generating RTLIL representation for module `$_DFF_PP1_'.
Generating RTLIL representation for module `$_DFF_NP1_'.
Generating RTLIL representation for module `$_DFF_PP0_'.
Generating RTLIL representation for module `$_DFF_NP0_'.
Generating RTLIL representation for module `$_DFFE_PP1P_'.
Generating RTLIL representation for module `$_DFFE_NP1P_'.
Generating RTLIL representation for module `$_DFFE_PP0P_'.
Generating RTLIL representation for module `$_DFFE_NP0P_'.
Generating RTLIL representation for module `$lut'.
Successfully finished Verilog frontend.

15.45.2. Continuing TECHMAP pass.
Using template $paramod$658b9ed803f0d3d335616d3858b53e0a2522f1e8$lut for cells of type $lut.
Using template $paramod$lut\WIDTH=32'00000000000000000000000000000010\LUT=4'0111 for cells of type $lut.
Using template $paramod$lut\WIDTH=32'00000000000000000000000000000010\LUT=4'1110 for cells of type $lut.
Using template $paramod$lut\WIDTH=32'00000000000000000000000000000011\LUT=8'01101001 for cells of type $lut.
Using template $paramod$251994398653c4cf8de320f1e306e535d5d2d624$lut for cells of type $lut.
Using template $paramod$7bb6a37e65823eeb4b38c370fec30ab082759a14$lut for cells of type $lut.
Using template $paramod$c99909b0661e592bb9701b15671a24d993e3be48$lut for cells of type $lut.
Using template $paramod$f9813472aa48e533b3838c6f2316dc2e78c66111$lut for cells of type $lut.
Using template $paramod$e51a8a571bee774247b38f52d6e85fd62ae52cea$lut for cells of type $lut.
Using template $paramod$873c285bdccf0ac2b60d2304ea5cd14bf211d2a6$lut for cells of type $lut.
Using template $paramod$6d6beead1425af15cf78b27fd9b11b41b5d4bce8$lut for cells of type $lut.
Using template $paramod$ddace04fba544e6adc4cdda6a50048ddd7c111af$lut for cells of type $lut.
Using template $paramod$c28a8b7ce0535d090c4cfb52e9c74affd52b110c$lut for cells of type $lut.
Using template $paramod$272652f6c6fbe9a75eff76e45cc7e2788835518b$lut for cells of type $lut.
Using template $paramod$101238f3d8d49ab12a9b49a2f01cd503b26e9c61$lut for cells of type $lut.
Using template $paramod$571404c0889eaf57f492cb5e37f8acb5df5852f9$lut for cells of type $lut.
Using template $paramod$lut\WIDTH=32'00000000000000000000000000000011\LUT=8'10000000 for cells of type $lut.
Using template $paramod$6e238df02989b317f10820a22773676e71120644$lut for cells of type $lut.
Using template $paramod$364c9ffbffac467d60dfec81bba4e18476c15602$lut for cells of type $lut.
Using template $paramod$47a8214374025465e226fa66bee690ff33268a25$lut for cells of type $lut.
Using template $paramod$d6ca727e39f31d51d29072e0f33aa09c65e37336$lut for cells of type $lut.
Using template $paramod$5e9374f44a27c3f8a1c38af244ec43ceb4fb8d4f$lut for cells of type $lut.
Using template $paramod$30305e55a780880b9c824fe3509a4d981acb0f2b$lut for cells of type $lut.
Using template $paramod$f8f63b209b7230e81958663ff24fef1613156af7$lut for cells of type $lut.
Using template $paramod$a5516fc31d1e552de2435200bb732b4d4ad63a9c$lut for cells of type $lut.
Using template $paramod$8e44661def013b6bf9fe6f8b049ef2c838d749f9$lut for cells of type $lut.
Using template $paramod$lut\WIDTH=32'00000000000000000000000000000011\LUT=8'10001010 for cells of type $lut.
Using template $paramod$lut\WIDTH=32'00000000000000000000000000000010\LUT=4'0010 for cells of type $lut.
Using template $paramod$bd5680b0a5f0b58323f43842554d29bb7130b45a$lut for cells of type $lut.
Using template $paramod$fe9a0158d0352193457c4f5b6282ac86d35fb3ee$lut for cells of type $lut.
Using template $paramod$359fe4e746656bf9c72aecaff84fc7bdea9f55a5$lut for cells of type $lut.
Using template $paramod$lut\WIDTH=32'00000000000000000000000000000010\LUT=4'1000 for cells of type $lut.
Using template $paramod$lut\WIDTH=32'00000000000000000000000000000011\LUT=8'00110100 for cells of type $lut.
Using template $paramod$bd10a92652f3ce4053fbdcce6bbf2d02957ac943$lut for cells of type $lut.
Using template $paramod$lut\WIDTH=32'00000000000000000000000000000010\LUT=4'0110 for cells of type $lut.
Using template $paramod$f3ada871809f362efd8eb0c4fb952bb5c98f0750$lut for cells of type $lut.
Using template $paramod$lut\WIDTH=32'00000000000000000000000000000011\LUT=8'01101010 for cells of type $lut.
Using template $paramod$lut\WIDTH=32'00000000000000000000000000000011\LUT=8'01110000 for cells of type $lut.
Using template $paramod$bba54c1ef87367812b4c15f4aed5ac70773df775$lut for cells of type $lut.
Using template $paramod$7a14764bcbaf9086f365e2f0f6ddd39c7f38da0f$lut for cells of type $lut.
Using template $paramod$8ba9e7e9d876623fd68e1c32450eef7365274ccd$lut for cells of type $lut.
Using template $paramod$619b7c9a4d44585e10b42f7fb79b16304cca97c5$lut for cells of type $lut.
Using template $paramod$lut\WIDTH=32'00000000000000000000000000000011\LUT=8'01101100 for cells of type $lut.
Using template $paramod$lut\WIDTH=32'00000000000000000000000000000011\LUT=8'00010011 for cells of type $lut.
Using template $paramod$lut\WIDTH=32'00000000000000000000000000000010\LUT=4'1001 for cells of type $lut.
Using template $paramod$e2f682077d75dd018226341dd2d7343aa220f0c8$lut for cells of type $lut.
Using template $paramod$842d4b2fe22949669eac276c9bebad3774bb02a1$lut for cells of type $lut.
Using template $paramod$lut\WIDTH=32'00000000000000000000000000000011\LUT=8'01010110 for cells of type $lut.
Using template $paramod$72d515dae45e66ccd840269be98d8db82f37ab68$lut for cells of type $lut.
Using template $paramod$d6a246575d0ba3dcbbccd768ad41b602f82ff057$lut for cells of type $lut.
Using template $paramod$lut\WIDTH=32'00000000000000000000000000000011\LUT=8'10010110 for cells of type $lut.
Using template $paramod$ecf2a17c061c17763d12592309f482d512af5e13$lut for cells of type $lut.
Using template $paramod$f674bdf4b8e5d2ea3418c0cb7700c4dd75ea9370$lut for cells of type $lut.
Using template $paramod$7eaa4f48042ebb3529c08e8aff00fc30f828b477$lut for cells of type $lut.
Using template $paramod$286d6b18e782cb14d345c8422500571fedf77570$lut for cells of type $lut.
Using template $paramod$lut\WIDTH=32'00000000000000000000000000000011\LUT=8'00000111 for cells of type $lut.
Using template $paramod$lut\WIDTH=32'00000000000000000000000000000010\LUT=4'0100 for cells of type $lut.
Using template $paramod$b431bfd938e35871dd0b7668e1503c7e8b9d491c$lut for cells of type $lut.
Using template $paramod$8cb076bfea770182ba7c4af8605d73ad565be16b$lut for cells of type $lut.
Using template $paramod$b1d41c251992348e752b19c12db8a58434359feb$lut for cells of type $lut.
Using template $paramod$18763e8cd112f8ca16f0d05b7306f267dfbe9338$lut for cells of type $lut.
Using template $paramod$0ae13c10c91c73435f5e1d9011c58f81cb1183c7$lut for cells of type $lut.
Using template $paramod$lut\WIDTH=32'00000000000000000000000000000011\LUT=8'00010000 for cells of type $lut.
Using template $paramod$ac0496fcebb0f2011b0bd8f43e25017a354391ee$lut for cells of type $lut.
Using template $paramod$7e81a8ad8f27fccecc6e805c0ccf27dd70f2d2c2$lut for cells of type $lut.
Using template $paramod$33a3c6a71eb1e0529e5da08c70b3747d888e4b1b$lut for cells of type $lut.
Using template $paramod$90b499009889daab8f9b82c9a03bab65326c30e0$lut for cells of type $lut.
Using template $paramod$8ea191692b6b5ecad5de3563d8f767f3718d3ba8$lut for cells of type $lut.
Using template $paramod$e6b4c28570cdcdf73b308e2cf909f06076455224$lut for cells of type $lut.
Using template $paramod$8833253c105c1f3ff9a03a20302d6d0a2f4d9c5b$lut for cells of type $lut.
Using template $paramod$25696d6b21c8ac3da9913114964545779e21cfa5$lut for cells of type $lut.
Using template $paramod$65214231fa5c71625725d425b011e21bde245fa4$lut for cells of type $lut.
Using template $paramod$dc483669f98b0bbc6fb883b13f732b464093e03a$lut for cells of type $lut.
Using template $paramod$4565e305e6a049656760b911a33aac5cd766c090$lut for cells of type $lut.
Using template $paramod$6d4302044f1915853df2a335c747ba9168fc127c$lut for cells of type $lut.
Using template $paramod$a86a5ed8c14f28cde7f97821e95d7c84e4311d75$lut for cells of type $lut.
Using template $paramod$0d00b226ee05b0133b5fa1c9dacadb65f79b6f85$lut for cells of type $lut.
Using template $paramod$981e9b70dcf2be1e16d990e6a9acee8c7a633f38$lut for cells of type $lut.
Using template $paramod$lut\WIDTH=32'00000000000000000000000000000001\LUT=2'01 for cells of type $lut.
Using template $paramod$lut\WIDTH=32'00000000000000000000000000000011\LUT=8'00100000 for cells of type $lut.
Using template $paramod$lut\WIDTH=32'00000000000000000000000000000011\LUT=8'01000000 for cells of type $lut.
Using template $paramod$e211c3929b7c4a5a9666180a7619ec6dc9c22584$lut for cells of type $lut.
Using template $paramod$9198ba8adc7fe03eaedb338cf6624c40039bd33d$lut for cells of type $lut.
Using template $paramod$36b7d8209200ca95c844934f9e4add2d5121b073$lut for cells of type $lut.
Using template $paramod$lut\WIDTH=32'00000000000000000000000000000010\LUT=4'0001 for cells of type $lut.
Using template $paramod$a56a39c0f6a5a7dc6beed165205ecc9aaf916f10$lut for cells of type $lut.
Using template $paramod$20f3f4b8e32f8a8b038b0056872dc94926194798$lut for cells of type $lut.
Using template $paramod$lut\WIDTH=32'00000000000000000000000000000011\LUT=8'10101100 for cells of type $lut.
Using template $paramod$lut\WIDTH=32'00000000000000000000000000000011\LUT=8'00000110 for cells of type $lut.
Using template $paramod$210e24d0541ef9b91c2362587348395070e44fbc$lut for cells of type $lut.
Using template $paramod$52b6c49baa2aa7ed4bb1ffa90e1954f18acb1676$lut for cells of type $lut.
Using template $paramod$415b9dd3a15783ae56c103f189fd8e182f997441$lut for cells of type $lut.
Using template $paramod$b9d8b7e91a2c68da033af948ea0bd8bdebbaf6b2$lut for cells of type $lut.
Using template $paramod$lut\WIDTH=32'00000000000000000000000000000011\LUT=8'10010011 for cells of type $lut.
Using template $paramod$12da6491a2e8fc87de0c402ef786f5e8dfb9ca8f$lut for cells of type $lut.
Using template $paramod$a8c31a7dced6621b883dfc14fe82a7202be893f4$lut for cells of type $lut.
Using template $paramod$2f7deae5fb594b0c70bb82efd4d3682a7baaa352$lut for cells of type $lut.
Using template $paramod$lut\WIDTH=32'00000000000000000000000000000011\LUT=8'00000001 for cells of type $lut.
Using template $paramod$0857b184e425bd50c3a819a731b0dca97340ea28$lut for cells of type $lut.
Using template $paramod$9012d8b502c883155256cbe7ecb6b0a0ae1ddcda$lut for cells of type $lut.
Using template $paramod$7b44c7d84cba637960ecaa383303613a0947dc6c$lut for cells of type $lut.
Using template $paramod$7c62394fc9dcd57450f98f8754db0e3c7b377a8c$lut for cells of type $lut.
Using template $paramod$20db8e8195c71b8649e624b9f7bbe840d2be7c66$lut for cells of type $lut.
Using template $paramod$f16c96f8a5dcc8acc75c372174e4f7322b2a7a19$lut for cells of type $lut.
Using template $paramod$bb27be0fcc5bac2527a7e179dab8f2b46deb7941$lut for cells of type $lut.
Using template $paramod$030341c742485f6555555dfb68dd36dc0741850d$lut for cells of type $lut.
Using template $paramod$c6df4b783fa81f82ddf327c2925bbae90c2f17ba$lut for cells of type $lut.
Using template $paramod$ea3bd6885efc4235d929fd7076959ac4bc716208$lut for cells of type $lut.
Using template $paramod$b9c09f5cf02c1d0923c5d2b28bfb49239bf1f797$lut for cells of type $lut.
Using template $paramod$ee6682f13f4058ad3f1adfcfc64fc4b737208600$lut for cells of type $lut.
Using template $paramod$21bab29215e4f8491d51f75a3671b82a8beefc76$lut for cells of type $lut.
Using template $paramod$71d6d3d7653dd35f0f0d8d3740edf95dfe9e8e8e$lut for cells of type $lut.
Using template $paramod$9664483609d9e726df9697364de1aad825ad3979$lut for cells of type $lut.
Using template $paramod$922c9d51250447408e4eb21c37593ddfd4cdfd12$lut for cells of type $lut.
Using template $paramod$d5111aac42f4ee580f575d1b8c96983b83b98fda$lut for cells of type $lut.
Using template $paramod$d75f10f45940d261b870a84b465c90479f6bea08$lut for cells of type $lut.
Using template $paramod$e2ca898d731c5260773c7e7b9e91b8b7b27b7f4c$lut for cells of type $lut.
Using template $paramod$282aae3a90bd588e6800f471ffefd24d06badaeb$lut for cells of type $lut.
Using template $paramod$97e154c69a45407755783e2f32f68f7997e4aeae$lut for cells of type $lut.
Using template $paramod$f8bf7ce2cfc03a2fcdba016d95c65c16f5a9e768$lut for cells of type $lut.
Using template $paramod$127357723c64bc1f8a421abed91285f8166b9e8e$lut for cells of type $lut.
Using template $paramod$704420f758ee47e3800035f7918db8ab4b7d4648$lut for cells of type $lut.
Using template $paramod$77d856199406f0b1a481e46c7a5232a55e771a74$lut for cells of type $lut.
Using template $paramod$c0aa50ca7295ee97e989906f452ef3711bc91831$lut for cells of type $lut.
Using template $paramod$74a6a67eb4abfdb7ba45a1e11488d57cb91fe2ba$lut for cells of type $lut.
Using template $paramod$f670e4ec086bc81e97857ce015acbc3ec23c5d34$lut for cells of type $lut.
Using template $paramod$65c790d85d38ce2887e6696adfa69d414e14c01e$lut for cells of type $lut.
Using template $paramod$9f18f1fe9efe630955a9cd3a986ff680b7e411fe$lut for cells of type $lut.
Using template $paramod$8b9634e7dfa008c33d9ee399743b05f598f2abc6$lut for cells of type $lut.
Using template $paramod$9b1551e002fd24ad1306b5b7069bc7d8bdabe4e2$lut for cells of type $lut.
Using template $paramod$2161d456ba9e79e15fc162ee6a6f279543b27d9d$lut for cells of type $lut.
Using template $paramod$05a013c604a8fd8dad9e08dab16a8727fc55d01a$lut for cells of type $lut.
Using template $paramod$ce208257a4ac25d5cad797d42f89416a20bcf230$lut for cells of type $lut.
Using template $paramod$4f1263790ba56f725735181bc32152576ad646ea$lut for cells of type $lut.
Using template $paramod$243f58e25f836d825effd71ae05aa98010b8e789$lut for cells of type $lut.
Using template $paramod$e7adb73e9cec3210f27ae8243cf4d812ee0a275d$lut for cells of type $lut.
Using template $paramod$6d1116eb6114adaaaab84f3cb1176faf66c5b7fd$lut for cells of type $lut.
Using template $paramod$732ab1455078b7cb6a4eeeaa12d8355d15c67207$lut for cells of type $lut.
Using template $paramod$30e89790b55d70dafa2e8449a871d49a352f1901$lut for cells of type $lut.
Using template $paramod$3078e6e3821c557ac70885768ab233e2e1df24a7$lut for cells of type $lut.
Using template $paramod$346e4632d2b4998363a2bf7bc37ada9004895bc8$lut for cells of type $lut.
Using template $paramod$2cf4447f914156be815cd2e3ca98b532f666880d$lut for cells of type $lut.
Using template $paramod$3a32a7587b9f95b908af04fb9b75cd3eae00b58e$lut for cells of type $lut.
Using template $paramod$6d3c2515d53a7df8edaabc7c845bc0c97fe2bd9e$lut for cells of type $lut.
Using template $paramod$304f1532bde6f0812029f10b0ba88cf3310fd0fb$lut for cells of type $lut.
Using template $paramod$182f4eec4cf8f7ccfe2034abc5d5ccbad481435d$lut for cells of type $lut.
Using template $paramod$30ff8d42fe925e6805b2847462b8fe221c1eeca3$lut for cells of type $lut.
Using template $paramod$26f17f876bd71bc5e011925d1467f91fb7fe6f9c$lut for cells of type $lut.
Using template $paramod$3a75984be502a90278fbcdfabefaa1fa73f98b63$lut for cells of type $lut.
Using template $paramod$77ad5b5a13077339c889d22d77e93cfd4da9d15f$lut for cells of type $lut.
Using template $paramod$655e4916ed05f5e7bc42f11d4a0ad3ecb4ce13e6$lut for cells of type $lut.
Using template $paramod$9d63ef9f6b1c7752add45fdf26a22003d394c2b3$lut for cells of type $lut.
Using template $paramod$193cfa01bf1ecec332f49c3700a2378d807ab4dc$lut for cells of type $lut.
Using template $paramod$6a8c9f7a32ece770d6ccd783de3f982babebdd17$lut for cells of type $lut.
Using template $paramod$c5f83b79f1cdeee320b28143b70d1ec0057cf418$lut for cells of type $lut.
Using template $paramod$2e7b4570cd03055b5f34acf1b29edb05dd3af490$lut for cells of type $lut.
Using template $paramod$ffe50c5c90cde0cc8ba48143323618224b9c9a39$lut for cells of type $lut.
Using template $paramod$cc32a05866f608aca38637d6c7ba9e5d077e8484$lut for cells of type $lut.
Using template $paramod$b3e936f6fdec489d3e5c13a31f2207cf148e54c7$lut for cells of type $lut.
Using template $paramod$692927e279b3d5c42ee4aacb287247c0b34943ed$lut for cells of type $lut.
Using template $paramod$4d2c50fa760b140cc0cda3d56d2a528e9c5d1b87$lut for cells of type $lut.
Using template $paramod$4877111bfdf50e13251aa614291b0db57b6b8b3b$lut for cells of type $lut.
Using template $paramod$bfb737e82a3c8b417fc53041dc066d60f28e9722$lut for cells of type $lut.
Using template $paramod$46582cb731b95af2f3e4baf102581c046dfc671f$lut for cells of type $lut.
Using template $paramod$63706228f6c1694d297a767a24b6bb929c98f93c$lut for cells of type $lut.
Using template $paramod$36fffe6fe316f1787ee42ad596ab5745ee97b8d0$lut for cells of type $lut.
Using template $paramod$6f6efad2409f713e8628b2ee9def742a1c9fad85$lut for cells of type $lut.
Using template $paramod$ae9346c1f92826f8772ed23f7830e6ec8e8bd50c$lut for cells of type $lut.
Using template $paramod$90f5edaf81c3be6c9372875f444de8d5019e934b$lut for cells of type $lut.
Using template $paramod$907fe6c647172952ccef63be42c39bbe92ac8be8$lut for cells of type $lut.
Using template $paramod$35704ededcb9b5147526f0f62da482a00be795a7$lut for cells of type $lut.
Using template $paramod$a8f0b66d6442d140b08ba5dde7bccc974236df60$lut for cells of type $lut.
Using template $paramod$c315fd171a22ad0b563d890e3adda172ea240769$lut for cells of type $lut.
Using template $paramod$fb5fcd2803f94a5254b1eb37e2e862020b207873$lut for cells of type $lut.
Using template $paramod$4baca383cf745bd6fa96fa445b8afe501470b224$lut for cells of type $lut.
Using template $paramod$b118c5380e2084e894dff84e97db883a96a2fcbb$lut for cells of type $lut.
Using template $paramod$d333018d1fd6f0c7783260140e1ed69c8346d1f6$lut for cells of type $lut.
Using template $paramod$1162867bb6344df07792d89878877949946cf4fa$lut for cells of type $lut.
Using template $paramod$a2bd6d95ea990255230f029a8c6404e8fe51f10e$lut for cells of type $lut.
Using template $paramod$dadff75c617cf87bb5b8cfe47ca6c69fb6925370$lut for cells of type $lut.
Using template $paramod$2d6a902e25fb34dbc92c5f4db85741b44a981856$lut for cells of type $lut.
Using template $paramod$0ddba59bcdf1291ff1e8d77817dc1fc11ebbbbbd$lut for cells of type $lut.
Using template $paramod$1358b58d7046bd49524870e336a8a090f59e6d0a$lut for cells of type $lut.
Using template $paramod$ebdfbf364bd54bb7ceffaf1385a9bd2a44a03d0d$lut for cells of type $lut.
Using template $paramod$82a48e5f5771a531ca9edba4cc6af5165f5035d5$lut for cells of type $lut.
Using template $paramod$1f40df21df6514c46dfb12b58ac9657473b864d5$lut for cells of type $lut.
Using template $paramod$658460c2451bae18006d6fceb04c4d15e90ee2a2$lut for cells of type $lut.
Using template $paramod$38d393e46ccafda7d2339279be9f9a713cf861af$lut for cells of type $lut.
Using template $paramod$56bfb9c7bc4e9d036b2c8ade273bc395ad3f1805$lut for cells of type $lut.
Using template $paramod$c469073e62395c64bf44be18740c7e6f5e32d8ab$lut for cells of type $lut.
Using template $paramod$d7e11b44b8e1a999cfff0913b521f613ae662cc0$lut for cells of type $lut.
Using template $paramod$fcf3a5445273ee64bc23e5300f6e54294543244c$lut for cells of type $lut.
Using template $paramod$c35f331ece8004ba7f1e1845b67e1bcc22d446bb$lut for cells of type $lut.
Using template $paramod$5f5084e73a1abb2ea7cbe616e83208f3303c91f1$lut for cells of type $lut.
Using template $paramod$20823681e1a8d48277d73b7c05d2c371481f86ee$lut for cells of type $lut.
Using template $paramod$ff2fbdb4a9201249151ee5ef9962dcb924c72b24$lut for cells of type $lut.
Using template $paramod$316422c0b8372a53c9b5225d7c3e364a1d354870$lut for cells of type $lut.
Using template $paramod$fe2ccc9771c7f3621af3392ea69c0322e13310d4$lut for cells of type $lut.
Using template $paramod$bfc6e9cbe3c9c007686f9a45ac8e0fc13fcd085f$lut for cells of type $lut.
Using template $paramod$be679059052e85bb352393d99a877d8c06e5423a$lut for cells of type $lut.
Using template $paramod$1d05848efd66549d5aa810a44bffa4584fd93178$lut for cells of type $lut.
Using template $paramod$422f53895ce75dc3895e9ed488b72736f1407d4e$lut for cells of type $lut.
Using template $paramod$d8ca6fe8b8943beccc071c56d30e458fe96f7ccc$lut for cells of type $lut.
Using template $paramod$bf0d0292861bdee659ef5cbc5e58b330ac5871f9$lut for cells of type $lut.
Using template $paramod$6db73437bdbac67471bf7ce01c1f9f1f29bca4b4$lut for cells of type $lut.
Using template $paramod$3ca99a144617cbf0eda70ac054deed7cfbb72fdb$lut for cells of type $lut.
Using template $paramod$186152197d1237ed6ac57bbefbd2eea85815a9f4$lut for cells of type $lut.
Using template $paramod$58389980c63f3235c8f8122d952d60e88e8ccdf8$lut for cells of type $lut.
Using template $paramod$ea0a782270cbebe4c72becfd701f94f80c4ba914$lut for cells of type $lut.
Using template $paramod$a95aeb58822b83840ad0d33221e28b316b409b83$lut for cells of type $lut.
Using template $paramod$8ae5632fc604228ab04a0345fddabeeb0e953c21$lut for cells of type $lut.
Using template $paramod$09dbe61e58773048a674851ccc0b491df7fd71e3$lut for cells of type $lut.
Using template $paramod$825bc103cb3450feacadae96b7af0d884bec3428$lut for cells of type $lut.
Using template $paramod$3ae70c96a303dcfa2adae6cd3477fe1febd9310d$lut for cells of type $lut.
Using template $paramod$bc47072874ca9d88b81c309e1fc2222112c85db5$lut for cells of type $lut.
Using template $paramod$40fee15a9b488d606dfb5a707f6421b4bfc3bc9b$lut for cells of type $lut.
Using template $paramod$6c324f274cc55723981ff93567f8f06ed63bcee3$lut for cells of type $lut.
Using template $paramod$bf55e41ef19adbe8c679ae1da061306dcc6b30f7$lut for cells of type $lut.
Using template $paramod$a8cb9dc6eccb911035b7155b3fa8bdcdb987b386$lut for cells of type $lut.
Using template $paramod$61bc98ece8c76bffd4acdf40e5f231340cba90fc$lut for cells of type $lut.
Using template $paramod$f45c23ef6308c5db3a0efb7e3079041dd286a160$lut for cells of type $lut.
Using template $paramod$a300b7d515f28c179bc510059099f6834aa263cc$lut for cells of type $lut.
Using template $paramod$cc6f168b93470fcc711df6312603d46c5e4b0e07$lut for cells of type $lut.
Using template $paramod$861911dc8bcc0f2ba862b3105e72774369e953fe$lut for cells of type $lut.
Using template $paramod$b36a08c48d8034f1d877c84b12f0961c7a1315b3$lut for cells of type $lut.
Using template $paramod$40614bc945b57aab95fbc31af093a3fc79ada1f6$lut for cells of type $lut.
No more expansions possible.
<suppressed ~3312 debug messages>

15.46. Executing OPT_LUT_INS pass (discard unused LUT inputs).
Optimizing LUTs in top.
  Optimizing lut $abc$15540$lut$aiger15539$2083.genblk1.genblk1.genblk1.genblk1.genblk1.genblk1.genblk1.genblk1.lut1.genblk1.genblk1.genblk1.genblk1.genblk1.genblk1.genblk1.lut0.genblk1.genblk1.genblk1.genblk1.genblk1.genblk1.lut0.genblk1.genblk1.genblk1.genblk1.genblk1.lut0 (4 -> 2)
  Optimizing lut $abc$15540$lut$aiger15539$2083.genblk1.genblk1.genblk1.genblk1.genblk1.genblk1.genblk1.genblk1.lut1.genblk1.genblk1.genblk1.genblk1.genblk1.genblk1.genblk1.lut1.genblk1.genblk1.genblk1.genblk1.genblk1.genblk1.lut1.genblk1.genblk1.genblk1.genblk1.genblk1.lut0 (4 -> 0)
  Optimizing lut $abc$15540$lut$aiger15539$2083.genblk1.genblk1.genblk1.genblk1.genblk1.genblk1.genblk1.genblk1.lut1.genblk1.genblk1.genblk1.genblk1.genblk1.genblk1.genblk1.lut1.genblk1.genblk1.genblk1.genblk1.genblk1.genblk1.lut0.genblk1.genblk1.genblk1.genblk1.genblk1.lut0 (4 -> 0)
  Optimizing lut $abc$15540$lut$aiger15539$2083.genblk1.genblk1.genblk1.genblk1.genblk1.genblk1.genblk1.genblk1.lut0.genblk1.genblk1.genblk1.genblk1.genblk1.genblk1.genblk1.lut0.genblk1.genblk1.genblk1.genblk1.genblk1.genblk1.lut0.genblk1.genblk1.genblk1.genblk1.genblk1.lut0 (4 -> 2)
  Optimizing lut $abc$15540$lut$aiger15539$2083.genblk1.genblk1.genblk1.genblk1.genblk1.genblk1.genblk1.genblk1.lut0.genblk1.genblk1.genblk1.genblk1.genblk1.genblk1.genblk1.lut1.genblk1.genblk1.genblk1.genblk1.genblk1.genblk1.lut1.genblk1.genblk1.genblk1.genblk1.genblk1.lut0 (4 -> 0)
  Optimizing lut $abc$15540$lut$aiger15539$2083.genblk1.genblk1.genblk1.genblk1.genblk1.genblk1.genblk1.genblk1.lut0.genblk1.genblk1.genblk1.genblk1.genblk1.genblk1.genblk1.lut1.genblk1.genblk1.genblk1.genblk1.genblk1.genblk1.lut0.genblk1.genblk1.genblk1.genblk1.genblk1.lut0 (4 -> 0)
  Optimizing lut $abc$15540$lut$aiger15539$2287.genblk1.genblk1.genblk1.genblk1.genblk1.genblk1.genblk1.genblk1.lut1.genblk1.genblk1.genblk1.genblk1.genblk1.genblk1.genblk1.lut0.genblk1.genblk1.genblk1.genblk1.genblk1.genblk1.lut1.genblk1.genblk1.genblk1.genblk1.genblk1.lut0 (4 -> 1)
  Optimizing lut $abc$15540$lut$aiger15539$2287.genblk1.genblk1.genblk1.genblk1.genblk1.genblk1.genblk1.genblk1.lut1.genblk1.genblk1.genblk1.genblk1.genblk1.genblk1.genblk1.lut0.genblk1.genblk1.genblk1.genblk1.genblk1.genblk1.lut0.genblk1.genblk1.genblk1.genblk1.genblk1.lut0 (4 -> 3)
  Optimizing lut $abc$15540$lut$aiger15539$2287.genblk1.genblk1.genblk1.genblk1.genblk1.genblk1.genblk1.genblk1.lut1.genblk1.genblk1.genblk1.genblk1.genblk1.genblk1.genblk1.lut1.genblk1.genblk1.genblk1.genblk1.genblk1.genblk1.lut1.genblk1.genblk1.genblk1.genblk1.genblk1.lut0 (4 -> 1)
  Optimizing lut $abc$15540$lut$aiger15539$2287.genblk1.genblk1.genblk1.genblk1.genblk1.genblk1.genblk1.genblk1.lut1.genblk1.genblk1.genblk1.genblk1.genblk1.genblk1.genblk1.lut1.genblk1.genblk1.genblk1.genblk1.genblk1.genblk1.lut0.genblk1.genblk1.genblk1.genblk1.genblk1.lut0 (4 -> 3)
  Optimizing lut $abc$15540$lut$aiger15539$2287.genblk1.genblk1.genblk1.genblk1.genblk1.genblk1.genblk1.genblk1.lut0.genblk1.genblk1.genblk1.genblk1.genblk1.genblk1.genblk1.lut0.genblk1.genblk1.genblk1.genblk1.genblk1.genblk1.lut1.genblk1.genblk1.genblk1.genblk1.genblk1.lut0 (4 -> 1)
  Optimizing lut $abc$15540$lut$aiger15539$2287.genblk1.genblk1.genblk1.genblk1.genblk1.genblk1.genblk1.genblk1.lut0.genblk1.genblk1.genblk1.genblk1.genblk1.genblk1.genblk1.lut0.genblk1.genblk1.genblk1.genblk1.genblk1.genblk1.lut0.genblk1.genblk1.genblk1.genblk1.genblk1.lut0 (4 -> 2)
  Optimizing lut $abc$15540$lut$aiger15539$2287.genblk1.genblk1.genblk1.genblk1.genblk1.genblk1.genblk1.genblk1.lut0.genblk1.genblk1.genblk1.genblk1.genblk1.genblk1.genblk1.lut1.genblk1.genblk1.genblk1.genblk1.genblk1.genblk1.lut1.genblk1.genblk1.genblk1.genblk1.genblk1.lut0 (4 -> 1)
  Optimizing lut $abc$15540$lut$aiger15539$2287.genblk1.genblk1.genblk1.genblk1.genblk1.genblk1.genblk1.genblk1.lut0.genblk1.genblk1.genblk1.genblk1.genblk1.genblk1.genblk1.lut1.genblk1.genblk1.genblk1.genblk1.genblk1.genblk1.lut0.genblk1.genblk1.genblk1.genblk1.genblk1.lut0 (4 -> 3)
  Optimizing lut $abc$15540$lut$aiger15539$2495.genblk1.genblk1.genblk1.genblk1.genblk1.genblk1.genblk1.genblk1.lut1.genblk1.genblk1.genblk1.genblk1.genblk1.genblk1.genblk1.lut0.genblk1.genblk1.genblk1.genblk1.genblk1.genblk1.lut1.genblk1.genblk1.genblk1.genblk1.genblk1.lut0 (4 -> 3)
  Optimizing lut $abc$15540$lut$aiger15539$2495.genblk1.genblk1.genblk1.genblk1.genblk1.genblk1.genblk1.genblk1.lut1.genblk1.genblk1.genblk1.genblk1.genblk1.genblk1.genblk1.lut1.genblk1.genblk1.genblk1.genblk1.genblk1.genblk1.lut1.genblk1.genblk1.genblk1.genblk1.genblk1.lut0 (4 -> 0)
  Optimizing lut $abc$15540$lut$aiger15539$2495.genblk1.genblk1.genblk1.genblk1.genblk1.genblk1.genblk1.genblk1.lut1.genblk1.genblk1.genblk1.genblk1.genblk1.genblk1.genblk1.lut1.genblk1.genblk1.genblk1.genblk1.genblk1.genblk1.lut0.genblk1.genblk1.genblk1.genblk1.genblk1.lut0 (4 -> 0)
  Optimizing lut $abc$15540$lut$aiger15539$2495.genblk1.genblk1.genblk1.genblk1.genblk1.genblk1.genblk1.genblk1.lut0.genblk1.genblk1.genblk1.genblk1.genblk1.genblk1.genblk1.lut0.genblk1.genblk1.genblk1.genblk1.genblk1.genblk1.lut0.genblk1.genblk1.genblk1.genblk1.genblk1.lut0 (4 -> 3)
  Optimizing lut $abc$15540$lut$aiger15539$2495.genblk1.genblk1.genblk1.genblk1.genblk1.genblk1.genblk1.genblk1.lut0.genblk1.genblk1.genblk1.genblk1.genblk1.genblk1.genblk1.lut1.genblk1.genblk1.genblk1.genblk1.genblk1.genblk1.lut1.genblk1.genblk1.genblk1.genblk1.genblk1.lut0 (4 -> 0)
  Optimizing lut $abc$15540$lut$aiger15539$2495.genblk1.genblk1.genblk1.genblk1.genblk1.genblk1.genblk1.genblk1.lut0.genblk1.genblk1.genblk1.genblk1.genblk1.genblk1.genblk1.lut1.genblk1.genblk1.genblk1.genblk1.genblk1.genblk1.lut0.genblk1.genblk1.genblk1.genblk1.genblk1.lut0 (4 -> 0)
  Optimizing lut $abc$15540$lut$aiger15539$2614.genblk1.genblk1.genblk1.genblk1.genblk1.genblk1.genblk1.genblk1.lut1.genblk1.genblk1.genblk1.genblk1.genblk1.genblk1.genblk1.lut0.genblk1.genblk1.genblk1.genblk1.genblk1.genblk1.lut1.genblk1.genblk1.genblk1.genblk1.genblk1.lut0 (4 -> 3)
  Optimizing lut $abc$15540$lut$aiger15539$2614.genblk1.genblk1.genblk1.genblk1.genblk1.genblk1.genblk1.genblk1.lut1.genblk1.genblk1.genblk1.genblk1.genblk1.genblk1.genblk1.lut1.genblk1.genblk1.genblk1.genblk1.genblk1.genblk1.lut1.genblk1.genblk1.genblk1.genblk1.genblk1.lut0 (4 -> 3)
  Optimizing lut $abc$15540$lut$aiger15539$2614.genblk1.genblk1.genblk1.genblk1.genblk1.genblk1.genblk1.genblk1.lut0.genblk1.genblk1.genblk1.genblk1.genblk1.genblk1.genblk1.lut0.genblk1.genblk1.genblk1.genblk1.genblk1.genblk1.lut0.genblk1.genblk1.genblk1.genblk1.genblk1.lut0 (4 -> 3)
  Optimizing lut $abc$15540$lut$aiger15539$2614.genblk1.genblk1.genblk1.genblk1.genblk1.genblk1.genblk1.genblk1.lut0.genblk1.genblk1.genblk1.genblk1.genblk1.genblk1.genblk1.lut1.genblk1.genblk1.genblk1.genblk1.genblk1.genblk1.lut1.genblk1.genblk1.genblk1.genblk1.genblk1.lut0 (4 -> 3)
  Optimizing lut $abc$15540$lut$aiger15539$2672.genblk1.genblk1.genblk1.genblk1.genblk1.genblk1.genblk1.genblk1.lut1.genblk1.genblk1.genblk1.genblk1.genblk1.genblk1.genblk1.lut1.genblk1.genblk1.genblk1.genblk1.genblk1.genblk1.lut0.genblk1.genblk1.genblk1.genblk1.genblk1.lut0 (4 -> 0)
  Optimizing lut $abc$15540$lut$aiger15539$2672.genblk1.genblk1.genblk1.genblk1.genblk1.genblk1.genblk1.genblk1.lut0.genblk1.genblk1.genblk1.genblk1.genblk1.genblk1.genblk1.lut0.genblk1.genblk1.genblk1.genblk1.genblk1.genblk1.lut1.genblk1.genblk1.genblk1.genblk1.genblk1.lut0 (4 -> 0)
  Optimizing lut $abc$15540$lut$aiger15539$2672.genblk1.genblk1.genblk1.genblk1.genblk1.genblk1.genblk1.genblk1.lut0.genblk1.genblk1.genblk1.genblk1.genblk1.genblk1.genblk1.lut1.genblk1.genblk1.genblk1.genblk1.genblk1.genblk1.lut1.genblk1.genblk1.genblk1.genblk1.genblk1.lut0 (4 -> 0)
  Optimizing lut $abc$15540$lut$aiger15539$2672.genblk1.genblk1.genblk1.genblk1.genblk1.genblk1.genblk1.genblk1.lut0.genblk1.genblk1.genblk1.genblk1.genblk1.genblk1.genblk1.lut1.genblk1.genblk1.genblk1.genblk1.genblk1.genblk1.lut0.genblk1.genblk1.genblk1.genblk1.genblk1.lut0 (4 -> 0)
  Optimizing lut $abc$15540$lut$aiger$o1758.genblk1.genblk1.genblk1.genblk1.genblk1.genblk1.genblk1.genblk1.lut0.genblk1.genblk1.genblk1.genblk1.genblk1.genblk1.genblk1.lut0.genblk1.genblk1.genblk1.genblk1.genblk1.genblk1.lut1.genblk1.genblk1.genblk1.genblk1.genblk1.lut0 (4 -> 3)
  Optimizing lut $abc$15540$lut$aiger$o1758.genblk1.genblk1.genblk1.genblk1.genblk1.genblk1.genblk1.genblk1.lut0.genblk1.genblk1.genblk1.genblk1.genblk1.genblk1.genblk1.lut0.genblk1.genblk1.genblk1.genblk1.genblk1.genblk1.lut0.genblk1.genblk1.genblk1.genblk1.genblk1.lut0 (4 -> 2)
  Optimizing lut $abc$15540$lut$aiger$o1758.genblk1.genblk1.genblk1.genblk1.genblk1.genblk1.genblk1.genblk1.lut0.genblk1.genblk1.genblk1.genblk1.genblk1.genblk1.genblk1.lut1.genblk1.genblk1.genblk1.genblk1.genblk1.genblk1.lut1.genblk1.genblk1.genblk1.genblk1.genblk1.lut0 (4 -> 3)
  Optimizing lut $abc$15540$lut$aiger$o1758.genblk1.genblk1.genblk1.genblk1.genblk1.genblk1.genblk1.genblk1.lut0.genblk1.genblk1.genblk1.genblk1.genblk1.genblk1.genblk1.lut1.genblk1.genblk1.genblk1.genblk1.genblk1.genblk1.lut0.genblk1.genblk1.genblk1.genblk1.genblk1.lut0 (4 -> 2)
  Optimizing lut $abc$15540$lut$aiger$o1684.genblk1.genblk1.genblk1.genblk1.genblk1.genblk1.genblk1.lut1.genblk1.genblk1.genblk1.genblk1.genblk1.genblk1.lut0.genblk1.genblk1.genblk1.genblk1.genblk1.lut1 (4 -> 1)
  Optimizing lut $abc$15540$lut$aiger$o1679.genblk1.genblk1.genblk1.genblk1.genblk1.genblk1.genblk1.lut0.genblk1.genblk1.genblk1.genblk1.genblk1.genblk1.lut0.genblk1.genblk1.genblk1.genblk1.genblk1.lut0 (4 -> 1)
  Optimizing lut $abc$15540$lut$aiger$o1679.genblk1.genblk1.genblk1.genblk1.genblk1.genblk1.genblk1.lut1.genblk1.genblk1.genblk1.genblk1.genblk1.genblk1.lut1.genblk1.genblk1.genblk1.genblk1.genblk1.lut0 (4 -> 2)
  Optimizing lut $abc$15540$lut$aiger$o1679.genblk1.genblk1.genblk1.genblk1.genblk1.genblk1.genblk1.lut1.genblk1.genblk1.genblk1.genblk1.genblk1.genblk1.lut0.genblk1.genblk1.genblk1.genblk1.genblk1.lut0 (4 -> 1)
  Optimizing lut $abc$15540$lut$aiger$o1705.genblk1.genblk1.genblk1.genblk1.genblk1.genblk1.genblk1.lut0.genblk1.genblk1.genblk1.genblk1.genblk1.genblk1.lut1.genblk1.genblk1.genblk1.genblk1.genblk1.lut0 (4 -> 2)
  Optimizing lut $abc$15540$lut$aiger$o1705.genblk1.genblk1.genblk1.genblk1.genblk1.genblk1.genblk1.lut0.genblk1.genblk1.genblk1.genblk1.genblk1.genblk1.lut0.genblk1.genblk1.genblk1.genblk1.genblk1.lut0 (4 -> 1)
  Optimizing lut $abc$15540$lut$aiger$o1705.genblk1.genblk1.genblk1.genblk1.genblk1.genblk1.genblk1.lut1.genblk1.genblk1.genblk1.genblk1.genblk1.genblk1.lut1.genblk1.genblk1.genblk1.genblk1.genblk1.lut0 (4 -> 2)
  Optimizing lut $abc$15540$lut$aiger$o1705.genblk1.genblk1.genblk1.genblk1.genblk1.genblk1.genblk1.lut1.genblk1.genblk1.genblk1.genblk1.genblk1.genblk1.lut0.genblk1.genblk1.genblk1.genblk1.genblk1.lut0 (4 -> 1)
  Optimizing lut $abc$15540$lut$aiger$o1727.genblk1.genblk1.genblk1.genblk1.genblk1.genblk1.genblk1.lut0.genblk1.genblk1.genblk1.genblk1.genblk1.genblk1.lut0.genblk1.genblk1.genblk1.genblk1.genblk1.lut0 (4 -> 1)
  Optimizing lut $abc$15540$lut$aiger$o1727.genblk1.genblk1.genblk1.genblk1.genblk1.genblk1.genblk1.lut1.genblk1.genblk1.genblk1.genblk1.genblk1.genblk1.lut1.genblk1.genblk1.genblk1.genblk1.genblk1.lut0 (4 -> 2)
  Optimizing lut $abc$15540$lut$aiger$o1727.genblk1.genblk1.genblk1.genblk1.genblk1.genblk1.genblk1.lut1.genblk1.genblk1.genblk1.genblk1.genblk1.genblk1.lut0.genblk1.genblk1.genblk1.genblk1.genblk1.lut0 (4 -> 1)
  Optimizing lut $abc$15540$lut$aiger$o1684.genblk1.genblk1.genblk1.genblk1.genblk1.genblk1.genblk1.lut0.genblk1.genblk1.genblk1.genblk1.genblk1.genblk1.lut1.genblk1.genblk1.genblk1.genblk1.genblk1.lut0 (4 -> 2)
  Optimizing lut $abc$15540$lut$aiger$o1684.genblk1.genblk1.genblk1.genblk1.genblk1.genblk1.genblk1.lut0.genblk1.genblk1.genblk1.genblk1.genblk1.genblk1.lut0.genblk1.genblk1.genblk1.genblk1.genblk1.lut0 (4 -> 1)
  Optimizing lut $abc$15540$lut$aiger$o1684.genblk1.genblk1.genblk1.genblk1.genblk1.genblk1.genblk1.lut1.genblk1.genblk1.genblk1.genblk1.genblk1.genblk1.lut1.genblk1.genblk1.genblk1.genblk1.genblk1.lut0 (4 -> 2)
  Optimizing lut $abc$15540$lut$aiger$o1684.genblk1.genblk1.genblk1.genblk1.genblk1.genblk1.genblk1.lut1.genblk1.genblk1.genblk1.genblk1.genblk1.genblk1.lut0.genblk1.genblk1.genblk1.genblk1.genblk1.lut0 (4 -> 1)
  Optimizing lut $abc$15540$lut$aiger$o1758.genblk1.genblk1.genblk1.genblk1.genblk1.genblk1.genblk1.genblk1.lut1.genblk1.genblk1.genblk1.genblk1.genblk1.genblk1.genblk1.lut1.genblk1.genblk1.genblk1.genblk1.genblk1.genblk1.lut0.genblk1.genblk1.genblk1.genblk1.genblk1.lut1 (4 -> 3)
  Optimizing lut $abc$15540$lut$aiger$o1758.genblk1.genblk1.genblk1.genblk1.genblk1.genblk1.genblk1.genblk1.lut1.genblk1.genblk1.genblk1.genblk1.genblk1.genblk1.genblk1.lut0.genblk1.genblk1.genblk1.genblk1.genblk1.genblk1.lut0.genblk1.genblk1.genblk1.genblk1.genblk1.lut1 (4 -> 3)
  Optimizing lut $abc$15540$lut$aiger15539$2672.genblk1.genblk1.genblk1.genblk1.genblk1.genblk1.genblk1.genblk1.lut0.genblk1.genblk1.genblk1.genblk1.genblk1.genblk1.genblk1.lut1.genblk1.genblk1.genblk1.genblk1.genblk1.genblk1.lut0.genblk1.genblk1.genblk1.genblk1.genblk1.lut1 (4 -> 0)
  Optimizing lut $abc$15540$lut$aiger15539$2672.genblk1.genblk1.genblk1.genblk1.genblk1.genblk1.genblk1.genblk1.lut0.genblk1.genblk1.genblk1.genblk1.genblk1.genblk1.genblk1.lut0.genblk1.genblk1.genblk1.genblk1.genblk1.genblk1.lut0.genblk1.genblk1.genblk1.genblk1.genblk1.lut1 (4 -> 0)
  Optimizing lut $abc$15540$lut$aiger15539$2672.genblk1.genblk1.genblk1.genblk1.genblk1.genblk1.genblk1.genblk1.lut1.genblk1.genblk1.genblk1.genblk1.genblk1.genblk1.genblk1.lut1.genblk1.genblk1.genblk1.genblk1.genblk1.genblk1.lut0.genblk1.genblk1.genblk1.genblk1.genblk1.lut1 (4 -> 0)
  Optimizing lut $abc$15540$lut$aiger15539$2672.genblk1.genblk1.genblk1.genblk1.genblk1.genblk1.genblk1.genblk1.lut1.genblk1.genblk1.genblk1.genblk1.genblk1.genblk1.genblk1.lut0.genblk1.genblk1.genblk1.genblk1.genblk1.genblk1.lut0.genblk1.genblk1.genblk1.genblk1.genblk1.lut1 (4 -> 0)
  Optimizing lut $abc$15540$lut$aiger15539$2495.genblk1.genblk1.genblk1.genblk1.genblk1.genblk1.genblk1.genblk1.lut0.genblk1.genblk1.genblk1.genblk1.genblk1.genblk1.genblk1.lut1.genblk1.genblk1.genblk1.genblk1.genblk1.genblk1.lut0.genblk1.genblk1.genblk1.genblk1.genblk1.lut1 (4 -> 0)
  Optimizing lut $abc$15540$lut$aiger15539$2495.genblk1.genblk1.genblk1.genblk1.genblk1.genblk1.genblk1.genblk1.lut0.genblk1.genblk1.genblk1.genblk1.genblk1.genblk1.genblk1.lut0.genblk1.genblk1.genblk1.genblk1.genblk1.genblk1.lut0.genblk1.genblk1.genblk1.genblk1.genblk1.lut1 (4 -> 3)
  Optimizing lut $abc$15540$lut$aiger15539$2495.genblk1.genblk1.genblk1.genblk1.genblk1.genblk1.genblk1.genblk1.lut1.genblk1.genblk1.genblk1.genblk1.genblk1.genblk1.genblk1.lut1.genblk1.genblk1.genblk1.genblk1.genblk1.genblk1.lut0.genblk1.genblk1.genblk1.genblk1.genblk1.lut1 (4 -> 0)
  Optimizing lut $abc$15540$lut$aiger15539$2287.genblk1.genblk1.genblk1.genblk1.genblk1.genblk1.genblk1.genblk1.lut0.genblk1.genblk1.genblk1.genblk1.genblk1.genblk1.genblk1.lut1.genblk1.genblk1.genblk1.genblk1.genblk1.genblk1.lut0.genblk1.genblk1.genblk1.genblk1.genblk1.lut1 (4 -> 2)
  Optimizing lut $abc$15540$lut$aiger15539$2287.genblk1.genblk1.genblk1.genblk1.genblk1.genblk1.genblk1.genblk1.lut0.genblk1.genblk1.genblk1.genblk1.genblk1.genblk1.genblk1.lut0.genblk1.genblk1.genblk1.genblk1.genblk1.genblk1.lut0.genblk1.genblk1.genblk1.genblk1.genblk1.lut1 (4 -> 3)
  Optimizing lut $abc$15540$lut$aiger15539$2287.genblk1.genblk1.genblk1.genblk1.genblk1.genblk1.genblk1.genblk1.lut1.genblk1.genblk1.genblk1.genblk1.genblk1.genblk1.genblk1.lut1.genblk1.genblk1.genblk1.genblk1.genblk1.genblk1.lut0.genblk1.genblk1.genblk1.genblk1.genblk1.lut1 (4 -> 2)
  Optimizing lut $abc$15540$lut$aiger15539$2287.genblk1.genblk1.genblk1.genblk1.genblk1.genblk1.genblk1.genblk1.lut1.genblk1.genblk1.genblk1.genblk1.genblk1.genblk1.genblk1.lut0.genblk1.genblk1.genblk1.genblk1.genblk1.genblk1.lut0.genblk1.genblk1.genblk1.genblk1.genblk1.lut1 (4 -> 2)
  Optimizing lut $abc$15540$lut$aiger15539$2083.genblk1.genblk1.genblk1.genblk1.genblk1.genblk1.genblk1.genblk1.lut0.genblk1.genblk1.genblk1.genblk1.genblk1.genblk1.genblk1.lut1.genblk1.genblk1.genblk1.genblk1.genblk1.genblk1.lut0.genblk1.genblk1.genblk1.genblk1.genblk1.lut1 (4 -> 0)
  Optimizing lut $abc$15540$lut$aiger15539$2083.genblk1.genblk1.genblk1.genblk1.genblk1.genblk1.genblk1.genblk1.lut1.genblk1.genblk1.genblk1.genblk1.genblk1.genblk1.genblk1.lut1.genblk1.genblk1.genblk1.genblk1.genblk1.genblk1.lut0.genblk1.genblk1.genblk1.genblk1.genblk1.lut1 (4 -> 0)
  Optimizing lut $abc$15540$lut$aiger15539$2083.genblk1.genblk1.genblk1.genblk1.genblk1.genblk1.genblk1.genblk1.lut1.genblk1.genblk1.genblk1.genblk1.genblk1.genblk1.genblk1.lut0.genblk1.genblk1.genblk1.genblk1.genblk1.genblk1.lut0.genblk1.genblk1.genblk1.genblk1.genblk1.lut1 (4 -> 2)
  Optimizing lut $abc$15540$lut$aiger15539$2083.genblk1.genblk1.genblk1.genblk1.genblk1.genblk1.genblk1.genblk1.lut0.genblk1.genblk1.genblk1.genblk1.genblk1.genblk1.genblk1.lut1.genblk1.genblk1.genblk1.genblk1.genblk1.genblk1.lut1.genblk1.genblk1.genblk1.genblk1.genblk1.lut1 (4 -> 0)
  Optimizing lut $abc$15540$lut$aiger15539$2287.genblk1.genblk1.genblk1.genblk1.genblk1.genblk1.genblk1.genblk1.lut0.genblk1.genblk1.genblk1.genblk1.genblk1.genblk1.genblk1.lut1.genblk1.genblk1.genblk1.genblk1.genblk1.genblk1.lut1.genblk1.genblk1.genblk1.genblk1.genblk1.lut1 (4 -> 1)
  Optimizing lut $abc$15540$lut$aiger15539$2495.genblk1.genblk1.genblk1.genblk1.genblk1.genblk1.genblk1.genblk1.lut0.genblk1.genblk1.genblk1.genblk1.genblk1.genblk1.genblk1.lut1.genblk1.genblk1.genblk1.genblk1.genblk1.genblk1.lut1.genblk1.genblk1.genblk1.genblk1.genblk1.lut1 (4 -> 0)
  Optimizing lut $auto$abc_ops_reintegrate.cc:611:reintegrate$15547.genblk1.genblk1.genblk1.genblk1.genblk1.lut1 (4 -> 3)
  Optimizing lut $abc$15540$lut$aiger15539$2614.genblk1.genblk1.genblk1.genblk1.genblk1.genblk1.genblk1.genblk1.lut0.genblk1.genblk1.genblk1.genblk1.genblk1.genblk1.genblk1.lut1.genblk1.genblk1.genblk1.genblk1.genblk1.genblk1.lut1.genblk1.genblk1.genblk1.genblk1.genblk1.lut1 (4 -> 3)
  Optimizing lut $abc$15540$lut$aiger15539$2672.genblk1.genblk1.genblk1.genblk1.genblk1.genblk1.genblk1.genblk1.lut0.genblk1.genblk1.genblk1.genblk1.genblk1.genblk1.genblk1.lut1.genblk1.genblk1.genblk1.genblk1.genblk1.genblk1.lut1.genblk1.genblk1.genblk1.genblk1.genblk1.lut1 (4 -> 0)
  Optimizing lut $abc$15540$lut$aiger$o1647.genblk1.genblk1.genblk1.genblk1.genblk1.lut1 (4 -> 3)
  Optimizing lut $abc$15540$lut$aiger$o1727.genblk1.genblk1.genblk1.genblk1.genblk1.genblk1.genblk1.lut1.genblk1.genblk1.genblk1.genblk1.genblk1.genblk1.lut0.genblk1.genblk1.genblk1.genblk1.genblk1.lut1 (4 -> 1)
  Optimizing lut $abc$15540$lut$aiger$o1705.genblk1.genblk1.genblk1.genblk1.genblk1.genblk1.genblk1.lut1.genblk1.genblk1.genblk1.genblk1.genblk1.genblk1.lut0.genblk1.genblk1.genblk1.genblk1.genblk1.lut1 (4 -> 1)
  Optimizing lut $abc$15540$lut$aiger$o1752.genblk1.genblk1.genblk1.genblk1.genblk1.genblk1.lut0.genblk1.genblk1.genblk1.genblk1.genblk1.lut0 (4 -> 1)
  Optimizing lut $abc$15540$lut$aiger$o1679.genblk1.genblk1.genblk1.genblk1.genblk1.genblk1.genblk1.lut1.genblk1.genblk1.genblk1.genblk1.genblk1.genblk1.lut0.genblk1.genblk1.genblk1.genblk1.genblk1.lut1 (4 -> 1)
  Optimizing lut $abc$15540$lut$aiger$o1706.genblk1.genblk1.genblk1.genblk1.genblk1.lut1 (4 -> 2)
  Optimizing lut $abc$15540$lut$aiger$o1679.genblk1.genblk1.genblk1.genblk1.genblk1.genblk1.genblk1.lut0.genblk1.genblk1.genblk1.genblk1.genblk1.genblk1.lut1.genblk1.genblk1.genblk1.genblk1.genblk1.lut0 (4 -> 2)
  Optimizing lut $abc$15540$lut$aiger$o1679.genblk1.genblk1.genblk1.genblk1.genblk1.genblk1.genblk1.lut1.genblk1.genblk1.genblk1.genblk1.genblk1.genblk1.lut1.genblk1.genblk1.genblk1.genblk1.genblk1.lut1 (4 -> 2)
  Optimizing lut $abc$15540$lut$aiger$o1705.genblk1.genblk1.genblk1.genblk1.genblk1.genblk1.genblk1.lut1.genblk1.genblk1.genblk1.genblk1.genblk1.genblk1.lut1.genblk1.genblk1.genblk1.genblk1.genblk1.lut1 (4 -> 2)
  Optimizing lut $abc$15540$lut$aiger15539$1807.genblk1.genblk1.genblk1.genblk1.genblk1.lut0 (4 -> 0)
  Optimizing lut $abc$15540$lut$aiger$o1726.genblk1.genblk1.genblk1.genblk1.genblk1.lut0 (4 -> 2)
  Optimizing lut $abc$15540$lut$aiger$o1727.genblk1.genblk1.genblk1.genblk1.genblk1.genblk1.genblk1.lut0.genblk1.genblk1.genblk1.genblk1.genblk1.genblk1.lut1.genblk1.genblk1.genblk1.genblk1.genblk1.lut0 (4 -> 2)
  Optimizing lut $abc$15540$lut$aiger$o1727.genblk1.genblk1.genblk1.genblk1.genblk1.genblk1.genblk1.lut1.genblk1.genblk1.genblk1.genblk1.genblk1.genblk1.lut1.genblk1.genblk1.genblk1.genblk1.genblk1.lut1 (4 -> 2)
  Optimizing lut $abc$15540$lut$aiger15539$1989.genblk1.genblk1.genblk1.genblk1.genblk1.lut0 (4 -> 0)
  Optimizing lut $abc$15540$lut$aiger$o1758.genblk1.genblk1.genblk1.genblk1.genblk1.genblk1.genblk1.genblk1.lut1.genblk1.genblk1.genblk1.genblk1.genblk1.genblk1.genblk1.lut0.genblk1.genblk1.genblk1.genblk1.genblk1.genblk1.lut1.genblk1.genblk1.genblk1.genblk1.genblk1.lut1 (4 -> 2)
  Optimizing lut $abc$15540$lut$aiger$o1644.genblk1.genblk1.genblk1.genblk1.genblk1.genblk1.genblk1.lut1.genblk1.genblk1.genblk1.genblk1.genblk1.genblk1.lut1.genblk1.genblk1.genblk1.genblk1.genblk1.lut1 (4 -> 3)
  Optimizing lut $abc$15540$lut$aiger15539$2614.genblk1.genblk1.genblk1.genblk1.genblk1.genblk1.genblk1.genblk1.lut0.genblk1.genblk1.genblk1.genblk1.genblk1.genblk1.genblk1.lut0.genblk1.genblk1.genblk1.genblk1.genblk1.genblk1.lut0.genblk1.genblk1.genblk1.genblk1.genblk1.lut1 (4 -> 3)
  Optimizing lut $auto$abc_ops_reintegrate.cc:611:reintegrate$15552.genblk1.genblk1.genblk1.genblk1.genblk1.lut0 (4 -> 2)
  Optimizing lut $auto$abc_ops_reintegrate.cc:611:reintegrate$15555.genblk1.genblk1.genblk1.genblk1.genblk1.lut0 (4 -> 2)
  Optimizing lut $abc$15540$lut$aiger15539$2192.genblk1.genblk1.genblk1.genblk1.genblk1.lut0 (4 -> 0)
  Optimizing lut $abc$15540$lut$aiger15539$1928.genblk1.genblk1.genblk1.genblk1.genblk1.lut0 (4 -> 0)
  Optimizing lut $abc$15540$lut$aiger15539$1219.genblk1.genblk1.genblk1.genblk1.genblk1.lut0 (4 -> 0)
  Optimizing lut $abc$15540$lut$aiger$o1677.genblk1.genblk1.genblk1.genblk1.genblk1.lut1 (4 -> 2)
  Optimizing lut $abc$15540$lut$aiger15539$2185.genblk1.genblk1.genblk1.genblk1.genblk1.lut0 (4 -> 0)
  Optimizing lut $abc$15540$lut$aiger15539$2672.genblk1.genblk1.genblk1.genblk1.genblk1.genblk1.genblk1.genblk1.lut0.genblk1.genblk1.genblk1.genblk1.genblk1.genblk1.genblk1.lut0.genblk1.genblk1.genblk1.genblk1.genblk1.genblk1.lut1.genblk1.genblk1.genblk1.genblk1.genblk1.lut1 (4 -> 0)
  Optimizing lut $abc$15540$lut$aiger$o1679.genblk1.genblk1.genblk1.genblk1.genblk1.genblk1.genblk1.lut0.genblk1.genblk1.genblk1.genblk1.genblk1.genblk1.lut0.genblk1.genblk1.genblk1.genblk1.genblk1.lut1 (4 -> 1)
  Optimizing lut $abc$15540$lut$aiger15539$2117.genblk1.genblk1.genblk1.genblk1.genblk1.lut0 (4 -> 0)
  Optimizing lut $abc$15540$lut$aiger15539$2102.genblk1.genblk1.genblk1.genblk1.genblk1.lut0 (4 -> 0)
  Optimizing lut $abc$15540$lut$aiger15539$1754.genblk1.genblk1.genblk1.genblk1.genblk1.lut0 (4 -> 0)
  Optimizing lut $abc$15540$lut$aiger$o1684.genblk1.genblk1.genblk1.genblk1.genblk1.genblk1.genblk1.lut0.genblk1.genblk1.genblk1.genblk1.genblk1.genblk1.lut1.genblk1.genblk1.genblk1.genblk1.genblk1.lut1 (4 -> 3)
  Optimizing lut $abc$15540$lut$aiger$o1684.genblk1.genblk1.genblk1.genblk1.genblk1.genblk1.genblk1.lut1.genblk1.genblk1.genblk1.genblk1.genblk1.genblk1.lut1.genblk1.genblk1.genblk1.genblk1.genblk1.lut1 (4 -> 2)
  Optimizing lut $abc$15540$lut$aiger$o1686.genblk1.genblk1.genblk1.genblk1.genblk1.lut1 (4 -> 2)
  Optimizing lut $auto$abc_ops_reintegrate.cc:611:reintegrate$15576.genblk1.genblk1.genblk1.genblk1.genblk1.lut0 (4 -> 2)
  Optimizing lut $abc$15540$lut$aiger15539$2038.genblk1.genblk1.genblk1.genblk1.genblk1.lut0 (4 -> 0)
  Optimizing lut $abc$15540$lut$aiger$o1724.genblk1.genblk1.genblk1.genblk1.genblk1.lut1 (4 -> 2)
  Optimizing lut $abc$15540$lut$aiger15539$2045.genblk1.genblk1.genblk1.genblk1.genblk1.lut0 (4 -> 0)
  Optimizing lut $auto$abc_ops_reintegrate.cc:611:reintegrate$15584.genblk1.genblk1.genblk1.genblk1.genblk1.lut1 (4 -> 1)
  Optimizing lut $auto$abc_ops_reintegrate.cc:611:reintegrate$15582.genblk1.genblk1.genblk1.genblk1.genblk1.lut0 (4 -> 2)
  Optimizing lut $abc$15540$lut$aiger15539$2287.genblk1.genblk1.genblk1.genblk1.genblk1.genblk1.genblk1.genblk1.lut1.genblk1.genblk1.genblk1.genblk1.genblk1.genblk1.genblk1.lut1.genblk1.genblk1.genblk1.genblk1.genblk1.genblk1.lut1.genblk1.genblk1.genblk1.genblk1.genblk1.lut1 (4 -> 1)
  Optimizing lut $auto$abc_ops_reintegrate.cc:611:reintegrate$15559.genblk1.genblk1.genblk1.genblk1.genblk1.lut0 (4 -> 2)
  Optimizing lut $abc$15540$lut$aiger15539$2287.genblk1.genblk1.genblk1.genblk1.genblk1.genblk1.genblk1.genblk1.lut1.genblk1.genblk1.genblk1.genblk1.genblk1.genblk1.genblk1.lut0.genblk1.genblk1.genblk1.genblk1.genblk1.genblk1.lut1.genblk1.genblk1.genblk1.genblk1.genblk1.lut1 (4 -> 1)
  Optimizing lut $abc$15540$lut$aiger15539$2083.genblk1.genblk1.genblk1.genblk1.genblk1.genblk1.genblk1.genblk1.lut1.genblk1.genblk1.genblk1.genblk1.genblk1.genblk1.genblk1.lut1.genblk1.genblk1.genblk1.genblk1.genblk1.genblk1.lut1.genblk1.genblk1.genblk1.genblk1.genblk1.lut1 (4 -> 0)
  Optimizing lut $auto$abc_ops_reintegrate.cc:611:reintegrate$15566.genblk1.genblk1.genblk1.genblk1.genblk1.lut0 (4 -> 2)
  Optimizing lut $auto$abc_ops_reintegrate.cc:611:reintegrate$15595.genblk1.genblk1.genblk1.genblk1.genblk1.lut0 (4 -> 2)
  Optimizing lut $abc$15540$lut$aiger15539$2124.genblk1.genblk1.genblk1.genblk1.genblk1.lut0 (4 -> 0)
  Optimizing lut $abc$15540$lut$aiger15539$2399.genblk1.genblk1.genblk1.genblk1.genblk1.lut0 (4 -> 0)
  Optimizing lut $abc$15540$lut$aiger15539$2614.genblk1.genblk1.genblk1.genblk1.genblk1.genblk1.genblk1.genblk1.lut1.genblk1.genblk1.genblk1.genblk1.genblk1.genblk1.genblk1.lut0.genblk1.genblk1.genblk1.genblk1.genblk1.genblk1.lut1.genblk1.genblk1.genblk1.genblk1.genblk1.lut1 (4 -> 3)
  Optimizing lut $abc$15540$lut$aiger15539$2614.genblk1.genblk1.genblk1.genblk1.genblk1.genblk1.genblk1.genblk1.lut1.genblk1.genblk1.genblk1.genblk1.genblk1.genblk1.genblk1.lut1.genblk1.genblk1.genblk1.genblk1.genblk1.genblk1.lut1.genblk1.genblk1.genblk1.genblk1.genblk1.lut1 (4 -> 3)
  Optimizing lut $abc$15540$lut$aiger$o1727.genblk1.genblk1.genblk1.genblk1.genblk1.genblk1.genblk1.lut0.genblk1.genblk1.genblk1.genblk1.genblk1.genblk1.lut0.genblk1.genblk1.genblk1.genblk1.genblk1.lut1 (4 -> 1)
  Optimizing lut $abc$15540$lut$aiger$o1705.genblk1.genblk1.genblk1.genblk1.genblk1.genblk1.genblk1.lut0.genblk1.genblk1.genblk1.genblk1.genblk1.genblk1.lut1.genblk1.genblk1.genblk1.genblk1.genblk1.lut1 (4 -> 3)
  Optimizing lut $abc$15540$lut$aiger15539$1747.genblk1.genblk1.genblk1.genblk1.genblk1.lut0 (4 -> 0)
  Optimizing lut $abc$15540$lut$aiger15539$2350.genblk1.genblk1.genblk1.genblk1.genblk1.lut0 (4 -> 0)
  Optimizing lut $abc$15540$lut$aiger15539$1275.genblk1.genblk1.genblk1.genblk1.genblk1.lut0 (4 -> 0)
  Optimizing lut $abc$15540$lut$aiger15539$1314.genblk1.genblk1.genblk1.genblk1.genblk1.lut0 (4 -> 0)
  Optimizing lut $abc$15540$lut$aiger15539$1333.genblk1.genblk1.genblk1.genblk1.genblk1.lut0 (4 -> 0)
  Optimizing lut $abc$15540$lut$aiger$o1727.genblk1.genblk1.genblk1.genblk1.genblk1.genblk1.genblk1.lut0.genblk1.genblk1.genblk1.genblk1.genblk1.genblk1.lut1.genblk1.genblk1.genblk1.genblk1.genblk1.lut1 (4 -> 3)
  Optimizing lut $auto$abc_ops_reintegrate.cc:611:reintegrate$15603.genblk1.genblk1.genblk1.genblk1.genblk1.lut0 (4 -> 2)
  Optimizing lut $abc$15540$lut$aiger15539$1906.genblk1.genblk1.genblk1.genblk1.genblk1.lut0 (4 -> 0)
  Optimizing lut $abc$15540$lut$aiger$o1148.genblk1.genblk1.genblk1.genblk1.genblk1.lut0 (4 -> 0)
  Optimizing lut $abc$15540$lut$aiger$o1705.genblk1.genblk1.genblk1.genblk1.genblk1.genblk1.genblk1.lut0.genblk1.genblk1.genblk1.genblk1.genblk1.genblk1.lut0.genblk1.genblk1.genblk1.genblk1.genblk1.lut1 (4 -> 1)
  Optimizing lut $abc$15540$lut$aiger15539$1450.genblk1.genblk1.genblk1.genblk1.genblk1.lut0 (4 -> 0)
  Optimizing lut $abc$15540$lut$aiger15539$1465.genblk1.genblk1.genblk1.genblk1.genblk1.lut0 (4 -> 0)
  Optimizing lut $abc$15540$lut$aiger15539$1472.genblk1.genblk1.genblk1.genblk1.genblk1.lut0 (4 -> 0)
  Optimizing lut $abc$15540$lut$aiger$o989.genblk1.genblk1.genblk1.genblk1.genblk1.lut1 (4 -> 0)
  Optimizing lut $abc$15540$lut$aiger15539$2421.genblk1.genblk1.genblk1.genblk1.genblk1.lut0 (4 -> 0)
  Optimizing lut $abc$15540$lut$aiger15539$1223.genblk1.genblk1.genblk1.genblk1.genblk1.lut1 (4 -> 0)
  Optimizing lut $abc$15540$lut$aiger$o1710.genblk1.genblk1.genblk1.genblk1.genblk1.lut0 (4 -> 2)
  Optimizing lut $abc$15540$lut$aiger$o1146.genblk1.genblk1.genblk1.genblk1.genblk1.lut1 (4 -> 0)
  Optimizing lut $abc$15540$lut$aiger15539$2495.genblk1.genblk1.genblk1.genblk1.genblk1.genblk1.genblk1.genblk1.lut1.genblk1.genblk1.genblk1.genblk1.genblk1.genblk1.genblk1.lut0.genblk1.genblk1.genblk1.genblk1.genblk1.genblk1.lut1.genblk1.genblk1.genblk1.genblk1.genblk1.lut1 (4 -> 3)
  Optimizing lut $abc$15540$lut$aiger$o1758.genblk1.genblk1.genblk1.genblk1.genblk1.genblk1.genblk1.genblk1.lut1.genblk1.genblk1.genblk1.genblk1.genblk1.genblk1.genblk1.lut1.genblk1.genblk1.genblk1.genblk1.genblk1.genblk1.lut1.genblk1.genblk1.genblk1.genblk1.genblk1.lut1 (4 -> 2)
  Optimizing lut $abc$15540$lut$aiger15539$1609.genblk1.genblk1.genblk1.genblk1.genblk1.lut0 (4 -> 0)
  Optimizing lut $abc$15540$lut$aiger15539$1624.genblk1.genblk1.genblk1.genblk1.genblk1.lut0 (4 -> 0)
  Optimizing lut $abc$15540$lut$aiger15539$1631.genblk1.genblk1.genblk1.genblk1.genblk1.lut0 (4 -> 0)
  Optimizing lut $abc$15540$lut$aiger15539$2170.genblk1.genblk1.genblk1.genblk1.genblk1.lut0 (4 -> 0)
  Optimizing lut $abc$15540$lut$aiger15539$1861.genblk1.genblk1.genblk1.genblk1.genblk1.lut0 (4 -> 0)
  Optimizing lut $abc$15540$lut$aiger$o1684.genblk1.genblk1.genblk1.genblk1.genblk1.genblk1.genblk1.lut0.genblk1.genblk1.genblk1.genblk1.genblk1.genblk1.lut0.genblk1.genblk1.genblk1.genblk1.genblk1.lut1 (4 -> 1)
  Optimizing lut $auto$abc_ops_reintegrate.cc:611:reintegrate$15587.genblk1.genblk1.genblk1.genblk1.genblk1.lut0 (4 -> 2)
  Optimizing lut $abc$15540$lut$aiger15539$2414.genblk1.genblk1.genblk1.genblk1.genblk1.lut0 (4 -> 0)
  Optimizing lut $abc$15540$lut$aiger$o1661.genblk1.genblk1.genblk1.genblk1.genblk1.genblk1.lut1.genblk1.genblk1.genblk1.genblk1.genblk1.lut1 (4 -> 3)
  Optimizing lut $auto$abc_ops_reintegrate.cc:611:reintegrate$15563.genblk1.genblk1.genblk1.genblk1.genblk1.lut0 (4 -> 2)
  Optimizing lut $abc$15540$lut$aiger15539$2495.genblk1.genblk1.genblk1.genblk1.genblk1.genblk1.genblk1.genblk1.lut1.genblk1.genblk1.genblk1.genblk1.genblk1.genblk1.genblk1.lut1.genblk1.genblk1.genblk1.genblk1.genblk1.genblk1.lut1.genblk1.genblk1.genblk1.genblk1.genblk1.lut1 (4 -> 0)
  Optimizing lut $auto$abc_ops_reintegrate.cc:611:reintegrate$15571.genblk1.genblk1.genblk1.genblk1.genblk1.lut0 (4 -> 2)
  Optimizing lut $abc$15540$lut$aiger15539$1921.genblk1.genblk1.genblk1.genblk1.genblk1.lut0 (4 -> 0)
  Optimizing lut $abc$15540$lut$aiger15539$2270.genblk1.genblk1.genblk1.genblk1.genblk1.lut0 (4 -> 0)
  Optimizing lut $abc$15540$lut$aiger$o1679.genblk1.genblk1.genblk1.genblk1.genblk1.genblk1.genblk1.lut0.genblk1.genblk1.genblk1.genblk1.genblk1.genblk1.lut1.genblk1.genblk1.genblk1.genblk1.genblk1.lut1 (4 -> 3)
  Optimizing lut $abc$15540$lut$aiger15539$2287.genblk1.genblk1.genblk1.genblk1.genblk1.genblk1.genblk1.genblk1.lut0.genblk1.genblk1.genblk1.genblk1.genblk1.genblk1.genblk1.lut0.genblk1.genblk1.genblk1.genblk1.genblk1.genblk1.lut1.genblk1.genblk1.genblk1.genblk1.genblk1.lut1 (4 -> 1)
  Optimizing lut $auto$abc_ops_reintegrate.cc:611:reintegrate$15577.genblk1.genblk1.genblk1.genblk1.genblk1.lut0 (4 -> 1)
  Optimizing lut $abc$15540$lut$aiger15539$2343.genblk1.genblk1.genblk1.genblk1.genblk1.lut0 (4 -> 0)
  Optimizing lut $abc$15540$lut$aiger15539$2023.genblk1.genblk1.genblk1.genblk1.genblk1.lut0 (4 -> 0)
  Optimizing lut $abc$15540$lut$aiger15539$2543.genblk1.genblk1.genblk1.genblk1.genblk1.lut0 (4 -> 1)

15.47. Executing HILOMAP pass (mapping to constant drivers).
Removed 0 unused cells and 1792 unused wires.

15.48. Executing AUTONAME pass.
Renamed 1874 objects in module top.
<suppressed ~1874 debug messages>

15.49. Executing HIERARCHY pass (managing design hierarchy).
Attribute `top' found on module `top'. Setting top module to top.

15.49.1. Analyzing design hierarchy..
Top module:  \top

15.49.2. Analyzing design hierarchy..
Top module:  \top
Removed 0 unused modules.

15.50. Printing statistics.

=== top ===

        +----------Local Count, excluding submodules.
        | 
      701 wires
     1839 wire bits
      701 public wires
     1839 public wire bits
        9 ports
       14 port bits
      825 cells
        5   $scopeinfo
        1   GND
        5   IBUF
      108   LUT1
       90   LUT2
       96   LUT3
      306   LUT4
      143   MUX2_LUT5
       37   MUX2_LUT6
       17   MUX2_LUT7
        6   MUX2_LUT8
        9   OBUF
        1   VCC
        1   pROM
      424 submodules
       28   DFFC
       92   DFFCE
      256   DFFE
       30   DFFP
       12   DFFPE
        6   DFFRE

=== design hierarchy ===

        +----------Count including submodules.
        | 
      825 top

        +----------Count including submodules.
        | 
      701 wires
     1839 wire bits
      701 public wires
     1839 public wire bits
        9 ports
       14 port bits
        - memories
        - memory bits
        - processes
      825 cells
        5   $scopeinfo
        1   GND
        5   IBUF
      108   LUT1
       90   LUT2
       96   LUT3
      306   LUT4
      143   MUX2_LUT5
       37   MUX2_LUT6
       17   MUX2_LUT7
        6   MUX2_LUT8
        9   OBUF
        1   VCC
        1   pROM
      424 submodules
       28   DFFC
       92   DFFCE
      256   DFFE
       30   DFFP
       12   DFFPE
        6   DFFRE

15.51. Executing CHECK pass (checking for obvious problems).
Checking module top...
Found and reported 0 problems.

16. Executing JSON backend.

Warnings: 2 unique messages, 3 total
End of script. Logfile hash: 97a0e3837e, time: 0.80s, user: 0.57s, system: 0.04s, MEM: 66.78 MB peak
Yosys 0.69+post (git sha1 143eb14f9cc55d6f8927e68523b0c9d2166ed02c, Release, AppleClang clang++ 21.0.0.21000334)
Time spent: 23% 1x abc9_exe (0 sec), 15% 15x techmap (0 sec), ...
