
 /----------------------------------------------------------------------------\
 |  yosys -- Yosys Open SYnthesis Suite                                       |
 |  Copyright (C) 2012 - 2026  Claire Xenia Wolf <claire@yosyshq.com>         |
 |  Distributed under an ISC-like license, type "license" to see terms        |
 \----------------------------------------------------------------------------/
 Yosys 0.69+post (git sha1 143eb14f9cc55d6f8927e68523b0c9d2166ed02c, Release, AppleClang clang++ 21.0.0.21000334)

-- Executing script file `/var/folders/ck/2q7kcx450pz3pzshjchz7w0w0000gn/T//synth-proto0.8Inkru' --

1. Executing Verilog-2005 frontend: ../src/synthesizer/hdl/wavetable_pkg.sv
Parsing SystemVerilog input from `../src/synthesizer/hdl/wavetable_pkg.sv' to AST representation.
Successfully finished Verilog frontend.

2. Executing Verilog-2005 frontend: ../src/synthesizer/hdl/wavetable_synth.sv
Parsing SystemVerilog input from `../src/synthesizer/hdl/wavetable_synth.sv' to AST representation.
Generating RTLIL representation for module `\wavetable_synth'.
Successfully finished Verilog frontend.

3. Executing Verilog-2005 frontend: ../src/synthesizer/hdl/wavetable_rom.sv
Parsing SystemVerilog input from `../src/synthesizer/hdl/wavetable_rom.sv' to AST representation.
Generating RTLIL representation for module `\wavetable_rom'.
Successfully finished Verilog frontend.

4. Executing Verilog-2005 frontend: ../src/misc/fifo.sv
Parsing SystemVerilog input from `../src/misc/fifo.sv' to AST representation.
Generating RTLIL representation for module `\fifo'.
Warning: Replacing memory \mem with list of registers. See ../src/misc/fifo.sv:39
Successfully finished Verilog frontend.

5. Executing Verilog-2005 frontend: ../src/vol/gain.sv
Parsing SystemVerilog input from `../src/vol/gain.sv' to AST representation.
Generating RTLIL representation for module `\gain'.
Successfully finished Verilog frontend.

6. Executing Verilog-2005 frontend: ../src/vol/volume.sv
Parsing SystemVerilog input from `../src/vol/volume.sv' to AST representation.
Generating RTLIL representation for module `\volume'.
Successfully finished Verilog frontend.

7. Executing Verilog-2005 frontend: ../src/i2s/i2s_tx.sv
Parsing SystemVerilog input from `../src/i2s/i2s_tx.sv' to AST representation.
Generating RTLIL representation for module `\i2s_tx'.
Successfully finished Verilog frontend.

8. Executing Verilog-2005 frontend: ../src/i2s/i2s_rx.sv
Parsing SystemVerilog input from `../src/i2s/i2s_rx.sv' to AST representation.
Generating RTLIL representation for module `\i2s_rx'.
Successfully finished Verilog frontend.

9. Executing Verilog-2005 frontend: ../src/encoder/encoder.sv
Parsing SystemVerilog input from `../src/encoder/encoder.sv' to AST representation.
Generating RTLIL representation for module `\encoder'.
Successfully finished Verilog frontend.

10. Executing Verilog-2005 frontend: ../src/clk_div/clk_div.sv
Parsing SystemVerilog input from `../src/clk_div/clk_div.sv' to AST representation.
Generating RTLIL representation for module `\clk_div'.
Successfully finished Verilog frontend.

11. Executing Verilog-2005 frontend: ../src/top/protoboard_0.sv
Parsing SystemVerilog input from `../src/top/protoboard_0.sv' to AST representation.
Generating RTLIL representation for module `\top'.
Successfully finished Verilog frontend.

12. Executing HIERARCHY pass (managing design hierarchy).

12.1. Analyzing design hierarchy..
Top module:  \top
Used module:     \i2s_tx
Used module:     \fifo
Used module:     \volume
Used module:         \gain
Used module:     \encoder
Used module:     \i2s_rx
Used module:     \clk_div
Parameter \SYS_CLK_FREQ = 27000000
Parameter \BIT_DEPTH = 16

12.2. Executing AST frontend in derive mode using pre-parsed AST for module `\i2s_tx'.
Parameter \SYS_CLK_FREQ = 27000000
Parameter \BIT_DEPTH = 16
Generating RTLIL representation for module `$paramod$5785904fef3fb2a86d9b4a3d3a35d0648892543e\i2s_tx'.
Parameter \WIDTH = 16
Parameter \DEPTH = 16

12.3. Executing AST frontend in derive mode using pre-parsed AST for module `\fifo'.
Parameter \WIDTH = 16
Parameter \DEPTH = 16
Generating RTLIL representation for module `$paramod$1719986e2d5dc43517b18f4e324b0f602a4474e9\fifo'.
Warning: Replacing memory \mem with list of registers. See ../src/misc/fifo.sv:39
Parameter \DWIDTH = 16

12.4. Executing AST frontend in derive mode using pre-parsed AST for module `\volume'.
Parameter \DWIDTH = 16
Generating RTLIL representation for module `$paramod\volume\DWIDTH=s32'00000000000000000000000000010000'.
Parameter \WIDTH = 32
Parameter \DEPTH = 16

12.5. Executing AST frontend in derive mode using pre-parsed AST for module `\fifo'.
Parameter \WIDTH = 32
Parameter \DEPTH = 16
Generating RTLIL representation for module `$paramod$28704d8bf4447e08602ecae7770c77318b280126\fifo'.
Warning: Replacing memory \mem with list of registers. See ../src/misc/fifo.sv:39
Parameter \BIT_DEPTH = 16

12.6. Executing AST frontend in derive mode using pre-parsed AST for module `\i2s_rx'.
Parameter \BIT_DEPTH = 16
Generating RTLIL representation for module `$paramod\i2s_rx\BIT_DEPTH=s32'00000000000000000000000000010000'.
Parameter \CLK_FREQ_HZ = 27000000
Parameter \OUT_FREQ_HZ = 1000

12.7. Executing AST frontend in derive mode using pre-parsed AST for module `\clk_div'.
Parameter \CLK_FREQ_HZ = 27000000
Parameter \OUT_FREQ_HZ = 1000
Generating RTLIL representation for module `$paramod$5ff65cac883644189a11f33c7731774bf2d6e2d2\clk_div'.
Parameter \DWIDTH = 16

12.8. Executing AST frontend in derive mode using pre-parsed AST for module `\gain'.
Parameter \DWIDTH = 16
Generating RTLIL representation for module `$paramod\gain\DWIDTH=s32'00000000000000000000000000010000'.

12.9. Analyzing design hierarchy..
Top module:  \top
Used module:     $paramod$5785904fef3fb2a86d9b4a3d3a35d0648892543e\i2s_tx
Used module:     $paramod$1719986e2d5dc43517b18f4e324b0f602a4474e9\fifo
Used module:     $paramod\volume\DWIDTH=s32'00000000000000000000000000010000
Used module:         \gain
Used module:     \encoder
Used module:     $paramod$28704d8bf4447e08602ecae7770c77318b280126\fifo
Used module:     $paramod\i2s_rx\BIT_DEPTH=s32'00000000000000000000000000010000
Used module:     $paramod$5ff65cac883644189a11f33c7731774bf2d6e2d2\clk_div
Parameter \DWIDTH = 16
Found cached RTLIL representation for module `$paramod\gain\DWIDTH=s32'00000000000000000000000000010000'.

12.10. Analyzing design hierarchy..
Top module:  \top
Used module:     $paramod$5785904fef3fb2a86d9b4a3d3a35d0648892543e\i2s_tx
Used module:     $paramod$1719986e2d5dc43517b18f4e324b0f602a4474e9\fifo
Used module:     $paramod\volume\DWIDTH=s32'00000000000000000000000000010000
Used module:         $paramod\gain\DWIDTH=s32'00000000000000000000000000010000
Used module:     \encoder
Used module:     $paramod$28704d8bf4447e08602ecae7770c77318b280126\fifo
Used module:     $paramod\i2s_rx\BIT_DEPTH=s32'00000000000000000000000000010000
Used module:     $paramod$5ff65cac883644189a11f33c7731774bf2d6e2d2\clk_div

12.11. Analyzing design hierarchy..
Top module:  \top
Used module:     $paramod$5785904fef3fb2a86d9b4a3d3a35d0648892543e\i2s_tx
Used module:     $paramod$1719986e2d5dc43517b18f4e324b0f602a4474e9\fifo
Used module:     $paramod\volume\DWIDTH=s32'00000000000000000000000000010000
Used module:         $paramod\gain\DWIDTH=s32'00000000000000000000000000010000
Used module:     \encoder
Used module:     $paramod$28704d8bf4447e08602ecae7770c77318b280126\fifo
Used module:     $paramod\i2s_rx\BIT_DEPTH=s32'00000000000000000000000000010000
Used module:     $paramod$5ff65cac883644189a11f33c7731774bf2d6e2d2\clk_div
Removing unused module `\clk_div'.
Removing unused module `\i2s_rx'.
Removing unused module `\i2s_tx'.
Removing unused module `\volume'.
Removing unused module `\gain'.
Removing unused module `\fifo'.
Removing unused module `\wavetable_rom'.
Removing unused module `\wavetable_synth'.
Removed 8 unused modules.
Warning: Resizing cell port top.volume_inst.fifo_in_data from 32 bits to 16 bits.

13. Executing PROC pass (convert processes to netlists).

13.1. Executing PROC_CLEAN pass (remove empty switches from decision trees).
Cleaned up 0 empty switches.

13.2. Executing PROC_RMDEAD pass (remove dead branches from decision trees).
Marked 2 switch rules as full_case in process $proc$../src/vol/gain.sv:27$222 in module $paramod\gain\DWIDTH=s32'00000000000000000000000000010000.
Marked 2 switch rules as full_case in process $proc$../src/encoder/encoder.sv:86$102 in module encoder.
Marked 1 switch rules as full_case in process $proc$../src/encoder/encoder.sv:59$85 in module encoder.
Marked 1 switch rules as full_case in process $proc$../src/encoder/encoder.sv:46$83 in module encoder.
Marked 2 switch rules as full_case in process $proc$../src/clk_div/clk_div.sv:15$213 in module $paramod$5ff65cac883644189a11f33c7731774bf2d6e2d2\clk_div.
Marked 6 switch rules as full_case in process $proc$../src/i2s/i2s_rx.sv:97$212 in module $paramod\i2s_rx\BIT_DEPTH=s32'00000000000000000000000000010000.
Marked 1 switch rules as full_case in process $proc$../src/i2s/i2s_rx.sv:80$208 in module $paramod\i2s_rx\BIT_DEPTH=s32'00000000000000000000000000010000.
Marked 1 switch rules as full_case in process $proc$../src/i2s/i2s_rx.sv:31$200 in module $paramod\i2s_rx\BIT_DEPTH=s32'00000000000000000000000000010000.
Removed 1 dead cases from process $proc$../src/misc/fifo.sv:55$197 in module $paramod$28704d8bf4447e08602ecae7770c77318b280126\fifo.
Marked 1 switch rules as full_case in process $proc$../src/misc/fifo.sv:55$197 in module $paramod$28704d8bf4447e08602ecae7770c77318b280126\fifo.
Marked 4 switch rules as full_case in process $proc$../src/misc/fifo.sv:32$181 in module $paramod$28704d8bf4447e08602ecae7770c77318b280126\fifo.
Marked 3 switch rules as full_case in process $proc$../src/vol/volume.sv:46$169 in module $paramod\volume\DWIDTH=s32'00000000000000000000000000010000.
Removed 1 dead cases from process $proc$../src/misc/fifo.sv:55$166 in module $paramod$1719986e2d5dc43517b18f4e324b0f602a4474e9\fifo.
Marked 1 switch rules as full_case in process $proc$../src/misc/fifo.sv:55$166 in module $paramod$1719986e2d5dc43517b18f4e324b0f602a4474e9\fifo.
Marked 4 switch rules as full_case in process $proc$../src/misc/fifo.sv:32$150 in module $paramod$1719986e2d5dc43517b18f4e324b0f602a4474e9\fifo.
Marked 4 switch rules as full_case in process $proc$../src/i2s/i2s_tx.sv:67$134 in module $paramod$5785904fef3fb2a86d9b4a3d3a35d0648892543e\i2s_tx.
Marked 1 switch rules as full_case in process $proc$../src/i2s/i2s_tx.sv:51$130 in module $paramod$5785904fef3fb2a86d9b4a3d3a35d0648892543e\i2s_tx.
Marked 2 switch rules as full_case in process $proc$../src/i2s/i2s_tx.sv:34$125 in module $paramod$5785904fef3fb2a86d9b4a3d3a35d0648892543e\i2s_tx.
Marked 2 switch rules as full_case in process $proc$../src/top/protoboard_0.sv:120$120 in module top.
Removed a total of 2 dead cases.

13.3. Executing PROC_PRUNE pass (remove redundant assignments in processes).
Removed 33 redundant assignments.
Promoted 10 assignments to connections.

13.4. Executing PROC_INIT pass (extract init attributes).

13.5. Executing PROC_ARST pass (detect async resets in processes).
Found async reset \rst_n in `\encoder.$proc$../src/encoder/encoder.sv:86$102'.
Found async reset \rst_n in `\encoder.$proc$../src/encoder/encoder.sv:59$85'.
Found async reset \rst_n in `\encoder.$proc$../src/encoder/encoder.sv:46$83'.
Found async reset \rst_n in `$paramod$5ff65cac883644189a11f33c7731774bf2d6e2d2\clk_div.$proc$../src/clk_div/clk_div.sv:15$213'.
Found async reset \rst_n in `$paramod\i2s_rx\BIT_DEPTH=s32'00000000000000000000000000010000.$proc$../src/i2s/i2s_rx.sv:80$208'.
Found async reset \rst_n in `$paramod\i2s_rx\BIT_DEPTH=s32'00000000000000000000000000010000.$proc$../src/i2s/i2s_rx.sv:31$200'.
Found async reset \rst_n in `$paramod$28704d8bf4447e08602ecae7770c77318b280126\fifo.$proc$../src/misc/fifo.sv:32$181'.
Found async reset \rst in `$paramod\volume\DWIDTH=s32'00000000000000000000000000010000.$proc$../src/vol/volume.sv:46$169'.
Found async reset \rst_n in `$paramod$1719986e2d5dc43517b18f4e324b0f602a4474e9\fifo.$proc$../src/misc/fifo.sv:32$150'.
Found async reset \rst_n in `$paramod$5785904fef3fb2a86d9b4a3d3a35d0648892543e\i2s_tx.$proc$../src/i2s/i2s_tx.sv:67$134'.
Found async reset \rst_n in `$paramod$5785904fef3fb2a86d9b4a3d3a35d0648892543e\i2s_tx.$proc$../src/i2s/i2s_tx.sv:51$130'.
Found async reset \rst_n in `$paramod$5785904fef3fb2a86d9b4a3d3a35d0648892543e\i2s_tx.$proc$../src/i2s/i2s_tx.sv:34$125'.

13.6. Executing PROC_ROM pass (convert switches to ROMs).
Converted 0 switches.
<suppressed ~36 debug messages>

13.7. Executing PROC_MUX pass (convert decision trees to multiplexers).
Creating decoders for process `$paramod\gain\DWIDTH=s32'00000000000000000000000000010000.$proc$../src/vol/gain.sv:27$222'.
     1/2: $0\prod_valid[0:0]
     2/2: $0\fifo_out_data[15:0]
Creating decoders for process `\encoder.$proc$../src/encoder/encoder.sv:86$102'.
     1/6: $0\trigger[0:0]
     2/6: $0\down[0:0]
     3/6: $0\up[0:0]
     4/6: $0\fe_count[1:0]
     5/6: $0\prev_dir[1:0]
     6/6: $0\dir_reg[1:0]
Creating decoders for process `\encoder.$proc$../src/encoder/encoder.sv:59$85'.
     1/9: $0\C_re[0:0]
     2/9: $0\B_re[0:0]
     3/9: $0\A_re[0:0]
     4/9: $0\C_fe[0:0]
     5/9: $0\B_fe[0:0]
     6/9: $0\A_fe[0:0]
     7/9: $0\C_sync_ff[1:0]
     8/9: $0\B_sync_ff[1:0]
     9/9: $0\A_sync_ff[1:0]
Creating decoders for process `\encoder.$proc$../src/encoder/encoder.sv:46$83'.
     1/3: $0\C_sync[9:0]
     2/3: $0\B_sync[9:0]
     3/3: $0\A_sync[9:0]
Creating decoders for process `$paramod$5ff65cac883644189a11f33c7731774bf2d6e2d2\clk_div.$proc$../src/clk_div/clk_div.sv:15$213'.
     1/2: $0\counter[13:0]
     2/2: $0\clk_1ms[0:0]
Creating decoders for process `$paramod\i2s_rx\BIT_DEPTH=s32'00000000000000000000000000010000.$proc$../src/i2s/i2s_rx.sv:97$212'.
     1/10: $2\sample_r[15:0]
     2/10: $2\sample_done[0:0]
     3/10: $4\next_state[2:0]
     4/10: $2\sample_l[15:0]
     5/10: $3\next_state[2:0]
     6/10: $2\next_state[2:0]
     7/10: $1\next_state[2:0]
     8/10: $1\sample_done[0:0]
     9/10: $1\sample_r[15:0]
    10/10: $1\sample_l[15:0]
Creating decoders for process `$paramod\i2s_rx\BIT_DEPTH=s32'00000000000000000000000000010000.$proc$../src/i2s/i2s_rx.sv:80$208'.
     1/5: $0\sample_r_reg[15:0]
     2/5: $0\sample_l_reg[15:0]
     3/5: $0\state[2:0]
     4/5: $0\fifo_wr_en[0:0]
     5/5: $0\fifo_wr_data[31:0]
Creating decoders for process `$paramod\i2s_rx\BIT_DEPTH=s32'00000000000000000000000000010000.$proc$../src/i2s/i2s_rx.sv:31$200'.
     1/11: $0\lrck_fe[0:0]
     2/11: $0\lrck_re[0:0]
     3/11: $0\bclk_re[0:0]
     4/11: $0\lrck_sync_ff[1:0]
     5/11: $0\bclk_sync_ff[1:0]
     6/11: $0\sdata_sync[0:0]
     7/11: $0\sdata_ff[1:0]
     8/11: $0\lrck_sync[0:0]
     9/11: $0\lrck_ff[1:0]
    10/11: $0\bclk_sync[0:0]
    11/11: $0\bclk_ff[1:0]
Creating decoders for process `$paramod$28704d8bf4447e08602ecae7770c77318b280126\fifo.$proc$../src/misc/fifo.sv:55$197'.
     1/1: $1$mem2reg_rd$\mem$../src/misc/fifo.sv:55$174_DATA[31:0]$199
Creating decoders for process `$paramod$28704d8bf4447e08602ecae7770c77318b280126\fifo.$proc$../src/misc/fifo.sv:32$181'.
     1/23: $0\count[4:0]
     2/23: $2$mem2reg_wr$\mem$../src/misc/fifo.sv:39$173_ADDR[3:0]$187
     3/23: $2$mem2reg_wr$\mem$../src/misc/fifo.sv:39$173_DATA[31:0]$188
     4/23: $1$mem2reg_wr$\mem$../src/misc/fifo.sv:39$173_DATA[31:0]$186
     5/23: $1$mem2reg_wr$\mem$../src/misc/fifo.sv:39$173_ADDR[3:0]$185
     6/23: $0\mem[15][31:0]
     7/23: $0\mem[14][31:0]
     8/23: $0\mem[13][31:0]
     9/23: $0\mem[12][31:0]
    10/23: $0\mem[11][31:0]
    11/23: $0\mem[10][31:0]
    12/23: $0\mem[9][31:0]
    13/23: $0\mem[8][31:0]
    14/23: $0\mem[7][31:0]
    15/23: $0\mem[6][31:0]
    16/23: $0\mem[5][31:0]
    17/23: $0\mem[4][31:0]
    18/23: $0\mem[3][31:0]
    19/23: $0\mem[2][31:0]
    20/23: $0\mem[1][31:0]
    21/23: $0\mem[0][31:0]
    22/23: $0\rd_ptr[3:0]
    23/23: $0\wr_ptr[3:0]
Creating decoders for process `$paramod\volume\DWIDTH=s32'00000000000000000000000000010000.$proc$../src/vol/volume.sv:46$169'.
     1/1: $0\gain[15:0]
Creating decoders for process `$paramod$1719986e2d5dc43517b18f4e324b0f602a4474e9\fifo.$proc$../src/misc/fifo.sv:55$166'.
     1/1: $1$mem2reg_rd$\mem$../src/misc/fifo.sv:55$143_DATA[15:0]$168
Creating decoders for process `$paramod$1719986e2d5dc43517b18f4e324b0f602a4474e9\fifo.$proc$../src/misc/fifo.sv:32$150'.
     1/23: $0\count[4:0]
     2/23: $2$mem2reg_wr$\mem$../src/misc/fifo.sv:39$142_ADDR[3:0]$156
     3/23: $2$mem2reg_wr$\mem$../src/misc/fifo.sv:39$142_DATA[15:0]$157
     4/23: $1$mem2reg_wr$\mem$../src/misc/fifo.sv:39$142_DATA[15:0]$155
     5/23: $1$mem2reg_wr$\mem$../src/misc/fifo.sv:39$142_ADDR[3:0]$154
     6/23: $0\mem[15][15:0]
     7/23: $0\mem[14][15:0]
     8/23: $0\mem[13][15:0]
     9/23: $0\mem[12][15:0]
    10/23: $0\mem[11][15:0]
    11/23: $0\mem[10][15:0]
    12/23: $0\mem[9][15:0]
    13/23: $0\mem[8][15:0]
    14/23: $0\mem[7][15:0]
    15/23: $0\mem[6][15:0]
    16/23: $0\mem[5][15:0]
    17/23: $0\mem[4][15:0]
    18/23: $0\mem[3][15:0]
    19/23: $0\mem[2][15:0]
    20/23: $0\mem[1][15:0]
    21/23: $0\mem[0][15:0]
    22/23: $0\rd_ptr[3:0]
    23/23: $0\wr_ptr[3:0]
Creating decoders for process `$paramod$5785904fef3fb2a86d9b4a3d3a35d0648892543e\i2s_tx.$proc$../src/i2s/i2s_tx.sv:67$134'.
     1/7: $0\rd_en[0:0]
     2/7: $0\sample_latch[15:0]
     3/7: $0\shift_reg[15:0]
     4/7: $0\ws[0:0]
     5/7: $0\bit_cnt[3:0]
     6/7: $0\sdata[0:0]
     7/7: $0\lrck[0:0]
Creating decoders for process `$paramod$5785904fef3fb2a86d9b4a3d3a35d0648892543e\i2s_tx.$proc$../src/i2s/i2s_tx.sv:51$130'.
     1/1: $0\bclk_r_d[0:0]
Creating decoders for process `$paramod$5785904fef3fb2a86d9b4a3d3a35d0648892543e\i2s_tx.$proc$../src/i2s/i2s_tx.sv:34$125'.
     1/2: $0\bclk_cnt[4:0]
     2/2: $0\bclk_r[0:0]
Creating decoders for process `\top.$proc$../src/top/protoboard_0.sv:120$120'.
     1/1: $0\led_counter[5:0]

13.8. Executing PROC_DLATCH pass (convert process syncs to latches).
No latch inferred for signal `$paramod\i2s_rx\BIT_DEPTH=s32'00000000000000000000000000010000.\next_state' from process `$paramod\i2s_rx\BIT_DEPTH=s32'00000000000000000000000000010000.$proc$../src/i2s/i2s_rx.sv:97$212'.
No latch inferred for signal `$paramod\i2s_rx\BIT_DEPTH=s32'00000000000000000000000000010000.\sample_l' from process `$paramod\i2s_rx\BIT_DEPTH=s32'00000000000000000000000000010000.$proc$../src/i2s/i2s_rx.sv:97$212'.
No latch inferred for signal `$paramod\i2s_rx\BIT_DEPTH=s32'00000000000000000000000000010000.\sample_r' from process `$paramod\i2s_rx\BIT_DEPTH=s32'00000000000000000000000000010000.$proc$../src/i2s/i2s_rx.sv:97$212'.
No latch inferred for signal `$paramod\i2s_rx\BIT_DEPTH=s32'00000000000000000000000000010000.\sample_done' from process `$paramod\i2s_rx\BIT_DEPTH=s32'00000000000000000000000000010000.$proc$../src/i2s/i2s_rx.sv:97$212'.
No latch inferred for signal `$paramod$28704d8bf4447e08602ecae7770c77318b280126\fifo.$mem2reg_rd$\mem$../src/misc/fifo.sv:55$174_DATA' from process `$paramod$28704d8bf4447e08602ecae7770c77318b280126\fifo.$proc$../src/misc/fifo.sv:55$197'.
No latch inferred for signal `$paramod$1719986e2d5dc43517b18f4e324b0f602a4474e9\fifo.$mem2reg_rd$\mem$../src/misc/fifo.sv:55$143_DATA' from process `$paramod$1719986e2d5dc43517b18f4e324b0f602a4474e9\fifo.$proc$../src/misc/fifo.sv:55$166'.

13.9. Executing PROC_DFF pass (convert process syncs to FFs).
Creating register for signal `$paramod\gain\DWIDTH=s32'00000000000000000000000000010000.\fifo_out_data' using process `$paramod\gain\DWIDTH=s32'00000000000000000000000000010000.$proc$../src/vol/gain.sv:27$222'.
  created $dff cell `$procdff$874' with positive edge clock.
Creating register for signal `$paramod\gain\DWIDTH=s32'00000000000000000000000000010000.\prod_valid' using process `$paramod\gain\DWIDTH=s32'00000000000000000000000000010000.$proc$../src/vol/gain.sv:27$222'.
  created $dff cell `$procdff$875' with positive edge clock.
Creating register for signal `\encoder.\trigger' using process `\encoder.$proc$../src/encoder/encoder.sv:86$102'.
  created $adff cell `$procdff$880' with positive edge clock and positive level reset.
Creating register for signal `\encoder.\up' using process `\encoder.$proc$../src/encoder/encoder.sv:86$102'.
  created $adff cell `$procdff$885' with positive edge clock and positive level reset.
Creating register for signal `\encoder.\down' using process `\encoder.$proc$../src/encoder/encoder.sv:86$102'.
  created $adff cell `$procdff$890' with positive edge clock and positive level reset.
Creating register for signal `\encoder.\dir_reg' using process `\encoder.$proc$../src/encoder/encoder.sv:86$102'.
  created $adff cell `$procdff$895' with positive edge clock and positive level reset.
Creating register for signal `\encoder.\prev_dir' using process `\encoder.$proc$../src/encoder/encoder.sv:86$102'.
  created $adff cell `$procdff$900' with positive edge clock and positive level reset.
Creating register for signal `\encoder.\fe_count' using process `\encoder.$proc$../src/encoder/encoder.sv:86$102'.
  created $dff cell `$procdff$907' with positive edge clock.
Creating register for signal `\encoder.\A_sync_ff' using process `\encoder.$proc$../src/encoder/encoder.sv:59$85'.
  created $adff cell `$procdff$912' with positive edge clock and positive level reset.
Creating register for signal `\encoder.\B_sync_ff' using process `\encoder.$proc$../src/encoder/encoder.sv:59$85'.
  created $adff cell `$procdff$917' with positive edge clock and positive level reset.
Creating register for signal `\encoder.\C_sync_ff' using process `\encoder.$proc$../src/encoder/encoder.sv:59$85'.
  created $adff cell `$procdff$922' with positive edge clock and positive level reset.
Creating register for signal `\encoder.\A_fe' using process `\encoder.$proc$../src/encoder/encoder.sv:59$85'.
  created $adff cell `$procdff$927' with positive edge clock and positive level reset.
Creating register for signal `\encoder.\B_fe' using process `\encoder.$proc$../src/encoder/encoder.sv:59$85'.
  created $adff cell `$procdff$932' with positive edge clock and positive level reset.
Creating register for signal `\encoder.\C_fe' using process `\encoder.$proc$../src/encoder/encoder.sv:59$85'.
  created $adff cell `$procdff$937' with positive edge clock and positive level reset.
Creating register for signal `\encoder.\A_re' using process `\encoder.$proc$../src/encoder/encoder.sv:59$85'.
  created $adff cell `$procdff$942' with positive edge clock and positive level reset.
Creating register for signal `\encoder.\B_re' using process `\encoder.$proc$../src/encoder/encoder.sv:59$85'.
  created $adff cell `$procdff$947' with positive edge clock and positive level reset.
Creating register for signal `\encoder.\C_re' using process `\encoder.$proc$../src/encoder/encoder.sv:59$85'.
  created $adff cell `$procdff$952' with positive edge clock and positive level reset.
Creating register for signal `\encoder.\A_sync' using process `\encoder.$proc$../src/encoder/encoder.sv:46$83'.
  created $adff cell `$procdff$957' with positive edge clock and positive level reset.
Creating register for signal `\encoder.\B_sync' using process `\encoder.$proc$../src/encoder/encoder.sv:46$83'.
  created $adff cell `$procdff$962' with positive edge clock and positive level reset.
Creating register for signal `\encoder.\C_sync' using process `\encoder.$proc$../src/encoder/encoder.sv:46$83'.
  created $adff cell `$procdff$967' with positive edge clock and positive level reset.
Creating register for signal `$paramod$5ff65cac883644189a11f33c7731774bf2d6e2d2\clk_div.\clk_1ms' using process `$paramod$5ff65cac883644189a11f33c7731774bf2d6e2d2\clk_div.$proc$../src/clk_div/clk_div.sv:15$213'.
  created $adff cell `$procdff$972' with positive edge clock and positive level reset.
Creating register for signal `$paramod$5ff65cac883644189a11f33c7731774bf2d6e2d2\clk_div.\counter' using process `$paramod$5ff65cac883644189a11f33c7731774bf2d6e2d2\clk_div.$proc$../src/clk_div/clk_div.sv:15$213'.
  created $adff cell `$procdff$977' with positive edge clock and positive level reset.
Creating register for signal `$paramod\i2s_rx\BIT_DEPTH=s32'00000000000000000000000000010000.\fifo_wr_data' using process `$paramod\i2s_rx\BIT_DEPTH=s32'00000000000000000000000000010000.$proc$../src/i2s/i2s_rx.sv:80$208'.
  created $dff cell `$procdff$984' with positive edge clock.
Creating register for signal `$paramod\i2s_rx\BIT_DEPTH=s32'00000000000000000000000000010000.\fifo_wr_en' using process `$paramod\i2s_rx\BIT_DEPTH=s32'00000000000000000000000000010000.$proc$../src/i2s/i2s_rx.sv:80$208'.
  created $dff cell `$procdff$991' with positive edge clock.
Creating register for signal `$paramod\i2s_rx\BIT_DEPTH=s32'00000000000000000000000000010000.\state' using process `$paramod\i2s_rx\BIT_DEPTH=s32'00000000000000000000000000010000.$proc$../src/i2s/i2s_rx.sv:80$208'.
  created $adff cell `$procdff$996' with positive edge clock and positive level reset.
Creating register for signal `$paramod\i2s_rx\BIT_DEPTH=s32'00000000000000000000000000010000.\sample_l_reg' using process `$paramod\i2s_rx\BIT_DEPTH=s32'00000000000000000000000000010000.$proc$../src/i2s/i2s_rx.sv:80$208'.
  created $adff cell `$procdff$1001' with positive edge clock and positive level reset.
Creating register for signal `$paramod\i2s_rx\BIT_DEPTH=s32'00000000000000000000000000010000.\sample_r_reg' using process `$paramod\i2s_rx\BIT_DEPTH=s32'00000000000000000000000000010000.$proc$../src/i2s/i2s_rx.sv:80$208'.
  created $adff cell `$procdff$1006' with positive edge clock and positive level reset.
Creating register for signal `$paramod\i2s_rx\BIT_DEPTH=s32'00000000000000000000000000010000.\bclk_ff' using process `$paramod\i2s_rx\BIT_DEPTH=s32'00000000000000000000000000010000.$proc$../src/i2s/i2s_rx.sv:31$200'.
  created $adff cell `$procdff$1011' with positive edge clock and positive level reset.
Creating register for signal `$paramod\i2s_rx\BIT_DEPTH=s32'00000000000000000000000000010000.\bclk_sync' using process `$paramod\i2s_rx\BIT_DEPTH=s32'00000000000000000000000000010000.$proc$../src/i2s/i2s_rx.sv:31$200'.
  created $adff cell `$procdff$1016' with positive edge clock and positive level reset.
Creating register for signal `$paramod\i2s_rx\BIT_DEPTH=s32'00000000000000000000000000010000.\bclk_sync_ff' using process `$paramod\i2s_rx\BIT_DEPTH=s32'00000000000000000000000000010000.$proc$../src/i2s/i2s_rx.sv:31$200'.
  created $adff cell `$procdff$1021' with positive edge clock and positive level reset.
Creating register for signal `$paramod\i2s_rx\BIT_DEPTH=s32'00000000000000000000000000010000.\bclk_re' using process `$paramod\i2s_rx\BIT_DEPTH=s32'00000000000000000000000000010000.$proc$../src/i2s/i2s_rx.sv:31$200'.
  created $adff cell `$procdff$1026' with positive edge clock and positive level reset.
Creating register for signal `$paramod\i2s_rx\BIT_DEPTH=s32'00000000000000000000000000010000.\lrck_ff' using process `$paramod\i2s_rx\BIT_DEPTH=s32'00000000000000000000000000010000.$proc$../src/i2s/i2s_rx.sv:31$200'.
  created $adff cell `$procdff$1031' with positive edge clock and positive level reset.
Creating register for signal `$paramod\i2s_rx\BIT_DEPTH=s32'00000000000000000000000000010000.\lrck_sync_ff' using process `$paramod\i2s_rx\BIT_DEPTH=s32'00000000000000000000000000010000.$proc$../src/i2s/i2s_rx.sv:31$200'.
  created $adff cell `$procdff$1036' with positive edge clock and positive level reset.
Creating register for signal `$paramod\i2s_rx\BIT_DEPTH=s32'00000000000000000000000000010000.\lrck_sync' using process `$paramod\i2s_rx\BIT_DEPTH=s32'00000000000000000000000000010000.$proc$../src/i2s/i2s_rx.sv:31$200'.
  created $adff cell `$procdff$1041' with positive edge clock and positive level reset.
Creating register for signal `$paramod\i2s_rx\BIT_DEPTH=s32'00000000000000000000000000010000.\lrck_re' using process `$paramod\i2s_rx\BIT_DEPTH=s32'00000000000000000000000000010000.$proc$../src/i2s/i2s_rx.sv:31$200'.
  created $adff cell `$procdff$1046' with positive edge clock and positive level reset.
Creating register for signal `$paramod\i2s_rx\BIT_DEPTH=s32'00000000000000000000000000010000.\lrck_fe' using process `$paramod\i2s_rx\BIT_DEPTH=s32'00000000000000000000000000010000.$proc$../src/i2s/i2s_rx.sv:31$200'.
  created $adff cell `$procdff$1051' with positive edge clock and positive level reset.
Creating register for signal `$paramod\i2s_rx\BIT_DEPTH=s32'00000000000000000000000000010000.\sdata_ff' using process `$paramod\i2s_rx\BIT_DEPTH=s32'00000000000000000000000000010000.$proc$../src/i2s/i2s_rx.sv:31$200'.
  created $adff cell `$procdff$1056' with positive edge clock and positive level reset.
Creating register for signal `$paramod\i2s_rx\BIT_DEPTH=s32'00000000000000000000000000010000.\sdata_sync' using process `$paramod\i2s_rx\BIT_DEPTH=s32'00000000000000000000000000010000.$proc$../src/i2s/i2s_rx.sv:31$200'.
  created $adff cell `$procdff$1061' with positive edge clock and positive level reset.
Creating register for signal `$paramod$28704d8bf4447e08602ecae7770c77318b280126\fifo.\wr_ptr' using process `$paramod$28704d8bf4447e08602ecae7770c77318b280126\fifo.$proc$../src/misc/fifo.sv:32$181'.
  created $adff cell `$procdff$1066' with positive edge clock and positive level reset.
Creating register for signal `$paramod$28704d8bf4447e08602ecae7770c77318b280126\fifo.\rd_ptr' using process `$paramod$28704d8bf4447e08602ecae7770c77318b280126\fifo.$proc$../src/misc/fifo.sv:32$181'.
  created $adff cell `$procdff$1071' with positive edge clock and positive level reset.
Creating register for signal `$paramod$28704d8bf4447e08602ecae7770c77318b280126\fifo.\count' using process `$paramod$28704d8bf4447e08602ecae7770c77318b280126\fifo.$proc$../src/misc/fifo.sv:32$181'.
  created $adff cell `$procdff$1076' with positive edge clock and positive level reset.
Creating register for signal `$paramod$28704d8bf4447e08602ecae7770c77318b280126\fifo.\mem[0]' using process `$paramod$28704d8bf4447e08602ecae7770c77318b280126\fifo.$proc$../src/misc/fifo.sv:32$181'.
  created $dff cell `$procdff$1083' with positive edge clock.
Creating register for signal `$paramod$28704d8bf4447e08602ecae7770c77318b280126\fifo.\mem[1]' using process `$paramod$28704d8bf4447e08602ecae7770c77318b280126\fifo.$proc$../src/misc/fifo.sv:32$181'.
  created $dff cell `$procdff$1090' with positive edge clock.
Creating register for signal `$paramod$28704d8bf4447e08602ecae7770c77318b280126\fifo.\mem[2]' using process `$paramod$28704d8bf4447e08602ecae7770c77318b280126\fifo.$proc$../src/misc/fifo.sv:32$181'.
  created $dff cell `$procdff$1097' with positive edge clock.
Creating register for signal `$paramod$28704d8bf4447e08602ecae7770c77318b280126\fifo.\mem[3]' using process `$paramod$28704d8bf4447e08602ecae7770c77318b280126\fifo.$proc$../src/misc/fifo.sv:32$181'.
  created $dff cell `$procdff$1104' with positive edge clock.
Creating register for signal `$paramod$28704d8bf4447e08602ecae7770c77318b280126\fifo.\mem[4]' using process `$paramod$28704d8bf4447e08602ecae7770c77318b280126\fifo.$proc$../src/misc/fifo.sv:32$181'.
  created $dff cell `$procdff$1111' with positive edge clock.
Creating register for signal `$paramod$28704d8bf4447e08602ecae7770c77318b280126\fifo.\mem[5]' using process `$paramod$28704d8bf4447e08602ecae7770c77318b280126\fifo.$proc$../src/misc/fifo.sv:32$181'.
  created $dff cell `$procdff$1118' with positive edge clock.
Creating register for signal `$paramod$28704d8bf4447e08602ecae7770c77318b280126\fifo.\mem[6]' using process `$paramod$28704d8bf4447e08602ecae7770c77318b280126\fifo.$proc$../src/misc/fifo.sv:32$181'.
  created $dff cell `$procdff$1125' with positive edge clock.
Creating register for signal `$paramod$28704d8bf4447e08602ecae7770c77318b280126\fifo.\mem[7]' using process `$paramod$28704d8bf4447e08602ecae7770c77318b280126\fifo.$proc$../src/misc/fifo.sv:32$181'.
  created $dff cell `$procdff$1132' with positive edge clock.
Creating register for signal `$paramod$28704d8bf4447e08602ecae7770c77318b280126\fifo.\mem[8]' using process `$paramod$28704d8bf4447e08602ecae7770c77318b280126\fifo.$proc$../src/misc/fifo.sv:32$181'.
  created $dff cell `$procdff$1139' with positive edge clock.
Creating register for signal `$paramod$28704d8bf4447e08602ecae7770c77318b280126\fifo.\mem[9]' using process `$paramod$28704d8bf4447e08602ecae7770c77318b280126\fifo.$proc$../src/misc/fifo.sv:32$181'.
  created $dff cell `$procdff$1146' with positive edge clock.
Creating register for signal `$paramod$28704d8bf4447e08602ecae7770c77318b280126\fifo.\mem[10]' using process `$paramod$28704d8bf4447e08602ecae7770c77318b280126\fifo.$proc$../src/misc/fifo.sv:32$181'.
  created $dff cell `$procdff$1153' with positive edge clock.
Creating register for signal `$paramod$28704d8bf4447e08602ecae7770c77318b280126\fifo.\mem[11]' using process `$paramod$28704d8bf4447e08602ecae7770c77318b280126\fifo.$proc$../src/misc/fifo.sv:32$181'.
  created $dff cell `$procdff$1160' with positive edge clock.
Creating register for signal `$paramod$28704d8bf4447e08602ecae7770c77318b280126\fifo.\mem[12]' using process `$paramod$28704d8bf4447e08602ecae7770c77318b280126\fifo.$proc$../src/misc/fifo.sv:32$181'.
  created $dff cell `$procdff$1167' with positive edge clock.
Creating register for signal `$paramod$28704d8bf4447e08602ecae7770c77318b280126\fifo.\mem[13]' using process `$paramod$28704d8bf4447e08602ecae7770c77318b280126\fifo.$proc$../src/misc/fifo.sv:32$181'.
  created $dff cell `$procdff$1174' with positive edge clock.
Creating register for signal `$paramod$28704d8bf4447e08602ecae7770c77318b280126\fifo.\mem[14]' using process `$paramod$28704d8bf4447e08602ecae7770c77318b280126\fifo.$proc$../src/misc/fifo.sv:32$181'.
  created $dff cell `$procdff$1181' with positive edge clock.
Creating register for signal `$paramod$28704d8bf4447e08602ecae7770c77318b280126\fifo.\mem[15]' using process `$paramod$28704d8bf4447e08602ecae7770c77318b280126\fifo.$proc$../src/misc/fifo.sv:32$181'.
  created $dff cell `$procdff$1188' with positive edge clock.
Creating register for signal `$paramod$28704d8bf4447e08602ecae7770c77318b280126\fifo.$mem2reg_wr$\mem$../src/misc/fifo.sv:39$173_ADDR' using process `$paramod$28704d8bf4447e08602ecae7770c77318b280126\fifo.$proc$../src/misc/fifo.sv:32$181'.
  created $adff cell `$procdff$1193' with positive edge clock and positive level reset.
Creating register for signal `$paramod$28704d8bf4447e08602ecae7770c77318b280126\fifo.$mem2reg_wr$\mem$../src/misc/fifo.sv:39$173_DATA' using process `$paramod$28704d8bf4447e08602ecae7770c77318b280126\fifo.$proc$../src/misc/fifo.sv:32$181'.
  created $adff cell `$procdff$1198' with positive edge clock and positive level reset.
Creating register for signal `$paramod\volume\DWIDTH=s32'00000000000000000000000000010000.\gain' using process `$paramod\volume\DWIDTH=s32'00000000000000000000000000010000.$proc$../src/vol/volume.sv:46$169'.
  created $adff cell `$procdff$1201' with positive edge clock and positive level reset.
Creating register for signal `$paramod$1719986e2d5dc43517b18f4e324b0f602a4474e9\fifo.\wr_ptr' using process `$paramod$1719986e2d5dc43517b18f4e324b0f602a4474e9\fifo.$proc$../src/misc/fifo.sv:32$150'.
  created $adff cell `$procdff$1206' with positive edge clock and positive level reset.
Creating register for signal `$paramod$1719986e2d5dc43517b18f4e324b0f602a4474e9\fifo.\rd_ptr' using process `$paramod$1719986e2d5dc43517b18f4e324b0f602a4474e9\fifo.$proc$../src/misc/fifo.sv:32$150'.
  created $adff cell `$procdff$1211' with positive edge clock and positive level reset.
Creating register for signal `$paramod$1719986e2d5dc43517b18f4e324b0f602a4474e9\fifo.\count' using process `$paramod$1719986e2d5dc43517b18f4e324b0f602a4474e9\fifo.$proc$../src/misc/fifo.sv:32$150'.
  created $adff cell `$procdff$1216' with positive edge clock and positive level reset.
Creating register for signal `$paramod$1719986e2d5dc43517b18f4e324b0f602a4474e9\fifo.\mem[0]' using process `$paramod$1719986e2d5dc43517b18f4e324b0f602a4474e9\fifo.$proc$../src/misc/fifo.sv:32$150'.
  created $dff cell `$procdff$1223' with positive edge clock.
Creating register for signal `$paramod$1719986e2d5dc43517b18f4e324b0f602a4474e9\fifo.\mem[1]' using process `$paramod$1719986e2d5dc43517b18f4e324b0f602a4474e9\fifo.$proc$../src/misc/fifo.sv:32$150'.
  created $dff cell `$procdff$1230' with positive edge clock.
Creating register for signal `$paramod$1719986e2d5dc43517b18f4e324b0f602a4474e9\fifo.\mem[2]' using process `$paramod$1719986e2d5dc43517b18f4e324b0f602a4474e9\fifo.$proc$../src/misc/fifo.sv:32$150'.
  created $dff cell `$procdff$1237' with positive edge clock.
Creating register for signal `$paramod$1719986e2d5dc43517b18f4e324b0f602a4474e9\fifo.\mem[3]' using process `$paramod$1719986e2d5dc43517b18f4e324b0f602a4474e9\fifo.$proc$../src/misc/fifo.sv:32$150'.
  created $dff cell `$procdff$1244' with positive edge clock.
Creating register for signal `$paramod$1719986e2d5dc43517b18f4e324b0f602a4474e9\fifo.\mem[4]' using process `$paramod$1719986e2d5dc43517b18f4e324b0f602a4474e9\fifo.$proc$../src/misc/fifo.sv:32$150'.
  created $dff cell `$procdff$1251' with positive edge clock.
Creating register for signal `$paramod$1719986e2d5dc43517b18f4e324b0f602a4474e9\fifo.\mem[5]' using process `$paramod$1719986e2d5dc43517b18f4e324b0f602a4474e9\fifo.$proc$../src/misc/fifo.sv:32$150'.
  created $dff cell `$procdff$1258' with positive edge clock.
Creating register for signal `$paramod$1719986e2d5dc43517b18f4e324b0f602a4474e9\fifo.\mem[6]' using process `$paramod$1719986e2d5dc43517b18f4e324b0f602a4474e9\fifo.$proc$../src/misc/fifo.sv:32$150'.
  created $dff cell `$procdff$1265' with positive edge clock.
Creating register for signal `$paramod$1719986e2d5dc43517b18f4e324b0f602a4474e9\fifo.\mem[7]' using process `$paramod$1719986e2d5dc43517b18f4e324b0f602a4474e9\fifo.$proc$../src/misc/fifo.sv:32$150'.
  created $dff cell `$procdff$1272' with positive edge clock.
Creating register for signal `$paramod$1719986e2d5dc43517b18f4e324b0f602a4474e9\fifo.\mem[8]' using process `$paramod$1719986e2d5dc43517b18f4e324b0f602a4474e9\fifo.$proc$../src/misc/fifo.sv:32$150'.
  created $dff cell `$procdff$1279' with positive edge clock.
Creating register for signal `$paramod$1719986e2d5dc43517b18f4e324b0f602a4474e9\fifo.\mem[9]' using process `$paramod$1719986e2d5dc43517b18f4e324b0f602a4474e9\fifo.$proc$../src/misc/fifo.sv:32$150'.
  created $dff cell `$procdff$1286' with positive edge clock.
Creating register for signal `$paramod$1719986e2d5dc43517b18f4e324b0f602a4474e9\fifo.\mem[10]' using process `$paramod$1719986e2d5dc43517b18f4e324b0f602a4474e9\fifo.$proc$../src/misc/fifo.sv:32$150'.
  created $dff cell `$procdff$1293' with positive edge clock.
Creating register for signal `$paramod$1719986e2d5dc43517b18f4e324b0f602a4474e9\fifo.\mem[11]' using process `$paramod$1719986e2d5dc43517b18f4e324b0f602a4474e9\fifo.$proc$../src/misc/fifo.sv:32$150'.
  created $dff cell `$procdff$1300' with positive edge clock.
Creating register for signal `$paramod$1719986e2d5dc43517b18f4e324b0f602a4474e9\fifo.\mem[12]' using process `$paramod$1719986e2d5dc43517b18f4e324b0f602a4474e9\fifo.$proc$../src/misc/fifo.sv:32$150'.
  created $dff cell `$procdff$1307' with positive edge clock.
Creating register for signal `$paramod$1719986e2d5dc43517b18f4e324b0f602a4474e9\fifo.\mem[13]' using process `$paramod$1719986e2d5dc43517b18f4e324b0f602a4474e9\fifo.$proc$../src/misc/fifo.sv:32$150'.
  created $dff cell `$procdff$1314' with positive edge clock.
Creating register for signal `$paramod$1719986e2d5dc43517b18f4e324b0f602a4474e9\fifo.\mem[14]' using process `$paramod$1719986e2d5dc43517b18f4e324b0f602a4474e9\fifo.$proc$../src/misc/fifo.sv:32$150'.
  created $dff cell `$procdff$1321' with positive edge clock.
Creating register for signal `$paramod$1719986e2d5dc43517b18f4e324b0f602a4474e9\fifo.\mem[15]' using process `$paramod$1719986e2d5dc43517b18f4e324b0f602a4474e9\fifo.$proc$../src/misc/fifo.sv:32$150'.
  created $dff cell `$procdff$1328' with positive edge clock.
Creating register for signal `$paramod$1719986e2d5dc43517b18f4e324b0f602a4474e9\fifo.$mem2reg_wr$\mem$../src/misc/fifo.sv:39$142_ADDR' using process `$paramod$1719986e2d5dc43517b18f4e324b0f602a4474e9\fifo.$proc$../src/misc/fifo.sv:32$150'.
  created $adff cell `$procdff$1333' with positive edge clock and positive level reset.
Creating register for signal `$paramod$1719986e2d5dc43517b18f4e324b0f602a4474e9\fifo.$mem2reg_wr$\mem$../src/misc/fifo.sv:39$142_DATA' using process `$paramod$1719986e2d5dc43517b18f4e324b0f602a4474e9\fifo.$proc$../src/misc/fifo.sv:32$150'.
  created $adff cell `$procdff$1338' with positive edge clock and positive level reset.
Creating register for signal `$paramod$5785904fef3fb2a86d9b4a3d3a35d0648892543e\i2s_tx.\rd_en' using process `$paramod$5785904fef3fb2a86d9b4a3d3a35d0648892543e\i2s_tx.$proc$../src/i2s/i2s_tx.sv:67$134'.
  created $adff cell `$procdff$1343' with positive edge clock and positive level reset.
Creating register for signal `$paramod$5785904fef3fb2a86d9b4a3d3a35d0648892543e\i2s_tx.\lrck' using process `$paramod$5785904fef3fb2a86d9b4a3d3a35d0648892543e\i2s_tx.$proc$../src/i2s/i2s_tx.sv:67$134'.
  created $adff cell `$procdff$1348' with positive edge clock and positive level reset.
Creating register for signal `$paramod$5785904fef3fb2a86d9b4a3d3a35d0648892543e\i2s_tx.\sdata' using process `$paramod$5785904fef3fb2a86d9b4a3d3a35d0648892543e\i2s_tx.$proc$../src/i2s/i2s_tx.sv:67$134'.
  created $adff cell `$procdff$1353' with positive edge clock and positive level reset.
Creating register for signal `$paramod$5785904fef3fb2a86d9b4a3d3a35d0648892543e\i2s_tx.\bit_cnt' using process `$paramod$5785904fef3fb2a86d9b4a3d3a35d0648892543e\i2s_tx.$proc$../src/i2s/i2s_tx.sv:67$134'.
  created $adff cell `$procdff$1358' with positive edge clock and positive level reset.
Creating register for signal `$paramod$5785904fef3fb2a86d9b4a3d3a35d0648892543e\i2s_tx.\ws' using process `$paramod$5785904fef3fb2a86d9b4a3d3a35d0648892543e\i2s_tx.$proc$../src/i2s/i2s_tx.sv:67$134'.
  created $adff cell `$procdff$1363' with positive edge clock and positive level reset.
Creating register for signal `$paramod$5785904fef3fb2a86d9b4a3d3a35d0648892543e\i2s_tx.\shift_reg' using process `$paramod$5785904fef3fb2a86d9b4a3d3a35d0648892543e\i2s_tx.$proc$../src/i2s/i2s_tx.sv:67$134'.
  created $adff cell `$procdff$1368' with positive edge clock and positive level reset.
Creating register for signal `$paramod$5785904fef3fb2a86d9b4a3d3a35d0648892543e\i2s_tx.\sample_latch' using process `$paramod$5785904fef3fb2a86d9b4a3d3a35d0648892543e\i2s_tx.$proc$../src/i2s/i2s_tx.sv:67$134'.
  created $adff cell `$procdff$1373' with positive edge clock and positive level reset.
Creating register for signal `$paramod$5785904fef3fb2a86d9b4a3d3a35d0648892543e\i2s_tx.\bclk_r_d' using process `$paramod$5785904fef3fb2a86d9b4a3d3a35d0648892543e\i2s_tx.$proc$../src/i2s/i2s_tx.sv:51$130'.
  created $adff cell `$procdff$1378' with positive edge clock and positive level reset.
Creating register for signal `$paramod$5785904fef3fb2a86d9b4a3d3a35d0648892543e\i2s_tx.\bclk_r' using process `$paramod$5785904fef3fb2a86d9b4a3d3a35d0648892543e\i2s_tx.$proc$../src/i2s/i2s_tx.sv:34$125'.
  created $adff cell `$procdff$1383' with positive edge clock and positive level reset.
Creating register for signal `$paramod$5785904fef3fb2a86d9b4a3d3a35d0648892543e\i2s_tx.\bclk_cnt' using process `$paramod$5785904fef3fb2a86d9b4a3d3a35d0648892543e\i2s_tx.$proc$../src/i2s/i2s_tx.sv:34$125'.
  created $adff cell `$procdff$1388' with positive edge clock and positive level reset.
Creating register for signal `\top.\led_counter' using process `\top.$proc$../src/top/protoboard_0.sv:120$120'.
  created $dff cell `$procdff$1389' with positive edge clock.

13.10. Executing PROC_MEMWR pass (convert process memory writes to cells).

13.11. Executing PROC_CLEAN pass (remove empty switches from decision trees).
Found and cleaned up 2 empty switches in `$paramod\gain\DWIDTH=s32'00000000000000000000000000010000.$proc$../src/vol/gain.sv:27$222'.
Removing empty process `$paramod\gain\DWIDTH=s32'00000000000000000000000000010000.$proc$../src/vol/gain.sv:27$222'.
Found and cleaned up 4 empty switches in `\encoder.$proc$../src/encoder/encoder.sv:86$102'.
Removing empty process `encoder.$proc$../src/encoder/encoder.sv:86$102'.
Found and cleaned up 1 empty switch in `\encoder.$proc$../src/encoder/encoder.sv:59$85'.
Removing empty process `encoder.$proc$../src/encoder/encoder.sv:59$85'.
Removing empty process `encoder.$proc$../src/encoder/encoder.sv:46$83'.
Found and cleaned up 1 empty switch in `$paramod$5ff65cac883644189a11f33c7731774bf2d6e2d2\clk_div.$proc$../src/clk_div/clk_div.sv:15$213'.
Removing empty process `$paramod$5ff65cac883644189a11f33c7731774bf2d6e2d2\clk_div.$proc$../src/clk_div/clk_div.sv:15$213'.
Found and cleaned up 6 empty switches in `$paramod\i2s_rx\BIT_DEPTH=s32'00000000000000000000000000010000.$proc$../src/i2s/i2s_rx.sv:97$212'.
Removing empty process `$paramod\i2s_rx\BIT_DEPTH=s32'00000000000000000000000000010000.$proc$../src/i2s/i2s_rx.sv:97$212'.
Found and cleaned up 1 empty switch in `$paramod\i2s_rx\BIT_DEPTH=s32'00000000000000000000000000010000.$proc$../src/i2s/i2s_rx.sv:80$208'.
Removing empty process `$paramod\i2s_rx\BIT_DEPTH=s32'00000000000000000000000000010000.$proc$../src/i2s/i2s_rx.sv:80$208'.
Removing empty process `$paramod\i2s_rx\BIT_DEPTH=s32'00000000000000000000000000010000.$proc$../src/i2s/i2s_rx.sv:31$200'.
Found and cleaned up 1 empty switch in `$paramod$28704d8bf4447e08602ecae7770c77318b280126\fifo.$proc$../src/misc/fifo.sv:55$197'.
Removing empty process `$paramod$28704d8bf4447e08602ecae7770c77318b280126\fifo.$proc$../src/misc/fifo.sv:55$197'.
Found and cleaned up 4 empty switches in `$paramod$28704d8bf4447e08602ecae7770c77318b280126\fifo.$proc$../src/misc/fifo.sv:32$181'.
Removing empty process `$paramod$28704d8bf4447e08602ecae7770c77318b280126\fifo.$proc$../src/misc/fifo.sv:32$181'.
Found and cleaned up 3 empty switches in `$paramod\volume\DWIDTH=s32'00000000000000000000000000010000.$proc$../src/vol/volume.sv:46$169'.
Removing empty process `$paramod\volume\DWIDTH=s32'00000000000000000000000000010000.$proc$../src/vol/volume.sv:46$169'.
Found and cleaned up 1 empty switch in `$paramod$1719986e2d5dc43517b18f4e324b0f602a4474e9\fifo.$proc$../src/misc/fifo.sv:55$166'.
Removing empty process `$paramod$1719986e2d5dc43517b18f4e324b0f602a4474e9\fifo.$proc$../src/misc/fifo.sv:55$166'.
Found and cleaned up 4 empty switches in `$paramod$1719986e2d5dc43517b18f4e324b0f602a4474e9\fifo.$proc$../src/misc/fifo.sv:32$150'.
Removing empty process `$paramod$1719986e2d5dc43517b18f4e324b0f602a4474e9\fifo.$proc$../src/misc/fifo.sv:32$150'.
Found and cleaned up 4 empty switches in `$paramod$5785904fef3fb2a86d9b4a3d3a35d0648892543e\i2s_tx.$proc$../src/i2s/i2s_tx.sv:67$134'.
Removing empty process `$paramod$5785904fef3fb2a86d9b4a3d3a35d0648892543e\i2s_tx.$proc$../src/i2s/i2s_tx.sv:67$134'.
Removing empty process `$paramod$5785904fef3fb2a86d9b4a3d3a35d0648892543e\i2s_tx.$proc$../src/i2s/i2s_tx.sv:51$130'.
Found and cleaned up 1 empty switch in `$paramod$5785904fef3fb2a86d9b4a3d3a35d0648892543e\i2s_tx.$proc$../src/i2s/i2s_tx.sv:34$125'.
Removing empty process `$paramod$5785904fef3fb2a86d9b4a3d3a35d0648892543e\i2s_tx.$proc$../src/i2s/i2s_tx.sv:34$125'.
Found and cleaned up 3 empty switches in `\top.$proc$../src/top/protoboard_0.sv:120$120'.
Removing empty process `top.$proc$../src/top/protoboard_0.sv:120$120'.
Cleaned up 36 empty switches.

13.12. Executing OPT_EXPR pass (perform const folding).
Optimizing module $paramod\gain\DWIDTH=s32'00000000000000000000000000010000.
Optimizing module encoder.
<suppressed ~36 debug messages>
Optimizing module $paramod$5ff65cac883644189a11f33c7731774bf2d6e2d2\clk_div.
<suppressed ~4 debug messages>
Optimizing module $paramod\i2s_rx\BIT_DEPTH=s32'00000000000000000000000000010000.
<suppressed ~34 debug messages>
Optimizing module $paramod$28704d8bf4447e08602ecae7770c77318b280126\fifo.
<suppressed ~45 debug messages>
Optimizing module $paramod\volume\DWIDTH=s32'00000000000000000000000000010000.
<suppressed ~1 debug messages>
Optimizing module $paramod$1719986e2d5dc43517b18f4e324b0f602a4474e9\fifo.
<suppressed ~45 debug messages>
Optimizing module $paramod$5785904fef3fb2a86d9b4a3d3a35d0648892543e\i2s_tx.
<suppressed ~28 debug messages>
Optimizing module top.
<suppressed ~1 debug messages>

14. Executing OPT pass (performing simple optimizations).

14.1. Executing OPT_EXPR pass (perform const folding).
Optimizing module $paramod\gain\DWIDTH=s32'00000000000000000000000000010000.
Optimizing module encoder.
Optimizing module $paramod$5ff65cac883644189a11f33c7731774bf2d6e2d2\clk_div.
Optimizing module $paramod\i2s_rx\BIT_DEPTH=s32'00000000000000000000000000010000.
Optimizing module $paramod$28704d8bf4447e08602ecae7770c77318b280126\fifo.
Optimizing module $paramod\volume\DWIDTH=s32'00000000000000000000000000010000.
Optimizing module $paramod$1719986e2d5dc43517b18f4e324b0f602a4474e9\fifo.
Optimizing module $paramod$5785904fef3fb2a86d9b4a3d3a35d0648892543e\i2s_tx.
Optimizing module top.

14.2. Executing OPT_MERGE pass (detect identical cells).
Finding identical cells in module `$paramod\gain\DWIDTH=s32'00000000000000000000000000010000'.
Computing hashes of 13 cells of `$paramod\gain\DWIDTH=s32'00000000000000000000000000010000'.
Finding duplicate cells in `$paramod\gain\DWIDTH=s32'00000000000000000000000000010000'.
Computing hashes of 11 cells of `$paramod\gain\DWIDTH=s32'00000000000000000000000000010000'.
Finding duplicate cells in `$paramod\gain\DWIDTH=s32'00000000000000000000000000010000'.
Computing hashes of 10 cells of `$paramod\gain\DWIDTH=s32'00000000000000000000000000010000'.
Finding duplicate cells in `$paramod\gain\DWIDTH=s32'00000000000000000000000000010000'.
<suppressed ~9 debug messages>
Finding identical cells in module `\encoder'.
Computing hashes of 77 cells of `\encoder'.
Finding duplicate cells in `\encoder'.
Computing hashes of 58 cells of `\encoder'.
Finding duplicate cells in `\encoder'.
<suppressed ~57 debug messages>
Finding identical cells in module `$paramod$5ff65cac883644189a11f33c7731774bf2d6e2d2\clk_div'.
Computing hashes of 10 cells of `$paramod$5ff65cac883644189a11f33c7731774bf2d6e2d2\clk_div'.
Finding duplicate cells in `$paramod$5ff65cac883644189a11f33c7731774bf2d6e2d2\clk_div'.
Computing hashes of 9 cells of `$paramod$5ff65cac883644189a11f33c7731774bf2d6e2d2\clk_div'.
Finding duplicate cells in `$paramod$5ff65cac883644189a11f33c7731774bf2d6e2d2\clk_div'.
<suppressed ~3 debug messages>
Finding identical cells in module `$paramod\i2s_rx\BIT_DEPTH=s32'00000000000000000000000000010000'.
Computing hashes of 74 cells of `$paramod\i2s_rx\BIT_DEPTH=s32'00000000000000000000000000010000'.
Finding duplicate cells in `$paramod\i2s_rx\BIT_DEPTH=s32'00000000000000000000000000010000'.
Computing hashes of 49 cells of `$paramod\i2s_rx\BIT_DEPTH=s32'00000000000000000000000000010000'.
Finding duplicate cells in `$paramod\i2s_rx\BIT_DEPTH=s32'00000000000000000000000000010000'.
<suppressed ~75 debug messages>
Finding identical cells in module `$paramod$28704d8bf4447e08602ecae7770c77318b280126\fifo'.
Computing hashes of 145 cells of `$paramod$28704d8bf4447e08602ecae7770c77318b280126\fifo'.
Finding duplicate cells in `$paramod$28704d8bf4447e08602ecae7770c77318b280126\fifo'.
Computing hashes of 123 cells of `$paramod$28704d8bf4447e08602ecae7770c77318b280126\fifo'.
Finding duplicate cells in `$paramod$28704d8bf4447e08602ecae7770c77318b280126\fifo'.
<suppressed ~66 debug messages>
Finding identical cells in module `$paramod\volume\DWIDTH=s32'00000000000000000000000000010000'.
Computing hashes of 8 cells of `$paramod\volume\DWIDTH=s32'00000000000000000000000000010000'.
Finding duplicate cells in `$paramod\volume\DWIDTH=s32'00000000000000000000000000010000'.
Finding identical cells in module `$paramod$1719986e2d5dc43517b18f4e324b0f602a4474e9\fifo'.
Computing hashes of 145 cells of `$paramod$1719986e2d5dc43517b18f4e324b0f602a4474e9\fifo'.
Finding duplicate cells in `$paramod$1719986e2d5dc43517b18f4e324b0f602a4474e9\fifo'.
Computing hashes of 123 cells of `$paramod$1719986e2d5dc43517b18f4e324b0f602a4474e9\fifo'.
Finding duplicate cells in `$paramod$1719986e2d5dc43517b18f4e324b0f602a4474e9\fifo'.
<suppressed ~66 debug messages>
Finding identical cells in module `$paramod$5785904fef3fb2a86d9b4a3d3a35d0648892543e\i2s_tx'.
Computing hashes of 58 cells of `$paramod$5785904fef3fb2a86d9b4a3d3a35d0648892543e\i2s_tx'.
Finding duplicate cells in `$paramod$5785904fef3fb2a86d9b4a3d3a35d0648892543e\i2s_tx'.
Computing hashes of 44 cells of `$paramod$5785904fef3fb2a86d9b4a3d3a35d0648892543e\i2s_tx'.
Finding duplicate cells in `$paramod$5785904fef3fb2a86d9b4a3d3a35d0648892543e\i2s_tx'.
<suppressed ~42 debug messages>
Finding identical cells in module `\top'.
Computing hashes of 16 cells of `\top'.
Finding duplicate cells in `\top'.
Computing hashes of 15 cells of `\top'.
Finding duplicate cells in `\top'.
<suppressed ~3 debug messages>
Removed a total of 107 cells.

14.3. Executing OPT_MUXTREE pass (detect dead branches in mux trees).
Running muxtree optimizer on module $paramod\gain\DWIDTH=s32'00000000000000000000000000010000..
  Creating internal representation of mux trees.
  Evaluating internal representation of mux trees.
  Analyzing evaluation results.
Running muxtree optimizer on module \encoder..
  Creating internal representation of mux trees.
  Evaluating internal representation of mux trees.
  Analyzing evaluation results.
Running muxtree optimizer on module $paramod$5ff65cac883644189a11f33c7731774bf2d6e2d2\clk_div..
  Creating internal representation of mux trees.
  Evaluating internal representation of mux trees.
  Analyzing evaluation results.
Running muxtree optimizer on module $paramod\i2s_rx\BIT_DEPTH=s32'00000000000000000000000000010000..
  Creating internal representation of mux trees.
  Evaluating internal representation of mux trees.
  Analyzing evaluation results.
    dead port 2/2 on $mux $procmux$308.
    dead port 2/2 on $mux $procmux$300.
    dead port 2/2 on $mux $procmux$293.
    dead port 2/2 on $mux $procmux$286.
    dead port 2/2 on $mux $procmux$280.
    dead port 2/2 on $mux $procmux$274.
Running muxtree optimizer on module $paramod$28704d8bf4447e08602ecae7770c77318b280126\fifo..
  Creating internal representation of mux trees.
  Evaluating internal representation of mux trees.
  Analyzing evaluation results.
    dead port 1/2 on $mux $procmux$354.
    dead port 2/2 on $mux $procmux$354.
    dead port 1/2 on $mux $procmux$351.
    dead port 2/2 on $mux $procmux$351.
Running muxtree optimizer on module $paramod\volume\DWIDTH=s32'00000000000000000000000000010000..
  Creating internal representation of mux trees.
  Evaluating internal representation of mux trees.
  Analyzing evaluation results.
Running muxtree optimizer on module $paramod$1719986e2d5dc43517b18f4e324b0f602a4474e9\fifo..
  Creating internal representation of mux trees.
  Evaluating internal representation of mux trees.
  Analyzing evaluation results.
    dead port 1/2 on $mux $procmux$594.
    dead port 2/2 on $mux $procmux$594.
    dead port 1/2 on $mux $procmux$591.
    dead port 2/2 on $mux $procmux$591.
Running muxtree optimizer on module $paramod$5785904fef3fb2a86d9b4a3d3a35d0648892543e\i2s_tx..
  Creating internal representation of mux trees.
  Evaluating internal representation of mux trees.
  Analyzing evaluation results.
Running muxtree optimizer on module \top..
  Creating internal representation of mux trees.
  Evaluating internal representation of mux trees.
  Analyzing evaluation results.
Removed 14 multiplexer ports.
<suppressed ~247 debug messages>

14.4. Executing OPT_REDUCE pass (consolidate $*mux and $reduce_* inputs).
  Optimizing cells in module $paramod\gain\DWIDTH=s32'00000000000000000000000000010000.
  Optimizing cells in module \encoder.
  Optimizing cells in module $paramod$5ff65cac883644189a11f33c7731774bf2d6e2d2\clk_div.
  Optimizing cells in module $paramod\i2s_rx\BIT_DEPTH=s32'00000000000000000000000000010000.
  Optimizing cells in module $paramod$28704d8bf4447e08602ecae7770c77318b280126\fifo.
  Optimizing cells in module $paramod\volume\DWIDTH=s32'00000000000000000000000000010000.
  Optimizing cells in module $paramod$1719986e2d5dc43517b18f4e324b0f602a4474e9\fifo.
  Optimizing cells in module $paramod$5785904fef3fb2a86d9b4a3d3a35d0648892543e\i2s_tx.
  Optimizing cells in module \top.
Performed a total of 0 changes.

14.5. Executing OPT_MERGE pass (detect identical cells).
Finding identical cells in module `$paramod\gain\DWIDTH=s32'00000000000000000000000000010000'.
Computing hashes of 10 cells of `$paramod\gain\DWIDTH=s32'00000000000000000000000000010000'.
Finding duplicate cells in `$paramod\gain\DWIDTH=s32'00000000000000000000000000010000'.
Finding identical cells in module `\encoder'.
Computing hashes of 58 cells of `\encoder'.
Finding duplicate cells in `\encoder'.
Finding identical cells in module `$paramod$5ff65cac883644189a11f33c7731774bf2d6e2d2\clk_div'.
Computing hashes of 9 cells of `$paramod$5ff65cac883644189a11f33c7731774bf2d6e2d2\clk_div'.
Finding duplicate cells in `$paramod$5ff65cac883644189a11f33c7731774bf2d6e2d2\clk_div'.
Finding identical cells in module `$paramod\i2s_rx\BIT_DEPTH=s32'00000000000000000000000000010000'.
Computing hashes of 43 cells of `$paramod\i2s_rx\BIT_DEPTH=s32'00000000000000000000000000010000'.
Finding duplicate cells in `$paramod\i2s_rx\BIT_DEPTH=s32'00000000000000000000000000010000'.
Computing hashes of 42 cells of `$paramod\i2s_rx\BIT_DEPTH=s32'00000000000000000000000000010000'.
Finding duplicate cells in `$paramod\i2s_rx\BIT_DEPTH=s32'00000000000000000000000000010000'.
<suppressed ~3 debug messages>
Finding identical cells in module `$paramod$28704d8bf4447e08602ecae7770c77318b280126\fifo'.
Computing hashes of 121 cells of `$paramod$28704d8bf4447e08602ecae7770c77318b280126\fifo'.
Finding duplicate cells in `$paramod$28704d8bf4447e08602ecae7770c77318b280126\fifo'.
Finding identical cells in module `$paramod\volume\DWIDTH=s32'00000000000000000000000000010000'.
Computing hashes of 8 cells of `$paramod\volume\DWIDTH=s32'00000000000000000000000000010000'.
Finding duplicate cells in `$paramod\volume\DWIDTH=s32'00000000000000000000000000010000'.
Finding identical cells in module `$paramod$1719986e2d5dc43517b18f4e324b0f602a4474e9\fifo'.
Computing hashes of 121 cells of `$paramod$1719986e2d5dc43517b18f4e324b0f602a4474e9\fifo'.
Finding duplicate cells in `$paramod$1719986e2d5dc43517b18f4e324b0f602a4474e9\fifo'.
Finding identical cells in module `$paramod$5785904fef3fb2a86d9b4a3d3a35d0648892543e\i2s_tx'.
Computing hashes of 44 cells of `$paramod$5785904fef3fb2a86d9b4a3d3a35d0648892543e\i2s_tx'.
Finding duplicate cells in `$paramod$5785904fef3fb2a86d9b4a3d3a35d0648892543e\i2s_tx'.
Finding identical cells in module `\top'.
Computing hashes of 15 cells of `\top'.
Finding duplicate cells in `\top'.
Removed a total of 1 cells.

14.6. Executing OPT_DFF pass (perform DFF optimizations).
Adding SRST signal on $procdff$874 ($dff) from module $paramod\gain\DWIDTH=s32'00000000000000000000000000010000 (D = $procmux$233_Y, Q = \fifo_out_data, rval = 16'0000000000000000).
Adding EN signal on $auto$ff.cc:337:slice$1390 ($sdff) from module $paramod\gain\DWIDTH=s32'00000000000000000000000000010000 (D = $mul$../src/vol/gain.sv:25$221_Y [31:16], Q = \fifo_out_data).
Adding SRST signal on $procdff$875 ($dff) from module $paramod\gain\DWIDTH=s32'00000000000000000000000000010000 (D = $procmux$227_Y, Q = \prod_valid, rval = 1'0).
Adding EN signal on $procdff$907 ($dff) from module encoder (D = $add$../src/encoder/encoder.sv:98$107_Y, Q = \fe_count).
Adding EN signal on $procdff$912 ($adff) from module encoder (D = { \A_sync_ff [0] $reduce_or$../src/encoder/encoder.sv:78$99_Y }, Q = \A_sync_ff).
Adding EN signal on $procdff$917 ($adff) from module encoder (D = { \B_sync_ff [0] $reduce_or$../src/encoder/encoder.sv:79$100_Y }, Q = \B_sync_ff).
Adding EN signal on $procdff$895 ($adff) from module encoder (D = { \A_fe \C_fe }, Q = \dir_reg).
Adding EN signal on $procdff$922 ($adff) from module encoder (D = { \C_sync_ff [0] $reduce_or$../src/encoder/encoder.sv:80$101_Y }, Q = \C_sync_ff).
Adding EN signal on $procdff$900 ($adff) from module encoder (D = \dir_reg, Q = \prev_dir).
Adding EN signal on $procdff$972 ($adff) from module $paramod$5ff65cac883644189a11f33c7731774bf2d6e2d2\clk_div (D = $not$../src/clk_div/clk_div.sv:21$216_Y, Q = \clk_1ms).
Adding EN signal on $procdff$996 ($adff) from module $paramod\i2s_rx\BIT_DEPTH=s32'00000000000000000000000000010000 (D = $procmux$311_Y, Q = \state).
Adding EN signal on $procdff$984 ($dff) from module $paramod\i2s_rx\BIT_DEPTH=s32'00000000000000000000000000010000 (D = { \sample_l_reg \sample_r_reg }, Q = \fifo_wr_data).
Adding EN signal on $procdff$1001 ($adff) from module $paramod\i2s_rx\BIT_DEPTH=s32'00000000000000000000000000010000 (D = $2\sample_l[15:0], Q = \sample_l_reg).
Adding EN signal on $procdff$991 ($dff) from module $paramod\i2s_rx\BIT_DEPTH=s32'00000000000000000000000000010000 (D = $procmux$325_Y, Q = \fifo_wr_en).
Adding EN signal on $procdff$1006 ($adff) from module $paramod\i2s_rx\BIT_DEPTH=s32'00000000000000000000000000010000 (D = $2\sample_r[15:0], Q = \sample_r_reg).
Adding EN signal on $procdff$1125 ($dff) from module $paramod$28704d8bf4447e08602ecae7770c77318b280126\fifo (D = \wr_data, Q = \mem[6]).
Adding EN signal on $procdff$1181 ($dff) from module $paramod$28704d8bf4447e08602ecae7770c77318b280126\fifo (D = \wr_data, Q = \mem[14]).
Adding EN signal on $procdff$1066 ($adff) from module $paramod$28704d8bf4447e08602ecae7770c77318b280126\fifo (D = $ternary$../src/misc/fifo.sv:40$191_Y, Q = \wr_ptr).
Adding EN signal on $procdff$1132 ($dff) from module $paramod$28704d8bf4447e08602ecae7770c77318b280126\fifo (D = \wr_data, Q = \mem[7]).
Adding EN signal on $procdff$1071 ($adff) from module $paramod$28704d8bf4447e08602ecae7770c77318b280126\fifo (D = $ternary$../src/misc/fifo.sv:44$194_Y, Q = \rd_ptr).
Adding EN signal on $procdff$1153 ($dff) from module $paramod$28704d8bf4447e08602ecae7770c77318b280126\fifo (D = \wr_data, Q = \mem[10]).
Adding EN signal on $procdff$1167 ($dff) from module $paramod$28704d8bf4447e08602ecae7770c77318b280126\fifo (D = \wr_data, Q = \mem[12]).
Adding EN signal on $procdff$1076 ($adff) from module $paramod$28704d8bf4447e08602ecae7770c77318b280126\fifo (D = $procmux$347_Y, Q = \count).
Adding EN signal on $procdff$1083 ($dff) from module $paramod$28704d8bf4447e08602ecae7770c77318b280126\fifo (D = \wr_data, Q = \mem[0]).
Adding EN signal on $procdff$1139 ($dff) from module $paramod$28704d8bf4447e08602ecae7770c77318b280126\fifo (D = \wr_data, Q = \mem[8]).
Adding EN signal on $procdff$1090 ($dff) from module $paramod$28704d8bf4447e08602ecae7770c77318b280126\fifo (D = \wr_data, Q = \mem[1]).
Adding EN signal on $procdff$1188 ($dff) from module $paramod$28704d8bf4447e08602ecae7770c77318b280126\fifo (D = \wr_data, Q = \mem[15]).
Adding EN signal on $procdff$1097 ($dff) from module $paramod$28704d8bf4447e08602ecae7770c77318b280126\fifo (D = \wr_data, Q = \mem[2]).
Adding EN signal on $procdff$1174 ($dff) from module $paramod$28704d8bf4447e08602ecae7770c77318b280126\fifo (D = \wr_data, Q = \mem[13]).
Adding EN signal on $procdff$1104 ($dff) from module $paramod$28704d8bf4447e08602ecae7770c77318b280126\fifo (D = \wr_data, Q = \mem[3]).
Adding EN signal on $procdff$1146 ($dff) from module $paramod$28704d8bf4447e08602ecae7770c77318b280126\fifo (D = \wr_data, Q = \mem[9]).
Adding EN signal on $procdff$1111 ($dff) from module $paramod$28704d8bf4447e08602ecae7770c77318b280126\fifo (D = \wr_data, Q = \mem[4]).
Adding EN signal on $procdff$1160 ($dff) from module $paramod$28704d8bf4447e08602ecae7770c77318b280126\fifo (D = \wr_data, Q = \mem[11]).
Adding EN signal on $procdff$1118 ($dff) from module $paramod$28704d8bf4447e08602ecae7770c77318b280126\fifo (D = \wr_data, Q = \mem[5]).
Setting constant 0-bit at position 0 on $procdff$1193 ($adff) from module $paramod$28704d8bf4447e08602ecae7770c77318b280126\fifo.
Setting constant 0-bit at position 1 on $procdff$1193 ($adff) from module $paramod$28704d8bf4447e08602ecae7770c77318b280126\fifo.
Setting constant 0-bit at position 2 on $procdff$1193 ($adff) from module $paramod$28704d8bf4447e08602ecae7770c77318b280126\fifo.
Setting constant 0-bit at position 3 on $procdff$1193 ($adff) from module $paramod$28704d8bf4447e08602ecae7770c77318b280126\fifo.
Setting constant 0-bit at position 0 on $procdff$1198 ($adff) from module $paramod$28704d8bf4447e08602ecae7770c77318b280126\fifo.
Setting constant 0-bit at position 1 on $procdff$1198 ($adff) from module $paramod$28704d8bf4447e08602ecae7770c77318b280126\fifo.
Setting constant 0-bit at position 2 on $procdff$1198 ($adff) from module $paramod$28704d8bf4447e08602ecae7770c77318b280126\fifo.
Setting constant 0-bit at position 3 on $procdff$1198 ($adff) from module $paramod$28704d8bf4447e08602ecae7770c77318b280126\fifo.
Setting constant 0-bit at position 4 on $procdff$1198 ($adff) from module $paramod$28704d8bf4447e08602ecae7770c77318b280126\fifo.
Setting constant 0-bit at position 5 on $procdff$1198 ($adff) from module $paramod$28704d8bf4447e08602ecae7770c77318b280126\fifo.
Setting constant 0-bit at position 6 on $procdff$1198 ($adff) from module $paramod$28704d8bf4447e08602ecae7770c77318b280126\fifo.
Setting constant 0-bit at position 7 on $procdff$1198 ($adff) from module $paramod$28704d8bf4447e08602ecae7770c77318b280126\fifo.
Setting constant 0-bit at position 8 on $procdff$1198 ($adff) from module $paramod$28704d8bf4447e08602ecae7770c77318b280126\fifo.
Setting constant 0-bit at position 9 on $procdff$1198 ($adff) from module $paramod$28704d8bf4447e08602ecae7770c77318b280126\fifo.
Setting constant 0-bit at position 10 on $procdff$1198 ($adff) from module $paramod$28704d8bf4447e08602ecae7770c77318b280126\fifo.
Setting constant 0-bit at position 11 on $procdff$1198 ($adff) from module $paramod$28704d8bf4447e08602ecae7770c77318b280126\fifo.
Setting constant 0-bit at position 12 on $procdff$1198 ($adff) from module $paramod$28704d8bf4447e08602ecae7770c77318b280126\fifo.
Setting constant 0-bit at position 13 on $procdff$1198 ($adff) from module $paramod$28704d8bf4447e08602ecae7770c77318b280126\fifo.
Setting constant 0-bit at position 14 on $procdff$1198 ($adff) from module $paramod$28704d8bf4447e08602ecae7770c77318b280126\fifo.
Setting constant 0-bit at position 15 on $procdff$1198 ($adff) from module $paramod$28704d8bf4447e08602ecae7770c77318b280126\fifo.
Setting constant 0-bit at position 16 on $procdff$1198 ($adff) from module $paramod$28704d8bf4447e08602ecae7770c77318b280126\fifo.
Setting constant 0-bit at position 17 on $procdff$1198 ($adff) from module $paramod$28704d8bf4447e08602ecae7770c77318b280126\fifo.
Setting constant 0-bit at position 18 on $procdff$1198 ($adff) from module $paramod$28704d8bf4447e08602ecae7770c77318b280126\fifo.
Setting constant 0-bit at position 19 on $procdff$1198 ($adff) from module $paramod$28704d8bf4447e08602ecae7770c77318b280126\fifo.
Setting constant 0-bit at position 20 on $procdff$1198 ($adff) from module $paramod$28704d8bf4447e08602ecae7770c77318b280126\fifo.
Setting constant 0-bit at position 21 on $procdff$1198 ($adff) from module $paramod$28704d8bf4447e08602ecae7770c77318b280126\fifo.
Setting constant 0-bit at position 22 on $procdff$1198 ($adff) from module $paramod$28704d8bf4447e08602ecae7770c77318b280126\fifo.
Setting constant 0-bit at position 23 on $procdff$1198 ($adff) from module $paramod$28704d8bf4447e08602ecae7770c77318b280126\fifo.
Setting constant 0-bit at position 24 on $procdff$1198 ($adff) from module $paramod$28704d8bf4447e08602ecae7770c77318b280126\fifo.
Setting constant 0-bit at position 25 on $procdff$1198 ($adff) from module $paramod$28704d8bf4447e08602ecae7770c77318b280126\fifo.
Setting constant 0-bit at position 26 on $procdff$1198 ($adff) from module $paramod$28704d8bf4447e08602ecae7770c77318b280126\fifo.
Setting constant 0-bit at position 27 on $procdff$1198 ($adff) from module $paramod$28704d8bf4447e08602ecae7770c77318b280126\fifo.
Setting constant 0-bit at position 28 on $procdff$1198 ($adff) from module $paramod$28704d8bf4447e08602ecae7770c77318b280126\fifo.
Setting constant 0-bit at position 29 on $procdff$1198 ($adff) from module $paramod$28704d8bf4447e08602ecae7770c77318b280126\fifo.
Setting constant 0-bit at position 30 on $procdff$1198 ($adff) from module $paramod$28704d8bf4447e08602ecae7770c77318b280126\fifo.
Setting constant 0-bit at position 31 on $procdff$1198 ($adff) from module $paramod$28704d8bf4447e08602ecae7770c77318b280126\fifo.
Adding EN signal on $procdff$1201 ($adff) from module $paramod\volume\DWIDTH=s32'00000000000000000000000000010000 (D = $procmux$567_Y, Q = \gain).
Adding EN signal on $procdff$1265 ($dff) from module $paramod$1719986e2d5dc43517b18f4e324b0f602a4474e9\fifo (D = \wr_data, Q = \mem[6]).
Adding EN signal on $procdff$1321 ($dff) from module $paramod$1719986e2d5dc43517b18f4e324b0f602a4474e9\fifo (D = \wr_data, Q = \mem[14]).
Adding EN signal on $procdff$1206 ($adff) from module $paramod$1719986e2d5dc43517b18f4e324b0f602a4474e9\fifo (D = $ternary$../src/misc/fifo.sv:40$160_Y, Q = \wr_ptr).
Adding EN signal on $procdff$1272 ($dff) from module $paramod$1719986e2d5dc43517b18f4e324b0f602a4474e9\fifo (D = \wr_data, Q = \mem[7]).
Adding EN signal on $procdff$1211 ($adff) from module $paramod$1719986e2d5dc43517b18f4e324b0f602a4474e9\fifo (D = $ternary$../src/misc/fifo.sv:44$163_Y, Q = \rd_ptr).
Adding EN signal on $procdff$1293 ($dff) from module $paramod$1719986e2d5dc43517b18f4e324b0f602a4474e9\fifo (D = \wr_data, Q = \mem[10]).
Adding EN signal on $procdff$1307 ($dff) from module $paramod$1719986e2d5dc43517b18f4e324b0f602a4474e9\fifo (D = \wr_data, Q = \mem[12]).
Adding EN signal on $procdff$1216 ($adff) from module $paramod$1719986e2d5dc43517b18f4e324b0f602a4474e9\fifo (D = $procmux$587_Y, Q = \count).
Adding EN signal on $procdff$1223 ($dff) from module $paramod$1719986e2d5dc43517b18f4e324b0f602a4474e9\fifo (D = \wr_data, Q = \mem[0]).
Adding EN signal on $procdff$1279 ($dff) from module $paramod$1719986e2d5dc43517b18f4e324b0f602a4474e9\fifo (D = \wr_data, Q = \mem[8]).
Adding EN signal on $procdff$1230 ($dff) from module $paramod$1719986e2d5dc43517b18f4e324b0f602a4474e9\fifo (D = \wr_data, Q = \mem[1]).
Adding EN signal on $procdff$1328 ($dff) from module $paramod$1719986e2d5dc43517b18f4e324b0f602a4474e9\fifo (D = \wr_data, Q = \mem[15]).
Adding EN signal on $procdff$1237 ($dff) from module $paramod$1719986e2d5dc43517b18f4e324b0f602a4474e9\fifo (D = \wr_data, Q = \mem[2]).
Adding EN signal on $procdff$1314 ($dff) from module $paramod$1719986e2d5dc43517b18f4e324b0f602a4474e9\fifo (D = \wr_data, Q = \mem[13]).
Adding EN signal on $procdff$1244 ($dff) from module $paramod$1719986e2d5dc43517b18f4e324b0f602a4474e9\fifo (D = \wr_data, Q = \mem[3]).
Adding EN signal on $procdff$1286 ($dff) from module $paramod$1719986e2d5dc43517b18f4e324b0f602a4474e9\fifo (D = \wr_data, Q = \mem[9]).
Adding EN signal on $procdff$1251 ($dff) from module $paramod$1719986e2d5dc43517b18f4e324b0f602a4474e9\fifo (D = \wr_data, Q = \mem[4]).
Adding EN signal on $procdff$1300 ($dff) from module $paramod$1719986e2d5dc43517b18f4e324b0f602a4474e9\fifo (D = \wr_data, Q = \mem[11]).
Adding EN signal on $procdff$1258 ($dff) from module $paramod$1719986e2d5dc43517b18f4e324b0f602a4474e9\fifo (D = \wr_data, Q = \mem[5]).
Setting constant 0-bit at position 0 on $procdff$1333 ($adff) from module $paramod$1719986e2d5dc43517b18f4e324b0f602a4474e9\fifo.
Setting constant 0-bit at position 1 on $procdff$1333 ($adff) from module $paramod$1719986e2d5dc43517b18f4e324b0f602a4474e9\fifo.
Setting constant 0-bit at position 2 on $procdff$1333 ($adff) from module $paramod$1719986e2d5dc43517b18f4e324b0f602a4474e9\fifo.
Setting constant 0-bit at position 3 on $procdff$1333 ($adff) from module $paramod$1719986e2d5dc43517b18f4e324b0f602a4474e9\fifo.
Setting constant 0-bit at position 0 on $procdff$1338 ($adff) from module $paramod$1719986e2d5dc43517b18f4e324b0f602a4474e9\fifo.
Setting constant 0-bit at position 1 on $procdff$1338 ($adff) from module $paramod$1719986e2d5dc43517b18f4e324b0f602a4474e9\fifo.
Setting constant 0-bit at position 2 on $procdff$1338 ($adff) from module $paramod$1719986e2d5dc43517b18f4e324b0f602a4474e9\fifo.
Setting constant 0-bit at position 3 on $procdff$1338 ($adff) from module $paramod$1719986e2d5dc43517b18f4e324b0f602a4474e9\fifo.
Setting constant 0-bit at position 4 on $procdff$1338 ($adff) from module $paramod$1719986e2d5dc43517b18f4e324b0f602a4474e9\fifo.
Setting constant 0-bit at position 5 on $procdff$1338 ($adff) from module $paramod$1719986e2d5dc43517b18f4e324b0f602a4474e9\fifo.
Setting constant 0-bit at position 6 on $procdff$1338 ($adff) from module $paramod$1719986e2d5dc43517b18f4e324b0f602a4474e9\fifo.
Setting constant 0-bit at position 7 on $procdff$1338 ($adff) from module $paramod$1719986e2d5dc43517b18f4e324b0f602a4474e9\fifo.
Setting constant 0-bit at position 8 on $procdff$1338 ($adff) from module $paramod$1719986e2d5dc43517b18f4e324b0f602a4474e9\fifo.
Setting constant 0-bit at position 9 on $procdff$1338 ($adff) from module $paramod$1719986e2d5dc43517b18f4e324b0f602a4474e9\fifo.
Setting constant 0-bit at position 10 on $procdff$1338 ($adff) from module $paramod$1719986e2d5dc43517b18f4e324b0f602a4474e9\fifo.
Setting constant 0-bit at position 11 on $procdff$1338 ($adff) from module $paramod$1719986e2d5dc43517b18f4e324b0f602a4474e9\fifo.
Setting constant 0-bit at position 12 on $procdff$1338 ($adff) from module $paramod$1719986e2d5dc43517b18f4e324b0f602a4474e9\fifo.
Setting constant 0-bit at position 13 on $procdff$1338 ($adff) from module $paramod$1719986e2d5dc43517b18f4e324b0f602a4474e9\fifo.
Setting constant 0-bit at position 14 on $procdff$1338 ($adff) from module $paramod$1719986e2d5dc43517b18f4e324b0f602a4474e9\fifo.
Setting constant 0-bit at position 15 on $procdff$1338 ($adff) from module $paramod$1719986e2d5dc43517b18f4e324b0f602a4474e9\fifo.
Adding EN signal on $procdff$1363 ($adff) from module $paramod$5785904fef3fb2a86d9b4a3d3a35d0648892543e\i2s_tx (D = $not$../src/i2s/i2s_tx.sv:85$138_Y, Q = \ws).
Adding EN signal on $procdff$1383 ($adff) from module $paramod$5785904fef3fb2a86d9b4a3d3a35d0648892543e\i2s_tx (D = $not$../src/i2s/i2s_tx.sv:40$128_Y, Q = \bclk_r).
Adding EN signal on $procdff$1353 ($adff) from module $paramod$5785904fef3fb2a86d9b4a3d3a35d0648892543e\i2s_tx (D = $procmux$851_Y, Q = \sdata).
Adding EN signal on $procdff$1358 ($adff) from module $paramod$5785904fef3fb2a86d9b4a3d3a35d0648892543e\i2s_tx (D = $procmux$840_Y, Q = \bit_cnt).
Adding EN signal on $procdff$1373 ($adff) from module $paramod$5785904fef3fb2a86d9b4a3d3a35d0648892543e\i2s_tx (D = $procmux$815_Y, Q = \sample_latch).
Adding EN signal on $procdff$1368 ($adff) from module $paramod$5785904fef3fb2a86d9b4a3d3a35d0648892543e\i2s_tx (D = $procmux$830_Y, Q = \shift_reg).
Adding EN signal on $procdff$1348 ($adff) from module $paramod$5785904fef3fb2a86d9b4a3d3a35d0648892543e\i2s_tx (D = $not$../src/i2s/i2s_tx.sv:84$137_Y, Q = \lrck).
Adding SRST signal on $procdff$1389 ($dff) from module top (D = $procmux$869_Y, Q = \led_counter, rval = 6'000000).
Adding EN signal on $auto$ff.cc:337:slice$1539 ($sdff) from module top (D = $procmux$869_Y, Q = \led_counter).

14.7. Executing OPT_CLEAN pass (remove unused cells and wires).
Finding unused cells or wires in module $paramod\gain\DWIDTH=s32'00000000000000000000000000010000..
Finding unused cells or wires in module \encoder..
Finding unused cells or wires in module $paramod$5ff65cac883644189a11f33c7731774bf2d6e2d2\clk_div..
Finding unused cells or wires in module $paramod\i2s_rx\BIT_DEPTH=s32'00000000000000000000000000010000..
Finding unused cells or wires in module $paramod$28704d8bf4447e08602ecae7770c77318b280126\fifo..
Finding unused cells or wires in module $paramod\volume\DWIDTH=s32'00000000000000000000000000010000..
Finding unused cells or wires in module $paramod$1719986e2d5dc43517b18f4e324b0f602a4474e9\fifo..
Finding unused cells or wires in module $paramod$5785904fef3fb2a86d9b4a3d3a35d0648892543e\i2s_tx..
Finding unused cells or wires in module \top..
Removed 147 unused cells and 606 unused wires.
<suppressed ~172 debug messages>

14.8. Executing OPT_EXPR pass (perform const folding).
Optimizing module $paramod\gain\DWIDTH=s32'00000000000000000000000000010000.
Optimizing module encoder.
Optimizing module $paramod$5ff65cac883644189a11f33c7731774bf2d6e2d2\clk_div.
Optimizing module $paramod\i2s_rx\BIT_DEPTH=s32'00000000000000000000000000010000.
Optimizing module $paramod$28704d8bf4447e08602ecae7770c77318b280126\fifo.
<suppressed ~1 debug messages>
Optimizing module $paramod\volume\DWIDTH=s32'00000000000000000000000000010000.
<suppressed ~1 debug messages>
Optimizing module $paramod$1719986e2d5dc43517b18f4e324b0f602a4474e9\fifo.
<suppressed ~1 debug messages>
Optimizing module $paramod$5785904fef3fb2a86d9b4a3d3a35d0648892543e\i2s_tx.
Optimizing module top.
<suppressed ~1 debug messages>

14.9. Rerunning OPT passes. (Maybe there is more to do..)

14.10. Executing OPT_MUXTREE pass (detect dead branches in mux trees).
Running muxtree optimizer on module $paramod\gain\DWIDTH=s32'00000000000000000000000000010000..
  Creating internal representation of mux trees.
  Evaluating internal representation of mux trees.
  Analyzing evaluation results.
Running muxtree optimizer on module \encoder..
  Creating internal representation of mux trees.
  Evaluating internal representation of mux trees.
  Analyzing evaluation results.
Running muxtree optimizer on module $paramod$5ff65cac883644189a11f33c7731774bf2d6e2d2\clk_div..
  Creating internal representation of mux trees.
  Evaluating internal representation of mux trees.
  Analyzing evaluation results.
Running muxtree optimizer on module $paramod\i2s_rx\BIT_DEPTH=s32'00000000000000000000000000010000..
  Creating internal representation of mux trees.
  Evaluating internal representation of mux trees.
  Analyzing evaluation results.
Running muxtree optimizer on module $paramod$28704d8bf4447e08602ecae7770c77318b280126\fifo..
  Creating internal representation of mux trees.
  Evaluating internal representation of mux trees.
  Analyzing evaluation results.
Running muxtree optimizer on module $paramod\volume\DWIDTH=s32'00000000000000000000000000010000..
  Creating internal representation of mux trees.
  Evaluating internal representation of mux trees.
  Analyzing evaluation results.
Running muxtree optimizer on module $paramod$1719986e2d5dc43517b18f4e324b0f602a4474e9\fifo..
  Creating internal representation of mux trees.
  Evaluating internal representation of mux trees.
  Analyzing evaluation results.
Running muxtree optimizer on module $paramod$5785904fef3fb2a86d9b4a3d3a35d0648892543e\i2s_tx..
  Creating internal representation of mux trees.
  Evaluating internal representation of mux trees.
  Analyzing evaluation results.
Running muxtree optimizer on module \top..
  Creating internal representation of mux trees.
  Evaluating internal representation of mux trees.
  Analyzing evaluation results.
Removed 0 multiplexer ports.
<suppressed ~71 debug messages>

14.11. Executing OPT_REDUCE pass (consolidate $*mux and $reduce_* inputs).
  Optimizing cells in module $paramod\gain\DWIDTH=s32'00000000000000000000000000010000.
  Optimizing cells in module \encoder.
  Optimizing cells in module $paramod$5ff65cac883644189a11f33c7731774bf2d6e2d2\clk_div.
  Optimizing cells in module $paramod\i2s_rx\BIT_DEPTH=s32'00000000000000000000000000010000.
    New ctrl vector for $pmux cell $procmux$311: { $auto$opt_reduce.cc:137:opt_pmux$1544 $procmux$294_CMP }
  Optimizing cells in module $paramod\i2s_rx\BIT_DEPTH=s32'00000000000000000000000000010000.
  Optimizing cells in module $paramod$28704d8bf4447e08602ecae7770c77318b280126\fifo.
  Optimizing cells in module $paramod\volume\DWIDTH=s32'00000000000000000000000000010000.
  Optimizing cells in module $paramod$1719986e2d5dc43517b18f4e324b0f602a4474e9\fifo.
  Optimizing cells in module $paramod$5785904fef3fb2a86d9b4a3d3a35d0648892543e\i2s_tx.
  Optimizing cells in module \top.
Performed a total of 1 changes.

14.12. Executing OPT_MERGE pass (detect identical cells).
Finding identical cells in module `$paramod\gain\DWIDTH=s32'00000000000000000000000000010000'.
Computing hashes of 7 cells of `$paramod\gain\DWIDTH=s32'00000000000000000000000000010000'.
Finding duplicate cells in `$paramod\gain\DWIDTH=s32'00000000000000000000000000010000'.
Finding identical cells in module `\encoder'.
Computing hashes of 44 cells of `\encoder'.
Finding duplicate cells in `\encoder'.
Finding identical cells in module `$paramod$5ff65cac883644189a11f33c7731774bf2d6e2d2\clk_div'.
Computing hashes of 6 cells of `$paramod$5ff65cac883644189a11f33c7731774bf2d6e2d2\clk_div'.
Finding duplicate cells in `$paramod$5ff65cac883644189a11f33c7731774bf2d6e2d2\clk_div'.
Finding identical cells in module `$paramod\i2s_rx\BIT_DEPTH=s32'00000000000000000000000000010000'.
Computing hashes of 38 cells of `$paramod\i2s_rx\BIT_DEPTH=s32'00000000000000000000000000010000'.
Finding duplicate cells in `$paramod\i2s_rx\BIT_DEPTH=s32'00000000000000000000000000010000'.
Finding identical cells in module `$paramod$28704d8bf4447e08602ecae7770c77318b280126\fifo'.
Computing hashes of 84 cells of `$paramod$28704d8bf4447e08602ecae7770c77318b280126\fifo'.
Finding duplicate cells in `$paramod$28704d8bf4447e08602ecae7770c77318b280126\fifo'.
Finding identical cells in module `$paramod\volume\DWIDTH=s32'00000000000000000000000000010000'.
Computing hashes of 9 cells of `$paramod\volume\DWIDTH=s32'00000000000000000000000000010000'.
Finding duplicate cells in `$paramod\volume\DWIDTH=s32'00000000000000000000000000010000'.
Finding identical cells in module `$paramod$1719986e2d5dc43517b18f4e324b0f602a4474e9\fifo'.
Computing hashes of 84 cells of `$paramod$1719986e2d5dc43517b18f4e324b0f602a4474e9\fifo'.
Finding duplicate cells in `$paramod$1719986e2d5dc43517b18f4e324b0f602a4474e9\fifo'.
Finding identical cells in module `$paramod$5785904fef3fb2a86d9b4a3d3a35d0648892543e\i2s_tx'.
Computing hashes of 34 cells of `$paramod$5785904fef3fb2a86d9b4a3d3a35d0648892543e\i2s_tx'.
Finding duplicate cells in `$paramod$5785904fef3fb2a86d9b4a3d3a35d0648892543e\i2s_tx'.
Computing hashes of 32 cells of `$paramod$5785904fef3fb2a86d9b4a3d3a35d0648892543e\i2s_tx'.
Finding duplicate cells in `$paramod$5785904fef3fb2a86d9b4a3d3a35d0648892543e\i2s_tx'.
Computing hashes of 31 cells of `$paramod$5785904fef3fb2a86d9b4a3d3a35d0648892543e\i2s_tx'.
Finding duplicate cells in `$paramod$5785904fef3fb2a86d9b4a3d3a35d0648892543e\i2s_tx'.
<suppressed ~9 debug messages>
Finding identical cells in module `\top'.
Computing hashes of 15 cells of `\top'.
Finding duplicate cells in `\top'.
Removed a total of 3 cells.

14.13. Executing OPT_DFF pass (perform DFF optimizations).
Adding EN signal on $auto$ff.cc:337:slice$1402 ($adffe) from module $paramod\i2s_rx\BIT_DEPTH=s32'00000000000000000000000000010000 (D = \next_state, Q = \state).
Adding EN signal on $auto$ff.cc:337:slice$1408 ($adffe) from module $paramod\i2s_rx\BIT_DEPTH=s32'00000000000000000000000000010000 (D = { \sample_l_reg [14:0] \sdata_sync }, Q = \sample_l_reg).
Adding EN signal on $auto$ff.cc:337:slice$1410 ($adffe) from module $paramod\i2s_rx\BIT_DEPTH=s32'00000000000000000000000000010000 (D = { \sample_r_reg [14:0] \sdata_sync }, Q = \sample_r_reg).

14.14. Executing OPT_CLEAN pass (remove unused cells and wires).
Finding unused cells or wires in module $paramod\gain\DWIDTH=s32'00000000000000000000000000010000..
Finding unused cells or wires in module \encoder..
Finding unused cells or wires in module $paramod$5ff65cac883644189a11f33c7731774bf2d6e2d2\clk_div..
Finding unused cells or wires in module $paramod\i2s_rx\BIT_DEPTH=s32'00000000000000000000000000010000..
Finding unused cells or wires in module $paramod$28704d8bf4447e08602ecae7770c77318b280126\fifo..
Finding unused cells or wires in module $paramod\volume\DWIDTH=s32'00000000000000000000000000010000..
Finding unused cells or wires in module $paramod$1719986e2d5dc43517b18f4e324b0f602a4474e9\fifo..
Finding unused cells or wires in module $paramod$5785904fef3fb2a86d9b4a3d3a35d0648892543e\i2s_tx..
Finding unused cells or wires in module \top..
Removed 2 unused cells and 4 unused wires.
<suppressed ~4 debug messages>

14.15. Executing OPT_EXPR pass (perform const folding).
Optimizing module $paramod\gain\DWIDTH=s32'00000000000000000000000000010000.
Optimizing module encoder.
Optimizing module $paramod$5ff65cac883644189a11f33c7731774bf2d6e2d2\clk_div.
Optimizing module $paramod\i2s_rx\BIT_DEPTH=s32'00000000000000000000000000010000.
Optimizing module $paramod$28704d8bf4447e08602ecae7770c77318b280126\fifo.
Optimizing module $paramod\volume\DWIDTH=s32'00000000000000000000000000010000.
Optimizing module $paramod$1719986e2d5dc43517b18f4e324b0f602a4474e9\fifo.
Optimizing module $paramod$5785904fef3fb2a86d9b4a3d3a35d0648892543e\i2s_tx.
Optimizing module top.

14.16. Rerunning OPT passes. (Maybe there is more to do..)

14.17. Executing OPT_MUXTREE pass (detect dead branches in mux trees).
Running muxtree optimizer on module $paramod\gain\DWIDTH=s32'00000000000000000000000000010000..
  Creating internal representation of mux trees.
  Evaluating internal representation of mux trees.
  Analyzing evaluation results.
Running muxtree optimizer on module \encoder..
  Creating internal representation of mux trees.
  Evaluating internal representation of mux trees.
  Analyzing evaluation results.
Running muxtree optimizer on module $paramod$5ff65cac883644189a11f33c7731774bf2d6e2d2\clk_div..
  Creating internal representation of mux trees.
  Evaluating internal representation of mux trees.
  Analyzing evaluation results.
Running muxtree optimizer on module $paramod\i2s_rx\BIT_DEPTH=s32'00000000000000000000000000010000..
  Creating internal representation of mux trees.
  Evaluating internal representation of mux trees.
  Analyzing evaluation results.
Running muxtree optimizer on module $paramod$28704d8bf4447e08602ecae7770c77318b280126\fifo..
  Creating internal representation of mux trees.
  Evaluating internal representation of mux trees.
  Analyzing evaluation results.
Running muxtree optimizer on module $paramod\volume\DWIDTH=s32'00000000000000000000000000010000..
  Creating internal representation of mux trees.
  Evaluating internal representation of mux trees.
  Analyzing evaluation results.
Running muxtree optimizer on module $paramod$1719986e2d5dc43517b18f4e324b0f602a4474e9\fifo..
  Creating internal representation of mux trees.
  Evaluating internal representation of mux trees.
  Analyzing evaluation results.
Running muxtree optimizer on module $paramod$5785904fef3fb2a86d9b4a3d3a35d0648892543e\i2s_tx..
  Creating internal representation of mux trees.
  Evaluating internal representation of mux trees.
  Analyzing evaluation results.
Running muxtree optimizer on module \top..
  Creating internal representation of mux trees.
  Evaluating internal representation of mux trees.
  Analyzing evaluation results.
Removed 0 multiplexer ports.
<suppressed ~64 debug messages>

14.18. Executing OPT_REDUCE pass (consolidate $*mux and $reduce_* inputs).
  Optimizing cells in module $paramod\gain\DWIDTH=s32'00000000000000000000000000010000.
  Optimizing cells in module \encoder.
  Optimizing cells in module $paramod$5ff65cac883644189a11f33c7731774bf2d6e2d2\clk_div.
  Optimizing cells in module $paramod\i2s_rx\BIT_DEPTH=s32'00000000000000000000000000010000.
  Optimizing cells in module $paramod$28704d8bf4447e08602ecae7770c77318b280126\fifo.
  Optimizing cells in module $paramod\volume\DWIDTH=s32'00000000000000000000000000010000.
  Optimizing cells in module $paramod$1719986e2d5dc43517b18f4e324b0f602a4474e9\fifo.
  Optimizing cells in module $paramod$5785904fef3fb2a86d9b4a3d3a35d0648892543e\i2s_tx.
  Optimizing cells in module \top.
Performed a total of 0 changes.

14.19. Executing OPT_MERGE pass (detect identical cells).
Finding identical cells in module `$paramod\gain\DWIDTH=s32'00000000000000000000000000010000'.
Computing hashes of 7 cells of `$paramod\gain\DWIDTH=s32'00000000000000000000000000010000'.
Finding duplicate cells in `$paramod\gain\DWIDTH=s32'00000000000000000000000000010000'.
Finding identical cells in module `\encoder'.
Computing hashes of 44 cells of `\encoder'.
Finding duplicate cells in `\encoder'.
Finding identical cells in module `$paramod$5ff65cac883644189a11f33c7731774bf2d6e2d2\clk_div'.
Computing hashes of 6 cells of `$paramod$5ff65cac883644189a11f33c7731774bf2d6e2d2\clk_div'.
Finding duplicate cells in `$paramod$5ff65cac883644189a11f33c7731774bf2d6e2d2\clk_div'.
Finding identical cells in module `$paramod\i2s_rx\BIT_DEPTH=s32'00000000000000000000000000010000'.
Computing hashes of 40 cells of `$paramod\i2s_rx\BIT_DEPTH=s32'00000000000000000000000000010000'.
Finding duplicate cells in `$paramod\i2s_rx\BIT_DEPTH=s32'00000000000000000000000000010000'.
Finding identical cells in module `$paramod$28704d8bf4447e08602ecae7770c77318b280126\fifo'.
Computing hashes of 84 cells of `$paramod$28704d8bf4447e08602ecae7770c77318b280126\fifo'.
Finding duplicate cells in `$paramod$28704d8bf4447e08602ecae7770c77318b280126\fifo'.
Finding identical cells in module `$paramod\volume\DWIDTH=s32'00000000000000000000000000010000'.
Computing hashes of 9 cells of `$paramod\volume\DWIDTH=s32'00000000000000000000000000010000'.
Finding duplicate cells in `$paramod\volume\DWIDTH=s32'00000000000000000000000000010000'.
Finding identical cells in module `$paramod$1719986e2d5dc43517b18f4e324b0f602a4474e9\fifo'.
Computing hashes of 84 cells of `$paramod$1719986e2d5dc43517b18f4e324b0f602a4474e9\fifo'.
Finding duplicate cells in `$paramod$1719986e2d5dc43517b18f4e324b0f602a4474e9\fifo'.
Finding identical cells in module `$paramod$5785904fef3fb2a86d9b4a3d3a35d0648892543e\i2s_tx'.
Computing hashes of 31 cells of `$paramod$5785904fef3fb2a86d9b4a3d3a35d0648892543e\i2s_tx'.
Finding duplicate cells in `$paramod$5785904fef3fb2a86d9b4a3d3a35d0648892543e\i2s_tx'.
Finding identical cells in module `\top'.
Computing hashes of 15 cells of `\top'.
Finding duplicate cells in `\top'.
Removed a total of 0 cells.

14.20. Executing OPT_DFF pass (perform DFF optimizations).

14.21. Executing OPT_CLEAN pass (remove unused cells and wires).
Finding unused cells or wires in module $paramod\gain\DWIDTH=s32'00000000000000000000000000010000..
Finding unused cells or wires in module \encoder..
Finding unused cells or wires in module $paramod$5ff65cac883644189a11f33c7731774bf2d6e2d2\clk_div..
Finding unused cells or wires in module $paramod\i2s_rx\BIT_DEPTH=s32'00000000000000000000000000010000..
Finding unused cells or wires in module $paramod$28704d8bf4447e08602ecae7770c77318b280126\fifo..
Finding unused cells or wires in module $paramod\volume\DWIDTH=s32'00000000000000000000000000010000..
Finding unused cells or wires in module $paramod$1719986e2d5dc43517b18f4e324b0f602a4474e9\fifo..
Finding unused cells or wires in module $paramod$5785904fef3fb2a86d9b4a3d3a35d0648892543e\i2s_tx..
Finding unused cells or wires in module \top..

14.22. Executing OPT_EXPR pass (perform const folding).
Optimizing module $paramod\gain\DWIDTH=s32'00000000000000000000000000010000.
Optimizing module encoder.
Optimizing module $paramod$5ff65cac883644189a11f33c7731774bf2d6e2d2\clk_div.
Optimizing module $paramod\i2s_rx\BIT_DEPTH=s32'00000000000000000000000000010000.
Optimizing module $paramod$28704d8bf4447e08602ecae7770c77318b280126\fifo.
Optimizing module $paramod\volume\DWIDTH=s32'00000000000000000000000000010000.
Optimizing module $paramod$1719986e2d5dc43517b18f4e324b0f602a4474e9\fifo.
Optimizing module $paramod$5785904fef3fb2a86d9b4a3d3a35d0648892543e\i2s_tx.
Optimizing module top.

14.23. Finished fast OPT passes. (There is nothing left to do.)

15. Executing TECHMAP pass (map to technology primitives).

15.1. Executing Verilog-2005 frontend: /opt/homebrew/bin/../share/yosys/techmap.v
Parsing Verilog input from `/opt/homebrew/bin/../share/yosys/techmap.v' to AST representation.
Generating RTLIL representation for module `\_90_simplemap_bool_ops'.
Generating RTLIL representation for module `\_90_simplemap_reduce_ops'.
Generating RTLIL representation for module `\_90_simplemap_logic_ops'.
Generating RTLIL representation for module `\_90_simplemap_compare_ops'.
Generating RTLIL representation for module `\_90_simplemap_various'.
Generating RTLIL representation for module `\_90_simplemap_registers'.
Generating RTLIL representation for module `\_90_shift_ops_shr_shl_sshl_sshr'.
Generating RTLIL representation for module `\_90_shift_shiftx'.
Generating RTLIL representation for module `\_90_fa'.
Generating RTLIL representation for module `\_90_lcu_brent_kung'.
Generating RTLIL representation for module `\_90_alu'.
Generating RTLIL representation for module `\_90_macc'.
Generating RTLIL representation for module `\_90_alumacc'.
Generating RTLIL representation for module `$__div_mod_u'.
Generating RTLIL representation for module `$__div_mod_trunc'.
Generating RTLIL representation for module `\_90_div'.
Generating RTLIL representation for module `\_90_mod'.
Generating RTLIL representation for module `$__div_mod_floor'.
Generating RTLIL representation for module `\_90_divfloor'.
Generating RTLIL representation for module `\_90_modfloor'.
Generating RTLIL representation for module `\_90_pow'.
Generating RTLIL representation for module `\_90_demux'.
Generating RTLIL representation for module `\_90_lut'.
Generating RTLIL representation for module `$connect'.
Generating RTLIL representation for module `$input_port'.
Successfully finished Verilog frontend.

15.2. Continuing TECHMAP pass.
Using extmapper simplemap for cells of type $reduce_bool.
Using extmapper simplemap for cells of type $sdffe.
Using extmapper simplemap for cells of type $not.
Running "alumacc" on wrapper $extern:wrap:$add:Y_WIDTH=6:B_WIDTH=1:A_WIDTH=6:B_SIGNED=0:A_SIGNED=0:394426c56d1a028ba8fdd5469b163e04011def47.
Using template $extern:wrap:$add:Y_WIDTH=6:B_WIDTH=1:A_WIDTH=6:B_SIGNED=0:A_SIGNED=0:394426c56d1a028ba8fdd5469b163e04011def47 for cells of type $extern:wrap:$add:Y_WIDTH=6:B_WIDTH=1:A_WIDTH=6:B_SIGNED=0:A_SIGNED=0:394426c56d1a028ba8fdd5469b163e04011def47.
Running "alumacc" on wrapper $extern:wrap:$sub:Y_WIDTH=6:B_WIDTH=1:A_WIDTH=6:B_SIGNED=0:A_SIGNED=0:394426c56d1a028ba8fdd5469b163e04011def47.
Using template $extern:wrap:$sub:Y_WIDTH=6:B_WIDTH=1:A_WIDTH=6:B_SIGNED=0:A_SIGNED=0:394426c56d1a028ba8fdd5469b163e04011def47 for cells of type $extern:wrap:$sub:Y_WIDTH=6:B_WIDTH=1:A_WIDTH=6:B_SIGNED=0:A_SIGNED=0:394426c56d1a028ba8fdd5469b163e04011def47.
Using extmapper simplemap for cells of type $logic_not.
Using extmapper simplemap for cells of type $mux.
Using template $paramod$a04dd9d4d8b430140c4ff94b50470fb380fda2a0\_90_alu for cells of type $alu.
Using template $paramod$32efbfac1c4dc57230cf86180788fdfd12e3b511\_90_alu for cells of type $alu.
Using extmapper simplemap for cells of type $pos.
Using template $paramod\_90_fa\WIDTH=32'00000000000000000000000000000110 for cells of type $fa.
Using template $paramod\_90_lcu_brent_kung\WIDTH=32'00000000000000000000000000000110 for cells of type $lcu.
Using extmapper simplemap for cells of type $xor.
Using extmapper simplemap for cells of type $and.
Using extmapper simplemap for cells of type $or.
Using extmapper simplemap for cells of type $reduce_and.
Using extmapper simplemap for cells of type $adffe.
Using extmapper simplemap for cells of type $eq.
Running "alumacc" on wrapper $extern:wrap:$add:Y_WIDTH=5:B_WIDTH=1:A_WIDTH=5:B_SIGNED=0:A_SIGNED=0:394426c56d1a028ba8fdd5469b163e04011def47.
Using template $extern:wrap:$add:Y_WIDTH=5:B_WIDTH=1:A_WIDTH=5:B_SIGNED=0:A_SIGNED=0:394426c56d1a028ba8fdd5469b163e04011def47 for cells of type $extern:wrap:$add:Y_WIDTH=5:B_WIDTH=1:A_WIDTH=5:B_SIGNED=0:A_SIGNED=0:394426c56d1a028ba8fdd5469b163e04011def47.
Running "alumacc" on wrapper $extern:wrap:$add:Y_WIDTH=4:B_WIDTH=1:A_WIDTH=4:B_SIGNED=0:A_SIGNED=0:394426c56d1a028ba8fdd5469b163e04011def47.
Using template $extern:wrap:$add:Y_WIDTH=4:B_WIDTH=1:A_WIDTH=4:B_SIGNED=0:A_SIGNED=0:394426c56d1a028ba8fdd5469b163e04011def47 for cells of type $extern:wrap:$add:Y_WIDTH=4:B_WIDTH=1:A_WIDTH=4:B_SIGNED=0:A_SIGNED=0:394426c56d1a028ba8fdd5469b163e04011def47.
Using extmapper simplemap for cells of type $adff.
Using template $paramod$32a7b7b86c07519b7537abc18e96f0331f97914d\_90_alu for cells of type $alu.
Using template $paramod$672a140277c71df8314410f22acc08d55222c3c7\_90_alu for cells of type $alu.
Using template $paramod\_90_fa\WIDTH=32'00000000000000000000000000000101 for cells of type $fa.
Using template $paramod\_90_lcu_brent_kung\WIDTH=32'00000000000000000000000000000101 for cells of type $lcu.
Using template $paramod\_90_fa\WIDTH=32'00000000000000000000000000000100 for cells of type $fa.
Using template $paramod\_90_lcu_brent_kung\WIDTH=32'00000000000000000000000000000100 for cells of type $lcu.
Using extmapper simplemap for cells of type $dffe.
Using extmapper simplemap for cells of type $logic_and.
Running "alumacc" on wrapper $extern:wrap:$sub:Y_WIDTH=5:B_WIDTH=1:A_WIDTH=5:B_SIGNED=0:A_SIGNED=0:394426c56d1a028ba8fdd5469b163e04011def47.
Using template $extern:wrap:$sub:Y_WIDTH=5:B_WIDTH=1:A_WIDTH=5:B_SIGNED=0:A_SIGNED=0:394426c56d1a028ba8fdd5469b163e04011def47 for cells of type $extern:wrap:$sub:Y_WIDTH=5:B_WIDTH=1:A_WIDTH=5:B_SIGNED=0:A_SIGNED=0:394426c56d1a028ba8fdd5469b163e04011def47.
Using extmapper simplemap for cells of type $pmux.
Using template $paramod$dc04b7d98e503a7bab16fce2df70e6e2c5ca34d6\_90_alu for cells of type $alu.
Running "alumacc" on wrapper $extern:wrap:$add:Y_WIDTH=32:B_WIDTH=32:A_WIDTH=16:B_SIGNED=0:A_SIGNED=0:394426c56d1a028ba8fdd5469b163e04011def47.
Using template $extern:wrap:$add:Y_WIDTH=32:B_WIDTH=32:A_WIDTH=16:B_SIGNED=0:A_SIGNED=0:394426c56d1a028ba8fdd5469b163e04011def47 for cells of type $extern:wrap:$add:Y_WIDTH=32:B_WIDTH=32:A_WIDTH=16:B_SIGNED=0:A_SIGNED=0:394426c56d1a028ba8fdd5469b163e04011def47.
Running "alumacc" on wrapper $extern:wrap:$gt:Y_WIDTH=1:B_WIDTH=32:A_WIDTH=16:B_SIGNED=0:A_SIGNED=0:394426c56d1a028ba8fdd5469b163e04011def47.
Using template $extern:wrap:$gt:Y_WIDTH=1:B_WIDTH=32:A_WIDTH=16:B_SIGNED=0:A_SIGNED=0:394426c56d1a028ba8fdd5469b163e04011def47 for cells of type $extern:wrap:$gt:Y_WIDTH=1:B_WIDTH=32:A_WIDTH=16:B_SIGNED=0:A_SIGNED=0:394426c56d1a028ba8fdd5469b163e04011def47.
Running "alumacc" on wrapper $extern:wrap:$sub:Y_WIDTH=32:B_WIDTH=32:A_WIDTH=16:B_SIGNED=0:A_SIGNED=0:394426c56d1a028ba8fdd5469b163e04011def47.
Using template $extern:wrap:$sub:Y_WIDTH=32:B_WIDTH=32:A_WIDTH=16:B_SIGNED=0:A_SIGNED=0:394426c56d1a028ba8fdd5469b163e04011def47 for cells of type $extern:wrap:$sub:Y_WIDTH=32:B_WIDTH=32:A_WIDTH=16:B_SIGNED=0:A_SIGNED=0:394426c56d1a028ba8fdd5469b163e04011def47.
Using template $paramod$2bd81f420048247ff6903399c560fe0f8bd48ccc\_90_alu for cells of type $alu.
Using template $paramod\_90_fa\WIDTH=32'00000000000000000000000000100000 for cells of type $fa.
Using template $paramod\_90_lcu_brent_kung\WIDTH=32'00000000000000000000000000100000 for cells of type $lcu.
Using extmapper simplemap for cells of type $ne.
Using extmapper simplemap for cells of type $reduce_or.
Running "alumacc" on wrapper $extern:wrap:$add:Y_WIDTH=14:B_WIDTH=1:A_WIDTH=14:B_SIGNED=0:A_SIGNED=0:394426c56d1a028ba8fdd5469b163e04011def47.
Using template $extern:wrap:$add:Y_WIDTH=14:B_WIDTH=1:A_WIDTH=14:B_SIGNED=0:A_SIGNED=0:394426c56d1a028ba8fdd5469b163e04011def47 for cells of type $extern:wrap:$add:Y_WIDTH=14:B_WIDTH=1:A_WIDTH=14:B_SIGNED=0:A_SIGNED=0:394426c56d1a028ba8fdd5469b163e04011def47.
Using template $paramod$713617589782cfade849bb573b5c36106c4b708f\_90_alu for cells of type $alu.
Using template $paramod\_90_fa\WIDTH=32'00000000000000000000000000001110 for cells of type $fa.
Using template $paramod\_90_lcu_brent_kung\WIDTH=32'00000000000000000000000000001110 for cells of type $lcu.
Using extmapper simplemap for cells of type $logic_or.
Using extmapper simplemap for cells of type $sdff.
Running "alumacc" on wrapper $extern:wrap:$mul:Y_WIDTH=32:B_WIDTH=16:A_WIDTH=16:B_SIGNED=1:A_SIGNED=1:394426c56d1a028ba8fdd5469b163e04011def47.
Using template $extern:wrap:$mul:Y_WIDTH=32:B_WIDTH=16:A_WIDTH=16:B_SIGNED=1:A_SIGNED=1:394426c56d1a028ba8fdd5469b163e04011def47 for cells of type $extern:wrap:$mul:Y_WIDTH=32:B_WIDTH=16:A_WIDTH=16:B_SIGNED=1:A_SIGNED=1:394426c56d1a028ba8fdd5469b163e04011def47.
Using extmapper maccmap for cells of type $macc_v2.
  add \fifo_in_data * \gain (16x16 bits, signed)
Using template $paramod$fbc7873bff55778c0b3173955b7e4bce1d9d6834\_90_alu for cells of type $alu.
No more expansions possible.
<suppressed ~2297 debug messages>

16. Executing OPT pass (performing simple optimizations).

16.1. Executing OPT_EXPR pass (perform const folding).
Optimizing module $paramod\gain\DWIDTH=s32'00000000000000000000000000010000.
<suppressed ~958 debug messages>
Optimizing module encoder.
<suppressed ~21 debug messages>
Optimizing module $paramod$5ff65cac883644189a11f33c7731774bf2d6e2d2\clk_div.
<suppressed ~145 debug messages>
Optimizing module $paramod\i2s_rx\BIT_DEPTH=s32'00000000000000000000000000010000.
<suppressed ~14 debug messages>
Optimizing module $paramod$28704d8bf4447e08602ecae7770c77318b280126\fifo.
<suppressed ~284 debug messages>
Optimizing module $paramod\volume\DWIDTH=s32'00000000000000000000000000010000.
<suppressed ~1092 debug messages>
Optimizing module $paramod$1719986e2d5dc43517b18f4e324b0f602a4474e9\fifo.
<suppressed ~284 debug messages>
Optimizing module $paramod$5785904fef3fb2a86d9b4a3d3a35d0648892543e\i2s_tx.
<suppressed ~112 debug messages>
Optimizing module top.
<suppressed ~95 debug messages>

16.2. Executing OPT_MERGE pass (detect identical cells).
Finding identical cells in module `$paramod\gain\DWIDTH=s32'00000000000000000000000000010000'.
Computing hashes of 2391 cells of `$paramod\gain\DWIDTH=s32'00000000000000000000000000010000'.
Finding duplicate cells in `$paramod\gain\DWIDTH=s32'00000000000000000000000000010000'.
Computing hashes of 2255 cells of `$paramod\gain\DWIDTH=s32'00000000000000000000000000010000'.
Finding duplicate cells in `$paramod\gain\DWIDTH=s32'00000000000000000000000000010000'.
Computing hashes of 2186 cells of `$paramod\gain\DWIDTH=s32'00000000000000000000000000010000'.
Finding duplicate cells in `$paramod\gain\DWIDTH=s32'00000000000000000000000000010000'.
Computing hashes of 2116 cells of `$paramod\gain\DWIDTH=s32'00000000000000000000000000010000'.
Finding duplicate cells in `$paramod\gain\DWIDTH=s32'00000000000000000000000000010000'.
Computing hashes of 2080 cells of `$paramod\gain\DWIDTH=s32'00000000000000000000000000010000'.
Finding duplicate cells in `$paramod\gain\DWIDTH=s32'00000000000000000000000000010000'.
Computing hashes of 2031 cells of `$paramod\gain\DWIDTH=s32'00000000000000000000000000010000'.
Finding duplicate cells in `$paramod\gain\DWIDTH=s32'00000000000000000000000000010000'.
Computing hashes of 2007 cells of `$paramod\gain\DWIDTH=s32'00000000000000000000000000010000'.
Finding duplicate cells in `$paramod\gain\DWIDTH=s32'00000000000000000000000000010000'.
Computing hashes of 1995 cells of `$paramod\gain\DWIDTH=s32'00000000000000000000000000010000'.
Finding duplicate cells in `$paramod\gain\DWIDTH=s32'00000000000000000000000000010000'.
Computing hashes of 1991 cells of `$paramod\gain\DWIDTH=s32'00000000000000000000000000010000'.
Finding duplicate cells in `$paramod\gain\DWIDTH=s32'00000000000000000000000000010000'.
Computing hashes of 1987 cells of `$paramod\gain\DWIDTH=s32'00000000000000000000000000010000'.
Finding duplicate cells in `$paramod\gain\DWIDTH=s32'00000000000000000000000000010000'.
Computing hashes of 1985 cells of `$paramod\gain\DWIDTH=s32'00000000000000000000000000010000'.
Finding duplicate cells in `$paramod\gain\DWIDTH=s32'00000000000000000000000000010000'.
Computing hashes of 1983 cells of `$paramod\gain\DWIDTH=s32'00000000000000000000000000010000'.
Finding duplicate cells in `$paramod\gain\DWIDTH=s32'00000000000000000000000000010000'.
Computing hashes of 1981 cells of `$paramod\gain\DWIDTH=s32'00000000000000000000000000010000'.
Finding duplicate cells in `$paramod\gain\DWIDTH=s32'00000000000000000000000000010000'.
Computing hashes of 1980 cells of `$paramod\gain\DWIDTH=s32'00000000000000000000000000010000'.
Finding duplicate cells in `$paramod\gain\DWIDTH=s32'00000000000000000000000000010000'.
<suppressed ~1233 debug messages>
Finding identical cells in module `\encoder'.
Computing hashes of 115 cells of `\encoder'.
Finding duplicate cells in `\encoder'.
Finding identical cells in module `$paramod$5ff65cac883644189a11f33c7731774bf2d6e2d2\clk_div'.
Computing hashes of 102 cells of `$paramod$5ff65cac883644189a11f33c7731774bf2d6e2d2\clk_div'.
Finding duplicate cells in `$paramod$5ff65cac883644189a11f33c7731774bf2d6e2d2\clk_div'.
Computing hashes of 92 cells of `$paramod$5ff65cac883644189a11f33c7731774bf2d6e2d2\clk_div'.
Finding duplicate cells in `$paramod$5ff65cac883644189a11f33c7731774bf2d6e2d2\clk_div'.
<suppressed ~30 debug messages>
Finding identical cells in module `$paramod\i2s_rx\BIT_DEPTH=s32'00000000000000000000000000010000'.
Computing hashes of 131 cells of `$paramod\i2s_rx\BIT_DEPTH=s32'00000000000000000000000000010000'.
Finding duplicate cells in `$paramod\i2s_rx\BIT_DEPTH=s32'00000000000000000000000000010000'.
Computing hashes of 129 cells of `$paramod\i2s_rx\BIT_DEPTH=s32'00000000000000000000000000010000'.
Finding duplicate cells in `$paramod\i2s_rx\BIT_DEPTH=s32'00000000000000000000000000010000'.
Computing hashes of 127 cells of `$paramod\i2s_rx\BIT_DEPTH=s32'00000000000000000000000000010000'.
Finding duplicate cells in `$paramod\i2s_rx\BIT_DEPTH=s32'00000000000000000000000000010000'.
<suppressed ~12 debug messages>
Finding identical cells in module `$paramod$28704d8bf4447e08602ecae7770c77318b280126\fifo'.
Computing hashes of 1896 cells of `$paramod$28704d8bf4447e08602ecae7770c77318b280126\fifo'.
Finding duplicate cells in `$paramod$28704d8bf4447e08602ecae7770c77318b280126\fifo'.
Computing hashes of 1793 cells of `$paramod$28704d8bf4447e08602ecae7770c77318b280126\fifo'.
Finding duplicate cells in `$paramod$28704d8bf4447e08602ecae7770c77318b280126\fifo'.
Computing hashes of 1756 cells of `$paramod$28704d8bf4447e08602ecae7770c77318b280126\fifo'.
Finding duplicate cells in `$paramod$28704d8bf4447e08602ecae7770c77318b280126\fifo'.
<suppressed ~420 debug messages>
Finding identical cells in module `$paramod\volume\DWIDTH=s32'00000000000000000000000000010000'.
Computing hashes of 320 cells of `$paramod\volume\DWIDTH=s32'00000000000000000000000000010000'.
Finding duplicate cells in `$paramod\volume\DWIDTH=s32'00000000000000000000000000010000'.
Computing hashes of 266 cells of `$paramod\volume\DWIDTH=s32'00000000000000000000000000010000'.
Finding duplicate cells in `$paramod\volume\DWIDTH=s32'00000000000000000000000000010000'.
Computing hashes of 251 cells of `$paramod\volume\DWIDTH=s32'00000000000000000000000000010000'.
Finding duplicate cells in `$paramod\volume\DWIDTH=s32'00000000000000000000000000010000'.
Computing hashes of 241 cells of `$paramod\volume\DWIDTH=s32'00000000000000000000000000010000'.
Finding duplicate cells in `$paramod\volume\DWIDTH=s32'00000000000000000000000000010000'.
Computing hashes of 233 cells of `$paramod\volume\DWIDTH=s32'00000000000000000000000000010000'.
Finding duplicate cells in `$paramod\volume\DWIDTH=s32'00000000000000000000000000010000'.
Computing hashes of 228 cells of `$paramod\volume\DWIDTH=s32'00000000000000000000000000010000'.
Finding duplicate cells in `$paramod\volume\DWIDTH=s32'00000000000000000000000000010000'.
Computing hashes of 219 cells of `$paramod\volume\DWIDTH=s32'00000000000000000000000000010000'.
Finding duplicate cells in `$paramod\volume\DWIDTH=s32'00000000000000000000000000010000'.
Computing hashes of 214 cells of `$paramod\volume\DWIDTH=s32'00000000000000000000000000010000'.
Finding duplicate cells in `$paramod\volume\DWIDTH=s32'00000000000000000000000000010000'.
Computing hashes of 207 cells of `$paramod\volume\DWIDTH=s32'00000000000000000000000000010000'.
Finding duplicate cells in `$paramod\volume\DWIDTH=s32'00000000000000000000000000010000'.
Computing hashes of 203 cells of `$paramod\volume\DWIDTH=s32'00000000000000000000000000010000'.
Finding duplicate cells in `$paramod\volume\DWIDTH=s32'00000000000000000000000000010000'.
Computing hashes of 199 cells of `$paramod\volume\DWIDTH=s32'00000000000000000000000000010000'.
Finding duplicate cells in `$paramod\volume\DWIDTH=s32'00000000000000000000000000010000'.
Computing hashes of 198 cells of `$paramod\volume\DWIDTH=s32'00000000000000000000000000010000'.
Finding duplicate cells in `$paramod\volume\DWIDTH=s32'00000000000000000000000000010000'.
Computing hashes of 197 cells of `$paramod\volume\DWIDTH=s32'00000000000000000000000000010000'.
Finding duplicate cells in `$paramod\volume\DWIDTH=s32'00000000000000000000000000010000'.
<suppressed ~369 debug messages>
Finding identical cells in module `$paramod$1719986e2d5dc43517b18f4e324b0f602a4474e9\fifo'.
Computing hashes of 1128 cells of `$paramod$1719986e2d5dc43517b18f4e324b0f602a4474e9\fifo'.
Finding duplicate cells in `$paramod$1719986e2d5dc43517b18f4e324b0f602a4474e9\fifo'.
Computing hashes of 1025 cells of `$paramod$1719986e2d5dc43517b18f4e324b0f602a4474e9\fifo'.
Finding duplicate cells in `$paramod$1719986e2d5dc43517b18f4e324b0f602a4474e9\fifo'.
Computing hashes of 988 cells of `$paramod$1719986e2d5dc43517b18f4e324b0f602a4474e9\fifo'.
Finding duplicate cells in `$paramod$1719986e2d5dc43517b18f4e324b0f602a4474e9\fifo'.
<suppressed ~420 debug messages>
Finding identical cells in module `$paramod$5785904fef3fb2a86d9b4a3d3a35d0648892543e\i2s_tx'.
Computing hashes of 170 cells of `$paramod$5785904fef3fb2a86d9b4a3d3a35d0648892543e\i2s_tx'.
Finding duplicate cells in `$paramod$5785904fef3fb2a86d9b4a3d3a35d0648892543e\i2s_tx'.
Computing hashes of 148 cells of `$paramod$5785904fef3fb2a86d9b4a3d3a35d0648892543e\i2s_tx'.
Finding duplicate cells in `$paramod$5785904fef3fb2a86d9b4a3d3a35d0648892543e\i2s_tx'.
<suppressed ~66 debug messages>
Finding identical cells in module `\top'.
Computing hashes of 79 cells of `\top'.
Finding duplicate cells in `\top'.
Computing hashes of 66 cells of `\top'.
Finding duplicate cells in `\top'.
<suppressed ~39 debug messages>
Removed a total of 863 cells.

16.3. Executing OPT_MUXTREE pass (detect dead branches in mux trees).
Running muxtree optimizer on module $paramod\gain\DWIDTH=s32'00000000000000000000000000010000..
  Creating internal representation of mux trees.
  No muxes found in this module.
Running muxtree optimizer on module \encoder..
  Creating internal representation of mux trees.
  No muxes found in this module.
Running muxtree optimizer on module $paramod$5ff65cac883644189a11f33c7731774bf2d6e2d2\clk_div..
  Creating internal representation of mux trees.
  No muxes found in this module.
Running muxtree optimizer on module $paramod\i2s_rx\BIT_DEPTH=s32'00000000000000000000000000010000..
  Creating internal representation of mux trees.
  No muxes found in this module.
Running muxtree optimizer on module $paramod$28704d8bf4447e08602ecae7770c77318b280126\fifo..
  Creating internal representation of mux trees.
  No muxes found in this module.
Running muxtree optimizer on module $paramod\volume\DWIDTH=s32'00000000000000000000000000010000..
  Creating internal representation of mux trees.
  No muxes found in this module.
Running muxtree optimizer on module $paramod$1719986e2d5dc43517b18f4e324b0f602a4474e9\fifo..
  Creating internal representation of mux trees.
  No muxes found in this module.
Running muxtree optimizer on module $paramod$5785904fef3fb2a86d9b4a3d3a35d0648892543e\i2s_tx..
  Creating internal representation of mux trees.
  No muxes found in this module.
Running muxtree optimizer on module \top..
  Creating internal representation of mux trees.
  No muxes found in this module.
Removed 0 multiplexer ports.

16.4. Executing OPT_REDUCE pass (consolidate $*mux and $reduce_* inputs).
  Optimizing cells in module $paramod\gain\DWIDTH=s32'00000000000000000000000000010000.
  Optimizing cells in module \encoder.
  Optimizing cells in module $paramod$5ff65cac883644189a11f33c7731774bf2d6e2d2\clk_div.
  Optimizing cells in module $paramod\i2s_rx\BIT_DEPTH=s32'00000000000000000000000000010000.
  Optimizing cells in module $paramod$28704d8bf4447e08602ecae7770c77318b280126\fifo.
  Optimizing cells in module $paramod\volume\DWIDTH=s32'00000000000000000000000000010000.
  Optimizing cells in module $paramod$1719986e2d5dc43517b18f4e324b0f602a4474e9\fifo.
  Optimizing cells in module $paramod$5785904fef3fb2a86d9b4a3d3a35d0648892543e\i2s_tx.
  Optimizing cells in module \top.
Performed a total of 0 changes.

16.5. Executing OPT_MERGE pass (detect identical cells).
Finding identical cells in module `$paramod\gain\DWIDTH=s32'00000000000000000000000000010000'.
Computing hashes of 1980 cells of `$paramod\gain\DWIDTH=s32'00000000000000000000000000010000'.
Finding duplicate cells in `$paramod\gain\DWIDTH=s32'00000000000000000000000000010000'.
Finding identical cells in module `\encoder'.
Computing hashes of 115 cells of `\encoder'.
Finding duplicate cells in `\encoder'.
Finding identical cells in module `$paramod$5ff65cac883644189a11f33c7731774bf2d6e2d2\clk_div'.
Computing hashes of 92 cells of `$paramod$5ff65cac883644189a11f33c7731774bf2d6e2d2\clk_div'.
Finding duplicate cells in `$paramod$5ff65cac883644189a11f33c7731774bf2d6e2d2\clk_div'.
Finding identical cells in module `$paramod\i2s_rx\BIT_DEPTH=s32'00000000000000000000000000010000'.
Computing hashes of 127 cells of `$paramod\i2s_rx\BIT_DEPTH=s32'00000000000000000000000000010000'.
Finding duplicate cells in `$paramod\i2s_rx\BIT_DEPTH=s32'00000000000000000000000000010000'.
Finding identical cells in module `$paramod$28704d8bf4447e08602ecae7770c77318b280126\fifo'.
Computing hashes of 1756 cells of `$paramod$28704d8bf4447e08602ecae7770c77318b280126\fifo'.
Finding duplicate cells in `$paramod$28704d8bf4447e08602ecae7770c77318b280126\fifo'.
Finding identical cells in module `$paramod\volume\DWIDTH=s32'00000000000000000000000000010000'.
Computing hashes of 197 cells of `$paramod\volume\DWIDTH=s32'00000000000000000000000000010000'.
Finding duplicate cells in `$paramod\volume\DWIDTH=s32'00000000000000000000000000010000'.
Finding identical cells in module `$paramod$1719986e2d5dc43517b18f4e324b0f602a4474e9\fifo'.
Computing hashes of 988 cells of `$paramod$1719986e2d5dc43517b18f4e324b0f602a4474e9\fifo'.
Finding duplicate cells in `$paramod$1719986e2d5dc43517b18f4e324b0f602a4474e9\fifo'.
Finding identical cells in module `$paramod$5785904fef3fb2a86d9b4a3d3a35d0648892543e\i2s_tx'.
Computing hashes of 148 cells of `$paramod$5785904fef3fb2a86d9b4a3d3a35d0648892543e\i2s_tx'.
Finding duplicate cells in `$paramod$5785904fef3fb2a86d9b4a3d3a35d0648892543e\i2s_tx'.
Finding identical cells in module `\top'.
Computing hashes of 66 cells of `\top'.
Finding duplicate cells in `\top'.
Removed a total of 0 cells.

16.6. Executing OPT_DFF pass (perform DFF optimizations).
Adding EN signal on $auto$ff.cc:337:slice$4097 ($_DFFE_PP0P_) from module $paramod\volume\DWIDTH=s32'00000000000000000000000000010000 (D = $0\gain[15:0] [0], Q = \gain [0]).
Adding EN signal on $auto$ff.cc:337:slice$4098 ($_DFFE_PP0P_) from module $paramod\volume\DWIDTH=s32'00000000000000000000000000010000 (D = $0\gain[15:0] [1], Q = \gain [1]).
Setting constant 0-bit at position 0 on $auto$ff.cc:337:slice$1832 ($_DFFE_PN0P_) from module $paramod$5785904fef3fb2a86d9b4a3d3a35d0648892543e\i2s_tx.

16.7. Executing OPT_CLEAN pass (remove unused cells and wires).
Finding unused cells or wires in module $paramod\gain\DWIDTH=s32'00000000000000000000000000010000..
Finding unused cells or wires in module \encoder..
Finding unused cells or wires in module $paramod$5ff65cac883644189a11f33c7731774bf2d6e2d2\clk_div..
Finding unused cells or wires in module $paramod\i2s_rx\BIT_DEPTH=s32'00000000000000000000000000010000..
Finding unused cells or wires in module $paramod$28704d8bf4447e08602ecae7770c77318b280126\fifo..
Finding unused cells or wires in module $paramod\volume\DWIDTH=s32'00000000000000000000000000010000..
Finding unused cells or wires in module $paramod$1719986e2d5dc43517b18f4e324b0f602a4474e9\fifo..
Finding unused cells or wires in module $paramod$5785904fef3fb2a86d9b4a3d3a35d0648892543e\i2s_tx..
Finding unused cells or wires in module \top..
Removed 136 unused cells and 1847 unused wires.
<suppressed ~145 debug messages>

16.8. Executing OPT_EXPR pass (perform const folding).
Optimizing module $paramod\gain\DWIDTH=s32'00000000000000000000000000010000.
Optimizing module encoder.
Optimizing module $paramod$5ff65cac883644189a11f33c7731774bf2d6e2d2\clk_div.
Optimizing module $paramod\i2s_rx\BIT_DEPTH=s32'00000000000000000000000000010000.
Optimizing module $paramod$28704d8bf4447e08602ecae7770c77318b280126\fifo.
Optimizing module $paramod\volume\DWIDTH=s32'00000000000000000000000000010000.
<suppressed ~6 debug messages>
Optimizing module $paramod$1719986e2d5dc43517b18f4e324b0f602a4474e9\fifo.
Optimizing module $paramod$5785904fef3fb2a86d9b4a3d3a35d0648892543e\i2s_tx.
Optimizing module top.

16.9. Rerunning OPT passes. (Maybe there is more to do..)

16.10. Executing OPT_MUXTREE pass (detect dead branches in mux trees).
Running muxtree optimizer on module $paramod\gain\DWIDTH=s32'00000000000000000000000000010000..
  Creating internal representation of mux trees.
  No muxes found in this module.
Running muxtree optimizer on module \encoder..
  Creating internal representation of mux trees.
  No muxes found in this module.
Running muxtree optimizer on module $paramod$5ff65cac883644189a11f33c7731774bf2d6e2d2\clk_div..
  Creating internal representation of mux trees.
  No muxes found in this module.
Running muxtree optimizer on module $paramod\i2s_rx\BIT_DEPTH=s32'00000000000000000000000000010000..
  Creating internal representation of mux trees.
  No muxes found in this module.
Running muxtree optimizer on module $paramod$28704d8bf4447e08602ecae7770c77318b280126\fifo..
  Creating internal representation of mux trees.
  No muxes found in this module.
Running muxtree optimizer on module $paramod\volume\DWIDTH=s32'00000000000000000000000000010000..
  Creating internal representation of mux trees.
  No muxes found in this module.
Running muxtree optimizer on module $paramod$1719986e2d5dc43517b18f4e324b0f602a4474e9\fifo..
  Creating internal representation of mux trees.
  No muxes found in this module.
Running muxtree optimizer on module $paramod$5785904fef3fb2a86d9b4a3d3a35d0648892543e\i2s_tx..
  Creating internal representation of mux trees.
  No muxes found in this module.
Running muxtree optimizer on module \top..
  Creating internal representation of mux trees.
  No muxes found in this module.
Removed 0 multiplexer ports.

16.11. Executing OPT_REDUCE pass (consolidate $*mux and $reduce_* inputs).
  Optimizing cells in module $paramod\gain\DWIDTH=s32'00000000000000000000000000010000.
  Optimizing cells in module \encoder.
  Optimizing cells in module $paramod$5ff65cac883644189a11f33c7731774bf2d6e2d2\clk_div.
  Optimizing cells in module $paramod\i2s_rx\BIT_DEPTH=s32'00000000000000000000000000010000.
  Optimizing cells in module $paramod$28704d8bf4447e08602ecae7770c77318b280126\fifo.
  Optimizing cells in module $paramod\volume\DWIDTH=s32'00000000000000000000000000010000.
  Optimizing cells in module $paramod$1719986e2d5dc43517b18f4e324b0f602a4474e9\fifo.
  Optimizing cells in module $paramod$5785904fef3fb2a86d9b4a3d3a35d0648892543e\i2s_tx.
  Optimizing cells in module \top.
Performed a total of 0 changes.

16.12. Executing OPT_MERGE pass (detect identical cells).
Finding identical cells in module `$paramod\gain\DWIDTH=s32'00000000000000000000000000010000'.
Computing hashes of 1884 cells of `$paramod\gain\DWIDTH=s32'00000000000000000000000000010000'.
Finding duplicate cells in `$paramod\gain\DWIDTH=s32'00000000000000000000000000010000'.
Finding identical cells in module `\encoder'.
Computing hashes of 115 cells of `\encoder'.
Finding duplicate cells in `\encoder'.
Finding identical cells in module `$paramod$5ff65cac883644189a11f33c7731774bf2d6e2d2\clk_div'.
Computing hashes of 85 cells of `$paramod$5ff65cac883644189a11f33c7731774bf2d6e2d2\clk_div'.
Finding duplicate cells in `$paramod$5ff65cac883644189a11f33c7731774bf2d6e2d2\clk_div'.
Finding identical cells in module `$paramod\i2s_rx\BIT_DEPTH=s32'00000000000000000000000000010000'.
Computing hashes of 127 cells of `$paramod\i2s_rx\BIT_DEPTH=s32'00000000000000000000000000010000'.
Finding duplicate cells in `$paramod\i2s_rx\BIT_DEPTH=s32'00000000000000000000000000010000'.
Finding identical cells in module `$paramod$28704d8bf4447e08602ecae7770c77318b280126\fifo'.
Computing hashes of 1749 cells of `$paramod$28704d8bf4447e08602ecae7770c77318b280126\fifo'.
Finding duplicate cells in `$paramod$28704d8bf4447e08602ecae7770c77318b280126\fifo'.
Finding identical cells in module `$paramod\volume\DWIDTH=s32'00000000000000000000000000010000'.
Computing hashes of 201 cells of `$paramod\volume\DWIDTH=s32'00000000000000000000000000010000'.
Finding duplicate cells in `$paramod\volume\DWIDTH=s32'00000000000000000000000000010000'.
Computing hashes of 198 cells of `$paramod\volume\DWIDTH=s32'00000000000000000000000000010000'.
Finding duplicate cells in `$paramod\volume\DWIDTH=s32'00000000000000000000000000010000'.
Computing hashes of 196 cells of `$paramod\volume\DWIDTH=s32'00000000000000000000000000010000'.
Finding duplicate cells in `$paramod\volume\DWIDTH=s32'00000000000000000000000000010000'.
Computing hashes of 194 cells of `$paramod\volume\DWIDTH=s32'00000000000000000000000000010000'.
Finding duplicate cells in `$paramod\volume\DWIDTH=s32'00000000000000000000000000010000'.
Computing hashes of 193 cells of `$paramod\volume\DWIDTH=s32'00000000000000000000000000010000'.
Finding duplicate cells in `$paramod\volume\DWIDTH=s32'00000000000000000000000000010000'.
Computing hashes of 192 cells of `$paramod\volume\DWIDTH=s32'00000000000000000000000000010000'.
Finding duplicate cells in `$paramod\volume\DWIDTH=s32'00000000000000000000000000010000'.
Computing hashes of 191 cells of `$paramod\volume\DWIDTH=s32'00000000000000000000000000010000'.
Finding duplicate cells in `$paramod\volume\DWIDTH=s32'00000000000000000000000000010000'.
<suppressed ~30 debug messages>
Finding identical cells in module `$paramod$1719986e2d5dc43517b18f4e324b0f602a4474e9\fifo'.
Computing hashes of 981 cells of `$paramod$1719986e2d5dc43517b18f4e324b0f602a4474e9\fifo'.
Finding duplicate cells in `$paramod$1719986e2d5dc43517b18f4e324b0f602a4474e9\fifo'.
Finding identical cells in module `$paramod$5785904fef3fb2a86d9b4a3d3a35d0648892543e\i2s_tx'.
Computing hashes of 141 cells of `$paramod$5785904fef3fb2a86d9b4a3d3a35d0648892543e\i2s_tx'.
Finding duplicate cells in `$paramod$5785904fef3fb2a86d9b4a3d3a35d0648892543e\i2s_tx'.
Finding identical cells in module `\top'.
Computing hashes of 59 cells of `\top'.
Finding duplicate cells in `\top'.
Removed a total of 10 cells.

16.13. Executing OPT_DFF pass (perform DFF optimizations).

16.14. Executing OPT_CLEAN pass (remove unused cells and wires).
Finding unused cells or wires in module $paramod\gain\DWIDTH=s32'00000000000000000000000000010000..
Finding unused cells or wires in module \encoder..
Finding unused cells or wires in module $paramod$5ff65cac883644189a11f33c7731774bf2d6e2d2\clk_div..
Finding unused cells or wires in module $paramod\i2s_rx\BIT_DEPTH=s32'00000000000000000000000000010000..
Finding unused cells or wires in module $paramod$28704d8bf4447e08602ecae7770c77318b280126\fifo..
Finding unused cells or wires in module $paramod\volume\DWIDTH=s32'00000000000000000000000000010000..
Finding unused cells or wires in module $paramod$1719986e2d5dc43517b18f4e324b0f602a4474e9\fifo..
Finding unused cells or wires in module $paramod$5785904fef3fb2a86d9b4a3d3a35d0648892543e\i2s_tx..
Finding unused cells or wires in module \top..
Removed 0 unused cells and 9 unused wires.
<suppressed ~1 debug messages>

16.15. Executing OPT_EXPR pass (perform const folding).
Optimizing module $paramod\gain\DWIDTH=s32'00000000000000000000000000010000.
Optimizing module encoder.
Optimizing module $paramod$5ff65cac883644189a11f33c7731774bf2d6e2d2\clk_div.
Optimizing module $paramod\i2s_rx\BIT_DEPTH=s32'00000000000000000000000000010000.
Optimizing module $paramod$28704d8bf4447e08602ecae7770c77318b280126\fifo.
Optimizing module $paramod\volume\DWIDTH=s32'00000000000000000000000000010000.
<suppressed ~1 debug messages>
Optimizing module $paramod$1719986e2d5dc43517b18f4e324b0f602a4474e9\fifo.
Optimizing module $paramod$5785904fef3fb2a86d9b4a3d3a35d0648892543e\i2s_tx.
Optimizing module top.

16.16. Rerunning OPT passes. (Maybe there is more to do..)

16.17. Executing OPT_MUXTREE pass (detect dead branches in mux trees).
Running muxtree optimizer on module $paramod\gain\DWIDTH=s32'00000000000000000000000000010000..
  Creating internal representation of mux trees.
  No muxes found in this module.
Running muxtree optimizer on module \encoder..
  Creating internal representation of mux trees.
  No muxes found in this module.
Running muxtree optimizer on module $paramod$5ff65cac883644189a11f33c7731774bf2d6e2d2\clk_div..
  Creating internal representation of mux trees.
  No muxes found in this module.
Running muxtree optimizer on module $paramod\i2s_rx\BIT_DEPTH=s32'00000000000000000000000000010000..
  Creating internal representation of mux trees.
  No muxes found in this module.
Running muxtree optimizer on module $paramod$28704d8bf4447e08602ecae7770c77318b280126\fifo..
  Creating internal representation of mux trees.
  No muxes found in this module.
Running muxtree optimizer on module $paramod\volume\DWIDTH=s32'00000000000000000000000000010000..
  Creating internal representation of mux trees.
  No muxes found in this module.
Running muxtree optimizer on module $paramod$1719986e2d5dc43517b18f4e324b0f602a4474e9\fifo..
  Creating internal representation of mux trees.
  No muxes found in this module.
Running muxtree optimizer on module $paramod$5785904fef3fb2a86d9b4a3d3a35d0648892543e\i2s_tx..
  Creating internal representation of mux trees.
  No muxes found in this module.
Running muxtree optimizer on module \top..
  Creating internal representation of mux trees.
  No muxes found in this module.
Removed 0 multiplexer ports.

16.18. Executing OPT_REDUCE pass (consolidate $*mux and $reduce_* inputs).
  Optimizing cells in module $paramod\gain\DWIDTH=s32'00000000000000000000000000010000.
  Optimizing cells in module \encoder.
  Optimizing cells in module $paramod$5ff65cac883644189a11f33c7731774bf2d6e2d2\clk_div.
  Optimizing cells in module $paramod\i2s_rx\BIT_DEPTH=s32'00000000000000000000000000010000.
  Optimizing cells in module $paramod$28704d8bf4447e08602ecae7770c77318b280126\fifo.
  Optimizing cells in module $paramod\volume\DWIDTH=s32'00000000000000000000000000010000.
  Optimizing cells in module $paramod$1719986e2d5dc43517b18f4e324b0f602a4474e9\fifo.
  Optimizing cells in module $paramod$5785904fef3fb2a86d9b4a3d3a35d0648892543e\i2s_tx.
  Optimizing cells in module \top.
Performed a total of 0 changes.

16.19. Executing OPT_MERGE pass (detect identical cells).
Finding identical cells in module `$paramod\gain\DWIDTH=s32'00000000000000000000000000010000'.
Computing hashes of 1884 cells of `$paramod\gain\DWIDTH=s32'00000000000000000000000000010000'.
Finding duplicate cells in `$paramod\gain\DWIDTH=s32'00000000000000000000000000010000'.
Finding identical cells in module `\encoder'.
Computing hashes of 115 cells of `\encoder'.
Finding duplicate cells in `\encoder'.
Finding identical cells in module `$paramod$5ff65cac883644189a11f33c7731774bf2d6e2d2\clk_div'.
Computing hashes of 85 cells of `$paramod$5ff65cac883644189a11f33c7731774bf2d6e2d2\clk_div'.
Finding duplicate cells in `$paramod$5ff65cac883644189a11f33c7731774bf2d6e2d2\clk_div'.
Finding identical cells in module `$paramod\i2s_rx\BIT_DEPTH=s32'00000000000000000000000000010000'.
Computing hashes of 127 cells of `$paramod\i2s_rx\BIT_DEPTH=s32'00000000000000000000000000010000'.
Finding duplicate cells in `$paramod\i2s_rx\BIT_DEPTH=s32'00000000000000000000000000010000'.
Finding identical cells in module `$paramod$28704d8bf4447e08602ecae7770c77318b280126\fifo'.
Computing hashes of 1749 cells of `$paramod$28704d8bf4447e08602ecae7770c77318b280126\fifo'.
Finding duplicate cells in `$paramod$28704d8bf4447e08602ecae7770c77318b280126\fifo'.
Finding identical cells in module `$paramod\volume\DWIDTH=s32'00000000000000000000000000010000'.
Computing hashes of 190 cells of `$paramod\volume\DWIDTH=s32'00000000000000000000000000010000'.
Finding duplicate cells in `$paramod\volume\DWIDTH=s32'00000000000000000000000000010000'.
Finding identical cells in module `$paramod$1719986e2d5dc43517b18f4e324b0f602a4474e9\fifo'.
Computing hashes of 981 cells of `$paramod$1719986e2d5dc43517b18f4e324b0f602a4474e9\fifo'.
Finding duplicate cells in `$paramod$1719986e2d5dc43517b18f4e324b0f602a4474e9\fifo'.
Finding identical cells in module `$paramod$5785904fef3fb2a86d9b4a3d3a35d0648892543e\i2s_tx'.
Computing hashes of 141 cells of `$paramod$5785904fef3fb2a86d9b4a3d3a35d0648892543e\i2s_tx'.
Finding duplicate cells in `$paramod$5785904fef3fb2a86d9b4a3d3a35d0648892543e\i2s_tx'.
Finding identical cells in module `\top'.
Computing hashes of 59 cells of `\top'.
Finding duplicate cells in `\top'.
Removed a total of 0 cells.

16.20. Executing OPT_DFF pass (perform DFF optimizations).

16.21. Executing OPT_CLEAN pass (remove unused cells and wires).
Finding unused cells or wires in module $paramod\gain\DWIDTH=s32'00000000000000000000000000010000..
Finding unused cells or wires in module \encoder..
Finding unused cells or wires in module $paramod$5ff65cac883644189a11f33c7731774bf2d6e2d2\clk_div..
Finding unused cells or wires in module $paramod\i2s_rx\BIT_DEPTH=s32'00000000000000000000000000010000..
Finding unused cells or wires in module $paramod$28704d8bf4447e08602ecae7770c77318b280126\fifo..
Finding unused cells or wires in module $paramod\volume\DWIDTH=s32'00000000000000000000000000010000..
Finding unused cells or wires in module $paramod$1719986e2d5dc43517b18f4e324b0f602a4474e9\fifo..
Finding unused cells or wires in module $paramod$5785904fef3fb2a86d9b4a3d3a35d0648892543e\i2s_tx..
Finding unused cells or wires in module \top..

16.22. Executing OPT_EXPR pass (perform const folding).
Optimizing module $paramod\gain\DWIDTH=s32'00000000000000000000000000010000.
Optimizing module encoder.
Optimizing module $paramod$5ff65cac883644189a11f33c7731774bf2d6e2d2\clk_div.
Optimizing module $paramod\i2s_rx\BIT_DEPTH=s32'00000000000000000000000000010000.
Optimizing module $paramod$28704d8bf4447e08602ecae7770c77318b280126\fifo.
Optimizing module $paramod\volume\DWIDTH=s32'00000000000000000000000000010000.
Optimizing module $paramod$1719986e2d5dc43517b18f4e324b0f602a4474e9\fifo.
Optimizing module $paramod$5785904fef3fb2a86d9b4a3d3a35d0648892543e\i2s_tx.
Optimizing module top.

16.23. Finished fast OPT passes. (There is nothing left to do.)

17. Executing Verilog backend.

17.1. Executing BMUXMAP pass.

17.2. Executing DEMUXMAP pass.
Dumping module `$paramod$1719986e2d5dc43517b18f4e324b0f602a4474e9\fifo'.
Dumping module `$paramod$28704d8bf4447e08602ecae7770c77318b280126\fifo'.
Dumping module `$paramod$5785904fef3fb2a86d9b4a3d3a35d0648892543e\i2s_tx'.
Dumping module `$paramod$5ff65cac883644189a11f33c7731774bf2d6e2d2\clk_div'.
Dumping module `$paramod\gain\DWIDTH=s32'00000000000000000000000000010000'.
Dumping module `$paramod\i2s_rx\BIT_DEPTH=s32'00000000000000000000000000010000'.
Dumping module `$paramod\volume\DWIDTH=s32'00000000000000000000000000010000'.
Dumping module `\encoder'.
Dumping module `\top'.

18. Executing SYNTH_GOWIN pass.

18.1. Executing Verilog-2005 frontend: /opt/homebrew/bin/../share/yosys/gowin/cells_sim.v
Parsing Verilog input from `/opt/homebrew/bin/../share/yosys/gowin/cells_sim.v' to AST representation.
Generating RTLIL representation for module `\LUT1'.
Generating RTLIL representation for module `\LUT2'.
Generating RTLIL representation for module `\LUT3'.
Generating RTLIL representation for module `\LUT4'.
Generating RTLIL representation for module `\__APICULA_LUT5'.
Generating RTLIL representation for module `\__APICULA_LUT6'.
Generating RTLIL representation for module `\__APICULA_LUT7'.
Generating RTLIL representation for module `\__APICULA_LUT8'.
Generating RTLIL representation for module `\MUX2'.
Generating RTLIL representation for module `\MUX2_LUT5'.
Generating RTLIL representation for module `\MUX2_LUT6'.
Generating RTLIL representation for module `\MUX2_LUT7'.
Generating RTLIL representation for module `\MUX2_LUT8'.
Generating RTLIL representation for module `\DFF'.
Generating RTLIL representation for module `\DFFE'.
Generating RTLIL representation for module `\DFFS'.
Generating RTLIL representation for module `\DFFSE'.
Generating RTLIL representation for module `\DFFR'.
Generating RTLIL representation for module `\DFFRE'.
Generating RTLIL representation for module `\DFFP'.
Generating RTLIL representation for module `\DFFPE'.
Generating RTLIL representation for module `\DFFC'.
Generating RTLIL representation for module `\DFFCE'.
Generating RTLIL representation for module `\DFFN'.
Generating RTLIL representation for module `\DFFNE'.
Generating RTLIL representation for module `\DFFNS'.
Generating RTLIL representation for module `\DFFNSE'.
Generating RTLIL representation for module `\DFFNR'.
Generating RTLIL representation for module `\DFFNRE'.
Generating RTLIL representation for module `\DFFNP'.
Generating RTLIL representation for module `\DFFNPE'.
Generating RTLIL representation for module `\DFFNC'.
Generating RTLIL representation for module `\DFFNCE'.
Generating RTLIL representation for module `\DL'.
Generating RTLIL representation for module `\DLN'.
Generating RTLIL representation for module `\DLE'.
Generating RTLIL representation for module `\DLNE'.
Generating RTLIL representation for module `\DLC'.
Generating RTLIL representation for module `\DLCE'.
Generating RTLIL representation for module `\DLNC'.
Generating RTLIL representation for module `\DLNCE'.
Generating RTLIL representation for module `\DLP'.
Generating RTLIL representation for module `\DLPE'.
Generating RTLIL representation for module `\DLNP'.
Generating RTLIL representation for module `\DLNPE'.
Generating RTLIL representation for module `\VCC'.
Generating RTLIL representation for module `\GND'.
Generating RTLIL representation for module `\IBUF'.
Generating RTLIL representation for module `\OBUF'.
Generating RTLIL representation for module `\TBUF'.
Generating RTLIL representation for module `\IOBUF'.
Generating RTLIL representation for module `\ELVDS_OBUF'.
Generating RTLIL representation for module `\TLVDS_OBUF'.
Generating RTLIL representation for module `\OSER4'.
Generating RTLIL representation for module `\OSER4_MEM'.
Generating RTLIL representation for module `\OSER8'.
Generating RTLIL representation for module `\OSER10'.
Generating RTLIL representation for module `\OVIDEO'.
Generating RTLIL representation for module `\OSER16'.
Generating RTLIL representation for module `\IDES4'.
Generating RTLIL representation for module `\IDES4_MEM'.
Generating RTLIL representation for module `\IDES8'.
Generating RTLIL representation for module `\IDES10'.
Generating RTLIL representation for module `\IVIDEO'.
Generating RTLIL representation for module `\IDES16'.
Generating RTLIL representation for module `\IDDR'.
Generating RTLIL representation for module `\IDDRC'.
Generating RTLIL representation for module `\DQS'.
Generating RTLIL representation for module `\ODDR'.
Generating RTLIL representation for module `\ODDRC'.
Generating RTLIL representation for module `\GSR'.
Generating RTLIL representation for module `\BANDGAP'.
Generating RTLIL representation for module `\ALU'.
Generating RTLIL representation for module `\RAM16S1'.
Generating RTLIL representation for module `\RAM16S2'.
Generating RTLIL representation for module `\RAM16S4'.
Generating RTLIL representation for module `\RAM16SDP1'.
Generating RTLIL representation for module `\RAM16SDP2'.
Generating RTLIL representation for module `\RAM16SDP4'.
Generating RTLIL representation for module `\SP'.
Generating RTLIL representation for module `\SPX9'.
Generating RTLIL representation for module `\SDP'.
Generating RTLIL representation for module `\SDPX9'.
Generating RTLIL representation for module `\DP'.
Generating RTLIL representation for module `\DPX9'.
Generating RTLIL representation for module `\rPLL'.
Generating RTLIL representation for module `\PLLVR'.
Generating RTLIL representation for module `\OSC'.
Generating RTLIL representation for module `\OSCZ'.
Generating RTLIL representation for module `\OSCF'.
Generating RTLIL representation for module `\OSCH'.
Generating RTLIL representation for module `\OSCW'.
Generating RTLIL representation for module `\OSCO'.
Generating RTLIL representation for module `\EMCU'.
Successfully finished Verilog frontend.

18.2. Executing Verilog-2005 frontend: /opt/homebrew/bin/../share/yosys/gowin/cells_xtra_gw1n.v
Parsing Verilog input from `/opt/homebrew/bin/../share/yosys/gowin/cells_xtra_gw1n.v' to AST representation.
Generating RTLIL representation for module `\LUT5'.
Generating RTLIL representation for module `\LUT6'.
Generating RTLIL representation for module `\LUT7'.
Generating RTLIL representation for module `\LUT8'.
Generating RTLIL representation for module `\INV'.
Generating RTLIL representation for module `\IODELAY'.
Generating RTLIL representation for module `\IEM'.
Generating RTLIL representation for module `\ROM16'.
Generating RTLIL representation for module `\ROM'.
Generating RTLIL representation for module `\ROMX9'.
Generating RTLIL representation for module `\pROM'.
Generating RTLIL representation for module `\pROMX9'.
Generating RTLIL representation for module `\SDPB'.
Generating RTLIL representation for module `\SDPX9B'.
Generating RTLIL representation for module `\DPB'.
Generating RTLIL representation for module `\DPX9B'.
Generating RTLIL representation for module `\PADD18'.
Generating RTLIL representation for module `\PADD9'.
Generating RTLIL representation for module `\MULT9X9'.
Generating RTLIL representation for module `\MULT18X18'.
Generating RTLIL representation for module `\MULT36X36'.
Generating RTLIL representation for module `\MULTALU36X18'.
Generating RTLIL representation for module `\MULTADDALU18X18'.
Generating RTLIL representation for module `\MULTALU18X18'.
Generating RTLIL representation for module `\ALU54D'.
Generating RTLIL representation for module `\BUFG'.
Generating RTLIL representation for module `\BUFS'.
Generating RTLIL representation for module `\PLL'.
Generating RTLIL representation for module `\TLVDS_IBUF'.
Generating RTLIL representation for module `\TLVDS_TBUF'.
Generating RTLIL representation for module `\TLVDS_IOBUF'.
Generating RTLIL representation for module `\ELVDS_IBUF'.
Generating RTLIL representation for module `\ELVDS_TBUF'.
Generating RTLIL representation for module `\ELVDS_IOBUF'.
Generating RTLIL representation for module `\MIPI_IBUF'.
Generating RTLIL representation for module `\MIPI_IBUF_HS'.
Generating RTLIL representation for module `\MIPI_IBUF_LP'.
Generating RTLIL representation for module `\MIPI_OBUF'.
Generating RTLIL representation for module `\MIPI_OBUF_A'.
Generating RTLIL representation for module `\ELVDS_IBUF_MIPI'.
Generating RTLIL representation for module `\I3C_IOBUF'.
Generating RTLIL representation for module `\CLKDIV'.
Generating RTLIL representation for module `\DHCEN'.
Generating RTLIL representation for module `\DLLDLY'.
Generating RTLIL representation for module `\FLASH96K'.
Generating RTLIL representation for module `\FLASH256K'.
Generating RTLIL representation for module `\FLASH608K'.
Generating RTLIL representation for module `\DCS'.
Generating RTLIL representation for module `\DQCE'.
Generating RTLIL representation for module `\CLKDIV2'.
Generating RTLIL representation for module `\DHCENC'.
Generating RTLIL representation for module `\FLASH64K'.
Generating RTLIL representation for module `\FLASH64KZ'.
Successfully finished Verilog frontend.

18.3. Executing HIERARCHY pass (managing design hierarchy).

18.3.1. Analyzing design hierarchy..
Top module:  \top
Used module:     $paramod$5ff65cac883644189a11f33c7731774bf2d6e2d2\clk_div
Used module:     $paramod$28704d8bf4447e08602ecae7770c77318b280126\fifo
Used module:     $paramod\i2s_rx\BIT_DEPTH=s32'00000000000000000000000000010000
Used module:     $paramod$5785904fef3fb2a86d9b4a3d3a35d0648892543e\i2s_tx
Used module:     \encoder
Used module:     $paramod$1719986e2d5dc43517b18f4e324b0f602a4474e9\fifo
Used module:     $paramod\volume\DWIDTH=s32'00000000000000000000000000010000
Used module:         $paramod\gain\DWIDTH=s32'00000000000000000000000000010000

18.3.2. Analyzing design hierarchy..
Top module:  \top
Used module:     $paramod$5ff65cac883644189a11f33c7731774bf2d6e2d2\clk_div
Used module:     $paramod$28704d8bf4447e08602ecae7770c77318b280126\fifo
Used module:     $paramod\i2s_rx\BIT_DEPTH=s32'00000000000000000000000000010000
Used module:     $paramod$5785904fef3fb2a86d9b4a3d3a35d0648892543e\i2s_tx
Used module:     \encoder
Used module:     $paramod$1719986e2d5dc43517b18f4e324b0f602a4474e9\fifo
Used module:     $paramod\volume\DWIDTH=s32'00000000000000000000000000010000
Used module:         $paramod\gain\DWIDTH=s32'00000000000000000000000000010000
Removed 0 unused modules.

18.4. Executing PROC pass (convert processes to netlists).

18.4.1. Executing PROC_CLEAN pass (remove empty switches from decision trees).
Cleaned up 0 empty switches.

18.4.2. Executing PROC_RMDEAD pass (remove dead branches from decision trees).
Removed a total of 0 dead cases.

18.4.3. Executing PROC_PRUNE pass (remove redundant assignments in processes).
Removed 0 redundant assignments.
Promoted 0 assignments to connections.

18.4.4. Executing PROC_INIT pass (extract init attributes).

18.4.5. Executing PROC_ARST pass (detect async resets in processes).

18.4.6. Executing PROC_ROM pass (convert switches to ROMs).
Converted 0 switches.

18.4.7. Executing PROC_MUX pass (convert decision trees to multiplexers).

18.4.8. Executing PROC_DLATCH pass (convert process syncs to latches).

18.4.9. Executing PROC_DFF pass (convert process syncs to FFs).

18.4.10. Executing PROC_MEMWR pass (convert process memory writes to cells).

18.4.11. Executing PROC_CLEAN pass (remove empty switches from decision trees).
Cleaned up 0 empty switches.

18.4.12. Executing OPT_EXPR pass (perform const folding).
Optimizing module $paramod$1719986e2d5dc43517b18f4e324b0f602a4474e9\fifo.
Optimizing module $paramod$28704d8bf4447e08602ecae7770c77318b280126\fifo.
Optimizing module $paramod$5785904fef3fb2a86d9b4a3d3a35d0648892543e\i2s_tx.
Optimizing module $paramod$5ff65cac883644189a11f33c7731774bf2d6e2d2\clk_div.
Optimizing module $paramod\gain\DWIDTH=s32'00000000000000000000000000010000.
Optimizing module $paramod\i2s_rx\BIT_DEPTH=s32'00000000000000000000000000010000.
Optimizing module $paramod\volume\DWIDTH=s32'00000000000000000000000000010000.
Optimizing module encoder.
Optimizing module top.

18.5. Executing CHECK pass (checking for obvious problems).
Checking module $paramod$1719986e2d5dc43517b18f4e324b0f602a4474e9\fifo...
Checking module $paramod$28704d8bf4447e08602ecae7770c77318b280126\fifo...
Checking module $paramod$5785904fef3fb2a86d9b4a3d3a35d0648892543e\i2s_tx...
Checking module $paramod$5ff65cac883644189a11f33c7731774bf2d6e2d2\clk_div...
Checking module $paramod\gain\DWIDTH=s32'00000000000000000000000000010000...
Checking module $paramod\i2s_rx\BIT_DEPTH=s32'00000000000000000000000000010000...
Checking module $paramod\volume\DWIDTH=s32'00000000000000000000000000010000...
Checking module encoder...
Checking module top...
Found and reported 0 problems.

18.6. Executing FLATTEN pass (flatten design).
Deleting now unused module $paramod$1719986e2d5dc43517b18f4e324b0f602a4474e9\fifo.
Deleting now unused module $paramod$28704d8bf4447e08602ecae7770c77318b280126\fifo.
Deleting now unused module $paramod$5785904fef3fb2a86d9b4a3d3a35d0648892543e\i2s_tx.
Deleting now unused module $paramod$5ff65cac883644189a11f33c7731774bf2d6e2d2\clk_div.
Deleting now unused module $paramod\gain\DWIDTH=s32'00000000000000000000000000010000.
Deleting now unused module $paramod\i2s_rx\BIT_DEPTH=s32'00000000000000000000000000010000.
Deleting now unused module $paramod\volume\DWIDTH=s32'00000000000000000000000000010000.
Deleting now unused module encoder.
<suppressed ~8 debug messages>

18.7. Executing TRIBUF pass.

18.8. Executing DEMINOUT pass (demote inout ports to input or output).

18.9. Executing OPT_EXPR pass (perform const folding).
Optimizing module top.
<suppressed ~21 debug messages>

18.10. Executing OPT_CLEAN pass (remove unused cells and wires).
Finding unused cells or wires in module \top..
Removed 831 unused cells and 354 unused wires.
<suppressed ~852 debug messages>

18.11. Executing CHECK pass (checking for obvious problems).
Checking module top...
Found and reported 0 problems.

18.12. Executing OPT pass (performing simple optimizations).

18.12.1. Executing OPT_EXPR pass (perform const folding).
Optimizing module top.

18.12.2. Executing OPT_MERGE pass (detect identical cells).
Finding identical cells in module `\top'.
Computing hashes of 4496 cells of `\top'.
Finding duplicate cells in `\top'.
Computing hashes of 4480 cells of `\top'.
Finding duplicate cells in `\top'.
<suppressed ~48 debug messages>
Removed a total of 16 cells.

18.12.3. Executing OPT_MUXTREE pass (detect dead branches in mux trees).
Running muxtree optimizer on module \top..
  Creating internal representation of mux trees.
  No muxes found in this module.
Removed 0 multiplexer ports.

18.12.4. Executing OPT_REDUCE pass (consolidate $*mux and $reduce_* inputs).
  Optimizing cells in module \top.
Performed a total of 0 changes.

18.12.5. Executing OPT_MERGE pass (detect identical cells).
Finding identical cells in module `\top'.
Computing hashes of 4480 cells of `\top'.
Finding duplicate cells in `\top'.
Removed a total of 0 cells.

18.12.6. Executing OPT_DFF pass (perform DFF optimizations).

18.12.7. Executing OPT_CLEAN pass (remove unused cells and wires).
Finding unused cells or wires in module \top..
Removed 0 unused cells and 2 unused wires.
<suppressed ~1 debug messages>

18.12.8. Executing OPT_EXPR pass (perform const folding).
Optimizing module top.

18.12.9. Rerunning OPT passes. (Maybe there is more to do..)

18.12.10. Executing OPT_MUXTREE pass (detect dead branches in mux trees).
Running muxtree optimizer on module \top..
  Creating internal representation of mux trees.
  No muxes found in this module.
Removed 0 multiplexer ports.

18.12.11. Executing OPT_REDUCE pass (consolidate $*mux and $reduce_* inputs).
  Optimizing cells in module \top.
Performed a total of 0 changes.

18.12.12. Executing OPT_MERGE pass (detect identical cells).
Finding identical cells in module `\top'.
Computing hashes of 4480 cells of `\top'.
Finding duplicate cells in `\top'.
Removed a total of 0 cells.

18.12.13. Executing OPT_DFF pass (perform DFF optimizations).

18.12.14. Executing OPT_CLEAN pass (remove unused cells and wires).
Finding unused cells or wires in module \top..

18.12.15. Executing OPT_EXPR pass (perform const folding).
Optimizing module top.

18.12.16. Finished fast OPT passes. (There is nothing left to do.)

18.13. Executing FSM pass (extract and optimize FSM).

18.13.1. Executing FSM_DETECT pass (finding FSMs in design).

18.13.2. Executing FSM_EXTRACT pass (extracting FSM from design).

18.13.3. Executing FSM_OPT pass (simple optimizations of FSMs).

18.13.4. Executing OPT_CLEAN pass (remove unused cells and wires).
Finding unused cells or wires in module \top..

18.13.5. Executing FSM_OPT pass (simple optimizations of FSMs).

18.13.6. Executing FSM_RECODE pass (re-assigning FSM state encoding).

18.13.7. Executing FSM_INFO pass (dumping all available information on FSM cells).

18.13.8. Executing FSM_MAP pass (mapping FSMs to basic logic).

18.14. Executing OPT pass (performing simple optimizations).

18.14.1. Executing OPT_EXPR pass (perform const folding).
Optimizing module top.

18.14.2. Executing OPT_MERGE pass (detect identical cells).
Finding identical cells in module `\top'.
Computing hashes of 4480 cells of `\top'.
Finding duplicate cells in `\top'.
Removed a total of 0 cells.

18.14.3. Executing OPT_MUXTREE pass (detect dead branches in mux trees).
Running muxtree optimizer on module \top..
  Creating internal representation of mux trees.
  No muxes found in this module.
Removed 0 multiplexer ports.

18.14.4. Executing OPT_REDUCE pass (consolidate $*mux and $reduce_* inputs).
  Optimizing cells in module \top.
Performed a total of 0 changes.

18.14.5. Executing OPT_MERGE pass (detect identical cells).
Finding identical cells in module `\top'.
Computing hashes of 4480 cells of `\top'.
Finding duplicate cells in `\top'.
Removed a total of 0 cells.

18.14.6. Executing OPT_DFF pass (perform DFF optimizations).

18.14.7. Executing OPT_CLEAN pass (remove unused cells and wires).
Finding unused cells or wires in module \top..

18.14.8. Executing OPT_EXPR pass (perform const folding).
Optimizing module top.

18.14.9. Finished fast OPT passes. (There is nothing left to do.)

18.15. Executing WREDUCE pass (reducing word size of cells).
Removed top 1 bits (of 2) from wire top.$flatten\volume_inst.$auto$simplemap.cc:148:simplemap_reduce$4214.
Removed top 2 bits (of 4) from wire top.$flatten\volume_inst.$auto$simplemap.cc:148:simplemap_reduce$4209.
Removed top 4 bits (of 8) from wire top.$flatten\volume_inst.$auto$simplemap.cc:148:simplemap_reduce$4200.
Removed top 8 bits (of 16) from wire top.$flatten\volume_inst.$auto$simplemap.cc:148:simplemap_reduce$4183.
Removed top 16 bits (of 32) from wire top.i2s_rx_fifo_wr_data.

18.16. Executing PEEPOPT pass (run peephole optimizers).

18.17. Executing OPT_CLEAN pass (remove unused cells and wires).
Finding unused cells or wires in module \top..
Removed 0 unused cells and 5 unused wires.
<suppressed ~1 debug messages>

18.18. Executing SHARE pass (SAT-based resource sharing).

18.19. Executing TECHMAP pass (map to technology primitives).

18.19.1. Executing Verilog-2005 frontend: /opt/homebrew/bin/../share/yosys/mul2dsp.v
Parsing Verilog input from `/opt/homebrew/bin/../share/yosys/mul2dsp.v' to AST representation.
Generating RTLIL representation for module `\_80_mul'.
Generating RTLIL representation for module `\_90_soft_mul'.
Successfully finished Verilog frontend.

18.19.2. Continuing TECHMAP pass.
No more expansions possible.
<suppressed ~4 debug messages>

18.20. Executing TECHMAP pass (map to technology primitives).

18.20.1. Executing Verilog-2005 frontend: /opt/homebrew/bin/../share/yosys/mul2dsp.v
Parsing Verilog input from `/opt/homebrew/bin/../share/yosys/mul2dsp.v' to AST representation.
Generating RTLIL representation for module `\_80_mul'.
Generating RTLIL representation for module `\_90_soft_mul'.
Successfully finished Verilog frontend.

18.20.2. Continuing TECHMAP pass.
No more expansions possible.
<suppressed ~4 debug messages>

18.21. Executing TECHMAP pass (map to technology primitives).

18.21.1. Executing Verilog-2005 frontend: /opt/homebrew/bin/../share/yosys/mul2dsp.v
Parsing Verilog input from `/opt/homebrew/bin/../share/yosys/mul2dsp.v' to AST representation.
Generating RTLIL representation for module `\_80_mul'.
Generating RTLIL representation for module `\_90_soft_mul'.
Successfully finished Verilog frontend.

18.21.2. Continuing TECHMAP pass.
No more expansions possible.
<suppressed ~4 debug messages>

18.22. Executing TECHMAP pass (map to technology primitives).

18.22.1. Executing Verilog-2005 frontend: /opt/homebrew/bin/../share/yosys/mul2dsp.v
Parsing Verilog input from `/opt/homebrew/bin/../share/yosys/mul2dsp.v' to AST representation.
Generating RTLIL representation for module `\_80_mul'.
Generating RTLIL representation for module `\_90_soft_mul'.
Successfully finished Verilog frontend.

18.22.2. Continuing TECHMAP pass.
No more expansions possible.
<suppressed ~4 debug messages>

18.23. Executing TECHMAP pass (map to technology primitives).

18.23.1. Executing Verilog-2005 frontend: /opt/homebrew/bin/../share/yosys/gowin/dsp_map.v
Parsing Verilog input from `/opt/homebrew/bin/../share/yosys/gowin/dsp_map.v' to AST representation.
Generating RTLIL representation for module `$__MUL9X9'.
Generating RTLIL representation for module `$__MUL18X18'.
Generating RTLIL representation for module `$__MUL36X36'.
Successfully finished Verilog frontend.

18.23.2. Continuing TECHMAP pass.
No more expansions possible.
<suppressed ~5 debug messages>

18.24. Executing ALUMACC pass (create $alu and $macc cells).
Extracting $alu and $macc cells in module top:
  created 0 $alu and 0 $macc cells.

18.25. Executing OPT pass (performing simple optimizations).

18.25.1. Executing OPT_EXPR pass (perform const folding).
Optimizing module top.

18.25.2. Executing OPT_MERGE pass (detect identical cells).
Finding identical cells in module `\top'.
Computing hashes of 4480 cells of `\top'.
Finding duplicate cells in `\top'.
Removed a total of 0 cells.

18.25.3. Executing OPT_MUXTREE pass (detect dead branches in mux trees).
Running muxtree optimizer on module \top..
  Creating internal representation of mux trees.
  No muxes found in this module.
Removed 0 multiplexer ports.

18.25.4. Executing OPT_REDUCE pass (consolidate $*mux and $reduce_* inputs).
  Optimizing cells in module \top.
Performed a total of 0 changes.

18.25.5. Executing OPT_MERGE pass (detect identical cells).
Finding identical cells in module `\top'.
Computing hashes of 4480 cells of `\top'.
Finding duplicate cells in `\top'.
Removed a total of 0 cells.

18.25.6. Executing OPT_DFF pass (perform DFF optimizations).

18.25.7. Executing OPT_CLEAN pass (remove unused cells and wires).
Finding unused cells or wires in module \top..

18.25.8. Executing OPT_EXPR pass (perform const folding).
Optimizing module top.

18.25.9. Finished fast OPT passes. (There is nothing left to do.)

18.26. Executing MEMORY pass.

18.26.1. Executing OPT_MEM pass (optimize memories).
Performed a total of 0 transformations.

18.26.2. Executing OPT_MEM_PRIORITY pass (removing unnecessary memory write priority relations).
Performed a total of 0 transformations.

18.26.3. Executing OPT_MEM_FEEDBACK pass (finding memory read-to-write feedback paths).

18.26.4. Executing MEMORY_BMUX2ROM pass (converting muxes to ROMs).

18.26.5. Executing MEMORY_DFF pass (merging $dff cells to $memrd).

18.26.6. Executing OPT_CLEAN pass (remove unused cells and wires).
Finding unused cells or wires in module \top..

18.26.7. Executing MEMORY_SHARE pass (consolidating $memrd/$memwr cells).

18.26.8. Executing OPT_MEM_WIDEN pass (optimize memories where all ports are wide).
Performed a total of 0 transformations.

18.26.9. Executing OPT_CLEAN pass (remove unused cells and wires).
Finding unused cells or wires in module \top..

18.26.10. Executing MEMORY_COLLECT pass (generating $mem cells).

18.27. Executing OPT_CLEAN pass (remove unused cells and wires).
Finding unused cells or wires in module \top..

18.28. Executing MEMORY_LIBMAP pass (mapping memories to cells).

18.29. Executing TECHMAP pass (map to technology primitives).

18.29.1. Executing Verilog-2005 frontend: /opt/homebrew/bin/../share/yosys/gowin/lutrams_map.v
Parsing Verilog input from `/opt/homebrew/bin/../share/yosys/gowin/lutrams_map.v' to AST representation.
Generating RTLIL representation for module `$__GOWIN_LUTRAM_'.
Successfully finished Verilog frontend.

18.29.2. Executing Verilog-2005 frontend: /opt/homebrew/bin/../share/yosys/gowin/brams_map.v
Parsing Verilog input from `/opt/homebrew/bin/../share/yosys/gowin/brams_map.v' to AST representation.
Generating RTLIL representation for module `$__GOWIN_SP_'.
Generating RTLIL representation for module `$__GOWIN_DP_'.
Generating RTLIL representation for module `$__GOWIN_SDP_'.
Successfully finished Verilog frontend.

18.29.3. Continuing TECHMAP pass.
No more expansions possible.
<suppressed ~6 debug messages>

18.30. Executing OPT pass (performing simple optimizations).

18.30.1. Executing OPT_EXPR pass (perform const folding).
Optimizing module top.
<suppressed ~300 debug messages>

18.30.2. Executing OPT_MERGE pass (detect identical cells).
Finding identical cells in module `\top'.
Computing hashes of 4402 cells of `\top'.
Finding duplicate cells in `\top'.
Removed a total of 0 cells.

18.30.3. Executing OPT_DFF pass (perform DFF optimizations).
Setting constant 0-bit at position 0 on $flatten\i2s_rx_inst.$auto$ff.cc:337:slice$8671 ($_DFFE_PN0P_) from module top.
Setting constant 0-bit at position 0 on $flatten\volume_inst.$auto$ff.cc:337:slice$13335 ($_DFFE_PP0P_) from module top.

18.30.4. Executing OPT_CLEAN pass (remove unused cells and wires).
Finding unused cells or wires in module \top..
Removed 35 unused cells and 66 unused wires.
<suppressed ~36 debug messages>

18.30.5. Rerunning OPT passes. (Removed registers in this run.)

18.30.6. Executing OPT_EXPR pass (perform const folding).
Optimizing module top.
<suppressed ~209 debug messages>

18.30.7. Executing OPT_MERGE pass (detect identical cells).
Finding identical cells in module `\top'.
Computing hashes of 4156 cells of `\top'.
Finding duplicate cells in `\top'.
Removed a total of 0 cells.

18.30.8. Executing OPT_DFF pass (perform DFF optimizations).

18.30.9. Executing OPT_CLEAN pass (remove unused cells and wires).
Finding unused cells or wires in module \top..
Removed 8 unused cells and 19 unused wires.
<suppressed ~9 debug messages>

18.30.10. Finished fast OPT passes.

18.31. Executing MEMORY_MAP pass (converting memories to logic and flip-flops).

18.32. Executing OPT pass (performing simple optimizations).

18.32.1. Executing OPT_EXPR pass (perform const folding).
Optimizing module top.

18.32.2. Executing OPT_MERGE pass (detect identical cells).
Finding identical cells in module `\top'.
Computing hashes of 4148 cells of `\top'.
Finding duplicate cells in `\top'.
Removed a total of 0 cells.

18.32.3. Executing OPT_MUXTREE pass (detect dead branches in mux trees).
Running muxtree optimizer on module \top..
  Creating internal representation of mux trees.
  No muxes found in this module.
Removed 0 multiplexer ports.

18.32.4. Executing OPT_REDUCE pass (consolidate $*mux and $reduce_* inputs).
  Optimizing cells in module \top.
Performed a total of 0 changes.

18.32.5. Executing OPT_MERGE pass (detect identical cells).
Finding identical cells in module `\top'.
Computing hashes of 4148 cells of `\top'.
Finding duplicate cells in `\top'.
Removed a total of 0 cells.

18.32.6. Executing OPT_DFF pass (perform DFF optimizations).

18.32.7. Executing OPT_CLEAN pass (remove unused cells and wires).
Finding unused cells or wires in module \top..

18.32.8. Executing OPT_EXPR pass (perform const folding).
Optimizing module top.

18.32.9. Finished fast OPT passes. (There is nothing left to do.)

18.33. Executing TECHMAP pass (map to technology primitives).

18.33.1. Executing Verilog-2005 frontend: /opt/homebrew/bin/../share/yosys/techmap.v
Parsing Verilog input from `/opt/homebrew/bin/../share/yosys/techmap.v' to AST representation.
Generating RTLIL representation for module `\_90_simplemap_bool_ops'.
Generating RTLIL representation for module `\_90_simplemap_reduce_ops'.
Generating RTLIL representation for module `\_90_simplemap_logic_ops'.
Generating RTLIL representation for module `\_90_simplemap_compare_ops'.
Generating RTLIL representation for module `\_90_simplemap_various'.
Generating RTLIL representation for module `\_90_simplemap_registers'.
Generating RTLIL representation for module `\_90_shift_ops_shr_shl_sshl_sshr'.
Generating RTLIL representation for module `\_90_shift_shiftx'.
Generating RTLIL representation for module `\_90_fa'.
Generating RTLIL representation for module `\_90_lcu_brent_kung'.
Generating RTLIL representation for module `\_90_alu'.
Generating RTLIL representation for module `\_90_macc'.
Generating RTLIL representation for module `\_90_alumacc'.
Generating RTLIL representation for module `$__div_mod_u'.
Generating RTLIL representation for module `$__div_mod_trunc'.
Generating RTLIL representation for module `\_90_div'.
Generating RTLIL representation for module `\_90_mod'.
Generating RTLIL representation for module `$__div_mod_floor'.
Generating RTLIL representation for module `\_90_divfloor'.
Generating RTLIL representation for module `\_90_modfloor'.
Generating RTLIL representation for module `\_90_pow'.
Generating RTLIL representation for module `\_90_demux'.
Generating RTLIL representation for module `\_90_lut'.
Generating RTLIL representation for module `$connect'.
Generating RTLIL representation for module `$input_port'.
Successfully finished Verilog frontend.

18.33.2. Executing Verilog-2005 frontend: /opt/homebrew/bin/../share/yosys/gowin/arith_map.v
Parsing Verilog input from `/opt/homebrew/bin/../share/yosys/gowin/arith_map.v' to AST representation.
Generating RTLIL representation for module `\_80_gw1n_alu'.
Successfully finished Verilog frontend.

18.33.3. Continuing TECHMAP pass.
No more expansions possible.
<suppressed ~77 debug messages>

18.34. Executing OPT pass (performing simple optimizations).

18.34.1. Executing OPT_EXPR pass (perform const folding).
Optimizing module top.

18.34.2. Executing OPT_MERGE pass (detect identical cells).
Finding identical cells in module `\top'.
Computing hashes of 4148 cells of `\top'.
Finding duplicate cells in `\top'.
Removed a total of 0 cells.

18.34.3. Executing OPT_DFF pass (perform DFF optimizations).

18.34.4. Executing OPT_CLEAN pass (remove unused cells and wires).
Finding unused cells or wires in module \top..

18.34.5. Finished fast OPT passes.

18.35. Executing IOPADMAP pass (mapping inputs/outputs to IO-PAD cells).
Mapping port top.audio_in_i2s_bclk using IBUF.
Mapping port top.audio_in_i2s_din using IBUF.
Mapping port top.audio_in_i2s_lrck using IBUF.
Mapping port top.i2s_bclk using OBUF.
Mapping port top.i2s_din using OBUF.
Mapping port top.i2s_lrck using OBUF.
Mapping port top.led using OBUF.
Mapping port top.sys_clk using IBUF.
Mapping port top.sys_rst_n using IBUF.
Mapping port top.vol_enc_A using IBUF.
Mapping port top.vol_enc_B using IBUF.
Mapping port top.vol_enc_C using IBUF.

18.36. Executing OPT_CLEAN pass (remove unused cells and wires).
Finding unused cells or wires in module \top..
Removed 0 unused cells and 11 unused wires.
<suppressed ~1 debug messages>

18.37. Executing DFFLEGALIZE pass (convert FFs and LATCHes to types supported by the target).

18.38. Executing TECHMAP pass (map to technology primitives).

18.38.1. Executing Verilog-2005 frontend: /opt/homebrew/bin/../share/yosys/gowin/cells_map.v
Parsing Verilog input from `/opt/homebrew/bin/../share/yosys/gowin/cells_map.v' to AST representation.
Generating RTLIL representation for module `$_DFF_N_'.
Generating RTLIL representation for module `$_DFF_P_'.
Generating RTLIL representation for module `$_DFFE_PP_'.
Generating RTLIL representation for module `$_DFFE_NP_'.
Generating RTLIL representation for module `$_SDFF_PP0_'.
Generating RTLIL representation for module `$_SDFF_NP0_'.
Generating RTLIL representation for module `$_SDFFE_PP0P_'.
Generating RTLIL representation for module `$_SDFFE_NP0P_'.
Generating RTLIL representation for module `$_SDFF_PP1_'.
Generating RTLIL representation for module `$_SDFF_NP1_'.
Generating RTLIL representation for module `$_SDFFE_PP1P_'.
Generating RTLIL representation for module `$_SDFFE_NP1P_'.
Generating RTLIL representation for module `$_DFF_PP1_'.
Generating RTLIL representation for module `$_DFF_NP1_'.
Generating RTLIL representation for module `$_DFF_PP0_'.
Generating RTLIL representation for module `$_DFF_NP0_'.
Generating RTLIL representation for module `$_DFFE_PP1P_'.
Generating RTLIL representation for module `$_DFFE_NP1P_'.
Generating RTLIL representation for module `$_DFFE_PP0P_'.
Generating RTLIL representation for module `$_DFFE_NP0P_'.
Generating RTLIL representation for module `$lut'.
Successfully finished Verilog frontend.

18.38.2. Continuing TECHMAP pass.
Using template $_SDFFE_PP0P_ for cells of type $_SDFFE_PP0P_.
Using template $_SDFF_PP0_ for cells of type $_SDFF_PP0_.
Using template $_DFFE_PP0P_ for cells of type $_DFFE_PP0P_.
Using template $_DFFE_PP1P_ for cells of type $_DFFE_PP1P_.
Using template $_DFFE_PP_ for cells of type $_DFFE_PP_.
Using template $_DFF_PP0_ for cells of type $_DFF_PP0_.
Using template $_DFF_PP1_ for cells of type $_DFF_PP1_.
No more expansions possible.
<suppressed ~744 debug messages>

18.39. Executing TECHMAP pass (map to technology primitives).

18.39.1. Executing Verilog-2005 frontend: /opt/homebrew/bin/../share/yosys/gowin/cells_latch.v
Parsing Verilog input from `/opt/homebrew/bin/../share/yosys/gowin/cells_latch.v' to AST representation.
Generating RTLIL representation for module `$_DLATCH_P_'.
Generating RTLIL representation for module `$_DLATCH_N_'.
Generating RTLIL representation for module `$_DLATCH_PP0_'.
Generating RTLIL representation for module `$_DLATCH_NP0_'.
Generating RTLIL representation for module `$_DLATCH_PP1_'.
Generating RTLIL representation for module `$_DLATCH_NP1_'.
Successfully finished Verilog frontend.

18.39.2. Continuing TECHMAP pass.
No more expansions possible.
<suppressed ~8 debug messages>

18.40. Executing OPT_EXPR pass (perform const folding).
Optimizing module top.

18.41. Executing SIMPLEMAP pass (map simple cells to gate primitives).

18.42. Executing SORT pass.

18.43. Executing Verilog-2005 frontend: /opt/homebrew/bin/../share/yosys/abc9_model.v
Parsing Verilog input from `/opt/homebrew/bin/../share/yosys/abc9_model.v' to AST representation.
Generating RTLIL representation for module `$__ABC9_DELAY'.
Generating RTLIL representation for module `$__ABC9_SCC_BREAKER'.
Generating RTLIL representation for module `$__DFF_N__$abc9_flop'.
Generating RTLIL representation for module `$__DFF_P__$abc9_flop'.
Successfully finished Verilog frontend.

18.44. Executing ABC9 pass.

18.44.1. Executing ABC9_OPS pass (helper functions for ABC9).

18.44.2. Executing ABC9_OPS pass (helper functions for ABC9).

18.44.3. Executing PROC pass (convert processes to netlists).

18.44.3.1. Executing PROC_CLEAN pass (remove empty switches from decision trees).
Cleaned up 0 empty switches.

18.44.3.2. Executing PROC_RMDEAD pass (remove dead branches from decision trees).
Marked 1 switch rules as full_case in process $proc$/opt/homebrew/bin/../share/yosys/gowin/cells_sim.v:348$13567 in module DFFCE.
Removed a total of 0 dead cases.

18.44.3.3. Executing PROC_PRUNE pass (remove redundant assignments in processes).
Removed 0 redundant assignments.
Promoted 1 assignment to connection.

18.44.3.4. Executing PROC_INIT pass (extract init attributes).
Found init rule in `\DFFCE.$proc$/opt/homebrew/bin/../share/yosys/gowin/cells_sim.v:339$13568'.
  Set init value: \Q = 1'0

18.44.3.5. Executing PROC_ARST pass (detect async resets in processes).
Found async reset \CLEAR in `\DFFCE.$proc$/opt/homebrew/bin/../share/yosys/gowin/cells_sim.v:348$13567'.

18.44.3.6. Executing PROC_ROM pass (convert switches to ROMs).
Converted 0 switches.
<suppressed ~1 debug messages>

18.44.3.7. Executing PROC_MUX pass (convert decision trees to multiplexers).
Creating decoders for process `\DFFCE.$proc$/opt/homebrew/bin/../share/yosys/gowin/cells_sim.v:339$13568'.
Creating decoders for process `\DFFCE.$proc$/opt/homebrew/bin/../share/yosys/gowin/cells_sim.v:348$13567'.
     1/1: $0\Q[0:0]

18.44.3.8. Executing PROC_DLATCH pass (convert process syncs to latches).

18.44.3.9. Executing PROC_DFF pass (convert process syncs to FFs).
Creating register for signal `\DFFCE.\Q' using process `\DFFCE.$proc$/opt/homebrew/bin/../share/yosys/gowin/cells_sim.v:348$13567'.
  created $adff cell `$procdff$15046' with positive edge clock and positive level reset.

18.44.3.10. Executing PROC_MEMWR pass (convert process memory writes to cells).

18.44.3.11. Executing PROC_CLEAN pass (remove empty switches from decision trees).
Removing empty process `DFFCE.$proc$/opt/homebrew/bin/../share/yosys/gowin/cells_sim.v:339$13568'.
Found and cleaned up 1 empty switch in `\DFFCE.$proc$/opt/homebrew/bin/../share/yosys/gowin/cells_sim.v:348$13567'.
Removing empty process `DFFCE.$proc$/opt/homebrew/bin/../share/yosys/gowin/cells_sim.v:348$13567'.
Cleaned up 1 empty switch.

18.44.4. Executing PROC pass (convert processes to netlists).

18.44.4.1. Executing PROC_CLEAN pass (remove empty switches from decision trees).
Cleaned up 0 empty switches.

18.44.4.2. Executing PROC_RMDEAD pass (remove dead branches from decision trees).
Marked 1 switch rules as full_case in process $proc$/opt/homebrew/bin/../share/yosys/gowin/cells_sim.v:328$13565 in module DFFC.
Removed a total of 0 dead cases.

18.44.4.3. Executing PROC_PRUNE pass (remove redundant assignments in processes).
Removed 1 redundant assignment.
Promoted 1 assignment to connection.

18.44.4.4. Executing PROC_INIT pass (extract init attributes).
Found init rule in `\DFFC.$proc$/opt/homebrew/bin/../share/yosys/gowin/cells_sim.v:320$13566'.
  Set init value: \Q = 1'0

18.44.4.5. Executing PROC_ARST pass (detect async resets in processes).
Found async reset \CLEAR in `\DFFC.$proc$/opt/homebrew/bin/../share/yosys/gowin/cells_sim.v:328$13565'.

18.44.4.6. Executing PROC_ROM pass (convert switches to ROMs).
Converted 0 switches.

18.44.4.7. Executing PROC_MUX pass (convert decision trees to multiplexers).
Creating decoders for process `\DFFC.$proc$/opt/homebrew/bin/../share/yosys/gowin/cells_sim.v:320$13566'.
Creating decoders for process `\DFFC.$proc$/opt/homebrew/bin/../share/yosys/gowin/cells_sim.v:328$13565'.
     1/1: $0\Q[0:0]

18.44.4.8. Executing PROC_DLATCH pass (convert process syncs to latches).

18.44.4.9. Executing PROC_DFF pass (convert process syncs to FFs).
Creating register for signal `\DFFC.\Q' using process `\DFFC.$proc$/opt/homebrew/bin/../share/yosys/gowin/cells_sim.v:328$13565'.
  created $adff cell `$procdff$15049' with positive edge clock and positive level reset.

18.44.4.10. Executing PROC_MEMWR pass (convert process memory writes to cells).

18.44.4.11. Executing PROC_CLEAN pass (remove empty switches from decision trees).
Removing empty process `DFFC.$proc$/opt/homebrew/bin/../share/yosys/gowin/cells_sim.v:320$13566'.
Removing empty process `DFFC.$proc$/opt/homebrew/bin/../share/yosys/gowin/cells_sim.v:328$13565'.
Cleaned up 0 empty switches.

18.44.5. Executing PROC pass (convert processes to netlists).

18.44.5.1. Executing PROC_CLEAN pass (remove empty switches from decision trees).
Cleaned up 0 empty switches.

18.44.5.2. Executing PROC_RMDEAD pass (remove dead branches from decision trees).
Marked 1 switch rules as full_case in process $proc$/opt/homebrew/bin/../share/yosys/gowin/cells_sim.v:309$13563 in module DFFPE.
Removed a total of 0 dead cases.

18.44.5.3. Executing PROC_PRUNE pass (remove redundant assignments in processes).
Removed 0 redundant assignments.
Promoted 1 assignment to connection.

18.44.5.4. Executing PROC_INIT pass (extract init attributes).
Found init rule in `\DFFPE.$proc$/opt/homebrew/bin/../share/yosys/gowin/cells_sim.v:300$13564'.
  Set init value: \Q = 1'1

18.44.5.5. Executing PROC_ARST pass (detect async resets in processes).
Found async reset \PRESET in `\DFFPE.$proc$/opt/homebrew/bin/../share/yosys/gowin/cells_sim.v:309$13563'.

18.44.5.6. Executing PROC_ROM pass (convert switches to ROMs).
Converted 0 switches.
<suppressed ~1 debug messages>

18.44.5.7. Executing PROC_MUX pass (convert decision trees to multiplexers).
Creating decoders for process `\DFFPE.$proc$/opt/homebrew/bin/../share/yosys/gowin/cells_sim.v:300$13564'.
Creating decoders for process `\DFFPE.$proc$/opt/homebrew/bin/../share/yosys/gowin/cells_sim.v:309$13563'.
     1/1: $0\Q[0:0]

18.44.5.8. Executing PROC_DLATCH pass (convert process syncs to latches).

18.44.5.9. Executing PROC_DFF pass (convert process syncs to FFs).
Creating register for signal `\DFFPE.\Q' using process `\DFFPE.$proc$/opt/homebrew/bin/../share/yosys/gowin/cells_sim.v:309$13563'.
  created $adff cell `$procdff$15054' with positive edge clock and positive level reset.

18.44.5.10. Executing PROC_MEMWR pass (convert process memory writes to cells).

18.44.5.11. Executing PROC_CLEAN pass (remove empty switches from decision trees).
Removing empty process `DFFPE.$proc$/opt/homebrew/bin/../share/yosys/gowin/cells_sim.v:300$13564'.
Found and cleaned up 1 empty switch in `\DFFPE.$proc$/opt/homebrew/bin/../share/yosys/gowin/cells_sim.v:309$13563'.
Removing empty process `DFFPE.$proc$/opt/homebrew/bin/../share/yosys/gowin/cells_sim.v:309$13563'.
Cleaned up 1 empty switch.

18.44.6. Executing PROC pass (convert processes to netlists).

18.44.6.1. Executing PROC_CLEAN pass (remove empty switches from decision trees).
Cleaned up 0 empty switches.

18.44.6.2. Executing PROC_RMDEAD pass (remove dead branches from decision trees).
Marked 1 switch rules as full_case in process $proc$/opt/homebrew/bin/../share/yosys/gowin/cells_sim.v:289$13561 in module DFFP.
Removed a total of 0 dead cases.

18.44.6.3. Executing PROC_PRUNE pass (remove redundant assignments in processes).
Removed 1 redundant assignment.
Promoted 1 assignment to connection.

18.44.6.4. Executing PROC_INIT pass (extract init attributes).
Found init rule in `\DFFP.$proc$/opt/homebrew/bin/../share/yosys/gowin/cells_sim.v:281$13562'.
  Set init value: \Q = 1'1

18.44.6.5. Executing PROC_ARST pass (detect async resets in processes).
Found async reset \PRESET in `\DFFP.$proc$/opt/homebrew/bin/../share/yosys/gowin/cells_sim.v:289$13561'.

18.44.6.6. Executing PROC_ROM pass (convert switches to ROMs).
Converted 0 switches.

18.44.6.7. Executing PROC_MUX pass (convert decision trees to multiplexers).
Creating decoders for process `\DFFP.$proc$/opt/homebrew/bin/../share/yosys/gowin/cells_sim.v:281$13562'.
Creating decoders for process `\DFFP.$proc$/opt/homebrew/bin/../share/yosys/gowin/cells_sim.v:289$13561'.
     1/1: $0\Q[0:0]

18.44.6.8. Executing PROC_DLATCH pass (convert process syncs to latches).

18.44.6.9. Executing PROC_DFF pass (convert process syncs to FFs).
Creating register for signal `\DFFP.\Q' using process `\DFFP.$proc$/opt/homebrew/bin/../share/yosys/gowin/cells_sim.v:289$13561'.
  created $adff cell `$procdff$15057' with positive edge clock and positive level reset.

18.44.6.10. Executing PROC_MEMWR pass (convert process memory writes to cells).

18.44.6.11. Executing PROC_CLEAN pass (remove empty switches from decision trees).
Removing empty process `DFFP.$proc$/opt/homebrew/bin/../share/yosys/gowin/cells_sim.v:281$13562'.
Removing empty process `DFFP.$proc$/opt/homebrew/bin/../share/yosys/gowin/cells_sim.v:289$13561'.
Cleaned up 0 empty switches.

18.44.7. Executing SCC pass (detecting logic loops).
Found 0 SCCs in module top.
Found 0 SCCs.

18.44.8. Executing ABC9_OPS pass (helper functions for ABC9).

18.44.9. Executing TECHMAP pass (map to technology primitives).

18.44.9.1. Executing Verilog-2005 frontend: /opt/homebrew/bin/../share/yosys/techmap.v
Parsing Verilog input from `/opt/homebrew/bin/../share/yosys/techmap.v' to AST representation.
Generating RTLIL representation for module `\_90_simplemap_bool_ops'.
Generating RTLIL representation for module `\_90_simplemap_reduce_ops'.
Generating RTLIL representation for module `\_90_simplemap_logic_ops'.
Generating RTLIL representation for module `\_90_simplemap_compare_ops'.
Generating RTLIL representation for module `\_90_simplemap_various'.
Generating RTLIL representation for module `\_90_simplemap_registers'.
Generating RTLIL representation for module `\_90_shift_ops_shr_shl_sshl_sshr'.
Generating RTLIL representation for module `\_90_shift_shiftx'.
Generating RTLIL representation for module `\_90_fa'.
Generating RTLIL representation for module `\_90_lcu_brent_kung'.
Generating RTLIL representation for module `\_90_alu'.
Generating RTLIL representation for module `\_90_macc'.
Generating RTLIL representation for module `\_90_alumacc'.
Generating RTLIL representation for module `$__div_mod_u'.
Generating RTLIL representation for module `$__div_mod_trunc'.
Generating RTLIL representation for module `\_90_div'.
Generating RTLIL representation for module `\_90_mod'.
Generating RTLIL representation for module `$__div_mod_floor'.
Generating RTLIL representation for module `\_90_divfloor'.
Generating RTLIL representation for module `\_90_modfloor'.
Generating RTLIL representation for module `\_90_pow'.
Generating RTLIL representation for module `\_90_demux'.
Generating RTLIL representation for module `\_90_lut'.
Generating RTLIL representation for module `$connect'.
Generating RTLIL representation for module `$input_port'.
Successfully finished Verilog frontend.

18.44.9.2. Continuing TECHMAP pass.
No more expansions possible.
<suppressed ~233 debug messages>

18.44.10. Executing OPT pass (performing simple optimizations).

18.44.10.1. Executing OPT_EXPR pass (perform const folding).
Optimizing module DFFCE.
Optimizing module DFFC.
Optimizing module DFFPE.
Optimizing module DFFP.

18.44.10.2. Executing OPT_MERGE pass (detect identical cells).
Finding identical cells in module `\DFFCE'.
Computing hashes of 2 cells of `\DFFCE'.
Finding duplicate cells in `\DFFCE'.
Finding identical cells in module `\DFFC'.
Computing hashes of 2 cells of `\DFFC'.
Finding duplicate cells in `\DFFC'.
Finding identical cells in module `\DFFPE'.
Computing hashes of 2 cells of `\DFFPE'.
Finding duplicate cells in `\DFFPE'.
Finding identical cells in module `\DFFP'.
Computing hashes of 2 cells of `\DFFP'.
Finding duplicate cells in `\DFFP'.
Removed a total of 0 cells.

18.44.10.3. Executing OPT_MUXTREE pass (detect dead branches in mux trees).
Running muxtree optimizer on module \DFFCE..
  Creating internal representation of mux trees.
  No muxes found in this module.
Running muxtree optimizer on module \DFFC..
  Creating internal representation of mux trees.
  No muxes found in this module.
Running muxtree optimizer on module \DFFPE..
  Creating internal representation of mux trees.
  No muxes found in this module.
Running muxtree optimizer on module \DFFP..
  Creating internal representation of mux trees.
  No muxes found in this module.
Removed 0 multiplexer ports.

18.44.10.4. Executing OPT_REDUCE pass (consolidate $*mux and $reduce_* inputs).
  Optimizing cells in module \DFFCE.
  Optimizing cells in module \DFFC.
  Optimizing cells in module \DFFPE.
  Optimizing cells in module \DFFP.
Performed a total of 0 changes.

18.44.10.5. Executing OPT_MERGE pass (detect identical cells).
Finding identical cells in module `\DFFCE'.
Computing hashes of 2 cells of `\DFFCE'.
Finding duplicate cells in `\DFFCE'.
Finding identical cells in module `\DFFC'.
Computing hashes of 2 cells of `\DFFC'.
Finding duplicate cells in `\DFFC'.
Finding identical cells in module `\DFFPE'.
Computing hashes of 2 cells of `\DFFPE'.
Finding duplicate cells in `\DFFPE'.
Finding identical cells in module `\DFFP'.
Computing hashes of 2 cells of `\DFFP'.
Finding duplicate cells in `\DFFP'.
Removed a total of 0 cells.

18.44.10.6. Executing OPT_DFF pass (perform DFF optimizations).

18.44.10.7. Executing OPT_CLEAN pass (remove unused cells and wires).
Finding unused cells or wires in module \DFFCE..
Finding unused cells or wires in module \DFFC..
Finding unused cells or wires in module \DFFPE..
Finding unused cells or wires in module \DFFP..

18.44.10.8. Executing OPT_EXPR pass (perform const folding).
Optimizing module DFFCE.
Optimizing module DFFC.
Optimizing module DFFPE.
Optimizing module DFFP.

18.44.10.9. Finished fast OPT passes. (There is nothing left to do.)

18.44.11. Executing TECHMAP pass (map to technology primitives).

18.44.11.1. Executing Verilog-2005 frontend: /opt/homebrew/bin/../share/yosys/abc9_map.v
Parsing Verilog input from `/opt/homebrew/bin/../share/yosys/abc9_map.v' to AST representation.
Successfully finished Verilog frontend.

18.44.11.2. Continuing TECHMAP pass.
Using template DFFCE for cells of type DFFCE.
Using template DFFPE for cells of type DFFPE.
Using template DFFC for cells of type DFFC.
Using template DFFP for cells of type DFFP.
No more expansions possible.
<suppressed ~175 debug messages>

18.44.12. Executing Verilog-2005 frontend: /opt/homebrew/bin/../share/yosys/abc9_model.v
Parsing Verilog input from `/opt/homebrew/bin/../share/yosys/abc9_model.v' to AST representation.
Replacing existing blackbox module `$__ABC9_DELAY' at /opt/homebrew/bin/../share/yosys/abc9_model.v:2.1-7.10.
Generating RTLIL representation for module `$__ABC9_DELAY'.
Replacing existing blackbox module `$__ABC9_SCC_BREAKER' at /opt/homebrew/bin/../share/yosys/abc9_model.v:9.1-11.10.
Generating RTLIL representation for module `$__ABC9_SCC_BREAKER'.
Replacing existing module `$__DFF_N__$abc9_flop' at /opt/homebrew/bin/../share/yosys/abc9_model.v:14.1-20.10.
Generating RTLIL representation for module `$__DFF_N__$abc9_flop'.
Replacing existing module `$__DFF_P__$abc9_flop' at /opt/homebrew/bin/../share/yosys/abc9_model.v:23.1-29.10.
Generating RTLIL representation for module `$__DFF_P__$abc9_flop'.
Successfully finished Verilog frontend.

18.44.13. Executing ABC9_OPS pass (helper functions for ABC9).
<suppressed ~1128 debug messages>

18.44.14. Executing ABC9_OPS pass (helper functions for ABC9).

18.44.15. Executing ABC9_OPS pass (helper functions for ABC9).
<suppressed ~2 debug messages>

18.44.16. Executing TECHMAP pass (map to technology primitives).

18.44.16.1. Executing Verilog-2005 frontend: /opt/homebrew/bin/../share/yosys/techmap.v
Parsing Verilog input from `/opt/homebrew/bin/../share/yosys/techmap.v' to AST representation.
Generating RTLIL representation for module `\_90_simplemap_bool_ops'.
Generating RTLIL representation for module `\_90_simplemap_reduce_ops'.
Generating RTLIL representation for module `\_90_simplemap_logic_ops'.
Generating RTLIL representation for module `\_90_simplemap_compare_ops'.
Generating RTLIL representation for module `\_90_simplemap_various'.
Generating RTLIL representation for module `\_90_simplemap_registers'.
Generating RTLIL representation for module `\_90_shift_ops_shr_shl_sshl_sshr'.
Generating RTLIL representation for module `\_90_shift_shiftx'.
Generating RTLIL representation for module `\_90_fa'.
Generating RTLIL representation for module `\_90_lcu_brent_kung'.
Generating RTLIL representation for module `\_90_alu'.
Generating RTLIL representation for module `\_90_macc'.
Generating RTLIL representation for module `\_90_alumacc'.
Generating RTLIL representation for module `$__div_mod_u'.
Generating RTLIL representation for module `$__div_mod_trunc'.
Generating RTLIL representation for module `\_90_div'.
Generating RTLIL representation for module `\_90_mod'.
Generating RTLIL representation for module `$__div_mod_floor'.
Generating RTLIL representation for module `\_90_divfloor'.
Generating RTLIL representation for module `\_90_modfloor'.
Generating RTLIL representation for module `\_90_pow'.
Generating RTLIL representation for module `\_90_demux'.
Generating RTLIL representation for module `\_90_lut'.
Generating RTLIL representation for module `$connect'.
Generating RTLIL representation for module `$input_port'.
Successfully finished Verilog frontend.

18.44.16.2. Continuing TECHMAP pass.
No more expansions possible.
<suppressed ~235 debug messages>

18.44.17. Executing OPT pass (performing simple optimizations).

18.44.17.1. Executing OPT_EXPR pass (perform const folding).
Optimizing module top.

18.44.17.2. Executing OPT_MERGE pass (detect identical cells).
Finding identical cells in module `\top'.
Computing hashes of 0 cells of `\top'.
Finding duplicate cells in `\top'.
Removed a total of 0 cells.

18.44.17.3. Executing OPT_MUXTREE pass (detect dead branches in mux trees).
Running muxtree optimizer on module \top..
  Creating internal representation of mux trees.
  No muxes found in this module.
Removed 0 multiplexer ports.

18.44.17.4. Executing OPT_REDUCE pass (consolidate $*mux and $reduce_* inputs).
  Optimizing cells in module \top.
Performed a total of 0 changes.

18.44.17.5. Executing OPT_MERGE pass (detect identical cells).
Finding identical cells in module `\top'.
Computing hashes of 0 cells of `\top'.
Finding duplicate cells in `\top'.
Removed a total of 0 cells.

18.44.17.6. Executing OPT_DFF pass (perform DFF optimizations).

18.44.17.7. Executing OPT_CLEAN pass (remove unused cells and wires).
Finding unused cells or wires in module \top..

18.44.17.8. Executing OPT_EXPR pass (perform const folding).
Optimizing module top.

18.44.17.9. Finished fast OPT passes. (There is nothing left to do.)

18.44.18. Executing AIGMAP pass (map logic to AIG).

18.44.19. Executing AIGMAP pass (map logic to AIG).
Module top: replaced 1722 cells with 9201 new cells, skipped 3899 cells.
  replaced 3 cell types:
     130 $_MUX_
     951 $_OR_
     641 $_XOR_
  not replaced 18 cell types:
    1515 $_AND_
     343 $_NOT_
       8 $scopeinfo
       8 IBUF
      20 DFFP_$abc9_byp
       6 DFFPE_$abc9_byp
      44 DFFC_$abc9_byp
      99 DFFCE_$abc9_byp
       9 OBUF
      99 DFFCE
      44 DFFC
       6 DFFPE
      20 DFFP
      22 DFFRE
       1 DFFR
     529 DFFE
     574 $paramod$__ABC9_DELAY\DELAY=32'00000000000000000000000000111111
     552 $paramod$__ABC9_DELAY\DELAY=32'00000000000000000000001001000000

18.44.19.1. Executing ABC9_OPS pass (helper functions for ABC9).

18.44.19.2. Executing ABC9_OPS pass (helper functions for ABC9).

18.44.19.3. Executing XAIGER backend.
<suppressed ~732 debug messages>
Extracted 4779 AND gates and 13233 wires from module `top' to a netlist network with 745 inputs and 1484 outputs.

18.44.19.4. Executing ABC9_EXE pass (technology mapping using ABC9).

18.44.19.5. Executing ABC9.
Running ABC command: "<yosys-exe-dir>/yosys-abc" -s -f <abc-temp-dir>/abc.script 2>&1
ABC: ======== ABC command line "source <abc-temp-dir>/abc.script"
ABC: + read_lut <abc-temp-dir>/input.lut 
ABC: + read_box <abc-temp-dir>/input.box 
ABC: + &read <abc-temp-dir>/input.xaig 
ABC: + &ps 
ABC: <abc-temp-dir>/input : i/o =    745/   1484  and =    4019  lev =   49 (1.64)  mem = 0.12 MB  box = 1295  bb = 1295
ABC: Warning: AIG with boxes has internal fanout in 0 complex flops and 15 carries.
ABC: + &scorr 
ABC: Warning: The network is combinational.
ABC: + &sweep 
ABC: + &dc2 
ABC: + &dch -f -r 
ABC: + &ps 
ABC: <abc-temp-dir>/input : i/o =    745/   1484  and =    4783  lev =   68 (2.16)  mem = 0.13 MB  ch =  269  box = 1295  bb = 1295
ABC: cst =       0  cls =    235  lit =     269  unused =    6319  proof =     0
ABC: Warning: AIG with boxes has internal fanout in 0 complex flops and 15 carries.
ABC: + &if -W 500 -v 
ABC: K = 8. Memory (bytes): Truth =    0. Cut =   80. Obj =  160. Set =  816. CutMin = no
ABC: Node =    4783.  Ch =   235.  Total mem =    1.64 MB. Peak cut mem =    0.12 MB.
ABC: P:  Del = 26307.00.  Ar =   10262.0.  Edge =     6828.  Cut =    79901.  T =     0.01 sec
ABC: P:  Del = 23947.00.  Ar =   10766.0.  Edge =     6796.  Cut =    79095.  T =     0.01 sec
ABC: P:  Del = 23947.00.  Ar =    7427.0.  Edge =     6512.  Cut =   185954.  T =     0.03 sec
ABC: F:  Del = 23904.00.  Ar =    3813.0.  Edge =     5196.  Cut =   142081.  T =     0.02 sec
ABC: If_ObjPerformMappingAnd(): Warning! Node with ID 4319 has delay (11497.000000) exceeding the required times (11344.004883).
ABC: If_ObjPerformMappingAnd(): Warning! Node with ID 4384 has delay (12720.000000) exceeding the required times (12567.004883).
ABC: If_ObjPerformMappingAnd(): Warning! Node with ID 4467 has delay (13943.000000) exceeding the required times (13790.004883).
ABC: If_ObjPerformMappingAnd(): Warning! Node with ID 4930 has delay (15676.000000) exceeding the required times (15523.004883).
ABC: If_ObjPerformMappingAnd(): Warning! Node with ID 4934 has delay (17409.000000) exceeding the required times (17256.005859).
ABC: If_ObjPerformMappingAnd(): Warning! Node with ID 5229 has delay (18589.000000) exceeding the required times (18436.005859).
ABC: If_ObjPerformMappingAnd(): Warning! Node with ID 5457 has delay (19812.000000) exceeding the required times (19659.005859).
ABC: If_ObjPerformMappingAnd(): Warning! Node with ID 5971 has delay (21035.000000) exceeding the required times (20882.005859).
ABC: If_ObjPerformMappingAnd(): Warning! Node with ID 6216 has delay (22258.000000) exceeding the required times (22105.005859).
ABC: If_ObjPerformMappingAnd(): Warning! Node with ID 6286 has delay (23481.000000) exceeding the required times (23328.005859).
ABC: If_ObjPerformMappingAnd(): Warning! Node with ID 6353 has delay (23438.000000) exceeding the required times (23328.005859).
ABC: If_ObjPerformMappingAnd(): Warning! Node with ID 6401 has delay (23481.000000) exceeding the required times (23328.005859).
ABC: A:  Del = 24057.00.  Ar =    3358.0.  Edge =     4867.  Cut =   135672.  T =     0.03 sec
ABC: A:  Del = 24057.00.  Ar =    3105.0.  Edge =     4751.  Cut =   137996.  T =     0.03 sec
ABC: Total time =     0.13 sec
ABC: + &write -n <abc-temp-dir>/output.aig 
ABC: + &mfs 
ABC: + &ps -l 
ABC: <abc-temp-dir>/input : i/o =    745/   1484  and =    8908  lev =   85 (1.93)  mem = 0.18 MB  box = 1295  bb = 1295
ABC: Mapping (K=8)  :  lut =   1101  edge =    4518  lev =   15 (1.20)  levB =   17  mem = 0.08 MB
ABC: LUT = 1101 : 2=167 15.2 %  3=207 18.8 %  4=413 37.5 %  5=177 16.1 %  6=22 2.0 %  7=26 2.4 %  8=89 8.1 %  Ave = 4.10
ABC: Warning: AIG with boxes has internal fanout in 0 complex flops and 15 carries.
ABC: + &write -n <abc-temp-dir>/output.aig 
ABC: + &verify 
ABC: Networks are equivalent.  Time =     0.27 sec
ABC: + time 
ABC: elapse: 6.99 seconds, total: 6.99 seconds

18.44.19.6. Executing AIGER frontend.
<suppressed ~11 debug messages>
Removed 14912 unused cells and 19730 unused wires.

18.44.19.7. Executing ABC_OPS_REINTEGRATE pass (reintegrate ABC mapped design into module).
ABC RESULTS:              $lut cells:     1118
ABC RESULTS:   \DFFP_$abc9_byp cells:       20
ABC RESULTS:   \DFFPE_$abc9_byp cells:        6
ABC RESULTS:   \DFFC_$abc9_byp cells:       44
ABC RESULTS:   \DFFCE_$abc9_byp cells:       99
ABC RESULTS:           input signals:      216
ABC RESULTS:          output signals:     1358
<suppressed ~4458 debug messages>
Removing temp directory.

18.44.20. Executing TECHMAP pass (map to technology primitives).

18.44.20.1. Executing Verilog-2005 frontend: /opt/homebrew/bin/../share/yosys/abc9_unmap.v
Parsing Verilog input from `/opt/homebrew/bin/../share/yosys/abc9_unmap.v' to AST representation.
Generating RTLIL representation for module `$__DFF_x__$abc9_flop'.
Generating RTLIL representation for module `$__ABC9_SCC_BREAKER'.
Successfully finished Verilog frontend.

18.44.20.2. Continuing TECHMAP pass.
Using template DFFCE_$abc9_byp for cells of type DFFCE_$abc9_byp.
Using template DFFC_$abc9_byp for cells of type DFFC_$abc9_byp.
Using template DFFPE_$abc9_byp for cells of type DFFPE_$abc9_byp.
Using template DFFP_$abc9_byp for cells of type DFFP_$abc9_byp.
No more expansions possible.
<suppressed ~178 debug messages>
Removed 68 unused cells and 19718 unused wires.

18.45. Executing TECHMAP pass (map to technology primitives).

18.45.1. Executing Verilog-2005 frontend: /opt/homebrew/bin/../share/yosys/gowin/cells_map.v
Parsing Verilog input from `/opt/homebrew/bin/../share/yosys/gowin/cells_map.v' to AST representation.
Generating RTLIL representation for module `$_DFF_N_'.
Generating RTLIL representation for module `$_DFF_P_'.
Generating RTLIL representation for module `$_DFFE_PP_'.
Generating RTLIL representation for module `$_DFFE_NP_'.
Generating RTLIL representation for module `$_SDFF_PP0_'.
Generating RTLIL representation for module `$_SDFF_NP0_'.
Generating RTLIL representation for module `$_SDFFE_PP0P_'.
Generating RTLIL representation for module `$_SDFFE_NP0P_'.
Generating RTLIL representation for module `$_SDFF_PP1_'.
Generating RTLIL representation for module `$_SDFF_NP1_'.
Generating RTLIL representation for module `$_SDFFE_PP1P_'.
Generating RTLIL representation for module `$_SDFFE_NP1P_'.
Generating RTLIL representation for module `$_DFF_PP1_'.
Generating RTLIL representation for module `$_DFF_NP1_'.
Generating RTLIL representation for module `$_DFF_PP0_'.
Generating RTLIL representation for module `$_DFF_NP0_'.
Generating RTLIL representation for module `$_DFFE_PP1P_'.
Generating RTLIL representation for module `$_DFFE_NP1P_'.
Generating RTLIL representation for module `$_DFFE_PP0P_'.
Generating RTLIL representation for module `$_DFFE_NP0P_'.
Generating RTLIL representation for module `$lut'.
Successfully finished Verilog frontend.

18.45.2. Continuing TECHMAP pass.
Using template $paramod$658b9ed803f0d3d335616d3858b53e0a2522f1e8$lut for cells of type $lut.
Using template $paramod$lut\WIDTH=32'00000000000000000000000000000010\LUT=4'0100 for cells of type $lut.
Using template $paramod$lut\WIDTH=32'00000000000000000000000000000010\LUT=4'0010 for cells of type $lut.
Using template $paramod$lut\WIDTH=32'00000000000000000000000000000011\LUT=8'00101010 for cells of type $lut.
Using template $paramod$8fd66b744e06ff6b1a5a329d1f0371c25a5273aa$lut for cells of type $lut.
Using template $paramod$lut\WIDTH=32'00000000000000000000000000000010\LUT=4'0110 for cells of type $lut.
Using template $paramod$4ebbe0f6e12b81a334724402291f27e3a12d6cde$lut for cells of type $lut.
Using template $paramod$lut\WIDTH=32'00000000000000000000000000000011\LUT=8'01111000 for cells of type $lut.
Using template $paramod$lut\WIDTH=32'00000000000000000000000000000011\LUT=8'01101010 for cells of type $lut.
Using template $paramod$lut\WIDTH=32'00000000000000000000000000000010\LUT=4'1000 for cells of type $lut.
Using template $paramod$e85b6eba0dacefc5f73f8748159b8b9599212afc$lut for cells of type $lut.
Using template $paramod$88db763de32d863e72bae2b81d737cc46451430c$lut for cells of type $lut.
Using template $paramod$619b7c9a4d44585e10b42f7fb79b16304cca97c5$lut for cells of type $lut.
Using template $paramod$384ca820697864e5f2b9b7570e4569b99724b771$lut for cells of type $lut.
Using template $paramod$7bcf5f70986487920c848507d659d29b9546545c$lut for cells of type $lut.
Using template $paramod$418ac39d2cd7f31cb49a8d44e1b7386dec13a168$lut for cells of type $lut.
Using template $paramod$5a05aceb4b3a5e65f91bcffb0fccca72a8307af8$lut for cells of type $lut.
Using template $paramod$415b9dd3a15783ae56c103f189fd8e182f997441$lut for cells of type $lut.
Using template $paramod$842d4b2fe22949669eac276c9bebad3774bb02a1$lut for cells of type $lut.
Using template $paramod$571404c0889eaf57f492cb5e37f8acb5df5852f9$lut for cells of type $lut.
Using template $paramod$8e44661def013b6bf9fe6f8b049ef2c838d749f9$lut for cells of type $lut.
Using template $paramod$47a8214374025465e226fa66bee690ff33268a25$lut for cells of type $lut.
Using template $paramod$f8f63b209b7230e81958663ff24fef1613156af7$lut for cells of type $lut.
Using template $paramod$364c9ffbffac467d60dfec81bba4e18476c15602$lut for cells of type $lut.
Using template $paramod$c28a8b7ce0535d090c4cfb52e9c74affd52b110c$lut for cells of type $lut.
Using template $paramod$101238f3d8d49ab12a9b49a2f01cd503b26e9c61$lut for cells of type $lut.
Using template $paramod$6e238df02989b317f10820a22773676e71120644$lut for cells of type $lut.
Using template $paramod$873c285bdccf0ac2b60d2304ea5cd14bf211d2a6$lut for cells of type $lut.
Using template $paramod$272652f6c6fbe9a75eff76e45cc7e2788835518b$lut for cells of type $lut.
Using template $paramod$6d6beead1425af15cf78b27fd9b11b41b5d4bce8$lut for cells of type $lut.
Using template $paramod$d6ca727e39f31d51d29072e0f33aa09c65e37336$lut for cells of type $lut.
Using template $paramod$a5516fc31d1e552de2435200bb732b4d4ad63a9c$lut for cells of type $lut.
Using template $paramod$5e9374f44a27c3f8a1c38af244ec43ceb4fb8d4f$lut for cells of type $lut.
Using template $paramod$e51a8a571bee774247b38f52d6e85fd62ae52cea$lut for cells of type $lut.
Using template $paramod$f9813472aa48e533b3838c6f2316dc2e78c66111$lut for cells of type $lut.
Using template $paramod$30305e55a780880b9c824fe3509a4d981acb0f2b$lut for cells of type $lut.
Using template $paramod$lut\WIDTH=32'00000000000000000000000000000011\LUT=8'00010101 for cells of type $lut.
Using template $paramod$ee6944635a66b35a2c008244d1b98fdaec97fc5f$lut for cells of type $lut.
Using template $paramod$78b4324556f6321a85bd440441a5392f271ea218$lut for cells of type $lut.
Using template $paramod$lut\WIDTH=32'00000000000000000000000000000010\LUT=4'0001 for cells of type $lut.
Using template $paramod$4a884fcdb0989b97488eedc13e11681349f58e3a$lut for cells of type $lut.
Using template $paramod$0e25b1ebdcb0e69b925ce03733a000610e0759ea$lut for cells of type $lut.
Using template $paramod$lut\WIDTH=32'00000000000000000000000000000011\LUT=8'00000001 for cells of type $lut.
Using template $paramod$6bb1e2c51a1bca75ce73efc51e9424fe425a21c2$lut for cells of type $lut.
Using template $paramod$ee20458ad08b113ce438a814819c4179b6bb5eac$lut for cells of type $lut.
Using template $paramod$lut\WIDTH=32'00000000000000000000000000000011\LUT=8'00010011 for cells of type $lut.
Using template $paramod$68f8a3050868da669d94d4e494c893d3dce59229$lut for cells of type $lut.
Using template $paramod$072c5e3ccda79fd9894df662960d670043a3dc1c$lut for cells of type $lut.
Using template $paramod$lut\WIDTH=32'00000000000000000000000000000011\LUT=8'10000000 for cells of type $lut.
Using template $paramod$lut\WIDTH=32'00000000000000000000000000000011\LUT=8'00001000 for cells of type $lut.
Using template $paramod$05e1115912393c1d4eb1e5490f3ecf172aa5a72c$lut for cells of type $lut.
Using template $paramod$03f745df2f46ed6e8375fda93c669257d36ff93c$lut for cells of type $lut.
Using template $paramod$lut\WIDTH=32'00000000000000000000000000000011\LUT=8'00010000 for cells of type $lut.
Using template $paramod$5185d15885fb56f4d639a56173800a4fa3a7a174$lut for cells of type $lut.
Using template $paramod$8f464c687aaa0d64779690eb3e325c3df2ddf597$lut for cells of type $lut.
Using template $paramod$51599577e92cd2756c2272cd36d7c29221c56d2f$lut for cells of type $lut.
Using template $paramod$fedc9dd49dc77948bb3b96048b3e9c4cb551096b$lut for cells of type $lut.
Using template $paramod$6e98fea82e288eb70fa7833e8442d9b57c9d67e7$lut for cells of type $lut.
Using template $paramod$lut\WIDTH=32'00000000000000000000000000000011\LUT=8'11111000 for cells of type $lut.
Using template $paramod$0b588377ba3185d211eb64f5b1be0e71dc379db8$lut for cells of type $lut.
Using template $paramod$efbcee56054525cfafa17d017d34cd41a27dc15b$lut for cells of type $lut.
Using template $paramod$lut\WIDTH=32'00000000000000000000000000000011\LUT=8'01000000 for cells of type $lut.
Using template $paramod$b587e1dcd8f8a9800d395e4aeecac52c55d6f585$lut for cells of type $lut.
Using template $paramod$bba54c1ef87367812b4c15f4aed5ac70773df775$lut for cells of type $lut.
Using template $paramod$b2a56d29d78b64945058dc6d03e0606d938260a3$lut for cells of type $lut.
Using template $paramod$6b465ba5aa8c7f93202aaf850a48ca1f87cd9abe$lut for cells of type $lut.
Using template $paramod$56506fd24fa96f4612bb93acb8f764eb06b8af5e$lut for cells of type $lut.
Using template $paramod$b28ee8bd90a8cdab37ea21096e3e8ee862471da5$lut for cells of type $lut.
Using template $paramod$b93121edd41f79ce0b286a8debe8c227550a6657$lut for cells of type $lut.
Using template $paramod$e5ccb68e7b367392079e714421f315450b941677$lut for cells of type $lut.
Using template $paramod$28dfa2921393dcdcd4eecf34cd5d20e0f40ef90f$lut for cells of type $lut.
Using template $paramod$3d89989f61051f5f834c187dbc8f0dd616c05c85$lut for cells of type $lut.
Using template $paramod$afc79f0abfa7e43ada57cd97de0a3d7f7f3c0c5c$lut for cells of type $lut.
Using template $paramod$e0c0439a84e6adee12dfb5086968120ec5ebce56$lut for cells of type $lut.
Using template $paramod$b9c60d1681007bcd795d33f5c50b4cfbbaf7ca59$lut for cells of type $lut.
Using template $paramod$36683ea235a117e1978df3d931d1a6db553e0a18$lut for cells of type $lut.
Using template $paramod$lut\WIDTH=32'00000000000000000000000000000011\LUT=8'11101000 for cells of type $lut.
Using template $paramod$251994398653c4cf8de320f1e306e535d5d2d624$lut for cells of type $lut.
Using template $paramod$be5308abcd11e5d87888ef8da44ef0b0d06a59e3$lut for cells of type $lut.
Using template $paramod$704cad882e2bedddf5c55ef18de55c67afe1e0ec$lut for cells of type $lut.
Using template $paramod$lut\WIDTH=32'00000000000000000000000000000011\LUT=8'10010110 for cells of type $lut.
Using template $paramod$20af25027645e4bbb2f83a597b11228e22cd443d$lut for cells of type $lut.
Using template $paramod$b2c3b710fa2df9d38f1dfb712ff368cd743f121a$lut for cells of type $lut.
Using template $paramod$c383ccb6308cc7d530aeed43fde0f068a0b758b1$lut for cells of type $lut.
Using template $paramod$35abd9fe8a5515221688520448d45a69f4db4403$lut for cells of type $lut.
Using template $paramod$d4294245ac8ca459236d150b7f63b89fc0b734d5$lut for cells of type $lut.
Using template $paramod$20027ea914dd29dc20cb30724699f5adc29a1156$lut for cells of type $lut.
Using template $paramod$lut\WIDTH=32'00000000000000000000000000000011\LUT=8'01101001 for cells of type $lut.
Using template $paramod$e3f4e00bb03ea79efb03892493bd12b350e557c5$lut for cells of type $lut.
Using template $paramod$3f0549729b9cf7d6fa6533d688d092bceca9764e$lut for cells of type $lut.
Using template $paramod$d715d2e1f6a9d477d103079941e34b8ab3168104$lut for cells of type $lut.
Using template $paramod$5964dec528c7ded1ee9f528024feacf1107270a1$lut for cells of type $lut.
Using template $paramod$8b8ed3d8216638d654b951d95f2a38a30c5ba8d7$lut for cells of type $lut.
Using template $paramod$dd04db71dd446d0caaf01be10c27ff36f1a03004$lut for cells of type $lut.
Using template $paramod$lut\WIDTH=32'00000000000000000000000000000011\LUT=8'10001110 for cells of type $lut.
Using template $paramod$8a9794a3b5c1a201cc5aedb8a9ed8036a72a1ac7$lut for cells of type $lut.
Using template $paramod$lut\WIDTH=32'00000000000000000000000000000010\LUT=4'1001 for cells of type $lut.
Using template $paramod$eb278b9bd7b0e1caf3be3393b1e5a18305cda9ce$lut for cells of type $lut.
Using template $paramod$b68d5c90f6ac9f5cadb88565bf5c1465ee70b566$lut for cells of type $lut.
Using template $paramod$0058ffaa6dee34721179b64e088e965c57737a51$lut for cells of type $lut.
Using template $paramod$f7648d9a03186d6878ef752796f4944c748b9d50$lut for cells of type $lut.
Using template $paramod$1eda5d5ac55a43864be7da5bff6b54373fbd0f6f$lut for cells of type $lut.
Using template $paramod$ac46bbabd0f019bf5ef27e65ca794dd967f2d6df$lut for cells of type $lut.
Using template $paramod$2991a9166162362f9843a52417028067813fc539$lut for cells of type $lut.
Using template $paramod$lut\WIDTH=32'00000000000000000000000000000011\LUT=8'00010111 for cells of type $lut.
Using template $paramod$e57dc1cede992b8185c4997780171c27cc6c58cb$lut for cells of type $lut.
Using template $paramod$1e9293a24ea166516c118dac83c9fc5510b473fd$lut for cells of type $lut.
Using template $paramod$lut\WIDTH=32'00000000000000000000000000000011\LUT=8'11010100 for cells of type $lut.
Using template $paramod$lut\WIDTH=32'00000000000000000000000000000011\LUT=8'10110010 for cells of type $lut.
Using template $paramod$fd904e9e35cfd343a9df248824bd3f1408724879$lut for cells of type $lut.
Using template $paramod$6684e8b8258fa57dafabf93cbc395f8483adebb2$lut for cells of type $lut.
Using template $paramod$7e3d6270e5be87db321eecba487bafe106a54b1e$lut for cells of type $lut.
Using template $paramod$e0a3a3a383f70b44bb1ecd79781e973fce9b3b7d$lut for cells of type $lut.
Using template $paramod$7e436f509fdf6d45cc2826db17a3c977465d9645$lut for cells of type $lut.
Using template $paramod$49e6731e0f47417d3ca12ca60c5ac6658d4b9dde$lut for cells of type $lut.
Using template $paramod$59cbafa4d23a5052ba15eb113e52d55476cf45ac$lut for cells of type $lut.
Using template $paramod$fa56abc5efe47c5daecbc68ff16756392d4c2a90$lut for cells of type $lut.
Using template $paramod$c9b0575a0504c388359ae9fefc46ea2cd4e17aa9$lut for cells of type $lut.
Using template $paramod$05896c1110f557c6a9f9e7ecbe71099ef8aa8d6b$lut for cells of type $lut.
Using template $paramod$ef14303192218c8dd28cb97c03357085cb7c4d4d$lut for cells of type $lut.
Using template $paramod$f5c97e291c8b48d9f1b4239d871ab7639e5a24ac$lut for cells of type $lut.
Using template $paramod$27d9046b07ab8bff4287ee9fa084f6c0b50adf32$lut for cells of type $lut.
Using template $paramod$5782f43854b55f81cf0ba24bf109ddeaaacc1618$lut for cells of type $lut.
Using template $paramod$e885aaada7c2ca9c9e17e3b532f54b7d89d75301$lut for cells of type $lut.
Using template $paramod$lut\WIDTH=32'00000000000000000000000000000011\LUT=8'11010010 for cells of type $lut.
Using template $paramod$3fc4880afe751bdc9c2cb040b01408327a6e9a7f$lut for cells of type $lut.
Using template $paramod$fb24566fa278a2dddc6361d63325a657b557e9db$lut for cells of type $lut.
Using template $paramod$1dcdba16fe1f4bad961d179c30443f2a30a641fa$lut for cells of type $lut.
Using template $paramod$445dfec73dddc98b25cecef3cc9aa35ed7e320bd$lut for cells of type $lut.
Using template $paramod$b17e3b452d0d0559acd65dc3bc04b0fd31172ffc$lut for cells of type $lut.
Using template $paramod$48c19eb209dd8ad2c18334e4df384d3b3b74d5ec$lut for cells of type $lut.
Using template $paramod$a41d0e3b97911dca5b893a7d849ab04257ab9d97$lut for cells of type $lut.
Using template $paramod$848f0450b4c1911d92229377286eff1dd3d46a0a$lut for cells of type $lut.
Using template $paramod$6f625205336ac6ce7b8747324becdbce1049bc9c$lut for cells of type $lut.
Using template $paramod$239a649c3c5dcff42e28a38401931acf401ef810$lut for cells of type $lut.
Using template $paramod$c459c9f8d42117424a0070526e22ab3497eb714a$lut for cells of type $lut.
Using template $paramod$lut\WIDTH=32'00000000000000000000000000000011\LUT=8'00111001 for cells of type $lut.
Using template $paramod$4282def8dbd6df3d1248ad282c629bee684502c2$lut for cells of type $lut.
Using template $paramod$a040711c8e66b7329efe3dcc99eab1dd2c7ad0e7$lut for cells of type $lut.
Using template $paramod$78e1751931755f088c8bc676bcbc3bb642c26bfc$lut for cells of type $lut.
Using template $paramod$a08206fe15222c70bee3a6d89e21e37f5d738f0b$lut for cells of type $lut.
Using template $paramod$b79abe20cde045bbec6c41744464a11ccac5ebe4$lut for cells of type $lut.
Using template $paramod$ca209542bd629054585e025c08ec38b9cb8d9afd$lut for cells of type $lut.
Using template $paramod$b0aee34e712dca9aae4ec9bf9a8023e0cd17728f$lut for cells of type $lut.
Using template $paramod$lut\WIDTH=32'00000000000000000000000000000011\LUT=8'00101011 for cells of type $lut.
Using template $paramod$7c5a3d511aa176f539f3540f0d04f1b021fadbdc$lut for cells of type $lut.
Using template $paramod$1253e317deb80510f23399d6df7beb81db121aaf$lut for cells of type $lut.
Using template $paramod$17966710eaf0df1fa7d3d1f0e2158dda25720b50$lut for cells of type $lut.
Using template $paramod$f6e6b06ace8e36caf9ec39ee3df1ccbc957998a4$lut for cells of type $lut.
Using template $paramod$a51bc2d77e5de75da08dd006e20e36149332bdbf$lut for cells of type $lut.
Using template $paramod$f33c671787198595d4eea9cc27892bda9ecd8b27$lut for cells of type $lut.
Using template $paramod$c7a2f836105dbcb0ba5009b39f43dcf71d3a5aa1$lut for cells of type $lut.
Using template $paramod$4637ee04b4475bf73eba1eda457971b1692cf4bd$lut for cells of type $lut.
Using template $paramod$6ad1063397984b2b09aa574378f44b9f2ae1c5b3$lut for cells of type $lut.
Using template $paramod$4faf753287b3895e8b4b9f16546e8d8f82cc4ad6$lut for cells of type $lut.
Using template $paramod$0868a80c16422053f9f2b997c2c2da7dc0d70fca$lut for cells of type $lut.
Using template $paramod$52c44a5a4cd712275a4404fc28d7decd55483f31$lut for cells of type $lut.
Using template $paramod$058301255e3f479bcd81c5b8f3cb6a128f7d004e$lut for cells of type $lut.
Using template $paramod$68a12978f275f12de2dea1436a9698d928d945d6$lut for cells of type $lut.
Using template $paramod$97f9b0c859fc4376247cab1961806a0007268a82$lut for cells of type $lut.
Using template $paramod$ae996a90bab164df2c8e52dc3c61778de36f3951$lut for cells of type $lut.
Using template $paramod$b43bbac0826351672b359fe36292a1502fd28f5f$lut for cells of type $lut.
Using template $paramod$5a3e46ecab6afa41f3e2f094162f7ef5d1109479$lut for cells of type $lut.
Using template $paramod$03c7296ccd13fccdcc33e10e752c59d9647ca9e5$lut for cells of type $lut.
Using template $paramod$355e87124d41fc93221e089b19730baabf3b05e2$lut for cells of type $lut.
Using template $paramod$c6705c2d9a5ca1e5236b47844e83005fc173deff$lut for cells of type $lut.
Using template $paramod$ae67ba4b71ca3733463d52c7bb464adbd7d68367$lut for cells of type $lut.
Using template $paramod$718208d0d7c444e4924e09c40d40e7ac2bd4dfe6$lut for cells of type $lut.
Using template $paramod$864d9120d31c1e3032e8ebac73ec718478e29c47$lut for cells of type $lut.
Using template $paramod$f890b999cf8ac670fe7a44889d699ee443d633d3$lut for cells of type $lut.
Using template $paramod$37275f9005096a8b3beded7be16e5d19f7397fa0$lut for cells of type $lut.
Using template $paramod$fc2be7cf2aa1cfc8ebe963e124f1c70016e3f0fb$lut for cells of type $lut.
Using template $paramod$4609d6170df9df51ab903023a98ef7fe930e70d9$lut for cells of type $lut.
Using template $paramod$f72adea4079fc83d9a23745aebe7501f2b8f741d$lut for cells of type $lut.
Using template $paramod$6d49eb27e0f49741cebc007b459aaf0d6c326503$lut for cells of type $lut.
Using template $paramod$c1ecd13b5e2feb77a725850b71cc8207f7841c40$lut for cells of type $lut.
Using template $paramod$4da7e2010a01bd03c80e8cf15929b157777efac8$lut for cells of type $lut.
Using template $paramod$66ae87eed0f1f954b8bcbd02c5e993649d75fb78$lut for cells of type $lut.
Using template $paramod$354e6ac920e64c8989b8cdd64eaeb2cdcb94838b$lut for cells of type $lut.
Using template $paramod$3a638c8b0571f801fed00d316fbe7329e05f98f1$lut for cells of type $lut.
Using template $paramod$655782bc30c333f93ae53797f6b67d2405425642$lut for cells of type $lut.
Using template $paramod$0dd26dc33db10671dd5dbd19fcd0df2680097d6e$lut for cells of type $lut.
Using template $paramod$lut\WIDTH=32'00000000000000000000000000000011\LUT=8'10110001 for cells of type $lut.
Using template $paramod$514a3911060fb980dd078532320cd172e1e80625$lut for cells of type $lut.
Using template $paramod$456d59706a6b79f30784d135401df0094470c74c$lut for cells of type $lut.
Using template $paramod$e5c97f1a8f7eac3a64e20deb80109fe688656567$lut for cells of type $lut.
Using template $paramod$lut\WIDTH=32'00000000000000000000000000000011\LUT=8'00001101 for cells of type $lut.
Using template $paramod$632def812b8b6763ae81bf8e3a67e48c61fcbeb2$lut for cells of type $lut.
Using template $paramod$0925ce7a5667f5985a57004cee3a470ce610d117$lut for cells of type $lut.
Using template $paramod$52702941660974dfb3683f0081a9171798e9d5eb$lut for cells of type $lut.
Using template $paramod$534a44711e9d1563acd02717b82879ff19a72472$lut for cells of type $lut.
Using template $paramod$037ad50caacf7f76a7c678c3d1ae33d31e76a076$lut for cells of type $lut.
Using template $paramod$595b4955041ceff09e28d600fe79275c24ba9878$lut for cells of type $lut.
Using template $paramod$57f94b7009d41c3dd4959ed88276bee1a2b473e3$lut for cells of type $lut.
Using template $paramod$a49560c57293d842b4cf7a38a8a09c32c1002e11$lut for cells of type $lut.
Using template $paramod$ececc55fe721b2d80098bfc00a6005f1af14b6e5$lut for cells of type $lut.
Using template $paramod$50f9186b49b0da16e880b30823ff3d46243cc2ff$lut for cells of type $lut.
Using template $paramod$lut\WIDTH=32'00000000000000000000000000000011\LUT=8'11000110 for cells of type $lut.
Using template $paramod$5f1d3a143c9c87ab46abfde5f2b7762cf4000f70$lut for cells of type $lut.
Using template $paramod$5ed10e9c1f6cbe029932d0523e7deb9d12b7eea4$lut for cells of type $lut.
Using template $paramod$146ae5716c9fa4b8e5943a3e0e2b7caa56063840$lut for cells of type $lut.
Using template $paramod$c6a54d0c8286619db0a3e12eb75e768e933aefab$lut for cells of type $lut.
Using template $paramod$f38a99a22a0fac12bbcb288fd8a0e6f0e8f7e627$lut for cells of type $lut.
Using template $paramod$c01d1f1a2c22a23f58c65a92a9c94eaeebcde834$lut for cells of type $lut.
Using template $paramod$74db7ebdc203ab2b8e34f5d81b5d1b49c6ee3ec6$lut for cells of type $lut.
Using template $paramod$1f813a8f006349fc460980a60d8cfb5063bc31b2$lut for cells of type $lut.
Using template $paramod$50fa6b3cb72c125f3267ea5a23f35a69bdb59730$lut for cells of type $lut.
Using template $paramod$c508ffccf3cb0d44491eb1a488b3e92b1375f011$lut for cells of type $lut.
Using template $paramod$87dcb159121ab3d7f474ec6ef378c71a3049b62d$lut for cells of type $lut.
Using template $paramod$d793fa5968deaf11cfe19b856cbfe380e12f0720$lut for cells of type $lut.
Using template $paramod$00d7415285b882300c591cdd822b1ca895ee7a37$lut for cells of type $lut.
Using template $paramod$8457fefe21cf120418f8c8b79eeedf11ac46fdb9$lut for cells of type $lut.
Using template $paramod$50b99034fbf984a51c265442496081454147f31e$lut for cells of type $lut.
Using template $paramod$014b659db5d002405936b374e32d204782099707$lut for cells of type $lut.
Using template $paramod$lut\WIDTH=32'00000000000000000000000000000011\LUT=8'01001101 for cells of type $lut.
Using template $paramod$a4dc042990bf0f48722f562498103f0e30d86f49$lut for cells of type $lut.
Using template $paramod$fd81fe005b85f96994b7a9753e6d6c07b87441fa$lut for cells of type $lut.
Using template $paramod$98a5c3d095dc6991437287c213b0186193f2fd80$lut for cells of type $lut.
Using template $paramod$9eacdf83cbd931e2f00261b662477ef996ce8204$lut for cells of type $lut.
Using template $paramod$1e886d6a9e4c492c55afbecd07c6ec65e2b26f80$lut for cells of type $lut.
Using template $paramod$1c90c77c2db36188eacc8d86dc7c5b73360a4089$lut for cells of type $lut.
Using template $paramod$d1ed77970192dcdda6d91a9694adc578a28171a2$lut for cells of type $lut.
Using template $paramod$770f4881b119b88fd303cb459a29de987d12a32d$lut for cells of type $lut.
Using template $paramod$75fad663ec3e6dd7e30deb0fb20d86fdcf7eed62$lut for cells of type $lut.
Using template $paramod$db4e634b470c18974330f22811bf7c153068f272$lut for cells of type $lut.
Using template $paramod$lut\WIDTH=32'00000000000000000000000000000011\LUT=8'00101000 for cells of type $lut.
Using template $paramod$3f3711e25f4af82c75167749880240ee67e21333$lut for cells of type $lut.
Using template $paramod$692098e84a61ee770a01b50770cdfd5f7ae5c2d8$lut for cells of type $lut.
Using template $paramod$b69b5354211e56307c0fb0072333a3122c7dabc8$lut for cells of type $lut.
Using template $paramod$2c36ab0cbc04a3a847030feba39790a1d5966127$lut for cells of type $lut.
Using template $paramod$11fcc028481c24bdfc71993e4965b6e7f93adc2a$lut for cells of type $lut.
Using template $paramod$ba1676cd001e58ff2d7962d1c80922729638312b$lut for cells of type $lut.
Using template $paramod$c820f2d857090d45e05189fd5250384755fdcc3c$lut for cells of type $lut.
Using template $paramod$1c5e047616af2d331e11147beb9dd36af2c2dfa3$lut for cells of type $lut.
Using template $paramod$e37b0940f22d5c55a659e1bbe4e3ef8c4d02dba3$lut for cells of type $lut.
Using template $paramod$b19a6e0b246c010991c7f4a64e250b0f4c797e22$lut for cells of type $lut.
Using template $paramod$531f5b3e606fe121838a4eab101f6f6d3933b68b$lut for cells of type $lut.
Using template $paramod$5aade32a42eeea80d52be580c6f168f2efa73bd2$lut for cells of type $lut.
Using template $paramod$lut\WIDTH=32'00000000000000000000000000000011\LUT=8'01110001 for cells of type $lut.
Using template $paramod$1a83e80191742c2b0d090ae0a5a4e07a737c8af6$lut for cells of type $lut.
Using template $paramod$c0126fc6d9272c9333142d1fc773c3a82815073d$lut for cells of type $lut.
Using template $paramod$ab6fccb94b5e70a618aa21bf684fdbdfa0a48deb$lut for cells of type $lut.
Using template $paramod$30fd89a6aa5c25f036359e46b00a649b754897f2$lut for cells of type $lut.
Using template $paramod$039b831f2b8b835a841936b88a65b49ae86414fe$lut for cells of type $lut.
Using template $paramod$lut\WIDTH=32'00000000000000000000000000000011\LUT=8'01001011 for cells of type $lut.
Using template $paramod$c5becfe1d5ce566436b912f76a7cdd30e5d09b9c$lut for cells of type $lut.
Using template $paramod$89860ae7804566a6906973fb45bbcb54ed18c13c$lut for cells of type $lut.
Using template $paramod$2f3577571d5c3142f074016ee0edb7ccc9033855$lut for cells of type $lut.
Using template $paramod$379ec6d8683ea12ed1c26278e1c2951a573bfa4b$lut for cells of type $lut.
Using template $paramod$21a9cf1c7cffed4ea7970972274e8bcced7c7005$lut for cells of type $lut.
Using template $paramod$bf8344c4eead49f5de1b64d00f36a560a632cff7$lut for cells of type $lut.
Using template $paramod$daac9b1e7bb2ac018f7132a3fbe0026ddd7b1a71$lut for cells of type $lut.
Using template $paramod$lut\WIDTH=32'00000000000000000000000000000011\LUT=8'00101101 for cells of type $lut.
Using template $paramod$fbd3b3a5b872ff9ffa74cfd9354b81bd330d83f4$lut for cells of type $lut.
Using template $paramod$792e39e4a06c3e32c55d8177650b3d98572a919d$lut for cells of type $lut.
Using template $paramod$360662b53f412af18799d03cd45a7c9ef6b75fd5$lut for cells of type $lut.
Using template $paramod$18a117e174f1ff6f00066362868550f703ec1346$lut for cells of type $lut.
Using template $paramod$b2077130d89736f5191d0d24f7f6ffd3bddb0a2d$lut for cells of type $lut.
Using template $paramod$9953982dff44c3604b09908e2cdd59e931da0cbc$lut for cells of type $lut.
Using template $paramod$00ffcc628ccb870304683cac36ad3a16cc41b6a4$lut for cells of type $lut.
Using template $paramod$c16f370ae7798b1bdf00bba0fa0d15e5edfce48d$lut for cells of type $lut.
Using template $paramod$266ebc77c6d3df1aac9dcf782dffce43fda1cfd8$lut for cells of type $lut.
Using template $paramod$bd30484a621dd5a925c2ca3211503dd1db6203fe$lut for cells of type $lut.
Using template $paramod$bc12892e267b798471901672efda99b4d9a4ceb6$lut for cells of type $lut.
Using template $paramod$28c2c8a8f3f2fd7fe8b1e256824b86220cf39db8$lut for cells of type $lut.
Using template $paramod$11c86b7a6cb6e98dcfb16c5f4d4cc1052b93d8a4$lut for cells of type $lut.
Using template $paramod$9efe42bb9582d84ef8a12a123ae4e79dcb0e55cf$lut for cells of type $lut.
Using template $paramod$83c1b6108170249166239e09804c5f4542556524$lut for cells of type $lut.
Using template $paramod$0e280b8bc37e53fa5d0ff745f529084f5a36e516$lut for cells of type $lut.
Using template $paramod$6dbc6d4db48837132179ce8515468cf50aec887e$lut for cells of type $lut.
Using template $paramod$74a16c77aa3e141d4ba85b701a1e116710fe9943$lut for cells of type $lut.
Using template $paramod$279b4137a653fba2812ff3994cc89b87c67bf685$lut for cells of type $lut.
Using template $paramod$daed987dea23a1b72301e6738c7ff71cf4e2fff2$lut for cells of type $lut.
Using template $paramod$93d6ea3c99579b9c0f2da0cdc5b2f8d0322b7cf2$lut for cells of type $lut.
Using template $paramod$b5cb409992f1778e8f7c5f7330f1b0850d7d29e4$lut for cells of type $lut.
Using template $paramod$de13ad5dd3e5045f6e2309ae91f9cbbe890ce5a9$lut for cells of type $lut.
Using template $paramod$16da50e64f12645dae1ad531888d800f757eaf4f$lut for cells of type $lut.
Using template $paramod$48858a0cdda2de6934604a272e0a7e64a67fda48$lut for cells of type $lut.
Using template $paramod$8a9dcfcec35e8205caec76df3bb375c377ca05fe$lut for cells of type $lut.
Using template $paramod$lut\WIDTH=32'00000000000000000000000000000011\LUT=8'00100000 for cells of type $lut.
Using template $paramod$106edb10fcc3b6b97dd3a9d7b629e59b7c3bb538$lut for cells of type $lut.
Using template $paramod$84b1157a95e4a902079ab7adeab27a57b5a01c56$lut for cells of type $lut.
Using template $paramod$99d2121e179120ff7289cd4528d3fd4ca34ec992$lut for cells of type $lut.
Using template $paramod$36e9f515f546b247b2fb0f93f03eb7a523877147$lut for cells of type $lut.
Using template $paramod$051ef59ce535bc8ecf1cb00f358f5a1ab6e23d9c$lut for cells of type $lut.
Using template $paramod$a0825dafd1fd985957a0f0e21d585bd980a10497$lut for cells of type $lut.
Using template $paramod$6f4d73709bf8de96133b9d3e7f75e8c3b63fd2ba$lut for cells of type $lut.
Using template $paramod$7e52859d7e1708346875f5273c6a2637a85ff1ee$lut for cells of type $lut.
Using template $paramod$dbd6bfc0079f30bdbd8251243755394b48ae1fbb$lut for cells of type $lut.
Using template $paramod$7803237c3d1d61fa530a2402493422623d210f9f$lut for cells of type $lut.
Using template $paramod$67c1ecb278c8b4c1d2a506ac07229295f5a9fac4$lut for cells of type $lut.
Using template $paramod$3759deb8916045a79f6e480538ef1f2e81a88a3c$lut for cells of type $lut.
Using template $paramod$4b646d75ba9c9f4cea8f301450e5f2118c90173b$lut for cells of type $lut.
Using template $paramod$5a27d635653e015123cd2b28fc1c9bbbf76bb574$lut for cells of type $lut.
Using template $paramod$6c4399c03d9dd66607b2a7f786a0765e3ce18575$lut for cells of type $lut.
Using template $paramod$2805a82e744f8a475f095901794ea94005f56f74$lut for cells of type $lut.
Using template $paramod$8274975e208bba8376f5563980410fd75b301253$lut for cells of type $lut.
Using template $paramod$011b35c4c1650b370e32c37d62900f7cc600417d$lut for cells of type $lut.
Using template $paramod$a6099cc9056fbf39ec8dc4f1c21d700fd4189bab$lut for cells of type $lut.
Using template $paramod$ad7ce4ce9e24eaf88a010a1932b1f87843b5d0a2$lut for cells of type $lut.
Using template $paramod$610f265038f7652bdff6ce346993d72c7702f8df$lut for cells of type $lut.
Using template $paramod$75cd1f9aba3f0ed8587aa10fdb759c93817209f4$lut for cells of type $lut.
Using template $paramod$b9896fc0611a9db4c00be53860234ce7f48700f0$lut for cells of type $lut.
Using template $paramod$4b10bb9178b753cf0edf8644252dd94485fe5a64$lut for cells of type $lut.
Using template $paramod$d558c7d15e6efc4b30118627d2c0c2a27df12fd4$lut for cells of type $lut.
Using template $paramod$de282254f6b3838e885d51f7bad4de1e366aecf1$lut for cells of type $lut.
Using template $paramod$f05d4b8888c79762c43743d193b4196209b4613e$lut for cells of type $lut.
Using template $paramod$dd9c647324de9f99ff241bd66a7a092a09732b5a$lut for cells of type $lut.
Using template $paramod$lut\WIDTH=32'00000000000000000000000000000011\LUT=8'10000100 for cells of type $lut.
Using template $paramod$8574307005b53b857dc5343838d8d01b7289cf74$lut for cells of type $lut.
Using template $paramod$98409dc7c318cfbd4b3720e29108797e07b3c00a$lut for cells of type $lut.
Using template $paramod$2f2b9b736b3ea0a0b958cef6434418c8f6a25d02$lut for cells of type $lut.
Using template $paramod$fb8878dfe2477c38c081e29466ade7f22d61779e$lut for cells of type $lut.
Using template $paramod$004f7fdb736229d9277a268429510e0531a31a10$lut for cells of type $lut.
Using template $paramod$lut\WIDTH=32'00000000000000000000000000000011\LUT=8'10010101 for cells of type $lut.
Using template $paramod$de52a65f985bb8c1904b1b12752998fc37477714$lut for cells of type $lut.
Using template $paramod$57e027707cd0884a8c54ee0000c57b474e900ad3$lut for cells of type $lut.
Using template $paramod$abed590456e870ef6bf400cd2e6b96301a46be4a$lut for cells of type $lut.
Using template $paramod$5aa838b5daa49e60e23466b3959ccb3bfbc097a4$lut for cells of type $lut.
Using template $paramod$208720e4a0cb2c36b30ed8db2b9e17af6b8f6c7b$lut for cells of type $lut.
Using template $paramod$9c0578c3981388563825a89761a72fca1739921d$lut for cells of type $lut.
Using template $paramod$8f21f7992227916034f5b01d67afe829991816af$lut for cells of type $lut.
Using template $paramod$0a7817d70895c67313a5df1d76db8357ea7a02a0$lut for cells of type $lut.
Using template $paramod$1d3e3dda7513a26513dc7c9f8a4ac0e6b682116c$lut for cells of type $lut.
Using template $paramod$20f57b3b2a53f28e10917353428a20acba54e7a5$lut for cells of type $lut.
Using template $paramod$230f7a960f65cea79092f3e5bf1b8c036e75274d$lut for cells of type $lut.
Using template $paramod$642ceb9cc940bf95d1270e4097b02b2de77714a7$lut for cells of type $lut.
Using template $paramod$27083d1c57ce147653a2ad83f19ca2ef1ec226c8$lut for cells of type $lut.
Using template $paramod$23953811f9a1e831a4c3afa54c7c0c00652edb7e$lut for cells of type $lut.
Using template $paramod$6988d7c456ddc0a7a15d653649ab3aac2d111e78$lut for cells of type $lut.
Using template $paramod$5817a16a85dc3265044851ce53c1a573cf3c27ee$lut for cells of type $lut.
Using template $paramod$083a025c8ab5768beabf4d6e4fc4ed2d0bcfbb05$lut for cells of type $lut.
Using template $paramod$ed83caf87815aae4ca79d224e50309a3764f32eb$lut for cells of type $lut.
Using template $paramod$64508f901d0b54488d8af805ae9fe1978a75e759$lut for cells of type $lut.
Using template $paramod$1c60aa8f76a1eb6a58cc3efc47e29bc809929e72$lut for cells of type $lut.
Using template $paramod$e04068ceebdd28acc911c4e2521403dceb676420$lut for cells of type $lut.
Using template $paramod$c9f5f77007e3f102f9a7365e55e95aa78c46ca72$lut for cells of type $lut.
Using template $paramod$474bc90704970980e23f1a80fae1b8a14a87bd32$lut for cells of type $lut.
Using template $paramod$fddb965afbfa9c305d48492fbdab0ec6e2f2744e$lut for cells of type $lut.
Using template $paramod$94d5fc7f7d3f71ae26b9c1532bd8787f0c4d523d$lut for cells of type $lut.
Using template $paramod$c8d47ee05314d4921b0d683e6d158592335376ff$lut for cells of type $lut.
Using template $paramod$280b0c0096b0550dec0bc2d5be13ad653351c2fb$lut for cells of type $lut.
Using template $paramod$8979c2aabcb49b44af5e29a3cfad4bf44847c1a1$lut for cells of type $lut.
Using template $paramod$18fbc33f4785f997056dd72f5f48b93dc92b91ea$lut for cells of type $lut.
Using template $paramod$c663360854d63f23c06a4aaba4dab7d973e53cca$lut for cells of type $lut.
Using template $paramod$3bf3f2772357228917316cd6f712b0eca92edb76$lut for cells of type $lut.
Using template $paramod$de25d0c8da3e52f22c0b1553da77aa7e2a367bf4$lut for cells of type $lut.
Using template $paramod$lut\WIDTH=32'00000000000000000000000000000011\LUT=8'11011000 for cells of type $lut.
Using template $paramod$e219864f75ba2e296170b0a26be8a72cd6a28426$lut for cells of type $lut.
Using template $paramod$54fc3314faa4721dee183b8c5f96e5b995d7d442$lut for cells of type $lut.
Using template $paramod$05f2cd1e36588dbff890ccfd4cb1e38367d54c46$lut for cells of type $lut.
Using template $paramod$821a22cbdc2430adf503e42b13005f413ef3dfcb$lut for cells of type $lut.
Using template $paramod$ac8f479f5cbbf90668aed2f84556c759df620bef$lut for cells of type $lut.
Using template $paramod$6c0eb5be2e2cf35331d9830940ee57f1e7548373$lut for cells of type $lut.
Using template $paramod$ee55d4d1d1d7325f58dbdbfce0ec75c463d4291c$lut for cells of type $lut.
Using template $paramod$68ee0dbcf546141448af9be08601a4a977352f33$lut for cells of type $lut.
Using template $paramod$dd50b2420973cd93303b5fd2e166a60ddf232f7c$lut for cells of type $lut.
Using template $paramod$39895fc74679daed138c40e39bc43d651651aeee$lut for cells of type $lut.
Using template $paramod$34bfed53026ebffdb1ab41a03a53cda295deaede$lut for cells of type $lut.
Using template $paramod$a178c893cdf5f386848e147b096002a31e1362dc$lut for cells of type $lut.
Using template $paramod$ccc708dac91880bbe0d78141b7722f91939f23b3$lut for cells of type $lut.
Using template $paramod$11ec175d2913975b7d5d7054e1e4f7e23df3be57$lut for cells of type $lut.
Using template $paramod$085ac6daadd555b0f8cf8f603c7849f876be6cbc$lut for cells of type $lut.
Using template $paramod$f3455cc525b79463fa386523e02ea82f705448af$lut for cells of type $lut.
Using template $paramod$lut\WIDTH=32'00000000000000000000000000000011\LUT=8'11001001 for cells of type $lut.
Using template $paramod$2f715f5f333c8e8372874266dfef80384a9a4c10$lut for cells of type $lut.
Using template $paramod$ed0221f985a96e0bb0d1c07ada85de8f184d6daa$lut for cells of type $lut.
Using template $paramod$2ed94d1dfad155e72d4a62c9181d5bf3f66bed65$lut for cells of type $lut.
Using template $paramod$lut\WIDTH=32'00000000000000000000000000000010\LUT=4'1110 for cells of type $lut.
Using template $paramod$c99909b0661e592bb9701b15671a24d993e3be48$lut for cells of type $lut.
Using template $paramod$00b8dd8b73561ad6988b03b6600fc178778f4822$lut for cells of type $lut.
Using template $paramod$fe9a0158d0352193457c4f5b6282ac86d35fb3ee$lut for cells of type $lut.
Using template $paramod$36fea9c5869a0803f52e65a9512ceed7fef994c7$lut for cells of type $lut.
Using template $paramod$359fe4e746656bf9c72aecaff84fc7bdea9f55a5$lut for cells of type $lut.
Using template $paramod$350b81770904f50b09775bc9f3a916a39927a3ba$lut for cells of type $lut.
Using template $paramod$lut\WIDTH=32'00000000000000000000000000000001\LUT=2'01 for cells of type $lut.
Using template $paramod$be48d952fcad8a16b8d84daa4c48a3065f343e5e$lut for cells of type $lut.
Using template $paramod$lut\WIDTH=32'00000000000000000000000000000011\LUT=8'00000110 for cells of type $lut.
Using template $paramod$030341c742485f6555555dfb68dd36dc0741850d$lut for cells of type $lut.
Using template $paramod$36b7d8209200ca95c844934f9e4add2d5121b073$lut for cells of type $lut.
Using template $paramod$b9d8b7e91a2c68da033af948ea0bd8bdebbaf6b2$lut for cells of type $lut.
Using template $paramod$7c62394fc9dcd57450f98f8754db0e3c7b377a8c$lut for cells of type $lut.
Using template $paramod$lut\WIDTH=32'00000000000000000000000000000011\LUT=8'10111000 for cells of type $lut.
Using template $paramod$20f3f4b8e32f8a8b038b0056872dc94926194798$lut for cells of type $lut.
Using template $paramod$a56a39c0f6a5a7dc6beed165205ecc9aaf916f10$lut for cells of type $lut.
Using template $paramod$52b6c49baa2aa7ed4bb1ffa90e1954f18acb1676$lut for cells of type $lut.
Using template $paramod$c6df4b783fa81f82ddf327c2925bbae90c2f17ba$lut for cells of type $lut.
Using template $paramod$lut\WIDTH=32'00000000000000000000000000000011\LUT=8'01010110 for cells of type $lut.
Using template $paramod$lut\WIDTH=32'00000000000000000000000000000011\LUT=8'01000101 for cells of type $lut.
Using template $paramod$428f5e46463b80a3eddc52d38deced068f2e8dce$lut for cells of type $lut.
Using template $paramod$f3ada871809f362efd8eb0c4fb952bb5c98f0750$lut for cells of type $lut.
Using template $paramod$784f4711405f84982df518be1f8d295ab4d5b427$lut for cells of type $lut.
Using template $paramod$b600d182ae966d09f33a746441e104587fe7a58f$lut for cells of type $lut.
Using template $paramod$lut\WIDTH=32'00000000000000000000000000000011\LUT=8'10101001 for cells of type $lut.
Using template $paramod$e76151b422bad8bc81a4515c18f7489f7b34cd59$lut for cells of type $lut.
Using template $paramod$67fa356c0f3d798f38d68b9cc2d586e60eb522c4$lut for cells of type $lut.
Using template $paramod$4608bbef85d8f54c5df96fc7b8d857f9c6ca95b4$lut for cells of type $lut.
Using template $paramod$669b0b701dd9d770a9b1d2ed821d282d85e0bfbd$lut for cells of type $lut.
Using template $paramod$d94893256d21a0ee2c65d7177ece4d7768cb30be$lut for cells of type $lut.
Using template $paramod$1a68958bb4adc2ec2ba83bf40f3e8c81e7bc45a8$lut for cells of type $lut.
Using template $paramod$2acc56796dae1e7bbd8d34441a24f749523f3d30$lut for cells of type $lut.
Using template $paramod$0983c26432ee5f338d2a1d71ff3fc97bb478890c$lut for cells of type $lut.
Using template $paramod$9664483609d9e726df9697364de1aad825ad3979$lut for cells of type $lut.
Using template $paramod$d764887bc394a3134b7e8a59b5d9428fe48cd8ce$lut for cells of type $lut.
Using template $paramod$cd0c9bbbf94abd2596aaae9976827f6c56fb4967$lut for cells of type $lut.
Using template $paramod$ee6682f13f4058ad3f1adfcfc64fc4b737208600$lut for cells of type $lut.
Using template $paramod$9f18f1fe9efe630955a9cd3a986ff680b7e411fe$lut for cells of type $lut.
Using template $paramod$8b9634e7dfa008c33d9ee399743b05f598f2abc6$lut for cells of type $lut.
Using template $paramod$922c9d51250447408e4eb21c37593ddfd4cdfd12$lut for cells of type $lut.
Using template $paramod$d5111aac42f4ee580f575d1b8c96983b83b98fda$lut for cells of type $lut.
Using template $paramod$52b3a698831fbcff4328015eca224eec8c520537$lut for cells of type $lut.
Using template $paramod$dbd98bb37cc2f2fd6dec4582eba52f58e64e917f$lut for cells of type $lut.
Using template $paramod$2789389b49cb3fdd2f3ca80c01c92ac229d872cd$lut for cells of type $lut.
Using template $paramod$f23dcfa56e2ebcf9ea75aa1bf09fc718f94e223a$lut for cells of type $lut.
Using template $paramod$3a781125d2c4afcf0c3a208f3822d434b54edc5e$lut for cells of type $lut.
Using template $paramod$1ca3568359e16863aafab6dcd9463f5715d184da$lut for cells of type $lut.
Using template $paramod$42c89165c1c5e27fc52285875644fffe0a9b703e$lut for cells of type $lut.
Using template $paramod$cc62d01647b461691b98ea7712c36f4bca4f492a$lut for cells of type $lut.
Using template $paramod$6674c95631d1c33c2fd5756e3491795d61837993$lut for cells of type $lut.
Using template $paramod$5afc8b1ef354de619f1ce488bf3e800e744e2b12$lut for cells of type $lut.
Using template $paramod$5ef8ba3fc494be541bd59e719604c41afc9b40e0$lut for cells of type $lut.
Using template $paramod$1f035f92a6d4eb5022123b8888c410638a8e0597$lut for cells of type $lut.
Using template $paramod$0886defc0605d8dc646dc5e8c94243a71d137761$lut for cells of type $lut.
Using template $paramod$388d1c41229a49e1e0ca2f24dad24dce63e4b562$lut for cells of type $lut.
Using template $paramod$2a5fe69ee0e5d246b9774f33c4f8d5ac0809d6e6$lut for cells of type $lut.
Using template $paramod$e6ade65e3e52eb454bf951a7a5212f649b10a186$lut for cells of type $lut.
Using template $paramod$60e7f7fce892c97e560e610e305d946e3ec8610a$lut for cells of type $lut.
Using template $paramod$aecbe2c2242eae8332446fb3e25d07a918140d61$lut for cells of type $lut.
Using template $paramod$3e4c59084f0ebce33c277e53ecdf7642f80632eb$lut for cells of type $lut.
Using template $paramod$fb46c0816257e9b2b40094a8250555238cb1de21$lut for cells of type $lut.
Using template $paramod$5f9706f009c943c64dd6d9b16058ec627ecc38fa$lut for cells of type $lut.
Using template $paramod$acae1329ffc4d40dbf513c537009aab235a020a9$lut for cells of type $lut.
Using template $paramod$df23355c89b32683eeef826f1e35b89581a4d06b$lut for cells of type $lut.
Using template $paramod$543cb82b97b3588db95bed584f0000da9b06174a$lut for cells of type $lut.
Using template $paramod$39b406db160bde3031cbb2a2e5d0e2e3f2be3722$lut for cells of type $lut.
Using template $paramod$0080d7b9a001a97991af115fda213d2aad6d516d$lut for cells of type $lut.
Using template $paramod$b965f91d7457253774a25faab0183d489ca90eb8$lut for cells of type $lut.
Using template $paramod$67ff17f8df5746fc4fb1d358791e7b54bfbc9d4b$lut for cells of type $lut.
Using template $paramod$79116103cd22f5a29152e3d6d93e59973205c340$lut for cells of type $lut.
Using template $paramod$357b858246e72fce19c3162b13a54107e7432fb2$lut for cells of type $lut.
Using template $paramod$6adda687722005adba13dfb23b7f68aaa44b1d63$lut for cells of type $lut.
Using template $paramod$62bc6791e16fbecdc402674cfa6d266f9ca9aed3$lut for cells of type $lut.
Using template $paramod$7a2d9bd66f4b843d5cf2a1f95a448371a8b538df$lut for cells of type $lut.
Using template $paramod$bf0d0292861bdee659ef5cbc5e58b330ac5871f9$lut for cells of type $lut.
Using template $paramod$da5d2ee2171a7c5af8f28fc7dcb587f1f655864f$lut for cells of type $lut.
Using template $paramod$496ffe3248bd266bc8b9f49510e4f1c5a01c29db$lut for cells of type $lut.
Using template $paramod$cb2205e701a4f4bc2de796fba9792fc27b849f20$lut for cells of type $lut.
Using template $paramod$30b41ac1e8021304acc1124592cd2302de72ccf3$lut for cells of type $lut.
Using template $paramod$ee6d216f1c5624e0826cab42dec2d735e3d525bf$lut for cells of type $lut.
Using template $paramod$9eb6b6d5c23af130d5cf46656221a0e56f50a33a$lut for cells of type $lut.
Using template $paramod$000bf821b85fd8e5aaa21b4fdbac2a1c52687054$lut for cells of type $lut.
Using template $paramod$5a3320f9df77a9c484815fcbe8b180a2e97c559a$lut for cells of type $lut.
Using template $paramod$a27aca669dc3b55d0aaa63be96e9797567adebbb$lut for cells of type $lut.
Using template $paramod$40745dbc4abbfba3d00b413d1e234212e84822fd$lut for cells of type $lut.
Using template $paramod$1b1d2847d45955c6142e24209006ac4fe396a041$lut for cells of type $lut.
Using template $paramod$fc8d119ce64ea9cda1bee7db12e41e164bb4420b$lut for cells of type $lut.
Using template $paramod$0763b7dc8eae3fbd27a40176a3ef74cd9ee9e449$lut for cells of type $lut.
Using template $paramod$77814e20215147d412dde4b9ffe9377f730ab38d$lut for cells of type $lut.
Using template $paramod$734cb5d7d83659ae4da13abb9e04fafa8dc19119$lut for cells of type $lut.
Using template $paramod$6fd6053adaae0cb28c4d4337d2a59e0c9cfc488d$lut for cells of type $lut.
Using template $paramod$a18af179c31b51b872801fdd8f7e38ca6a9980a4$lut for cells of type $lut.
Using template $paramod$f130183b643c0f4a44b81c1e204ce7705c9832a5$lut for cells of type $lut.
Using template $paramod$8b3429c8d5d04f8f9f085f181c4987c939aeed5c$lut for cells of type $lut.
Using template $paramod$fd461ba585b127a8eb431037c2ef5dcb3d76ab41$lut for cells of type $lut.
Using template $paramod$46b43ff3d2cbe1f2ff09b1684ebf48e683721e04$lut for cells of type $lut.
Using template $paramod$b02f4505ed56068f839efe1b8275870a77ce9d16$lut for cells of type $lut.
Using template $paramod$01d25f9cf97ff41ac04dec0b429d7a24496f177d$lut for cells of type $lut.
Using template $paramod$2ee3ad6c7eb5db7e4b64b4fae7f02bb67d682399$lut for cells of type $lut.
Using template $paramod$ed0a6e69df12c5bc41473c6a58a12c7472730121$lut for cells of type $lut.
Using template $paramod$a5ebec63c0f0cdc469f1dff4a4b3a472167f00c0$lut for cells of type $lut.
Using template $paramod$0950a66c007d87bc46ff693f4518f0e08e636f8e$lut for cells of type $lut.
Using template $paramod$2e81c239f2fb9c709fcfae8b4607647336375bd2$lut for cells of type $lut.
Using template $paramod$f5b1fa9234132003952a4eb5f539257629e5591e$lut for cells of type $lut.
Using template $paramod$05763707ad43dbc9819ba3021f1e174c6162b302$lut for cells of type $lut.
Using template $paramod$5b8148286b6f05f531d99d3c31884651bdbe310d$lut for cells of type $lut.
Using template $paramod$54ecb3d1a89fb11af23c01fd14205c15ec2569aa$lut for cells of type $lut.
Using template $paramod$66e12af1fc50cbdafae50268038054c4b49bb6ce$lut for cells of type $lut.
Using template $paramod$c7492b86576f5bf91b097fac1da47da00237c234$lut for cells of type $lut.
Using template $paramod$d57af415e8f2332ef76bf6b69b3a6510311a17bd$lut for cells of type $lut.
Using template $paramod$3b7b53aa26ce1317544aed65db3a39f96dac05a5$lut for cells of type $lut.
Using template $paramod$6a2e814c24e95d3d24c85dcfb0b780b35fe94c05$lut for cells of type $lut.
Using template $paramod$ab6aa84fcd8a09030e28c3863b07d0340b69d73b$lut for cells of type $lut.
Using template $paramod$84b4aa8b3d267fd2a15fa7a4a77a5ef52e311fc6$lut for cells of type $lut.
Using template $paramod$432607086e01ce708fb822d8ad0419f3d83dcb21$lut for cells of type $lut.
Using template $paramod$563ecbcb0eac4f69bf95cdcf2f78bba07874c487$lut for cells of type $lut.
Using template $paramod$1680809b1fd9ac8d53cdb7b6e36b0976dcc40f18$lut for cells of type $lut.
Using template $paramod$946687642ad71216f5e76ec0fdd0c09989f5b470$lut for cells of type $lut.
Using template $paramod$f6aa725215a1450c05e9668c72bfbe2e6267dfc7$lut for cells of type $lut.
Using template $paramod$2c97abd8fb9b28cef69bac0f87760b4fbeb663d9$lut for cells of type $lut.
Using template $paramod$b3492cb72ee45c3c2bc647cdb27f42da69258e44$lut for cells of type $lut.
Using template $paramod$f0fadba84edf3d7a1f88cf0edb24e4969d09a319$lut for cells of type $lut.
Using template $paramod$c752a0971580a1d5f5f00b3edb1f28530f8a180b$lut for cells of type $lut.
Using template $paramod$60488a09eb41a68f4b817a2fb5694da022a667eb$lut for cells of type $lut.
Using template $paramod$4503307402402f0834059e82aa7109367927dd83$lut for cells of type $lut.
Using template $paramod$16b758681e9d5d18d0cf715960997d292bd68b6d$lut for cells of type $lut.
Using template $paramod$f6596836a22f56a4b51e9cb2955717cd86246103$lut for cells of type $lut.
Using template $paramod$b5d816ea2681f70443d43094357c1ff717f01b3c$lut for cells of type $lut.
Using template $paramod$5de4af917326f51adaf393f882bd479b3c80b5c0$lut for cells of type $lut.
Using template $paramod$a6db2d62fb69960357cb7a580c02aa2cbefe6c1a$lut for cells of type $lut.
Using template $paramod$e780eab3dad69fdbe116e947eaa878be8d1068ca$lut for cells of type $lut.
Using template $paramod$f25f54bea053c7b78c50f717dcb37e87b4444766$lut for cells of type $lut.
Using template $paramod$1736766177fcc15b2e7cafbcaa8cabb8cb14bbce$lut for cells of type $lut.
Using template $paramod$783306a8dc5fa315f3c5079dfe872403c6186b71$lut for cells of type $lut.
Using template $paramod$e5879d024cb1ccbc20eb3a00f0b5c29ad7660530$lut for cells of type $lut.
Using template $paramod$f0247f8648b6f7aa17ba4264d7c49d00809711ef$lut for cells of type $lut.
Using template $paramod$62e306d1fcf160f1ce34df5d0b751030606e02da$lut for cells of type $lut.
Using template $paramod$3a32a7587b9f95b908af04fb9b75cd3eae00b58e$lut for cells of type $lut.
Using template $paramod$f8bf7ce2cfc03a2fcdba016d95c65c16f5a9e768$lut for cells of type $lut.
Using template $paramod$890ac4dffa8b7e1a596132eef78294253a399cf9$lut for cells of type $lut.
Using template $paramod$dbbd4cbcfe38db3a951af63973f75871bcb65b66$lut for cells of type $lut.
Using template $paramod$141f4cae23522b8745c093caa6ef27db9b7d0a97$lut for cells of type $lut.
Using template $paramod$e5677540112f2f0c34851f21bdb166ec612cca2d$lut for cells of type $lut.
Using template $paramod$975a0e673f5e60cdfb3f453b6299b3719ae1bf2d$lut for cells of type $lut.
Using template $paramod$a43d480b382415594e89da4ec4ba44bcbb49b4e6$lut for cells of type $lut.
Using template $paramod$ebdd924cc0e86949e61db3d1576414498bfe11a2$lut for cells of type $lut.
Using template $paramod$47e866ecdc6cf4e3a2bb738f0db93f5bf1ea6a5a$lut for cells of type $lut.
Using template $paramod$9d7b8fd9bb247f18539764bcd8d990fba1adc15e$lut for cells of type $lut.
Using template $paramod$f8ace10c1a67ed6778a7a32f7f236fa3f87e9aba$lut for cells of type $lut.
Using template $paramod$ea60670e529359258f932d74b3592f484a7a708d$lut for cells of type $lut.
Using template $paramod$6647528b97d9a9f61e4ed7b043599d9d56e0a54b$lut for cells of type $lut.
Using template $paramod$ed3113a3c29c2e7d80764503bbf1c864155098df$lut for cells of type $lut.
Using template $paramod$a203d3501d0d50414540b61654941c7e6f87ccf6$lut for cells of type $lut.
Using template $paramod$11b5156b957ade9d7956eed5db6011febed2d647$lut for cells of type $lut.
Using template $paramod$93de38adc7ba1fb39c4a949cd38a59a99600e0d3$lut for cells of type $lut.
Using template $paramod$5911367e70b5406e2a24c2021a5dadd14e53943e$lut for cells of type $lut.
Using template $paramod$8c76883e9035c99f6a7c51c81466fd735a0765db$lut for cells of type $lut.
Using template $paramod$3d8133c8a7268f925175a39478b115f10b728357$lut for cells of type $lut.
Using template $paramod$fc58e771eed42346829e398e8533da9fed857920$lut for cells of type $lut.
Using template $paramod$319279add3af43e6e611078a6e884cb41f7b7ddd$lut for cells of type $lut.
Using template $paramod$0b7d81ff28efc2f21972b5968fb42f63121403ef$lut for cells of type $lut.
Using template $paramod$bfc8002c0ee398120e86e47ba3efdfabef8fd3c2$lut for cells of type $lut.
Using template $paramod$8e0e7a6a2aacf3bc449772aa3184d31267bb4647$lut for cells of type $lut.
Using template $paramod$d8e0073f3d75732c9a857d6a81c3a52d3c9ec129$lut for cells of type $lut.
Using template $paramod$614d69ea53883b83b5f113f265d806003eda8fdc$lut for cells of type $lut.
Using template $paramod$8f2b95314245d8b1711b45d77725780631c80c8a$lut for cells of type $lut.
Using template $paramod$c48be29a1af8b6aa8dfb8e6832833753701f1164$lut for cells of type $lut.
Using template $paramod$9e1a7fd8f27d07b8ed9d2826ae1a82cd4dbbfc3a$lut for cells of type $lut.
Using template $paramod$c908544d5d692f40b35cf9adf383ec6aa494fd27$lut for cells of type $lut.
Using template $paramod$188e3f181db372ef81fe2939e7c16e9bd958282a$lut for cells of type $lut.
Using template $paramod$7a27bceb613ee0dfcd0dfe6acbf1ca892d36ec83$lut for cells of type $lut.
Using template $paramod$87ec7a675506f9d17dd2d3519e7d8b8eae00e06a$lut for cells of type $lut.
Using template $paramod$5af70d1a1590261e072d968530417140216767e5$lut for cells of type $lut.
Using template $paramod$c5adb532e669311c61da978d6863eee6116bd113$lut for cells of type $lut.
Using template $paramod$0c71fb1904f0aa6b6f6cf17db5300ee8b10e8c27$lut for cells of type $lut.
Using template $paramod$7a9192c8c904caf452102967b28041a1c1670386$lut for cells of type $lut.
Using template $paramod$a447f6e9912a48e91cf3b79f79ca6f839ad324c7$lut for cells of type $lut.
Using template $paramod$87b8669a3b89c2e4531b37d691558cdb0e5d1475$lut for cells of type $lut.
Using template $paramod$4d6781c18460032c1ad977c30a7773f633dbf31a$lut for cells of type $lut.
Using template $paramod$395244f23825765fe1d37ac62cffb910fe4ed654$lut for cells of type $lut.
Using template $paramod$11b20c19f340a6560456d7c7b3b3147bfa6502e7$lut for cells of type $lut.
Using template $paramod$821f5308cb7eed1f860ddffa58c3f58e5eaf094c$lut for cells of type $lut.
Using template $paramod$57d7be0d3b777088c4bebbda2f81b3d9084b386b$lut for cells of type $lut.
Using template $paramod$143cfd0e24629f99911e51dad127097a2ee6e66b$lut for cells of type $lut.
Using template $paramod$34896d5d56374b89a12902fd788409d30c5ebf7f$lut for cells of type $lut.
Using template $paramod$86ee9d336f58ff5f65c154b7d93327caccddd415$lut for cells of type $lut.
Using template $paramod$7d267d9d58bd47fca3d685c7e615299e5359a418$lut for cells of type $lut.
Using template $paramod$78a8c8dc8db3b461c2d57e9ae02cfc78c33103aa$lut for cells of type $lut.
Using template $paramod$ff025bbcfe3894ad3b756c14e1df67d159d8de94$lut for cells of type $lut.
Using template $paramod$40906a58caa2c31dc5d1015bf355a7bfaba24e3b$lut for cells of type $lut.
Using template $paramod$f5ded1f1a1d8402f5fb23babe6c5abe2bf8717fc$lut for cells of type $lut.
Using template $paramod$a948f3d9990474f2d4370e1a5957e797ba6e5b77$lut for cells of type $lut.
Using template $paramod$fde7a71361f69ade2f30ed355c1c0b18d0d5e915$lut for cells of type $lut.
Using template $paramod$4b0353a1ced4034d6e4421c5fa95a2638519e00e$lut for cells of type $lut.
Using template $paramod$c0276093e97ac2209e100499553e3cfc9a4cba8b$lut for cells of type $lut.
Using template $paramod$5c0d0d44fc2b7004fa25e29f8e7692c12ee631b1$lut for cells of type $lut.
Using template $paramod$6d3c2515d53a7df8edaabc7c845bc0c97fe2bd9e$lut for cells of type $lut.
Using template $paramod$0648a9971338eb5e0ed691e2a77f7ac35ca33a48$lut for cells of type $lut.
Using template $paramod$b10116c2107209d7e69782f5c1c3e341ef086c50$lut for cells of type $lut.
Using template $paramod$054f57300aa17885d649239c5f46b50203e523e8$lut for cells of type $lut.
Using template $paramod$80e4e5b47081395ef7b7500590c927ca1b531e8f$lut for cells of type $lut.
Using template $paramod$c26d9647cd56c80160ede647775913bf10f6e552$lut for cells of type $lut.
Using template $paramod$cfb111afec93c299e84159a42c636c6effe2ee2e$lut for cells of type $lut.
Using template $paramod$e569ac764a32c923ba609ba7209d7a0cc470f2e8$lut for cells of type $lut.
Using template $paramod$73e4a1c1db812724ad2bbd37cbf46a1c9f182594$lut for cells of type $lut.
Using template $paramod$d34208e7c7fae3fc64f84d1c966da9062f54ec80$lut for cells of type $lut.
Using template $paramod$1463ab8ab2b982643a28a25f667d94d9ea020d04$lut for cells of type $lut.
Using template $paramod$1fe5be27917be65695bb4b6e4081f5490a39f89c$lut for cells of type $lut.
Using template $paramod$00056491135b015251aee2631a0d68d5b2db428e$lut for cells of type $lut.
Using template $paramod$adc65616d66d1a5a44ee5e677d0788c7e87bbfe4$lut for cells of type $lut.
Using template $paramod$9eb008906d87ab0a9d867140ae32118e89de7293$lut for cells of type $lut.
Using template $paramod$fefea5e0db3074ba2ed4da57e330d9c06d8e6fc7$lut for cells of type $lut.
Using template $paramod$bdcdc46ef79e6adca7996392550cccbb696dda2a$lut for cells of type $lut.
Using template $paramod$6620a333edf300f3453157ea0f00af803b1444f5$lut for cells of type $lut.
Using template $paramod$4d61a4c7ded8713db0597df4bc21c9629d8fbc94$lut for cells of type $lut.
Using template $paramod$b5f306ae4f965ca621d2b8d75fbda95d27caac9f$lut for cells of type $lut.
Using template $paramod$abd71726d674ef276a03b66b18bc0eb1ef8cda8d$lut for cells of type $lut.
Using template $paramod$c332ce656554424e178d306c0c3e6c8d5059e63c$lut for cells of type $lut.
Using template $paramod$70b6d2d959a43a1d4a83276e2470cf916ed6bf17$lut for cells of type $lut.
Using template $paramod$364e437cd6efa931b108e0e935c9bc6c719a4f0a$lut for cells of type $lut.
Using template $paramod$bffa98d04b58a12bc74cf41e922a4b162e56ac7e$lut for cells of type $lut.
Using template $paramod$26bc612ba1b783481caeec52f1dfce14f315ed79$lut for cells of type $lut.
Using template $paramod$5902593a31ad55fd79551b1341b37af6bb4265e8$lut for cells of type $lut.
Using template $paramod$3ea60f2d17218e32b7752f1e869e77af78733895$lut for cells of type $lut.
Using template $paramod$2f19200fccbcec57ec59c04475e45a06edac6104$lut for cells of type $lut.
Using template $paramod$71453ce1200c2cfabff071213885a0890ff406b9$lut for cells of type $lut.
Using template $paramod$65a13911bc2d5aabe3d90028c7b5fe8b3fe68dba$lut for cells of type $lut.
Using template $paramod$0351b4b71a6b408836c18353e06bbb703c75e0a5$lut for cells of type $lut.
Using template $paramod$565ad86e309c992c63ad69b2c28a74c6aac113df$lut for cells of type $lut.
Using template $paramod$1ae5af64828c8c5b851ca581fb85d550f8985761$lut for cells of type $lut.
Using template $paramod$1a0042504d9b059f62bb38dc47eca9520730ebe5$lut for cells of type $lut.
Using template $paramod$56772659261acdb9c9dd8111e0bf000a271c8de4$lut for cells of type $lut.
Using template $paramod$37cce4d2f1edf968ca0147eb8a4610c1dc98d6a2$lut for cells of type $lut.
Using template $paramod$15cf44c4455bd810438569d962e9363745008369$lut for cells of type $lut.
Using template $paramod$32c7cee5f49bfc8523dbac7d35ed84f87d7f36d0$lut for cells of type $lut.
Using template $paramod$69017119257aecea36731615882e1f50c13fd6fb$lut for cells of type $lut.
Using template $paramod$84b4916bb18bfe6178837736dd03aa32eb8a2b67$lut for cells of type $lut.
Using template $paramod$9061d1e4727506e1c78eec77f9eece3528f59e39$lut for cells of type $lut.
Using template $paramod$bbc9211520c7c9ef7d113f8c4f67d7bf4e308651$lut for cells of type $lut.
Using template $paramod$971161ea1faeafb1b43057ff42b733c06ab14f5b$lut for cells of type $lut.
Using template $paramod$02f1a7700418159097431869db2d8d8c13f61700$lut for cells of type $lut.
Using template $paramod$a2b4ddfa3906001b2ef9f2414d79c3048f2a3a6e$lut for cells of type $lut.
Using template $paramod$2f1d6eab212b4ad56ab777e6e99095d77cb73bdd$lut for cells of type $lut.
Using template $paramod$a6977e9773405a8219bec23c482c2ed1734d34f7$lut for cells of type $lut.
Using template $paramod$e7749416843d0338b226f2714e030784eddce3a6$lut for cells of type $lut.
Using template $paramod$cd44590f01a1fc29c220fcb1491229552440fc01$lut for cells of type $lut.
Using template $paramod$3b3782ef3179e0e7ef7e7f7f8114e4e2e8590342$lut for cells of type $lut.
Using template $paramod$445196f98bd7d70b24827c6a5387d579b709b8fe$lut for cells of type $lut.
Using template $paramod$0c47d9b767bbe0d190914937202f4719188f3544$lut for cells of type $lut.
Using template $paramod$2e02ca0b0b954ba141db259c50a1b34f55499504$lut for cells of type $lut.
Using template $paramod$171ec728c5dd0dc5d786ca2d423aa2588243baff$lut for cells of type $lut.
Using template $paramod$1054633f51671cdc1bf8844eb00a45b5e3b862f1$lut for cells of type $lut.
Using template $paramod$9f07a46d4e77354d719f519dc88d801ea5431c12$lut for cells of type $lut.
Using template $paramod$fe3684b70ceb7082645bbf5d42641d42607c91a7$lut for cells of type $lut.
Using template $paramod$f52234a1d3836108e4ed30bb1fec4e6189b025c2$lut for cells of type $lut.
Using template $paramod$0de82926b18cb811769f77272f74eff577e82d4f$lut for cells of type $lut.
Using template $paramod$44a868d06db3508659e2eab13b0aea85b50ce196$lut for cells of type $lut.
Using template $paramod$b04321044a0cd98d8f2a7cb90990c7aaa2535c94$lut for cells of type $lut.
Using template $paramod$a0cf25a462775f827a095ab1cfae41bffe2a7b04$lut for cells of type $lut.
Using template $paramod$1202f9c8d7f81538f437b3c662aec9820448ee6b$lut for cells of type $lut.
Using template $paramod$e6a4a90ebae536ff095881975046ef0a1d3a2511$lut for cells of type $lut.
Using template $paramod$879c5c856a8792d80996b757adc3b95415c6766d$lut for cells of type $lut.
Using template $paramod$a29e3fc33dbf73595f89ac8b95f13cd5b85fa6b4$lut for cells of type $lut.
Using template $paramod$168e9e0b8d994793e44d25f1bbb571755e34bf44$lut for cells of type $lut.
Using template $paramod$ce514aed786e69fa96d5608807b6fb28942afb2f$lut for cells of type $lut.
Using template $paramod$2d0ca05174a38f414e146c3fe112cde7c75b525f$lut for cells of type $lut.
Using template $paramod$a48eff533c71796dc0dbfcdfd8d96b0f68021a41$lut for cells of type $lut.
Using template $paramod$7effce4fe7de9b4530732aeb7f3172624a97f6f2$lut for cells of type $lut.
Using template $paramod$c32cefdfb87e60d12a777c604df6cecd088f1d22$lut for cells of type $lut.
Using template $paramod$4479314a9b067e4e3ecb3a554e1df643beb8027b$lut for cells of type $lut.
Using template $paramod$f6eb978df36039fa73086230d7e1ab76c915140c$lut for cells of type $lut.
Using template $paramod$dff3fedbe548920a8338dce7cae9b5e454e9599e$lut for cells of type $lut.
Using template $paramod$34461e4311a17b6caf4cc9afe29ea13197408216$lut for cells of type $lut.
Using template $paramod$09fcc1cdebbc780dcf34168c9c9573ed7dff8337$lut for cells of type $lut.
Using template $paramod$7ee8802d9eefe5f0c79eeecc2b7b74a58ac14aff$lut for cells of type $lut.
Using template $paramod$ab8a68b73622d1df6ab930f05d0d06aa315c1fe2$lut for cells of type $lut.
Using template $paramod$096a2d3a14796adea4ef5a3261712377968561e7$lut for cells of type $lut.
Using template $paramod$a13ed99ef445d19dd51ea782c873ffa03dce23b9$lut for cells of type $lut.
Using template $paramod$aee8c73083da93d50bccb4ec85aef8a259141e3a$lut for cells of type $lut.
Using template $paramod$401561a93f3137ceb93f2a5ff71293165244dbd7$lut for cells of type $lut.
Using template $paramod$42e9925228dc5017e0f8e6f5214324361bd03b38$lut for cells of type $lut.
Using template $paramod$852edbf52c7b550dc48301111a9c07cadb9cfe98$lut for cells of type $lut.
Using template $paramod$b248cd7892d578e7f780d4406bf62ee07af5029c$lut for cells of type $lut.
Using template $paramod$db54cb76265b2f5485f3713c77484d3982eecaee$lut for cells of type $lut.
Using template $paramod$3d90f7e556937c8aeb401d53e1652c8ae8df7586$lut for cells of type $lut.
Using template $paramod$bbf667644b3644a16dabc4922e1d2a5d86e846bc$lut for cells of type $lut.
Using template $paramod$306806bcc83582bb151320957b4b0552c5546c6b$lut for cells of type $lut.
Using template $paramod$2966b99191b11b6e8f9eacdf239d2f5e4450a5d2$lut for cells of type $lut.
Using template $paramod$e061202f34be393d20d010658822307cbc73ddad$lut for cells of type $lut.
Using template $paramod$a75a15a9eb47660523d7c7db4e1ea3c53055d3d8$lut for cells of type $lut.
Using template $paramod$ff4651d357382521fede07a616026ac2f1001d8b$lut for cells of type $lut.
Using template $paramod$60b45af39bb75ad9c97a362d4f5d369f97f4f97e$lut for cells of type $lut.
Using template $paramod$8561d04fbf0434b27c36f42942eef6711eaba7f1$lut for cells of type $lut.
Using template $paramod$99f0964e619b532afe5c8e7847a437094ff67c6f$lut for cells of type $lut.
Using template $paramod$33cb131619ff9d0eeffcfb3d11ec9bac8f475b3a$lut for cells of type $lut.
Using template $paramod$2f59a30d84a6674322f6b79618efc38a842c2f7f$lut for cells of type $lut.
Using template $paramod$7f2f04a5fba6f22f9a00c91a238255135288762f$lut for cells of type $lut.
Using template $paramod$adecb9d9e9db41b0e0a95039767484506850cbad$lut for cells of type $lut.
Using template $paramod$39c0466fa3f55ae820aafadf59fed24bd0c60a40$lut for cells of type $lut.
Using template $paramod$175f565fe52dc68616eaa6c88643fd9c41616e45$lut for cells of type $lut.
Using template $paramod$e0b192dcf742212c7befd720b774997b20cd9310$lut for cells of type $lut.
Using template $paramod$44166077814a23026519b525d8ec306bbcaac037$lut for cells of type $lut.
Using template $paramod$56cadfb979f08c43fab19aa1456817f44877d531$lut for cells of type $lut.
Using template $paramod$4fecd6f048c13201e253aa7a8c8071b66ae8f69c$lut for cells of type $lut.
Using template $paramod$fb86f34f307c1138a80b2d5f50c95dc67dd1765a$lut for cells of type $lut.
Using template $paramod$3129c64ac02f22952f34386bd50757aae06cd5a6$lut for cells of type $lut.
Using template $paramod$575bc8e78d7e9d98dde44d6818e2c2e94a462c4c$lut for cells of type $lut.
Using template $paramod$4bc263b4abbebb3a71f6ae6d7874a52e6b95c331$lut for cells of type $lut.
Using template $paramod$9594e56b86817df00c066599e8811aa7a426b115$lut for cells of type $lut.
Using template $paramod$4d84d45549996956dd3f70f20057c5a09258d21f$lut for cells of type $lut.
Using template $paramod$de78e394255419c1d14cde1b2080a5a000768b25$lut for cells of type $lut.
Using template $paramod$576fb210b5d6bff1d4e97338ea8d3ff0e4f45b08$lut for cells of type $lut.
Using template $paramod$ec8b22bb183e1cf09631ed2dcc74237b3dcc54e8$lut for cells of type $lut.
Using template $paramod$6468c3f36197a77e29f4d6fa07330c40ea5c829d$lut for cells of type $lut.
Using template $paramod$58aa0ba6cdf7cf7fb3287eca15335e3436b47924$lut for cells of type $lut.
Using template $paramod$2edc66389a918bcba5e064a97c0aae25d0a02464$lut for cells of type $lut.
Using template $paramod$6b3bfcb1744cf3eb8f5b097f6b563301e7dd1b4a$lut for cells of type $lut.
Using template $paramod$762bff5c6f84ae47d54d095df48c7d14bb980f4b$lut for cells of type $lut.
Using template $paramod$e024e09128f8df39ac192c94bdefab2903ed3b5b$lut for cells of type $lut.
Using template $paramod$8c76cbe8e54ef9e822b3f41df16b6ebfc7c64380$lut for cells of type $lut.
Using template $paramod$6e4d89d37bf79df93c5f8e03f8a852554109a33e$lut for cells of type $lut.
Using template $paramod$86a45d3cb867f0d0a73e50a9ab013cf21243acf5$lut for cells of type $lut.
Using template $paramod$d1d7289c35d0d459c5421573a06d0481f40860f7$lut for cells of type $lut.
Using template $paramod$edf53aca2feef460e790540bd6371e5e27363c42$lut for cells of type $lut.
Using template $paramod$2e21cf3d744bdefd6c911b16f916d85eddda7213$lut for cells of type $lut.
Using template $paramod$6449e58e74fc6fc67b1aea3f72ec1f30b16171c4$lut for cells of type $lut.
Using template $paramod$4aae145b82001b8385e2b4ac19a4c8604a2fb85d$lut for cells of type $lut.
Using template $paramod$16d30937dabe6fb6fc2a54f13084a2dc3753f0f4$lut for cells of type $lut.
Using template $paramod$b80719602e5aa541d43e9c86aa7f1b21bd059db0$lut for cells of type $lut.
Using template $paramod$7a437dd504a6796ff087aac0f68ba9c5a2f3b076$lut for cells of type $lut.
Using template $paramod$20c070bbad78e9106254d34bcb13597fba38f629$lut for cells of type $lut.
Using template $paramod$c95e1bd5e438af32fa87682989ee5174d944f390$lut for cells of type $lut.
Using template $paramod$d641b5e34550b3f84ebb9a62e8be9e683da4be46$lut for cells of type $lut.
Using template $paramod$9c20682ba33998151c71dc1efc54a39a4eaaf6b4$lut for cells of type $lut.
Using template $paramod$21ea7eea2373241da2152c0c6606a40e527773ef$lut for cells of type $lut.
Using template $paramod$692927e279b3d5c42ee4aacb287247c0b34943ed$lut for cells of type $lut.
Using template $paramod$cdbc9abc011c8ef09e9bcc6ba170569342bf1b1a$lut for cells of type $lut.
Using template $paramod$fd4b6ecd61d10145d668f2d41dac70141e398199$lut for cells of type $lut.
Using template $paramod$d81b3d0a25aa01a9dd3f07e09c8e1931d88fcb9e$lut for cells of type $lut.
Using template $paramod$0c6d9c9617aaf575cc9f88f48982940047e2d81d$lut for cells of type $lut.
Using template $paramod$d4855eed95a8553d662caf916320ab06d71e0b13$lut for cells of type $lut.
Using template $paramod$a86d99bf922fa0decfda8462f601fbea426684b1$lut for cells of type $lut.
Using template $paramod$67835d7959cd08aefb6f6af8de518f9b02e3add4$lut for cells of type $lut.
Using template $paramod$68ae61a2f9b9a1c555b64c2e381c9871ec205d2f$lut for cells of type $lut.
Using template $paramod$48589cfac1e7b19b9b13a4222ab331acc4f9e900$lut for cells of type $lut.
Using template $paramod$33b2e0957c501911ed7221b6c8f893e0037574b5$lut for cells of type $lut.
Using template $paramod$be0d1639a4ba432c35ecec90f8f6ee0bde6f57a0$lut for cells of type $lut.
Using template $paramod$19cdf0aedefb716f789a7ab4946ca1ad6db3f2c2$lut for cells of type $lut.
Using template $paramod$a74bbdc085e472a442597d6d4b3006d9a184e2aa$lut for cells of type $lut.
Using template $paramod$1481dd461267e98a8680213a4204f0056c49dd0e$lut for cells of type $lut.
Using template $paramod$3bfcc2357abfa1d9df457b7cb3690ba4b43635c7$lut for cells of type $lut.
Using template $paramod$c7c5d18c2a2fcbb10e2d540412d27a1cf9394e63$lut for cells of type $lut.
Using template $paramod$1aa155f586395fd83c3fd3156d0daa1fa9503242$lut for cells of type $lut.
Using template $paramod$c001cd4a9db6a53bca8eae6b1f6358fd26501340$lut for cells of type $lut.
Using template $paramod$0fdfd756f48d1a544da33b52e88bd67532266372$lut for cells of type $lut.
Using template $paramod$2fd1f788fabf119455dac1de21289edcdd20c250$lut for cells of type $lut.
Using template $paramod$b5e3b5356d1187a6c769a010d5e82716b229544f$lut for cells of type $lut.
Using template $paramod$b8243a1a8309c36c61f3510a305fe432453eb5d7$lut for cells of type $lut.
Using template $paramod$cfe8277c00e38b637bb9b63a6d07e3e9651ca78a$lut for cells of type $lut.
Using template $paramod$68332e05225f6fb7463f1584400864792143b623$lut for cells of type $lut.
Using template $paramod$7cbcfa450b7a6af4f3ac9408527f99d99e9a5538$lut for cells of type $lut.
Using template $paramod$e1c2836e94ec58b0ec41ea79c9b80d3827e0efa9$lut for cells of type $lut.
Using template $paramod$9427a87075f801c7f573a6db7076c214693761c3$lut for cells of type $lut.
Using template $paramod$118004a47b97e3296f1c41262eaf958072c7d6a3$lut for cells of type $lut.
Using template $paramod$362c74dd1ab2dad03ab05696915cbe2d7f641a9e$lut for cells of type $lut.
Using template $paramod$7c5f1c2c089ab024319e320b073dbba4e445f563$lut for cells of type $lut.
Using template $paramod$68be93391315070d0d25a083ca3d656198f7a44b$lut for cells of type $lut.
Using template $paramod$bd87e0d6634dd81662b95ede9cf1e316dd7ab0a3$lut for cells of type $lut.
Using template $paramod$56b852dd788ee63bcbec87a17047a233ec259d10$lut for cells of type $lut.
Using template $paramod$4686e392373091a9618f58e91dd5238bed976846$lut for cells of type $lut.
Using template $paramod$8ff0ceeada4a3fd41e06f2864ea47a8bb08ad049$lut for cells of type $lut.
Using template $paramod$8f593942979f6aab67fb3cad672bf53e02ce02d3$lut for cells of type $lut.
Using template $paramod$c746545277182c1692bb17b393fb206be1c9a422$lut for cells of type $lut.
Using template $paramod$ca5af9deb04070a76a400128ddafc78f527752ee$lut for cells of type $lut.
Using template $paramod$0126da33e2eb22f7dd81744e2d3561efda19f4cd$lut for cells of type $lut.
Using template $paramod$30af9630c14bf41cc7f420415fa9d365fa2494b6$lut for cells of type $lut.
Using template $paramod$426fade444bfabacd53dd97f82965cf73fa34358$lut for cells of type $lut.
Using template $paramod$feffce13deb1b8dab924056b4f17b75e47269f74$lut for cells of type $lut.
Using template $paramod$0807c2170ae2fe5f8ad8122487d4e6e917439b30$lut for cells of type $lut.
Using template $paramod$76e48fa7bf42489c43db6a22221be52c25ece06a$lut for cells of type $lut.
Using template $paramod$6c9f2d9b79e92f2fe9c4ce780a3394c3b809dddb$lut for cells of type $lut.
Using template $paramod$744e46c32e74eb1b19ed14b92a3fc7105d13ffae$lut for cells of type $lut.
Using template $paramod$aa88fcf6f521441fe6b6c3244d846286a496b102$lut for cells of type $lut.
Using template $paramod$fa97498a86b6e64b3b223f4df0b74191647ee6c2$lut for cells of type $lut.
Using template $paramod$57dd8b5c6b54f90ed3bd94bbf029500ee84215f4$lut for cells of type $lut.
Using template $paramod$5ba2acafd55dc3744bf366e341951ae1532d0558$lut for cells of type $lut.
Using template $paramod$ee53762c9f1529fed3e73ed627f6a3893ba2fd8a$lut for cells of type $lut.
Using template $paramod$8dd413ca23673adc0639bee78bdbddd761a14eed$lut for cells of type $lut.
Using template $paramod$5818b1b6ec8d85f42b7cbd5110cbf66e0da37dd9$lut for cells of type $lut.
Using template $paramod$657ab63098d1041ab27d540748923b3a22b6f278$lut for cells of type $lut.
Using template $paramod$0f4dfb5c3afc2794a590e8da4256c106db9e5e5f$lut for cells of type $lut.
Using template $paramod$c43507bc97a704230adbf331836e50aaa33573a7$lut for cells of type $lut.
Using template $paramod$4002ac9221bfd488b278ef0f0deee9b90a63e6c2$lut for cells of type $lut.
Using template $paramod$bc8968bb4f019987ce723832a95e675d3009070d$lut for cells of type $lut.
Using template $paramod$27a9e8de563b099eefab6f76f54ebf117efffc4b$lut for cells of type $lut.
Using template $paramod$7a36951baf95cd2183bd59cb8867efd49cdcf08c$lut for cells of type $lut.
Using template $paramod$770c7a2c06f4ab13eba58a3f81366f919fa378d6$lut for cells of type $lut.
Using template $paramod$1d33efb3da59ef8c1ebfdb5e82b5a996ed4b5296$lut for cells of type $lut.
Using template $paramod$ffe50c5c90cde0cc8ba48143323618224b9c9a39$lut for cells of type $lut.
Using template $paramod$8592cedd266ba3ea30838f818daac84dc1e5d509$lut for cells of type $lut.
Using template $paramod$9f47ec04d7c72b29d240855c8818ed74d95c4d36$lut for cells of type $lut.
Using template $paramod$c315fd171a22ad0b563d890e3adda172ea240769$lut for cells of type $lut.
Using template $paramod$4daa237e59b0b197184f35ba3ec1fa1912d34502$lut for cells of type $lut.
Using template $paramod$39301092cbaa246e78da6435eb6a65967abfe1fa$lut for cells of type $lut.
Using template $paramod$0fff0bb1d1be344842f650acffb3c55e154cd3b0$lut for cells of type $lut.
Using template $paramod$99fa731a4608887d7d03987fe45b5a830dddff88$lut for cells of type $lut.
Using template $paramod$0e0b568085824e9f7841013be5e14325b4e154e1$lut for cells of type $lut.
Using template $paramod$282c328256cec225c750998b98c51f81b266d9d5$lut for cells of type $lut.
Using template $paramod$d9cbe07f3ad8ea8874bb359d7773bf9a593409b0$lut for cells of type $lut.
Using template $paramod$eaef3c3b77810d4a83863e82aee2ce5b23a5e4b3$lut for cells of type $lut.
Using template $paramod$eda03604a84dde81fae27c4ad8106fa4c3867eab$lut for cells of type $lut.
Using template $paramod$d603f4de03a7f2489edb0b3a9222f3a8028b8a2e$lut for cells of type $lut.
Using template $paramod$03b9bace7bcc133402d7a16c03f73abd4a488726$lut for cells of type $lut.
Using template $paramod$3517ed0559e3650cb3b486e28875e7f6150d46d8$lut for cells of type $lut.
Using template $paramod$e2414c39b112b1e97294a2560e626e0d2b1aaf60$lut for cells of type $lut.
Using template $paramod$21ab43a58832230be0a5dd28fa24d6372757b62a$lut for cells of type $lut.
Using template $paramod$219a4b219b24099b95856c4058ef8d6b8e301235$lut for cells of type $lut.
Using template $paramod$c0c8136c57a8882d060b529cc733db223ebd4867$lut for cells of type $lut.
Using template $paramod$5b37d0ed4d3cfe77b512cb4a9d4f29bd7ba9ce71$lut for cells of type $lut.
Using template $paramod$8584a7e13a4094727d28a66fd3d2d31058faa6e9$lut for cells of type $lut.
Using template $paramod$f18569300906f69e82b2370c26117cb7ad311fbd$lut for cells of type $lut.
Using template $paramod$a15d8676ea329a97e9b7f19ecda7179649a41271$lut for cells of type $lut.
Using template $paramod$8d0482c9e33ea2af1b7eaad489aa32c0f870ada5$lut for cells of type $lut.
Using template $paramod$cf6676a535b3b91e525f835d217d7c9c9519f754$lut for cells of type $lut.
Using template $paramod$1850b08a612effa832e3cc46fc0847ecbc7144c0$lut for cells of type $lut.
Using template $paramod$4c23e35355740827d9910cca5e53c862f1b90809$lut for cells of type $lut.
Using template $paramod$f467df7beb05d032aad3ecedaa7502614a9e8f04$lut for cells of type $lut.
Using template $paramod$cba55996bb572fb8d80931fab446480c94a95e46$lut for cells of type $lut.
Using template $paramod$1581e511f9a888eb68a55ef2326b7c88f5a4ce41$lut for cells of type $lut.
Using template $paramod$3deb766d00f9cdd37145db534dd4afa1f181c735$lut for cells of type $lut.
Using template $paramod$527af9b5bba4292b7f3cdd0178aea7c57dbd9f32$lut for cells of type $lut.
Using template $paramod$04f6b930039a0196e8e5be7f023219355305f3b1$lut for cells of type $lut.
Using template $paramod$6ca385721ddc3fa7de8218aca56d8540f9d090d7$lut for cells of type $lut.
Using template $paramod$e83c335f78e8f17dcccd0566744c7814ca58bb24$lut for cells of type $lut.
Using template $paramod$263a40855bb77428060edb394588da72807397e4$lut for cells of type $lut.
Using template $paramod$2f14ba59dec30a3ecd03a3496ab46722012d8c15$lut for cells of type $lut.
Using template $paramod$fc0e90dccd72587dca5447c5931c1cbd9eed126f$lut for cells of type $lut.
Using template $paramod$bcfa9edb362f852542be11bd796c7a5886c8ea7e$lut for cells of type $lut.
Using template $paramod$93d24af29b2e7f8379c38e4501e8331afa841c53$lut for cells of type $lut.
Using template $paramod$3367a61f62de3003b5ff2e1aaf608c991250ef39$lut for cells of type $lut.
Using template $paramod$de7e1b0bf4c783cd3a8a5f3563c729f215ad166b$lut for cells of type $lut.
Using template $paramod$3bd7c3295bd9b5e47e54b0dca3b51ae65595153d$lut for cells of type $lut.
Using template $paramod$717875898611d0932966296daf19f3d848d1263f$lut for cells of type $lut.
Using template $paramod$7fb05903b866a35e70d76bcd6de0e53dae70c74e$lut for cells of type $lut.
Using template $paramod$a63c76e2a0e4e170b594eaa1c9f4332f8dd87319$lut for cells of type $lut.
Using template $paramod$163044df61bc35ee45287f86af05d0a31317f80e$lut for cells of type $lut.
Using template $paramod$1eccfaebad2a4c4a043463fe16a7c8179b44d5e9$lut for cells of type $lut.
Using template $paramod$f41f4f5ddc9914378e1b533778089411cdb9b9ad$lut for cells of type $lut.
Using template $paramod$efa664ab2800ac2a1595167f179f32b918322e46$lut for cells of type $lut.
Using template $paramod$d8408ecb0e0711a9ec0314465c95e0e70ef4a8b4$lut for cells of type $lut.
Using template $paramod$3aa84c32321d1c553a504165efc4ea0d3f617f96$lut for cells of type $lut.
Using template $paramod$d23f66e0dd7814a3b11837fc9a3faa80bb1583e3$lut for cells of type $lut.
Using template $paramod$069254f957ee088e3a154315e0a569acf98c250d$lut for cells of type $lut.
Using template $paramod$9c6f8c4460b5d0351764a449f0a7ac27ca1e2d93$lut for cells of type $lut.
Using template $paramod$a91ed5aea577b7dfa5af2acbcb5bc34f4478dcbc$lut for cells of type $lut.
Using template $paramod$00a5bc45e6667f51f28d5b4677f421958cecc119$lut for cells of type $lut.
Using template $paramod$a0c6744b0038c240a8998a934f2abb2230d25d51$lut for cells of type $lut.
Using template $paramod$09a001b35ae5c43dbf4f7bff57e62a336258d0e0$lut for cells of type $lut.
Using template $paramod$b9722b843af70fc55d4063ca480eeb3b93b67f36$lut for cells of type $lut.
Using template $paramod$e053ab3ceb341893beee1c8a324a8446fb734b17$lut for cells of type $lut.
Using template $paramod$fe2ccc9771c7f3621af3392ea69c0322e13310d4$lut for cells of type $lut.
Using template $paramod$459ee1ea769a9703abb361b2a7767ac70cf13cef$lut for cells of type $lut.
Using template $paramod$bf1d9a329bf431b3cf7d2e262b156c4e2530e403$lut for cells of type $lut.
Using template $paramod$cdf71e331844fe30319520b4790ec85946a61bba$lut for cells of type $lut.
Using template $paramod$8d4ccc06a50af994d4fc0a2ebd2ea5bc14d19974$lut for cells of type $lut.
Using template $paramod$07887a59c5644252b126c74fdceff617b4ea06bf$lut for cells of type $lut.
Using template $paramod$1fcb0507a0f505d46dda020d857c1ce6779ede1f$lut for cells of type $lut.
Using template $paramod$ac5104b0f31e073ac445859404a5ecbcf6edcff5$lut for cells of type $lut.
Using template $paramod$b559da9fada397c4b25067c38c7d55ebb04e8356$lut for cells of type $lut.
Using template $paramod$6fdc4b526b53a3ebd9639a0d10689f2a33eb62da$lut for cells of type $lut.
Using template $paramod$59e75a61b2e4a983c96d8aa2f40028bf6469834d$lut for cells of type $lut.
Using template $paramod$c36c9c416e0f59f086fd2b1d43ba0da5c1f219d2$lut for cells of type $lut.
Using template $paramod$efe0f92f4a74f9f3c94f6bbff36bbcbe536b1a58$lut for cells of type $lut.
Using template $paramod$699071a329e8feb75cc7f1df020e485760996d81$lut for cells of type $lut.
Using template $paramod$6f539859208cfd533e9acc878fc14e759f6fafb4$lut for cells of type $lut.
Using template $paramod$9244fd451514f28ffeb8aca8b9bb096c6e17dd69$lut for cells of type $lut.
Using template $paramod$1935bd26e2dc64faa1575e28882a92b47ea9e565$lut for cells of type $lut.
Using template $paramod$44d441ebbd70d89c43d177db3665961064bed1ae$lut for cells of type $lut.
Using template $paramod$35538ba40a9931f80a355d5eda3a8f1befc9b9ce$lut for cells of type $lut.
Using template $paramod$ee619d6837639b4331eb8b7a0117ca103ae5e222$lut for cells of type $lut.
Using template $paramod$8875f6ad8d303a7a144a29cc1077d4ceacb11197$lut for cells of type $lut.
Using template $paramod$87b429616536c13e6628d215a8648fcfa94ebd33$lut for cells of type $lut.
Using template $paramod$bb4b2c9a300625f48ecc9ac17e89bde06a37e5f2$lut for cells of type $lut.
Using template $paramod$f61095b8b3061c6ec03aac1564033640926fb09e$lut for cells of type $lut.
Using template $paramod$2cd0369b1ef588f318fc90c5a765e35ceb1f8492$lut for cells of type $lut.
Using template $paramod$3536bbd0bd91d10d8a3a68256d0a5f8c92ce0213$lut for cells of type $lut.
Using template $paramod$ec61099256b2b11ad22d2c50c0e6f5c333cad44a$lut for cells of type $lut.
Using template $paramod$f0b8c75a1b0eedd10500dada6dcc74f64417f305$lut for cells of type $lut.
Using template $paramod$044a924395938eb29196ad04c36e37d54cdc286c$lut for cells of type $lut.
Using template $paramod$af16b2794ebf7697a10133229f97a8dbe2de5836$lut for cells of type $lut.
Using template $paramod$853b0972d11060b64aaf73678f0d638995ca25ea$lut for cells of type $lut.
Using template $paramod$e68b65a600dca38943c7542868e91be0e6e7f863$lut for cells of type $lut.
Using template $paramod$7c756ccc8e4a5d4f27045bb7e10c6b5e66b9d3a1$lut for cells of type $lut.
Using template $paramod$f037057a8153c96e7b152818821ea89142162910$lut for cells of type $lut.
Using template $paramod$97576f56e59f69f3398fb9c329a38ba634fb9ae1$lut for cells of type $lut.
Using template $paramod$0b7c0e9ea2c8fdaa25fb8447ebd9a679a883cb43$lut for cells of type $lut.
Using template $paramod$101d56f78859cbc1455cb40206e9cd81b0e4fc61$lut for cells of type $lut.
Using template $paramod$7815f3fcab4e27c2d598461fb087697670bd9edc$lut for cells of type $lut.
Using template $paramod$88d069cc976ffb0fc7298728b66512dce18f19ef$lut for cells of type $lut.
Using template $paramod$faace97cfcb8ec1ce9e1e38d0218628b73ca0260$lut for cells of type $lut.
Using template $paramod$c8851ea268e9974e1a42842680d514b1b67547ca$lut for cells of type $lut.
Using template $paramod$bd4c1ed51df01db78e4fa6bea826a6b44570418b$lut for cells of type $lut.
Using template $paramod$e0b234a7a3a599b54f61eb2962a128def3ac7567$lut for cells of type $lut.
Using template $paramod$ea78dc375e7cb78c1b1017ae01d45f0ca1643bda$lut for cells of type $lut.
Using template $paramod$464381df314a4327a72895abe549105ba696e966$lut for cells of type $lut.
Using template $paramod$7bf1a5b69644ceb822473b590fc36a139149b48c$lut for cells of type $lut.
Using template $paramod$83b06d3bebd032faa5b2ff072a1c3e8c701aa674$lut for cells of type $lut.
Using template $paramod$e5f6d71529fa7e257efc0a64ce09bf176a751f94$lut for cells of type $lut.
Using template $paramod$f99fe34213badd5b6d37bc5d55e4cf20fb1d580d$lut for cells of type $lut.
Using template $paramod$61bc98ece8c76bffd4acdf40e5f231340cba90fc$lut for cells of type $lut.
Using template $paramod$d8de023086e4c168655722c21df72694f5176cba$lut for cells of type $lut.
Using template $paramod$69c35edd5b46160924537094dab60b34188db4a3$lut for cells of type $lut.
Using template $paramod$ca81d291a6e4dc6bf09d34ffe28ffae8555ff3e8$lut for cells of type $lut.
Using template $paramod$b667d14a0f39b3212cda1f8b15c19f3f5e5b70f4$lut for cells of type $lut.
Using template $paramod$e50c0da91463574db5170973b9cfe5bc44be8e01$lut for cells of type $lut.
Using template $paramod$66c8b2f454835d1edffd6e15aab7c95f53fd6437$lut for cells of type $lut.
Using template $paramod$669b109e8857014054c7b081e2efbf8834f97ccc$lut for cells of type $lut.
Using template $paramod$c320cc7d7795643a6a0f2cbb77a268cf41ebf062$lut for cells of type $lut.
Using template $paramod$f86d4374b2354a55eb582ada3d5b1284eb199954$lut for cells of type $lut.
Using template $paramod$079c00e874bea79fcc811dd07eac6d1d43fcbe49$lut for cells of type $lut.
Using template $paramod$0c355a14baa6ee2ab34a52afe49737dc1a1dc0dc$lut for cells of type $lut.
Using template $paramod$82a48e5f5771a531ca9edba4cc6af5165f5035d5$lut for cells of type $lut.
Using template $paramod$dd368b95c216b409f9860cb934c98d1f1802c10a$lut for cells of type $lut.
Using template $paramod$ae6aa9074d7c56e12a9a81de53f41864bb61778f$lut for cells of type $lut.
Using template $paramod$9c45b4e165d6674e94741a6c649a0595cb719b8e$lut for cells of type $lut.
Using template $paramod$c301402e7cbb1367324d2110fe0bb5488b273956$lut for cells of type $lut.
Using template $paramod$0ea248137fff7e48509b5c33585cf4196645705b$lut for cells of type $lut.
Using template $paramod$3ebffb0cd84347d44d7b5d166b43bca809a5d9a0$lut for cells of type $lut.
Using template $paramod$698dddc8abd3a92a78bebebc948f3633e89be834$lut for cells of type $lut.
Using template $paramod$587a8bcb3c880a2ef2d4d911a67513ee50437e61$lut for cells of type $lut.
Using template $paramod$47842509ffaebb21b3f1be64cd9955e5229075ab$lut for cells of type $lut.
Using template $paramod$06a42e946f5cb866a7a49ea9a5e992d9714409ad$lut for cells of type $lut.
Using template $paramod$9f3544bd934ef5df581b6d0b8f068b31137f2537$lut for cells of type $lut.
Using template $paramod$22565b3ca85489c96c2836e032419114c711d414$lut for cells of type $lut.
Using template $paramod$06f2bc3a58adb73301ef2f7ce51fd357102bb423$lut for cells of type $lut.
Using template $paramod$3b4334bd25a3e9c6777f8ce65e399328493873d3$lut for cells of type $lut.
Using template $paramod$4fa059db22601969fb88aaee6814373fae7a009e$lut for cells of type $lut.
Using template $paramod$c2a606b7e48c57a0988e23d83983af2c7c8ea9d5$lut for cells of type $lut.
Using template $paramod$65e7f5892ce52316a749a5e158cbded4fe746b43$lut for cells of type $lut.
Using template $paramod$4653eb66366106fa4286d7cea96c8d2dac32d3e8$lut for cells of type $lut.
Using template $paramod$93973577f0ececa286af4506929748649da258ba$lut for cells of type $lut.
Using template $paramod$eaec484048a2261164e0f1af6a85e3e950ea62e7$lut for cells of type $lut.
Using template $paramod$76b3d092cda6fea1a5511660106a73b5fdea7b2d$lut for cells of type $lut.
Using template $paramod$9095c8b25664a0688d99dc441c080bbb19f17942$lut for cells of type $lut.
Using template $paramod$b3b0f94b5a848aef2657c71a98efb84d606eec92$lut for cells of type $lut.
Using template $paramod$dadff75c617cf87bb5b8cfe47ca6c69fb6925370$lut for cells of type $lut.
Using template $paramod$02c66c304ec80037f1b32bb9bf802003b008e17b$lut for cells of type $lut.
Using template $paramod$59e909f321138bef654a52fbc7988cff75a59f34$lut for cells of type $lut.
Using template $paramod$999b2591b0b49edf4ebe42b25fe60191720ccea7$lut for cells of type $lut.
Using template $paramod$90bfd7920e7ee03562541d391c7da91f4968595b$lut for cells of type $lut.
Using template $paramod$e4bf294bbb49c7dc4925de25d44019f8189e1707$lut for cells of type $lut.
Using template $paramod$eab12e9160c5a8289d346dc81a027435c8c2809c$lut for cells of type $lut.
Using template $paramod$29e96a748fb9caafdadf56a59e09064002635bdc$lut for cells of type $lut.
Using template $paramod$74de22700cc11e3db942f83c82901586438a674a$lut for cells of type $lut.
Using template $paramod$9c65ed467a7a0f0f5232078ae20bf33dd0c9862c$lut for cells of type $lut.
Using template $paramod$087888fa41100962aadc3395547883c7d8b70b9f$lut for cells of type $lut.
Using template $paramod$406d93dd82d096b9a3bcab6e4764eed78646ddfe$lut for cells of type $lut.
Using template $paramod$677cd280ff46bbf75f7618d3d5a1d0c63a470af3$lut for cells of type $lut.
Using template $paramod$e80878a5c1092226c82daa6e961c666156b9f27d$lut for cells of type $lut.
Using template $paramod$e3d09b7f4c53282bfa05c23adbea5602dbdf1a3f$lut for cells of type $lut.
Using template $paramod$0f6582f570c77cdd9a93b4e7c7d0621ade9628e1$lut for cells of type $lut.
Using template $paramod$f8bfdbdf48c3c4cb0e7bb65051e937c42296b1bb$lut for cells of type $lut.
Using template $paramod$c49fb27cc77b84051f4b3402a0d755524579cd86$lut for cells of type $lut.
Using template $paramod$ff8ac00d73c89423556899d46426b13966a8f46c$lut for cells of type $lut.
Using template $paramod$44f33c1629bbeac959aa3220e7c020a1e24fcf26$lut for cells of type $lut.
Using template $paramod$621bba61411cb58bf9e5e2c74e55b8b4c1e0553c$lut for cells of type $lut.
Using template $paramod$aa2758a5234359abe218f0551b84807e748eb50c$lut for cells of type $lut.
Using template $paramod$5cbb87e16c94c4702b5ee5a417cbc80d74faab36$lut for cells of type $lut.
Using template $paramod$a113a84c1c25b68b9340f7c5c9b73c19e43df59a$lut for cells of type $lut.
Using template $paramod$4ef8fdfa7c5f83373e5fdaf8e50bc6fd11580d41$lut for cells of type $lut.
Using template $paramod$289123b4076fc992808532763dc9553ce4afe1d3$lut for cells of type $lut.
Using template $paramod$795d63bb208b200b573bb4fcd200a24a17db6748$lut for cells of type $lut.
Using template $paramod$cf0bb001afd7a01a36c933687110c946c68824bd$lut for cells of type $lut.
Using template $paramod$7381e485c68d295efc91139abc052b6b04102779$lut for cells of type $lut.
Using template $paramod$e411e1c821d3684fc6c234623c1dbfbc32298275$lut for cells of type $lut.
Using template $paramod$b50e49a4ed9105883e3239d8bf7c2b6e547df577$lut for cells of type $lut.
Using template $paramod$eead0d1f2d22cffea92c3809918b0fc076a4a082$lut for cells of type $lut.
Using template $paramod$4325d66766cc68d90368039b14cd3f74f9c56a57$lut for cells of type $lut.
Using template $paramod$10f2964cd0ccfa4d8d8bd56054dc566301810bee$lut for cells of type $lut.
Using template $paramod$baee424d71aa9621720c27fb35ca6f25b38981f4$lut for cells of type $lut.
Using template $paramod$f6902772157c632881843bd8842c1901583a2e39$lut for cells of type $lut.
Using template $paramod$f47f5efde0120cc9a90fe702bae0914d3bea494d$lut for cells of type $lut.
Using template $paramod$520e3ba9b61c19f20a3654da1f36425a469a678c$lut for cells of type $lut.
Using template $paramod$a7ec995b5d9c52df8fee3d5cecef1d531afd9f06$lut for cells of type $lut.
Using template $paramod$f58e573fa1197c8272c6b88454b6067092a9c9c7$lut for cells of type $lut.
Using template $paramod$9a67038d519c5897fafbadbaaaf4174fb58fe277$lut for cells of type $lut.
Using template $paramod$53126f15ccfbbb666fb326d0f52b5aee9ee53543$lut for cells of type $lut.
Using template $paramod$13ebc3876dd0c8e8b0bcb34663bf6ee37b680ebc$lut for cells of type $lut.
Using template $paramod$e9fefd4c22cec0633b2019093fac2f40026d1bdb$lut for cells of type $lut.
Using template $paramod$620cda446570e1bad698b69cf53efc6a84e57cae$lut for cells of type $lut.
Using template $paramod$408a4dfe6a36c97ff814b7ecce565a8689e74b24$lut for cells of type $lut.
Using template $paramod$7a41eba673f5db62535e97b4554fd3cd17b49021$lut for cells of type $lut.
Using template $paramod$40b53a5781d3a7d27b8891148c3684c9fa71719d$lut for cells of type $lut.
Using template $paramod$7ed6b1254f07e2e003b852557929bf8bd0b81661$lut for cells of type $lut.
Using template $paramod$9778782cf70393a38df3c6ecb412f331d2342eaf$lut for cells of type $lut.
Using template $paramod$de7a48d2988de0ad41c3fb3ab8ca46334308e49b$lut for cells of type $lut.
Using template $paramod$0eada0f703d5eaa1b1bb09b14730defad825240c$lut for cells of type $lut.
Using template $paramod$a91adcf388b7d90a1790330db5efb5fde881c450$lut for cells of type $lut.
Using template $paramod$927798827d239f13d2faba71bd67d7c7a8fbd92c$lut for cells of type $lut.
Using template $paramod$8b8553ebebe7037f845962dd03a9e1f28c89be0b$lut for cells of type $lut.
Using template $paramod$c9e475da501f146fcd4584b7fb6f2364d591e409$lut for cells of type $lut.
Using template $paramod$a83dd34aaa8c750beb7375025c254866da89bf14$lut for cells of type $lut.
Using template $paramod$197812352cb67335389532022304fc9c4a142d91$lut for cells of type $lut.
Using template $paramod$7db2ad8ea3fab0f8f9a66d8181053df48581723f$lut for cells of type $lut.
Using template $paramod$99695e65c2b5ccdcb6532448f4434715cd0a7d1b$lut for cells of type $lut.
Using template $paramod$7ea5993a1ee9e8dd8f7494a7e3f60367c7fd47e6$lut for cells of type $lut.
Using template $paramod$4b6d71ecc8170bfacf38b3b71c1a9b261b163b05$lut for cells of type $lut.
Using template $paramod$af5459d95b528a1088fc3d5d43a433d752c7e265$lut for cells of type $lut.
Using template $paramod$b44a8bedb9dec596748072078ef51b7ba28ff42c$lut for cells of type $lut.
Using template $paramod$c9aed55d3eadb734a219a09afe5e83dd55890fce$lut for cells of type $lut.
Using template $paramod$841df8978174dad7e8a5e231f92b41a459b3b418$lut for cells of type $lut.
Using template $paramod$a33cdd1b11cab63d1ad82e47a72893db92745b19$lut for cells of type $lut.
Using template $paramod$553b69f15ca33ef39343db6841a64a894977d91e$lut for cells of type $lut.
Using template $paramod$b6126e71f6b736843691081855c401cc7749a373$lut for cells of type $lut.
Using template $paramod$d3e2109906a70adce97c8180e3e19c9c789c9192$lut for cells of type $lut.
Using template $paramod$81a92d234dd4d99ef3f9ac7aed0a538f4a76d74a$lut for cells of type $lut.
Using template $paramod$90783093b046f5835bbbcf57346a483b976cb34d$lut for cells of type $lut.
Using template $paramod$9d1a1b0fd4d3292e08e55c45c3dd42c747b1501e$lut for cells of type $lut.
Using template $paramod$a3f994dbf16518b285572c89e9e0b19e4ac334f9$lut for cells of type $lut.
Using template $paramod$f4b8946339a193903f931e5890521595857d3588$lut for cells of type $lut.
Using template $paramod$b6df603ba6c1564a84d76586a9416e33c22fbd7b$lut for cells of type $lut.
Using template $paramod$0597137d6e72e6f92806c56bef37bb89c73c77b7$lut for cells of type $lut.
Using template $paramod$0dad9ed04ec7585651af378c81a14ffea2b1d2cd$lut for cells of type $lut.
Using template $paramod$abc94f4669eaeb4582e32e21ab7a7f75f97236ad$lut for cells of type $lut.
Using template $paramod$51239cc2491265e2c4ad42484efe22d790acd999$lut for cells of type $lut.
Using template $paramod$70aeed5dc3ddd6b4c3b48156cb0963964428427a$lut for cells of type $lut.
Using template $paramod$af8d86e5e7a43f2f6c50aec02e14da5d4ba063ae$lut for cells of type $lut.
Using template $paramod$c74d40d5e6b69ff62292206aa5dacfdf5a9a968f$lut for cells of type $lut.
Using template $paramod$45513805ac630919a53f7e2171d831cd0d0a420e$lut for cells of type $lut.
Using template $paramod$cde544de458200b7eace6f3bbfd59c390551d041$lut for cells of type $lut.
Using template $paramod$c5e5d210d40d1e473a69f5975807eec13b35eb97$lut for cells of type $lut.
Using template $paramod$dfb3586f77638a10e4bf88442fbdaa7000de3f69$lut for cells of type $lut.
Using template $paramod$34b976b4bbb2e9d2e01ad763e01fbeccde3226e6$lut for cells of type $lut.
Using template $paramod$0d7daddea51efb50114c9a327a441c0dbcf58894$lut for cells of type $lut.
Using template $paramod$baf6474d608d7fd79d12b07502c93432a8987a58$lut for cells of type $lut.
Using template $paramod$7db83dcfa8110671a6ceacf8cbd22a784081c9ea$lut for cells of type $lut.
Using template $paramod$06eb2b64cf6a8cf69254ce313a3a51f9016431a7$lut for cells of type $lut.
Using template $paramod$0323ce1267fd979070b22a4244a5482aebe03044$lut for cells of type $lut.
Using template $paramod$83e8dbbfdc465807110bf637cda90349074c9873$lut for cells of type $lut.
Using template $paramod$b01598edd1e615af21314b84e5be1cdf377818e4$lut for cells of type $lut.
Using template $paramod$81919cda90ab7ecb2823a99b19199706c4cfb4b7$lut for cells of type $lut.
Using template $paramod$ce133742c6fe891e2a9da3e89324eeb373094164$lut for cells of type $lut.
Using template $paramod$c2563c42e575e2937760d1fbb5d82446565fd746$lut for cells of type $lut.
Using template $paramod$e9623f94880e6f87f487552455fb0026c7978d41$lut for cells of type $lut.
Using template $paramod$d6d9f9d0580f126b3331ed7835aae4687414faca$lut for cells of type $lut.
Using template $paramod$aada97e9005772aad926e8571173e418a78c5072$lut for cells of type $lut.
Using template $paramod$c8fb6590c36870d41a39565e5db98964666a433f$lut for cells of type $lut.
Using template $paramod$28d3023466fdbd3d1f16738f9c759c0187a4c04e$lut for cells of type $lut.
Using template $paramod$a9cc5cc61288c835b7a10b4875fcfc3435a4c22a$lut for cells of type $lut.
Using template $paramod$5d24240ae58c0540997f298a3db34554f40cc555$lut for cells of type $lut.
Using template $paramod$b13fa76ca8fa49d1418726c6801fdf1d128c8a1f$lut for cells of type $lut.
Using template $paramod$3981a7b0572cab2ef58b3c41ad7bd99f235c9d85$lut for cells of type $lut.
Using template $paramod$eba1943b392498f62e32e44e0003cf0ca05c2c28$lut for cells of type $lut.
Using template $paramod$99daca3b00c2de3ad7266c9ee541335c178d632f$lut for cells of type $lut.
Using template $paramod$ed647fb13d298a1776a5f62ba3576a326ff46dd9$lut for cells of type $lut.
Using template $paramod$d68a6af79e07ce4126989c95072ed3e46364bd24$lut for cells of type $lut.
Using template $paramod$694423a701a07da5da419b7a0c3a4d014528699f$lut for cells of type $lut.
Using template $paramod$3d5172a5ac9a97644df0434bfe2a768403ec0657$lut for cells of type $lut.
Using template $paramod$1f350c24f4dfd30c01a60e7d2adb6b78446069be$lut for cells of type $lut.
Using template $paramod$f77463da5de25f154fbe3b8bcc3173eabf9568fb$lut for cells of type $lut.
Using template $paramod$5743110e4818955eb32ca556fd145e91d1c54959$lut for cells of type $lut.
Using template $paramod$33b45795038893ab77cd092caa82ac47d7e608a8$lut for cells of type $lut.
Using template $paramod$b17ca5867a9e184dc7909b49c26a5aa975e77a34$lut for cells of type $lut.
Using template $paramod$8cf6177e46c8044f7f4f942c8e436a5273d0f05b$lut for cells of type $lut.
Using template $paramod$68fe429e864bc13a2acdc40cbd4a023860da3ce2$lut for cells of type $lut.
Using template $paramod$24e89fff702c2001702dfb912b0c4eb63fb7773a$lut for cells of type $lut.
Using template $paramod$89061a4589704ce93a0dab58fb255c4160b120ba$lut for cells of type $lut.
Using template $paramod$097d77a881520917d6b26693ea4618064e314f47$lut for cells of type $lut.
Using template $paramod$f227586927f6d16c33545b4f2fdd9ba0f179913e$lut for cells of type $lut.
Using template $paramod$5b71585efdcc0f2ed1766ea7463c06a2a2a7e23d$lut for cells of type $lut.
Using template $paramod$69f8edbae48f0639e942e89243239febcd5f1796$lut for cells of type $lut.
Using template $paramod$cc7dce79a6c034945d914e06bca08a33e61e3cfc$lut for cells of type $lut.
Using template $paramod$426a24267f99fb056aa25466e1ed3049a9c88aa6$lut for cells of type $lut.
Using template $paramod$b7a113a9054579dc3a166dc3bf83ec00f1ed9dbc$lut for cells of type $lut.
Using template $paramod$15d32b6a4e4d4a7a5d92003e876436074b7c1623$lut for cells of type $lut.
Using template $paramod$78f3763fb12eccb7a05af7472d60c3ab8d906447$lut for cells of type $lut.
Using template $paramod$6ee45a5c4a70d4c610b70e413d5eed84c444bd4c$lut for cells of type $lut.
Using template $paramod$484bedaae6f6715732ab07f2fae2f82e58075f77$lut for cells of type $lut.
Using template $paramod$e23623fc3d1b0cedd78554cc22f71eafd73a12e9$lut for cells of type $lut.
Using template $paramod$06dfae476af4b5267f4ef2774cadc300e69570ae$lut for cells of type $lut.
Using template $paramod$388771cfb7853aec168d22c3420bb0677e8f2593$lut for cells of type $lut.
Using template $paramod$07592dad144a9e734704877de41f6e0f3a14d28e$lut for cells of type $lut.
Using template $paramod$931951070791a8a4496406b8deb8fd64267eb933$lut for cells of type $lut.
Using template $paramod$4002658169294801dccfa1ed2c7c05452e4164bc$lut for cells of type $lut.
Using template $paramod$4ba541608a69bdde2820bf9b82261832c1893316$lut for cells of type $lut.
Using template $paramod$6a575dc9f6fd1530173e3916095a5d6d5d793505$lut for cells of type $lut.
Using template $paramod$6c5aa479743592ee9031c161db9002acfecb7b66$lut for cells of type $lut.
Using template $paramod$1f898844ad564259c2701f2a648364ed191ad093$lut for cells of type $lut.
Using template $paramod$0b316d96ac813bf550731b223e83fa3d43e66cdd$lut for cells of type $lut.
Using template $paramod$4ed2e6bfdce93737978fc069d58c7f507a0f7312$lut for cells of type $lut.
Using template $paramod$3fbad8b5c1e549868c68275936837e660b69ec45$lut for cells of type $lut.
Using template $paramod$7613707b912721f10c1e09c7a47921580659a156$lut for cells of type $lut.
Using template $paramod$26f059915218be3fbee184529c5c248fd3a44a4f$lut for cells of type $lut.
Using template $paramod$30f4f274f5967c7d7c5fba591efc70f0393b1cfe$lut for cells of type $lut.
Using template $paramod$7d8412f6dcacaed7436d21ace00b27b2188ceaa6$lut for cells of type $lut.
Using template $paramod$26f9f42bf34a3a6939e4ec0f9ba3ace808425af6$lut for cells of type $lut.
Using template $paramod$f67053edb34022bbb6fe34cd3bebc7f881bdc769$lut for cells of type $lut.
Using template $paramod$dc2e032b873440362e3cb2692d0f5578ffd7288f$lut for cells of type $lut.
Using template $paramod$ca3687e2461d77d0b559ba960b2a17d69765ab29$lut for cells of type $lut.
Using template $paramod$b3b3000656aad342aaffd08a5d84f4dc02d3862c$lut for cells of type $lut.
Using template $paramod$eda512d0da8e117801902c9b9606180b6e3d5446$lut for cells of type $lut.
Using template $paramod$11c2f7659181f6c45f2f597fd146236eb35003f3$lut for cells of type $lut.
Using template $paramod$7b31293ceb3df1dbd0871d4fc86824dd932ac3f3$lut for cells of type $lut.
Using template $paramod$9f52eba31517840d03c5f30444d814a492e2362d$lut for cells of type $lut.
Using template $paramod$3440c71f180888f78136035897d5e1aa58ced53f$lut for cells of type $lut.
Using template $paramod$30395395d62ae93116894dee4880aa4ca2d00da4$lut for cells of type $lut.
Using template $paramod$f0e399eee94d18e9404cd8bae374aaa0f8c8a44f$lut for cells of type $lut.
Using template $paramod$bf88b39ec4e64172e76639ff11d01380cbdfbeb8$lut for cells of type $lut.
Using template $paramod$daae2573d5f890173230082df0b863756f7b4420$lut for cells of type $lut.
Using template $paramod$e55e8d2721b3dd5cedfd3de58bbb9c96538d38f2$lut for cells of type $lut.
Using template $paramod$0d6299141075a721ef9e4a11fa5159a64c9b44af$lut for cells of type $lut.
Using template $paramod$974dcc776953a97bc4ca27f324cec84575e0634d$lut for cells of type $lut.
Using template $paramod$6b88f1d1837c727995d001810cf9b514cc825519$lut for cells of type $lut.
Using template $paramod$b9080a4df02bc432f85207f71a49ed5de94b7ad5$lut for cells of type $lut.
Using template $paramod$37996333b7e7a4304ac4c53cdcaef02031e443fc$lut for cells of type $lut.
Using template $paramod$f1d2d902baa08edf5c93b265690f80226aaef345$lut for cells of type $lut.
Using template $paramod$7c9cdce06fcab178ed11afaabea93ad4609aa02f$lut for cells of type $lut.
Using template $paramod$d1c2aefe4d85ee1e21b02975bc77bbf79f78a763$lut for cells of type $lut.
Using template $paramod$bb0e0c1883c5a0a93177cffb02f1545665cd63a5$lut for cells of type $lut.
Using template $paramod$fdb0ec8b0b8ad4bca5aa02616a5205ad3264a4a7$lut for cells of type $lut.
Using template $paramod$99b78b0a22638c217913cc3613d2637e25a76038$lut for cells of type $lut.
Using template $paramod$dc9925c07cb90f733b5087e566f8b35d5d26918f$lut for cells of type $lut.
Using template $paramod$cd32bc14a8850170fdaa72e9eff637f757209bef$lut for cells of type $lut.
Using template $paramod$e19a3501f1d7297a8c509f99a86e40e71a4eb484$lut for cells of type $lut.
Using template $paramod$7d82a43e72c252a2bf6892ac4be307e595920c94$lut for cells of type $lut.
Using template $paramod$49bc10a48890e6e3e35f68c4bb38c5c7f9b999cf$lut for cells of type $lut.
Using template $paramod$f6371bccb9b8f864c1938c4b039b26ebb0bdaa26$lut for cells of type $lut.
Using template $paramod$c6ee7780c249e55aabcebd53f5469236e67c3728$lut for cells of type $lut.
Using template $paramod$d98fd7b24bb9fed9d9ede7029de0e259dd30d81d$lut for cells of type $lut.
Using template $paramod$477ec8eae592c55bd6785251d0ae9b0af858108a$lut for cells of type $lut.
Using template $paramod$942ac57fecd3f25bb1611ba7867a978daf375390$lut for cells of type $lut.
Using template $paramod$7aed8c826d7d560c26763414e7b6de8a1642b1b0$lut for cells of type $lut.
Using template $paramod$d154186acdfc5671a3fe159553bba52458350cab$lut for cells of type $lut.
Using template $paramod$439b1e2bb943c9a4b3bf6c7270c4c0f897a3e188$lut for cells of type $lut.
Using template $paramod$f584ccf576232be33212ec2299aa8b325766b3b7$lut for cells of type $lut.
Using template $paramod$331ca94bdbd111ddea2d6d93605ab68c2769dd8b$lut for cells of type $lut.
Using template $paramod$3199445902663bfb71a2d78f384ef7efa2d1be61$lut for cells of type $lut.
Using template $paramod$5a1b5665ad999bb03f45c435f03b25cd4d7ccad5$lut for cells of type $lut.
Using template $paramod$ae4180a0a8db0bd7420552d0f9cb4b82631a3ea4$lut for cells of type $lut.
Using template $paramod$4099203d33f9128ee81ba0de84e9ab0d92fe10d0$lut for cells of type $lut.
Using template $paramod$4c5d50f57f6d521dedb960d70003a142c58cb1ea$lut for cells of type $lut.
Using template $paramod$4bf8918a750ff08f95b1bb884d850ca4569cca89$lut for cells of type $lut.
Using template $paramod$27af436a4436bbefc8f1ed9df1277823fdcafb1c$lut for cells of type $lut.
Using template $paramod$29c9ec5bd23854965e66f12e17e702681a3e369c$lut for cells of type $lut.
Using template $paramod$8166bce295c3fcc3e94970f359ec4d181da34c55$lut for cells of type $lut.
Using template $paramod$7915c663bb959438643c6141fdc6c36bff6853d7$lut for cells of type $lut.
Using template $paramod$3e10b267a799cac19cc859512fa2ccca1f5ab578$lut for cells of type $lut.
Using template $paramod$fc4b7aa2e5e086d4cdd92d136e49b7a0f93bace5$lut for cells of type $lut.
Using template $paramod$c3e634b25f0693de6ca9d155ce6ad4e070a85285$lut for cells of type $lut.
Using template $paramod$8f72867fde5c75c15a120df8e7039d0e2a2e6738$lut for cells of type $lut.
Using template $paramod$1476042f7484736e37c081fff23f51db9a50d20e$lut for cells of type $lut.
Using template $paramod$f2ac06807f9b2de2c3a1bf6458375325c0616e91$lut for cells of type $lut.
Using template $paramod$f528830650d00e9784c82a64ea9dd740339619e4$lut for cells of type $lut.
Using template $paramod$42794fb2c5995ed96df048726221303cccc51544$lut for cells of type $lut.
Using template $paramod$c913dc86ca2cf2de8bbeb910739e550d11bb9bc3$lut for cells of type $lut.
Using template $paramod$878c44a5b83bcf01ea26c1e65f946ffdcbf530a1$lut for cells of type $lut.
Using template $paramod$122d2ec2caed95b088423feaf20a6639adab1be0$lut for cells of type $lut.
Using template $paramod$9b6854f882411c68ba1f8707ae7ed4c2e4368745$lut for cells of type $lut.
Using template $paramod$7129a23a501c6375c485e1cdf69b202a229337a8$lut for cells of type $lut.
Using template $paramod$45762018f28dfed0aca08ecbac87f4e3f1acdbbb$lut for cells of type $lut.
Using template $paramod$a79666e7757eb48a80d904a7eb5aaed669b526c1$lut for cells of type $lut.
Using template $paramod$58389980c63f3235c8f8122d952d60e88e8ccdf8$lut for cells of type $lut.
Using template $paramod$e57eefc62bca1f37b8a2bcb17c5bddda0e8370c6$lut for cells of type $lut.
Using template $paramod$bfbba90a4487e8ff341e010e2a2dc4d60532dc9c$lut for cells of type $lut.
Using template $paramod$673efda7cf44a4b6d45e0ebc2f03e84a40f7777f$lut for cells of type $lut.
Using template $paramod$aeeab51a9a5457dd681ddb5651097788c3604996$lut for cells of type $lut.
Using template $paramod$511f9a17d7d36ecee642ee8edfe9f6b8d127422a$lut for cells of type $lut.
Using template $paramod$a305c1f27ac12036e1ee053f6f465794d7c5c73c$lut for cells of type $lut.
Using template $paramod$2ceac228d296d5af04cc65502a7e15de0042e5e0$lut for cells of type $lut.
Using template $paramod$0de59f90f4e8a2e2ba2353b02a3c59f64bb09941$lut for cells of type $lut.
Using template $paramod$49dd23fc57b0eb4a1eb542be97f09b5c0c351361$lut for cells of type $lut.
Using template $paramod$6411fbf4302787c0cd1b77554305cf9879c84a23$lut for cells of type $lut.
Using template $paramod$a20cb079608eaadc095894f3bf863e580b3d7a11$lut for cells of type $lut.
Using template $paramod$403a015d0d22456dd03bfcd04043cd33512143cf$lut for cells of type $lut.
Using template $paramod$d74758e307b14a95efacc17b3784e6dc482f5d3d$lut for cells of type $lut.
Using template $paramod$e96bf7d881f26aed5ab884635e447eef228849b2$lut for cells of type $lut.
Using template $paramod$52d4a325a66342229ec258337e4daaa46334c72f$lut for cells of type $lut.
Using template $paramod$4c1e847fc06839e0f7909ce12ae8f96aa978650b$lut for cells of type $lut.
Using template $paramod$e156433f825b4f0bef48bd57a9c29a666bfaf520$lut for cells of type $lut.
Using template $paramod$e4f4a199d9b6421355933e004aa12012277aeffa$lut for cells of type $lut.
Using template $paramod$07f4d4a9694d77525f505d0f3f0d44e7aa8d30fa$lut for cells of type $lut.
Using template $paramod$f63d3940815b090a29e26886916e03378bd796fa$lut for cells of type $lut.
Using template $paramod$db5b22e6bba67333a1b64991730968303439c0d3$lut for cells of type $lut.
Using template $paramod$1ecdc6f70867157ff0b66aa09b19cdf5ade5aee0$lut for cells of type $lut.
Using template $paramod$bb0911289502c96b0c5cbd63e4c4c30286c77485$lut for cells of type $lut.
Using template $paramod$ae08069586119fe1c7858c10973908465693c968$lut for cells of type $lut.
Using template $paramod$41ea4909f02fdbeaeffd5187477b9522823b2ba6$lut for cells of type $lut.
Using template $paramod$6d613a11a8aa90a930674c58d304e9f54b5f0937$lut for cells of type $lut.
Using template $paramod$207ad1f0ba9b41454ca683e951e2b22c95bdc322$lut for cells of type $lut.
Using template $paramod$31221b60a3f3a3e99a2412500df960b4af4b0adb$lut for cells of type $lut.
Using template $paramod$8478186b38bcd5d1ad5acf680feae291fc40a6ff$lut for cells of type $lut.
Using template $paramod$95e182dba307dda75f416124cc6746cb69e19bb0$lut for cells of type $lut.
Using template $paramod$2f6e960aae4aea19fb536fb0ff6d962ec56f57c0$lut for cells of type $lut.
Using template $paramod$e2d5f24064e21365c7d93f53a714a29470f2aedf$lut for cells of type $lut.
Using template $paramod$ecf3a2ae95ca52f21141706477298609dfe5b5d5$lut for cells of type $lut.
Using template $paramod$e29eff3aa071c11f9d4918aaf15dcabfc603c20e$lut for cells of type $lut.
Using template $paramod$49e7eb707384b8bd1a8d38dd9d4730659fbcb593$lut for cells of type $lut.
Using template $paramod$7580f71047b6790c17466483ecaa08720e7764d4$lut for cells of type $lut.
Using template $paramod$1dc1e8da50b4466a1763b33b57fe273d62165195$lut for cells of type $lut.
Using template $paramod$68f0fc69bb49f40feb23dd30e4ce0fb37143bda4$lut for cells of type $lut.
Using template $paramod$4e6bae1a40b32cfed3265de9d30775651c4965f3$lut for cells of type $lut.
Using template $paramod$687c6d970dd64752ed52f15e61a0eee075f17593$lut for cells of type $lut.
Using template $paramod$fc0ef3c046ab770117407df44f219a944e150769$lut for cells of type $lut.
Using template $paramod$69c0308303cdcb9ef5164925cdec7ce449778393$lut for cells of type $lut.
Using template $paramod$6227b9ba6e4259b40b63b194cc0a73d65313f334$lut for cells of type $lut.
Using template $paramod$f90fc34ce4726b5814bcd4ba16e3781e233e231a$lut for cells of type $lut.
Using template $paramod$52889d5d1e49cebe91699bc24a7a489f182d4c60$lut for cells of type $lut.
Using template $paramod$37cbc00e2d257d354c26d441e97d0c8b74c4e7c7$lut for cells of type $lut.
Using template $paramod$e13ed1c02425cb7a3bb3866ae86d967358309b52$lut for cells of type $lut.
Using template $paramod$5e7ac3088af8e4e0a20847d43d704b1a330c5332$lut for cells of type $lut.
Using template $paramod$8d60e8ebe66fc101a9d950e1573e23d3bdaaa0da$lut for cells of type $lut.
Using template $paramod$5c4b87ddf5598e6dc31828be4e82e0d4835878a9$lut for cells of type $lut.
Using template $paramod$4ecda8ab7735c9a5d5be9ef461ee9cef3e056160$lut for cells of type $lut.
Using template $paramod$2ba570376e9f44e31fd6811f7b88039395152fce$lut for cells of type $lut.
Using template $paramod$14ae3e7aeefce9310d7c43fb0c909da83c348e41$lut for cells of type $lut.
Using template $paramod$a8cb2f442fbbd49124ff4928976457d07dcba2b4$lut for cells of type $lut.
Using template $paramod$baa7b3d6b10881c506ec49de6e9566297e388aed$lut for cells of type $lut.
Using template $paramod$ce0bffc42e91d4355858e16f05d230326fed63d2$lut for cells of type $lut.
Using template $paramod$8178d1f737a7d064af0d9a2b9f00c92dc0a8ea1f$lut for cells of type $lut.
Using template $paramod$d9628f49bda0b9b358c7b5e88c6ee9cdc8d4ab25$lut for cells of type $lut.
Using template $paramod$0fa1a460fb0a3fa58a2d2f1e6b36355aebf89125$lut for cells of type $lut.
Using template $paramod$ed6fac40935c6735c74895bc66ee912530bb97c8$lut for cells of type $lut.
Using template $paramod$4e1ad6820691982059e870570cb8310e958dbc20$lut for cells of type $lut.
Using template $paramod$6593d5f2da4b3f8f46b7e229f404734ab544f931$lut for cells of type $lut.
Using template $paramod$a668d2ccdc022b25d7979ef3188a32008e0bee72$lut for cells of type $lut.
Using template $paramod$37d5d27e97f1c6fbc0f6278c79753d0fce240438$lut for cells of type $lut.
Using template $paramod$59847e66575f26f9b283a08c095c906af57169c5$lut for cells of type $lut.
Using template $paramod$7ba008d0749e72142e3c455e3ce9c5b1898d7e2b$lut for cells of type $lut.
Using template $paramod$a64e83b3cb95bef2796c90c0ec4dcefc74cdb611$lut for cells of type $lut.
Using template $paramod$a1350a139abd93cc9a42e9c8e8c7ffa194fe46e6$lut for cells of type $lut.
Using template $paramod$61c228faa0587f7975aaa9cde45125c0543e0cac$lut for cells of type $lut.
Using template $paramod$8a6294a563a524e17a2f04fe1c9c2612bd38b46a$lut for cells of type $lut.
Using template $paramod$ed4cb8fa273ea25440cc3317f335a4da86e57cbc$lut for cells of type $lut.
Using template $paramod$8c83b6f79b5a6b6cb464c8d1020dd623996da495$lut for cells of type $lut.
Using template $paramod$29b3d0c225ce679e5347da2b83b0c7b4cc433ee6$lut for cells of type $lut.
Using template $paramod$be9cde19ca7dec2bba42661856e7099896623c8d$lut for cells of type $lut.
Using template $paramod$4dc81d5aa70538ff37c0a93abe97cecb14678fae$lut for cells of type $lut.
Using template $paramod$a8886d6b449daded290cdb3b853243f84f3dc998$lut for cells of type $lut.
Using template $paramod$f2408cb03485bac785ad44d1df874a69f179b100$lut for cells of type $lut.
Using template $paramod$3876752fe05a58cc67510456f8d1170e7cf64033$lut for cells of type $lut.
Using template $paramod$6240a0bbc4ec6ae8c18bc0d076498f3fc7c41a21$lut for cells of type $lut.
Using template $paramod$ac93a91704506b99e110103c9b19e9b67bcd77a0$lut for cells of type $lut.
Using template $paramod$9c422be1b5a584a89894d6ba2aaf9a7c3665f46f$lut for cells of type $lut.
Using template $paramod$f756c6ded821b4a3cf0369498cc51c03818f5cb3$lut for cells of type $lut.
Using template $paramod$9da4e539eb7a8002cf75fe72527d8dad97a11756$lut for cells of type $lut.
Using template $paramod$96ff56ce5a5ee85ee0c4678d1c423b47046ec6af$lut for cells of type $lut.
Using template $paramod$209a7763f93e12658d45c5dcfa3a05d8cbfd9f67$lut for cells of type $lut.
Using template $paramod$73baa2833534e74cb98ca96b995d2dfaa6d416ad$lut for cells of type $lut.
Using template $paramod$5e39f2df13ead5f40a240574f5759650aa9d164e$lut for cells of type $lut.
Using template $paramod$b3b12514e18d1cd0e418308c1ecbbd20bbce61ad$lut for cells of type $lut.
Using template $paramod$5843b1baa6b2481963df54051845b5dbf1b91adf$lut for cells of type $lut.
Using template $paramod$c1a0f46ddd5a51215bbe9731e48c13d0c6a44b76$lut for cells of type $lut.
Using template $paramod$ab783cbe197867d334461645017a33ec14671af7$lut for cells of type $lut.
Using template $paramod$6005b1b29a3d49e8354ea3d0b4229375fb70e130$lut for cells of type $lut.
Using template $paramod$fccb9d340184e517cbb9bddbb42ccbb1d82710a5$lut for cells of type $lut.
Using template $paramod$759b21c5f06440a7f6c71d2b4a54d0c970ba4fb5$lut for cells of type $lut.
Using template $paramod$d51b99b632fb85034fa8455ecf8dc5034de035c3$lut for cells of type $lut.
Using template $paramod$cd2795e1d479ea2d534bfc6489fe14f0778180ba$lut for cells of type $lut.
Using template $paramod$b1aadaed7ee9976113742e7cb9bf795dde445403$lut for cells of type $lut.
Using template $paramod$eb3a4e7248bbc16ee294cf3f3ca38aa7f2ab5ecf$lut for cells of type $lut.
Using template $paramod$5e021a9d2d44183ed652def00333aa5004464ac6$lut for cells of type $lut.
Using template $paramod$fce459c1584ac9d4d4277f32c3e570314564627d$lut for cells of type $lut.
Using template $paramod$40775959f6ebb8702ba9e7ad6851a55ac94b4e67$lut for cells of type $lut.
Using template $paramod$30898eb0bc86cab2371acd5c5984a4d2c4690cf9$lut for cells of type $lut.
Using template $paramod$8461a38da2644081983cd5b082d7f6c55a8dc5b7$lut for cells of type $lut.
Using template $paramod$799cf593eba4c786b510eead7592cd9a2f380c79$lut for cells of type $lut.
Using template $paramod$dceacc1183e162544c2ad340b66fd964ea9f943e$lut for cells of type $lut.
Using template $paramod$65708dc37ea4b28336de469945b26bd340414926$lut for cells of type $lut.
Using template $paramod$d1680e4b7951b5d586e80250cb144fd9e8a1c813$lut for cells of type $lut.
Using template $paramod$51ac55ca5eda87b4084a0d47bf3cd7d1b3c68142$lut for cells of type $lut.
Using template $paramod$6ee91f27b102448380c1cd17d8e9d41976449484$lut for cells of type $lut.
Using template $paramod$80f5cddeb8ca10b903c4076c0bafc0b58bb55ea7$lut for cells of type $lut.
Using template $paramod$6abe39293dd4c04e9dc77b7bc79876eb0ba8f8f7$lut for cells of type $lut.
Using template $paramod$09f74f0cf46bdc2c0695ae1c6e15b4910e0561d7$lut for cells of type $lut.
Using template $paramod$3e1b2cf83dd36bd3b564b9dba224d7f94229465c$lut for cells of type $lut.
Using template $paramod$7b6d742c93c5bbcc18d10029ca62067a4658e78a$lut for cells of type $lut.
Using template $paramod$dff51c74d2b6aae3d2c4ab1a1bf80f092c28601a$lut for cells of type $lut.
Using template $paramod$020ba9f1f9d01d161d179501cf805fc4b6cc1794$lut for cells of type $lut.
Using template $paramod$4708999ce4425ad90f09f18ab53179c4b5976bba$lut for cells of type $lut.
Using template $paramod$3946bcea22e15531114f4f8afb0d4bade545a4fa$lut for cells of type $lut.
Using template $paramod$6fbf65c21e907b226853727bd6789f5bdcd939e6$lut for cells of type $lut.
Using template $paramod$2f4fc718c46f27cab3058dafa6d6764390eae513$lut for cells of type $lut.
Using template $paramod$0ed4736b1191795b6e8974125fad0ebba3bd2971$lut for cells of type $lut.
Using template $paramod$2b035d80f8da5c79477e458830d5b787d3ec97aa$lut for cells of type $lut.
Using template $paramod$6af023d04780a6b54e8dd53dc6126bcf1a45e79b$lut for cells of type $lut.
Using template $paramod$564742131a7388af2fdb3db30298811191acf468$lut for cells of type $lut.
Using template $paramod$e5bcbe1da46920251aa7d574832d8ffef0ec4745$lut for cells of type $lut.
Using template $paramod$2661aa2601af93e362041e04a59405a491f36855$lut for cells of type $lut.
Using template $paramod$235ac5b240c334dc34a49d771618866987c926a2$lut for cells of type $lut.
Using template $paramod$978c80b14a3ffddd3cf99ef8a0e810ceb04800ac$lut for cells of type $lut.
Using template $paramod$687c09ec33b2c26869fd2739331e328c2a5ee1fd$lut for cells of type $lut.
Using template $paramod$cc32a05866f608aca38637d6c7ba9e5d077e8484$lut for cells of type $lut.
Using template $paramod$04ae10f7d848c17f6abdd4c00ba30939b2cb4eb5$lut for cells of type $lut.
Using template $paramod$e4e96a5dece796d779288739da28d0f9a19e7c8a$lut for cells of type $lut.
Using template $paramod$fb2ca8b73105e1694b1a7c462b6ce2fdf1b49307$lut for cells of type $lut.
Using template $paramod$03f50390d4ac7bb001f9bc31dce761ffa36ad30e$lut for cells of type $lut.
Using template $paramod$8bb9d5ca873e487d4516d872a129298a11f9a7ef$lut for cells of type $lut.
Using template $paramod$5c0ddeef51bbe78ac4fd2265d97313e16a5b6a25$lut for cells of type $lut.
Using template $paramod$3506b8113dbe1236f38e90466e7af0c0baae35ff$lut for cells of type $lut.
Using template $paramod$f7553c5acb1526dd0f1a2043ad10c3504e3a22bd$lut for cells of type $lut.
Using template $paramod$59a5f8723442fb74c7967ccd6dedb700399a62d9$lut for cells of type $lut.
Using template $paramod$6b17d0fa85028fed60289096f6647f33c4fff7e0$lut for cells of type $lut.
Using template $paramod$0c61e737e1ba87d1cf379b67324840910b017ae6$lut for cells of type $lut.
Using template $paramod$384bf7ab0cf9172ebc66e9a4b575e4e4c3b8c284$lut for cells of type $lut.
Using template $paramod$4bb3fdeb7b33d7480d0534c26a9c652974dd94d5$lut for cells of type $lut.
Using template $paramod$e253eb7c61d47ae60032f0ec342e2f0f67e1c2e6$lut for cells of type $lut.
Using template $paramod$ee3fa4f176696d67531610c8b981428bf71f76c7$lut for cells of type $lut.
Using template $paramod$77ad5b5a13077339c889d22d77e93cfd4da9d15f$lut for cells of type $lut.
Using template $paramod$2959395117835b087fb16c16aabd4bda9d7de425$lut for cells of type $lut.
Using template $paramod$1ec2b37b390128eff942245bdaffc234c0d268fb$lut for cells of type $lut.
Using template $paramod$a95aeb58822b83840ad0d33221e28b316b409b83$lut for cells of type $lut.
Using template $paramod$aff766d51bfd6300c845683283a4e6e3ffed8b12$lut for cells of type $lut.
Using template $paramod$5a1173fb1dd667e9a482aac17c7fdc71cbe83e23$lut for cells of type $lut.
Using template $paramod$73880cf1608683b278234af8f7e256c39a67bcef$lut for cells of type $lut.
Using template $paramod$a28967dc5aaddb162aa9e4ce20c4ed1bf5f29051$lut for cells of type $lut.
Using template $paramod$da9d6eb00307d15292e014cd59e5b9098c71b3b1$lut for cells of type $lut.
Using template $paramod$a1262fcbbdf48035e4fea6dd31a11e66ddcec1f5$lut for cells of type $lut.
Using template $paramod$13ed9e57672228ecc02346666f3b794ee6b9fa71$lut for cells of type $lut.
Using template $paramod$308d34463fa28c51d3952b2fe895fd8ee34640b0$lut for cells of type $lut.
Using template $paramod$8c4c19c25050dbe2bb3db865e34fc06ea7f64b80$lut for cells of type $lut.
Using template $paramod$700f16dd15e47fa4bc48c86aae53eeec77235752$lut for cells of type $lut.
Using template $paramod$ab25e1001f8138c8b3a535d68f03e247ac1d1c66$lut for cells of type $lut.
Using template $paramod$ed90664a7567213243998ea2e4b8679a8d7b49ee$lut for cells of type $lut.
Using template $paramod$9f9648c1216cd6c29ad6f1a0e82395e807e7c53b$lut for cells of type $lut.
Using template $paramod$40614bc945b57aab95fbc31af093a3fc79ada1f6$lut for cells of type $lut.
Using template $paramod$dfc685a576c894a77803ba5f2dee491b32f1c046$lut for cells of type $lut.
Using template $paramod$8540776f727c2222f7faf65574aa1badbff84d9a$lut for cells of type $lut.
Using template $paramod$c452b235e8609730cddbc22bcc93c2ef01e1034b$lut for cells of type $lut.
Using template $paramod$2784ed952970e94fdb4bf66c4bc714a2cf41498a$lut for cells of type $lut.
Using template $paramod$21a1e08cd4a96edfa8468b4ffdd6b8ced4fc38c6$lut for cells of type $lut.
Using template $paramod$f12e9abba5aa42a3ea7b7f45d6bc9fead3f127f3$lut for cells of type $lut.
Using template $paramod$212b4256efad5f02aa9f8191d091e71341c64560$lut for cells of type $lut.
Using template $paramod$2f874ed718b7a352f9d5dc99eaa4681bfaa083c1$lut for cells of type $lut.
Using template $paramod$a8688ffecebf60bfb3902eb9c838ec615f2ff936$lut for cells of type $lut.
Using template $paramod$ce5a82c39554e4f9589b73f747cde70c258c5a5c$lut for cells of type $lut.
Using template $paramod$5014cd74278c7b799417991b2d5e165a6a177328$lut for cells of type $lut.
Using template $paramod$5dda18fcbd7ad9b58e29febd9699b68b2fcb4285$lut for cells of type $lut.
Using template $paramod$3d71bebdeba3b5a2c4cb46b3a6f3256323be0efc$lut for cells of type $lut.
Using template $paramod$a69f3b330bae97a287fa0a8b0ff91534c25017c9$lut for cells of type $lut.
Using template $paramod$2ca9c50ee1f0d3a1c38799de06553dca2864c19d$lut for cells of type $lut.
Using template $paramod$d1753b1145dd81674b772b6c0e41c88ea50cbbbc$lut for cells of type $lut.
Using template $paramod$d0afbf18b6a50a97e6b36627183a440c7295b93a$lut for cells of type $lut.
Using template $paramod$63a44105fef6d309180bbf2bff30861cb17bfa80$lut for cells of type $lut.
Using template $paramod$7c73c49952efc698652e4cd4fc6f9ed8aa6eeb60$lut for cells of type $lut.
Using template $paramod$a8bd02a7e5ce01918f902c876189fe753369e4f7$lut for cells of type $lut.
Using template $paramod$623642ae5f00581b6b9ebb0ad586f6e7449fe809$lut for cells of type $lut.
Using template $paramod$c81968afadd81b17087a85026201b3be754664fb$lut for cells of type $lut.
Using template $paramod$962c8792e8dae42c1e6ed2ffbc069a56aa0e412f$lut for cells of type $lut.
Using template $paramod$e34f51d9d6afc0958736db0c2f6b412a4d7a9ced$lut for cells of type $lut.
Using template $paramod$e70dc86d6687d3b8132def128ebcd4776d0d9e11$lut for cells of type $lut.
Using template $paramod$fe9674c35a6e0cd9a97f79a5436f5055b3f74823$lut for cells of type $lut.
Using template $paramod$1001121e5caa60202e4c411e555e67f933605173$lut for cells of type $lut.
Using template $paramod$5fa1ba39eb92dad92061098f4da7d85e001b061c$lut for cells of type $lut.
Using template $paramod$0f8bdbe0b9189c5b7d3de649a1836bbe377416ff$lut for cells of type $lut.
Using template $paramod$e44a9c608dbbd26f442d0102489689f0bc5fd242$lut for cells of type $lut.
Using template $paramod$5c3507832405a8e01bcdbe3b26e7167bcab50109$lut for cells of type $lut.
Using template $paramod$fe837ea97078e22067b9788841ffbd7e90c65bd5$lut for cells of type $lut.
Using template $paramod$07c3b0842731b4306af4df7c27e16d01e1bc3512$lut for cells of type $lut.
Using template $paramod$ef8eaae9a26525d2b96ce6148e511b7a9ae09e99$lut for cells of type $lut.
Using template $paramod$d22146fd62e1833c1735c52886006348d12c52d5$lut for cells of type $lut.
Using template $paramod$14556d7b6b2f2144f42fa6efb11e8c8cc0df3486$lut for cells of type $lut.
Using template $paramod$7111341e16a3430395e64cfb52955ad369f4fdeb$lut for cells of type $lut.
Using template $paramod$1061efad30de615de126bad15a2debf20e93b9e5$lut for cells of type $lut.
Using template $paramod$99b7d9c95865d7fd46c584123525842190563b50$lut for cells of type $lut.
Using template $paramod$899cb37fe2f6d71c7d7f7c829e2a15260da9fbcf$lut for cells of type $lut.
Using template $paramod$63204caee2a56e2332455a9aa3c6677f41426bea$lut for cells of type $lut.
Using template $paramod$7952825483b2f05d9ec49b9288eb57be060b8b06$lut for cells of type $lut.
Using template $paramod$dd94ce5764f689f6d0425428df931f314c9c7d44$lut for cells of type $lut.
Using template $paramod$c9d9607bac168d1553052634f38bd19287c2d1f0$lut for cells of type $lut.
Using template $paramod$9e3fa79a4e412620f25c983d4de698da916be093$lut for cells of type $lut.
Using template $paramod$5999b3cc09d91ae2b55dd505c057e7843dce6988$lut for cells of type $lut.
Using template $paramod$165e99a32e53492c2dee6fda4ae7a7f27df1fca1$lut for cells of type $lut.
Using template $paramod$7b1b51369e8cc52bd8821c7dad7b5b34750b008a$lut for cells of type $lut.
Using template $paramod$88aeb723f6f564067e4e35247c5391bbbbb251b2$lut for cells of type $lut.
Using template $paramod$f32c7c6440c44fe212cf73c3a854037595ea8d34$lut for cells of type $lut.
Using template $paramod$25e347ea68d0a37e6ec89a3d8824b9d52e250ab2$lut for cells of type $lut.
Using template $paramod$8bd704e201ef1d6e591fde8bbd43602d636e8fd7$lut for cells of type $lut.
Using template $paramod$04a149ac819ebfe8793fabe24e9fa951a2222ef7$lut for cells of type $lut.
Using template $paramod$158ee9589fd156f8bf6d95cd9ebb24387cb768bd$lut for cells of type $lut.
Using template $paramod$83f7a141681e79882be9b7b4eef13846c17e1c61$lut for cells of type $lut.
Using template $paramod$bff98dc1c537284c0232eddac633eba4b19960fd$lut for cells of type $lut.
Using template $paramod$53c02ea5ead352e4fa5edf5dea1814fe845fe358$lut for cells of type $lut.
Using template $paramod$aa8e9f5d09738ebca470f82d6a4211c3ebd8a35f$lut for cells of type $lut.
Using template $paramod$edc9be71152a39f24cd1152726650096574b815d$lut for cells of type $lut.
Using template $paramod$61b561a9604edd2e90728d80aebd2dd86863dc38$lut for cells of type $lut.
Using template $paramod$a0aadc59f7ecd89a1cdb4880563eecf5b66f96f1$lut for cells of type $lut.
Using template $paramod$a82f4ef868c0f455987939743e02132d3ea1a301$lut for cells of type $lut.
Using template $paramod$a6e7741f700c12f20a3349976626ac0843de8696$lut for cells of type $lut.
Using template $paramod$e643b1d450bace778cb73fd9cb8a59f3c48b2c0b$lut for cells of type $lut.
Using template $paramod$62b1ab6890f6abb7f1cea258589eb02726847f28$lut for cells of type $lut.
Using template $paramod$9775f0490535ea3e5e222c5f44a559f6326ec5d4$lut for cells of type $lut.
Using template $paramod$d8768ee2570b53fd3db53af5f0e608087f88f69d$lut for cells of type $lut.
Using template $paramod$9e1bb665dfd8bb2e0208619163bdd01a7b7c257c$lut for cells of type $lut.
Using template $paramod$74a7abff5a254a6561dcd5ee09255dddec113daa$lut for cells of type $lut.
Using template $paramod$4c01c4bffed9bae8f2716016b02acd366b7ed97d$lut for cells of type $lut.
Using template $paramod$dfac8c3b8a76a57163cf9f081d625ce3e2b8d4d1$lut for cells of type $lut.
Using template $paramod$90d22cbc5d2525ce2881dabde5f25c6f44c2c103$lut for cells of type $lut.
Using template $paramod$2603a098e48ff3d1af0126bc5b2a74bb4b0a71ba$lut for cells of type $lut.
Using template $paramod$e49e10ee2b8d0ea1038e9d6844a85fdffd486678$lut for cells of type $lut.
Using template $paramod$abe90fdf1b3290a8cdadc6c19b9a47ece70cf274$lut for cells of type $lut.
Using template $paramod$5c2393eed7b0256215f05de69f45d30a885c5100$lut for cells of type $lut.
Using template $paramod$108912d386ceb541d481a4055287ac0e447650f7$lut for cells of type $lut.
Using template $paramod$00f2e789f5685ced520788c6d0b4180f651bc80a$lut for cells of type $lut.
Using template $paramod$5f6b72baf078fc35c13bbe56eff27bb52c9105cb$lut for cells of type $lut.
Using template $paramod$95c157858039a7066597eccf8cae0093a476d14c$lut for cells of type $lut.
Using template $paramod$f4b39398071f6fe6b32794de0ea97ed269153bd2$lut for cells of type $lut.
Using template $paramod$99ecbd3e0abd5ae84eeba7cf01e2d1d0402c83aa$lut for cells of type $lut.
Using template $paramod$51521253307281069010bd87a026d0ebf274153f$lut for cells of type $lut.
Using template $paramod$4ea217ff5cb55ec1738d28bacc80db0643ce90ca$lut for cells of type $lut.
Using template $paramod$f2c0b7226b1a079e10fd4953f6092804a28953ab$lut for cells of type $lut.
Using template $paramod$f1bdf5268949b7a35eadbfacdb53293543d36a3a$lut for cells of type $lut.
Using template $paramod$6f6efad2409f713e8628b2ee9def742a1c9fad85$lut for cells of type $lut.
Using template $paramod$d7cccdd7413e9e79a9f08c9e7033124ec3fc12f3$lut for cells of type $lut.
Using template $paramod$7db4ae2209d3e33c7ce3c4031fca41f720a799f7$lut for cells of type $lut.
Using template $paramod$28b664b15677ac6beacc68476e20e168601eb426$lut for cells of type $lut.
Using template $paramod$cc2aef79675393cfefb3e672c24b12801ff33196$lut for cells of type $lut.
No more expansions possible.
<suppressed ~19896 debug messages>

18.46. Executing OPT_LUT_INS pass (discard unused LUT inputs).
Optimizing LUTs in top.
  Optimizing lut $abc$36041$lut$aiger36040$4835.genblk1.genblk1.genblk1.genblk1.genblk1.genblk1.genblk1.genblk1.lut0.genblk1.genblk1.genblk1.genblk1.genblk1.genblk1.genblk1.lut0.genblk1.genblk1.genblk1.genblk1.genblk1.genblk1.lut0.genblk1.genblk1.genblk1.genblk1.genblk1.lut1 (4 -> 0)
  Optimizing lut $abc$36041$lut$aiger36040$4835.genblk1.genblk1.genblk1.genblk1.genblk1.genblk1.genblk1.genblk1.lut1.genblk1.genblk1.genblk1.genblk1.genblk1.genblk1.genblk1.lut0.genblk1.genblk1.genblk1.genblk1.genblk1.genblk1.lut0.genblk1.genblk1.genblk1.genblk1.genblk1.lut0 (4 -> 0)
  Optimizing lut $abc$36041$lut$aiger36040$4835.genblk1.genblk1.genblk1.genblk1.genblk1.genblk1.genblk1.genblk1.lut1.genblk1.genblk1.genblk1.genblk1.genblk1.genblk1.genblk1.lut1.genblk1.genblk1.genblk1.genblk1.genblk1.genblk1.lut1.genblk1.genblk1.genblk1.genblk1.genblk1.lut0 (4 -> 0)
  Optimizing lut $abc$36041$lut$aiger36040$4835.genblk1.genblk1.genblk1.genblk1.genblk1.genblk1.genblk1.genblk1.lut1.genblk1.genblk1.genblk1.genblk1.genblk1.genblk1.genblk1.lut1.genblk1.genblk1.genblk1.genblk1.genblk1.genblk1.lut0.genblk1.genblk1.genblk1.genblk1.genblk1.lut0 (4 -> 0)
  Optimizing lut $abc$36041$lut$aiger36040$4835.genblk1.genblk1.genblk1.genblk1.genblk1.genblk1.genblk1.genblk1.lut0.genblk1.genblk1.genblk1.genblk1.genblk1.genblk1.genblk1.lut0.genblk1.genblk1.genblk1.genblk1.genblk1.genblk1.lut1.genblk1.genblk1.genblk1.genblk1.genblk1.lut0 (4 -> 0)
  Optimizing lut $abc$36041$lut$aiger36040$4835.genblk1.genblk1.genblk1.genblk1.genblk1.genblk1.genblk1.genblk1.lut0.genblk1.genblk1.genblk1.genblk1.genblk1.genblk1.genblk1.lut0.genblk1.genblk1.genblk1.genblk1.genblk1.genblk1.lut0.genblk1.genblk1.genblk1.genblk1.genblk1.lut0 (4 -> 1)
  Optimizing lut $abc$36041$lut$aiger36040$4835.genblk1.genblk1.genblk1.genblk1.genblk1.genblk1.genblk1.genblk1.lut0.genblk1.genblk1.genblk1.genblk1.genblk1.genblk1.genblk1.lut1.genblk1.genblk1.genblk1.genblk1.genblk1.genblk1.lut1.genblk1.genblk1.genblk1.genblk1.genblk1.lut0 (4 -> 1)
  Optimizing lut $abc$36041$lut$aiger36040$4835.genblk1.genblk1.genblk1.genblk1.genblk1.genblk1.genblk1.genblk1.lut0.genblk1.genblk1.genblk1.genblk1.genblk1.genblk1.genblk1.lut1.genblk1.genblk1.genblk1.genblk1.genblk1.genblk1.lut0.genblk1.genblk1.genblk1.genblk1.genblk1.lut0 (4 -> 0)
  Optimizing lut $abc$36041$lut$aiger36040$4849.genblk1.genblk1.genblk1.genblk1.genblk1.genblk1.genblk1.genblk1.lut1.genblk1.genblk1.genblk1.genblk1.genblk1.genblk1.genblk1.lut0.genblk1.genblk1.genblk1.genblk1.genblk1.genblk1.lut1.genblk1.genblk1.genblk1.genblk1.genblk1.lut0 (4 -> 1)
  Optimizing lut $abc$36041$lut$aiger36040$4849.genblk1.genblk1.genblk1.genblk1.genblk1.genblk1.genblk1.genblk1.lut1.genblk1.genblk1.genblk1.genblk1.genblk1.genblk1.genblk1.lut0.genblk1.genblk1.genblk1.genblk1.genblk1.genblk1.lut0.genblk1.genblk1.genblk1.genblk1.genblk1.lut0 (4 -> 1)
  Optimizing lut $abc$36041$lut$aiger36040$4849.genblk1.genblk1.genblk1.genblk1.genblk1.genblk1.genblk1.genblk1.lut1.genblk1.genblk1.genblk1.genblk1.genblk1.genblk1.genblk1.lut1.genblk1.genblk1.genblk1.genblk1.genblk1.genblk1.lut1.genblk1.genblk1.genblk1.genblk1.genblk1.lut0 (4 -> 0)
  Optimizing lut $abc$36041$lut$aiger36040$4849.genblk1.genblk1.genblk1.genblk1.genblk1.genblk1.genblk1.genblk1.lut1.genblk1.genblk1.genblk1.genblk1.genblk1.genblk1.genblk1.lut1.genblk1.genblk1.genblk1.genblk1.genblk1.genblk1.lut0.genblk1.genblk1.genblk1.genblk1.genblk1.lut0 (4 -> 0)
  Optimizing lut $abc$36041$lut$aiger36040$4849.genblk1.genblk1.genblk1.genblk1.genblk1.genblk1.genblk1.genblk1.lut0.genblk1.genblk1.genblk1.genblk1.genblk1.genblk1.genblk1.lut0.genblk1.genblk1.genblk1.genblk1.genblk1.genblk1.lut1.genblk1.genblk1.genblk1.genblk1.genblk1.lut0 (4 -> 0)
  Optimizing lut $abc$36041$lut$aiger36040$4849.genblk1.genblk1.genblk1.genblk1.genblk1.genblk1.genblk1.genblk1.lut0.genblk1.genblk1.genblk1.genblk1.genblk1.genblk1.genblk1.lut0.genblk1.genblk1.genblk1.genblk1.genblk1.genblk1.lut0.genblk1.genblk1.genblk1.genblk1.genblk1.lut0 (4 -> 0)
  Optimizing lut $abc$36041$lut$aiger36040$4849.genblk1.genblk1.genblk1.genblk1.genblk1.genblk1.genblk1.genblk1.lut0.genblk1.genblk1.genblk1.genblk1.genblk1.genblk1.genblk1.lut1.genblk1.genblk1.genblk1.genblk1.genblk1.genblk1.lut1.genblk1.genblk1.genblk1.genblk1.genblk1.lut0 (4 -> 0)
  Optimizing lut $abc$36041$lut$aiger36040$4849.genblk1.genblk1.genblk1.genblk1.genblk1.genblk1.genblk1.genblk1.lut0.genblk1.genblk1.genblk1.genblk1.genblk1.genblk1.genblk1.lut1.genblk1.genblk1.genblk1.genblk1.genblk1.genblk1.lut0.genblk1.genblk1.genblk1.genblk1.genblk1.lut0 (4 -> 1)
  Optimizing lut $abc$36041$lut$aiger36040$4863.genblk1.genblk1.genblk1.genblk1.genblk1.genblk1.genblk1.genblk1.lut1.genblk1.genblk1.genblk1.genblk1.genblk1.genblk1.genblk1.lut0.genblk1.genblk1.genblk1.genblk1.genblk1.genblk1.lut1.genblk1.genblk1.genblk1.genblk1.genblk1.lut0 (4 -> 0)
  Optimizing lut $abc$36041$lut$aiger36040$4863.genblk1.genblk1.genblk1.genblk1.genblk1.genblk1.genblk1.genblk1.lut1.genblk1.genblk1.genblk1.genblk1.genblk1.genblk1.genblk1.lut0.genblk1.genblk1.genblk1.genblk1.genblk1.genblk1.lut0.genblk1.genblk1.genblk1.genblk1.genblk1.lut0 (4 -> 0)
  Optimizing lut $abc$36041$lut$aiger36040$4863.genblk1.genblk1.genblk1.genblk1.genblk1.genblk1.genblk1.genblk1.lut1.genblk1.genblk1.genblk1.genblk1.genblk1.genblk1.genblk1.lut1.genblk1.genblk1.genblk1.genblk1.genblk1.genblk1.lut1.genblk1.genblk1.genblk1.genblk1.genblk1.lut0 (4 -> 1)
  Optimizing lut $abc$36041$lut$aiger36040$4863.genblk1.genblk1.genblk1.genblk1.genblk1.genblk1.genblk1.genblk1.lut1.genblk1.genblk1.genblk1.genblk1.genblk1.genblk1.genblk1.lut1.genblk1.genblk1.genblk1.genblk1.genblk1.genblk1.lut0.genblk1.genblk1.genblk1.genblk1.genblk1.lut0 (4 -> 0)
  Optimizing lut $abc$36041$lut$aiger36040$4863.genblk1.genblk1.genblk1.genblk1.genblk1.genblk1.genblk1.genblk1.lut0.genblk1.genblk1.genblk1.genblk1.genblk1.genblk1.genblk1.lut0.genblk1.genblk1.genblk1.genblk1.genblk1.genblk1.lut1.genblk1.genblk1.genblk1.genblk1.genblk1.lut0 (4 -> 1)
  Optimizing lut $abc$36041$lut$aiger36040$4863.genblk1.genblk1.genblk1.genblk1.genblk1.genblk1.genblk1.genblk1.lut0.genblk1.genblk1.genblk1.genblk1.genblk1.genblk1.genblk1.lut0.genblk1.genblk1.genblk1.genblk1.genblk1.genblk1.lut0.genblk1.genblk1.genblk1.genblk1.genblk1.lut0 (4 -> 0)
  Optimizing lut $abc$36041$lut$aiger36040$4863.genblk1.genblk1.genblk1.genblk1.genblk1.genblk1.genblk1.genblk1.lut0.genblk1.genblk1.genblk1.genblk1.genblk1.genblk1.genblk1.lut1.genblk1.genblk1.genblk1.genblk1.genblk1.genblk1.lut1.genblk1.genblk1.genblk1.genblk1.genblk1.lut0 (4 -> 0)
  Optimizing lut $abc$36041$lut$aiger36040$4863.genblk1.genblk1.genblk1.genblk1.genblk1.genblk1.genblk1.genblk1.lut0.genblk1.genblk1.genblk1.genblk1.genblk1.genblk1.genblk1.lut1.genblk1.genblk1.genblk1.genblk1.genblk1.genblk1.lut0.genblk1.genblk1.genblk1.genblk1.genblk1.lut0 (4 -> 0)
  Optimizing lut $abc$36041$lut$aiger36040$4876.genblk1.genblk1.genblk1.genblk1.genblk1.genblk1.genblk1.genblk1.lut1.genblk1.genblk1.genblk1.genblk1.genblk1.genblk1.genblk1.lut0.genblk1.genblk1.genblk1.genblk1.genblk1.genblk1.lut1.genblk1.genblk1.genblk1.genblk1.genblk1.lut0 (4 -> 0)
  Optimizing lut $abc$36041$lut$aiger36040$4876.genblk1.genblk1.genblk1.genblk1.genblk1.genblk1.genblk1.genblk1.lut1.genblk1.genblk1.genblk1.genblk1.genblk1.genblk1.genblk1.lut0.genblk1.genblk1.genblk1.genblk1.genblk1.genblk1.lut0.genblk1.genblk1.genblk1.genblk1.genblk1.lut0 (4 -> 0)
  Optimizing lut $abc$36041$lut$aiger36040$4876.genblk1.genblk1.genblk1.genblk1.genblk1.genblk1.genblk1.genblk1.lut1.genblk1.genblk1.genblk1.genblk1.genblk1.genblk1.genblk1.lut1.genblk1.genblk1.genblk1.genblk1.genblk1.genblk1.lut1.genblk1.genblk1.genblk1.genblk1.genblk1.lut0 (4 -> 0)
  Optimizing lut $abc$36041$lut$aiger36040$4876.genblk1.genblk1.genblk1.genblk1.genblk1.genblk1.genblk1.genblk1.lut1.genblk1.genblk1.genblk1.genblk1.genblk1.genblk1.genblk1.lut1.genblk1.genblk1.genblk1.genblk1.genblk1.genblk1.lut0.genblk1.genblk1.genblk1.genblk1.genblk1.lut0 (4 -> 1)
  Optimizing lut $abc$36041$lut$aiger36040$4876.genblk1.genblk1.genblk1.genblk1.genblk1.genblk1.genblk1.genblk1.lut0.genblk1.genblk1.genblk1.genblk1.genblk1.genblk1.genblk1.lut0.genblk1.genblk1.genblk1.genblk1.genblk1.genblk1.lut1.genblk1.genblk1.genblk1.genblk1.genblk1.lut0 (4 -> 0)
  Optimizing lut $abc$36041$lut$aiger36040$4876.genblk1.genblk1.genblk1.genblk1.genblk1.genblk1.genblk1.genblk1.lut0.genblk1.genblk1.genblk1.genblk1.genblk1.genblk1.genblk1.lut0.genblk1.genblk1.genblk1.genblk1.genblk1.genblk1.lut0.genblk1.genblk1.genblk1.genblk1.genblk1.lut0 (4 -> 0)
  Optimizing lut $abc$36041$lut$aiger36040$4876.genblk1.genblk1.genblk1.genblk1.genblk1.genblk1.genblk1.genblk1.lut0.genblk1.genblk1.genblk1.genblk1.genblk1.genblk1.genblk1.lut1.genblk1.genblk1.genblk1.genblk1.genblk1.genblk1.lut1.genblk1.genblk1.genblk1.genblk1.genblk1.lut0 (4 -> 0)
  Optimizing lut $abc$36041$lut$aiger36040$4876.genblk1.genblk1.genblk1.genblk1.genblk1.genblk1.genblk1.genblk1.lut0.genblk1.genblk1.genblk1.genblk1.genblk1.genblk1.genblk1.lut1.genblk1.genblk1.genblk1.genblk1.genblk1.genblk1.lut0.genblk1.genblk1.genblk1.genblk1.genblk1.lut0 (4 -> 0)
  Optimizing lut $abc$36041$lut$aiger36040$4556.genblk1.genblk1.genblk1.genblk1.genblk1.genblk1.genblk1.genblk1.lut1.genblk1.genblk1.genblk1.genblk1.genblk1.genblk1.genblk1.lut0.genblk1.genblk1.genblk1.genblk1.genblk1.genblk1.lut1.genblk1.genblk1.genblk1.genblk1.genblk1.lut0 (4 -> 0)
  Optimizing lut $abc$36041$lut$aiger36040$4556.genblk1.genblk1.genblk1.genblk1.genblk1.genblk1.genblk1.genblk1.lut1.genblk1.genblk1.genblk1.genblk1.genblk1.genblk1.genblk1.lut0.genblk1.genblk1.genblk1.genblk1.genblk1.genblk1.lut0.genblk1.genblk1.genblk1.genblk1.genblk1.lut0 (4 -> 0)
  Optimizing lut $abc$36041$lut$aiger36040$4556.genblk1.genblk1.genblk1.genblk1.genblk1.genblk1.genblk1.genblk1.lut1.genblk1.genblk1.genblk1.genblk1.genblk1.genblk1.genblk1.lut1.genblk1.genblk1.genblk1.genblk1.genblk1.genblk1.lut1.genblk1.genblk1.genblk1.genblk1.genblk1.lut0 (4 -> 0)
  Optimizing lut $abc$36041$lut$aiger36040$4556.genblk1.genblk1.genblk1.genblk1.genblk1.genblk1.genblk1.genblk1.lut1.genblk1.genblk1.genblk1.genblk1.genblk1.genblk1.genblk1.lut1.genblk1.genblk1.genblk1.genblk1.genblk1.genblk1.lut0.genblk1.genblk1.genblk1.genblk1.genblk1.lut0 (4 -> 0)
  Optimizing lut $abc$36041$lut$aiger36040$4556.genblk1.genblk1.genblk1.genblk1.genblk1.genblk1.genblk1.genblk1.lut0.genblk1.genblk1.genblk1.genblk1.genblk1.genblk1.genblk1.lut0.genblk1.genblk1.genblk1.genblk1.genblk1.genblk1.lut1.genblk1.genblk1.genblk1.genblk1.genblk1.lut0 (4 -> 0)
  Optimizing lut $abc$36041$lut$aiger36040$4556.genblk1.genblk1.genblk1.genblk1.genblk1.genblk1.genblk1.genblk1.lut0.genblk1.genblk1.genblk1.genblk1.genblk1.genblk1.genblk1.lut0.genblk1.genblk1.genblk1.genblk1.genblk1.genblk1.lut0.genblk1.genblk1.genblk1.genblk1.genblk1.lut0 (4 -> 1)
  Optimizing lut $abc$36041$lut$aiger36040$4556.genblk1.genblk1.genblk1.genblk1.genblk1.genblk1.genblk1.genblk1.lut0.genblk1.genblk1.genblk1.genblk1.genblk1.genblk1.genblk1.lut1.genblk1.genblk1.genblk1.genblk1.genblk1.genblk1.lut1.genblk1.genblk1.genblk1.genblk1.genblk1.lut0 (4 -> 0)
  Optimizing lut $abc$36041$lut$aiger36040$4556.genblk1.genblk1.genblk1.genblk1.genblk1.genblk1.genblk1.genblk1.lut0.genblk1.genblk1.genblk1.genblk1.genblk1.genblk1.genblk1.lut1.genblk1.genblk1.genblk1.genblk1.genblk1.genblk1.lut0.genblk1.genblk1.genblk1.genblk1.genblk1.lut0 (4 -> 0)
  Optimizing lut $abc$36041$lut$aiger36040$4571.genblk1.genblk1.genblk1.genblk1.genblk1.genblk1.genblk1.genblk1.lut1.genblk1.genblk1.genblk1.genblk1.genblk1.genblk1.genblk1.lut0.genblk1.genblk1.genblk1.genblk1.genblk1.genblk1.lut1.genblk1.genblk1.genblk1.genblk1.genblk1.lut0 (4 -> 0)
  Optimizing lut $abc$36041$lut$aiger36040$4571.genblk1.genblk1.genblk1.genblk1.genblk1.genblk1.genblk1.genblk1.lut1.genblk1.genblk1.genblk1.genblk1.genblk1.genblk1.genblk1.lut0.genblk1.genblk1.genblk1.genblk1.genblk1.genblk1.lut0.genblk1.genblk1.genblk1.genblk1.genblk1.lut0 (4 -> 1)
  Optimizing lut $abc$36041$lut$aiger36040$4571.genblk1.genblk1.genblk1.genblk1.genblk1.genblk1.genblk1.genblk1.lut1.genblk1.genblk1.genblk1.genblk1.genblk1.genblk1.genblk1.lut1.genblk1.genblk1.genblk1.genblk1.genblk1.genblk1.lut1.genblk1.genblk1.genblk1.genblk1.genblk1.lut0 (4 -> 1)
  Optimizing lut $abc$36041$lut$aiger36040$4571.genblk1.genblk1.genblk1.genblk1.genblk1.genblk1.genblk1.genblk1.lut1.genblk1.genblk1.genblk1.genblk1.genblk1.genblk1.genblk1.lut1.genblk1.genblk1.genblk1.genblk1.genblk1.genblk1.lut0.genblk1.genblk1.genblk1.genblk1.genblk1.lut0 (4 -> 0)
  Optimizing lut $abc$36041$lut$aiger36040$4571.genblk1.genblk1.genblk1.genblk1.genblk1.genblk1.genblk1.genblk1.lut0.genblk1.genblk1.genblk1.genblk1.genblk1.genblk1.genblk1.lut0.genblk1.genblk1.genblk1.genblk1.genblk1.genblk1.lut1.genblk1.genblk1.genblk1.genblk1.genblk1.lut0 (4 -> 0)
  Optimizing lut $abc$36041$lut$aiger36040$4571.genblk1.genblk1.genblk1.genblk1.genblk1.genblk1.genblk1.genblk1.lut0.genblk1.genblk1.genblk1.genblk1.genblk1.genblk1.genblk1.lut0.genblk1.genblk1.genblk1.genblk1.genblk1.genblk1.lut0.genblk1.genblk1.genblk1.genblk1.genblk1.lut0 (4 -> 0)
  Optimizing lut $abc$36041$lut$aiger36040$4571.genblk1.genblk1.genblk1.genblk1.genblk1.genblk1.genblk1.genblk1.lut0.genblk1.genblk1.genblk1.genblk1.genblk1.genblk1.genblk1.lut1.genblk1.genblk1.genblk1.genblk1.genblk1.genblk1.lut1.genblk1.genblk1.genblk1.genblk1.genblk1.lut0 (4 -> 0)
  Optimizing lut $abc$36041$lut$aiger36040$4571.genblk1.genblk1.genblk1.genblk1.genblk1.genblk1.genblk1.genblk1.lut0.genblk1.genblk1.genblk1.genblk1.genblk1.genblk1.genblk1.lut1.genblk1.genblk1.genblk1.genblk1.genblk1.genblk1.lut0.genblk1.genblk1.genblk1.genblk1.genblk1.lut0 (4 -> 0)
  Optimizing lut $abc$36041$lut$aiger36040$4529.genblk1.genblk1.genblk1.genblk1.genblk1.genblk1.genblk1.genblk1.lut1.genblk1.genblk1.genblk1.genblk1.genblk1.genblk1.genblk1.lut0.genblk1.genblk1.genblk1.genblk1.genblk1.genblk1.lut1.genblk1.genblk1.genblk1.genblk1.genblk1.lut0 (4 -> 0)
  Optimizing lut $abc$36041$lut$aiger36040$4529.genblk1.genblk1.genblk1.genblk1.genblk1.genblk1.genblk1.genblk1.lut1.genblk1.genblk1.genblk1.genblk1.genblk1.genblk1.genblk1.lut0.genblk1.genblk1.genblk1.genblk1.genblk1.genblk1.lut0.genblk1.genblk1.genblk1.genblk1.genblk1.lut0 (4 -> 0)
  Optimizing lut $abc$36041$lut$aiger36040$4529.genblk1.genblk1.genblk1.genblk1.genblk1.genblk1.genblk1.genblk1.lut1.genblk1.genblk1.genblk1.genblk1.genblk1.genblk1.genblk1.lut1.genblk1.genblk1.genblk1.genblk1.genblk1.genblk1.lut1.genblk1.genblk1.genblk1.genblk1.genblk1.lut0 (4 -> 0)
  Optimizing lut $abc$36041$lut$aiger36040$4529.genblk1.genblk1.genblk1.genblk1.genblk1.genblk1.genblk1.genblk1.lut1.genblk1.genblk1.genblk1.genblk1.genblk1.genblk1.genblk1.lut1.genblk1.genblk1.genblk1.genblk1.genblk1.genblk1.lut0.genblk1.genblk1.genblk1.genblk1.genblk1.lut0 (4 -> 0)
  Optimizing lut $abc$36041$lut$aiger36040$4529.genblk1.genblk1.genblk1.genblk1.genblk1.genblk1.genblk1.genblk1.lut0.genblk1.genblk1.genblk1.genblk1.genblk1.genblk1.genblk1.lut0.genblk1.genblk1.genblk1.genblk1.genblk1.genblk1.lut1.genblk1.genblk1.genblk1.genblk1.genblk1.lut0 (4 -> 1)
  Optimizing lut $abc$36041$lut$aiger36040$4529.genblk1.genblk1.genblk1.genblk1.genblk1.genblk1.genblk1.genblk1.lut0.genblk1.genblk1.genblk1.genblk1.genblk1.genblk1.genblk1.lut0.genblk1.genblk1.genblk1.genblk1.genblk1.genblk1.lut0.genblk1.genblk1.genblk1.genblk1.genblk1.lut0 (4 -> 0)
  Optimizing lut $abc$36041$lut$aiger36040$4529.genblk1.genblk1.genblk1.genblk1.genblk1.genblk1.genblk1.genblk1.lut0.genblk1.genblk1.genblk1.genblk1.genblk1.genblk1.genblk1.lut1.genblk1.genblk1.genblk1.genblk1.genblk1.genblk1.lut1.genblk1.genblk1.genblk1.genblk1.genblk1.lut0 (4 -> 0)
  Optimizing lut $abc$36041$lut$aiger36040$4529.genblk1.genblk1.genblk1.genblk1.genblk1.genblk1.genblk1.genblk1.lut0.genblk1.genblk1.genblk1.genblk1.genblk1.genblk1.genblk1.lut1.genblk1.genblk1.genblk1.genblk1.genblk1.genblk1.lut0.genblk1.genblk1.genblk1.genblk1.genblk1.lut0 (4 -> 0)
  Optimizing lut $abc$36041$lut$aiger36040$4542.genblk1.genblk1.genblk1.genblk1.genblk1.genblk1.genblk1.genblk1.lut1.genblk1.genblk1.genblk1.genblk1.genblk1.genblk1.genblk1.lut0.genblk1.genblk1.genblk1.genblk1.genblk1.genblk1.lut1.genblk1.genblk1.genblk1.genblk1.genblk1.lut0 (4 -> 1)
  Optimizing lut $abc$36041$lut$aiger36040$4542.genblk1.genblk1.genblk1.genblk1.genblk1.genblk1.genblk1.genblk1.lut1.genblk1.genblk1.genblk1.genblk1.genblk1.genblk1.genblk1.lut0.genblk1.genblk1.genblk1.genblk1.genblk1.genblk1.lut0.genblk1.genblk1.genblk1.genblk1.genblk1.lut0 (4 -> 0)
  Optimizing lut $abc$36041$lut$aiger36040$4542.genblk1.genblk1.genblk1.genblk1.genblk1.genblk1.genblk1.genblk1.lut1.genblk1.genblk1.genblk1.genblk1.genblk1.genblk1.genblk1.lut1.genblk1.genblk1.genblk1.genblk1.genblk1.genblk1.lut1.genblk1.genblk1.genblk1.genblk1.genblk1.lut0 (4 -> 0)
  Optimizing lut $abc$36041$lut$aiger36040$4542.genblk1.genblk1.genblk1.genblk1.genblk1.genblk1.genblk1.genblk1.lut1.genblk1.genblk1.genblk1.genblk1.genblk1.genblk1.genblk1.lut1.genblk1.genblk1.genblk1.genblk1.genblk1.genblk1.lut0.genblk1.genblk1.genblk1.genblk1.genblk1.lut0 (4 -> 1)
  Optimizing lut $abc$36041$lut$aiger36040$4542.genblk1.genblk1.genblk1.genblk1.genblk1.genblk1.genblk1.genblk1.lut0.genblk1.genblk1.genblk1.genblk1.genblk1.genblk1.genblk1.lut0.genblk1.genblk1.genblk1.genblk1.genblk1.genblk1.lut1.genblk1.genblk1.genblk1.genblk1.genblk1.lut0 (4 -> 0)
  Optimizing lut $abc$36041$lut$aiger36040$4542.genblk1.genblk1.genblk1.genblk1.genblk1.genblk1.genblk1.genblk1.lut0.genblk1.genblk1.genblk1.genblk1.genblk1.genblk1.genblk1.lut0.genblk1.genblk1.genblk1.genblk1.genblk1.genblk1.lut0.genblk1.genblk1.genblk1.genblk1.genblk1.lut0 (4 -> 0)
  Optimizing lut $abc$36041$lut$aiger36040$4542.genblk1.genblk1.genblk1.genblk1.genblk1.genblk1.genblk1.genblk1.lut0.genblk1.genblk1.genblk1.genblk1.genblk1.genblk1.genblk1.lut1.genblk1.genblk1.genblk1.genblk1.genblk1.genblk1.lut1.genblk1.genblk1.genblk1.genblk1.genblk1.lut0 (4 -> 1)
  Optimizing lut $abc$36041$lut$aiger36040$4542.genblk1.genblk1.genblk1.genblk1.genblk1.genblk1.genblk1.genblk1.lut0.genblk1.genblk1.genblk1.genblk1.genblk1.genblk1.genblk1.lut1.genblk1.genblk1.genblk1.genblk1.genblk1.genblk1.lut0.genblk1.genblk1.genblk1.genblk1.genblk1.lut0 (4 -> 1)
  Optimizing lut $abc$36041$lut$aiger36040$4590.genblk1.genblk1.genblk1.genblk1.genblk1.genblk1.genblk1.genblk1.lut1.genblk1.genblk1.genblk1.genblk1.genblk1.genblk1.genblk1.lut0.genblk1.genblk1.genblk1.genblk1.genblk1.genblk1.lut1.genblk1.genblk1.genblk1.genblk1.genblk1.lut0 (4 -> 0)
  Optimizing lut $abc$36041$lut$aiger36040$4590.genblk1.genblk1.genblk1.genblk1.genblk1.genblk1.genblk1.genblk1.lut1.genblk1.genblk1.genblk1.genblk1.genblk1.genblk1.genblk1.lut0.genblk1.genblk1.genblk1.genblk1.genblk1.genblk1.lut0.genblk1.genblk1.genblk1.genblk1.genblk1.lut0 (4 -> 0)
  Optimizing lut $abc$36041$lut$aiger36040$4590.genblk1.genblk1.genblk1.genblk1.genblk1.genblk1.genblk1.genblk1.lut1.genblk1.genblk1.genblk1.genblk1.genblk1.genblk1.genblk1.lut1.genblk1.genblk1.genblk1.genblk1.genblk1.genblk1.lut1.genblk1.genblk1.genblk1.genblk1.genblk1.lut0 (4 -> 0)
  Optimizing lut $abc$36041$lut$aiger36040$4590.genblk1.genblk1.genblk1.genblk1.genblk1.genblk1.genblk1.genblk1.lut1.genblk1.genblk1.genblk1.genblk1.genblk1.genblk1.genblk1.lut1.genblk1.genblk1.genblk1.genblk1.genblk1.genblk1.lut0.genblk1.genblk1.genblk1.genblk1.genblk1.lut0 (4 -> 0)
  Optimizing lut $abc$36041$lut$aiger36040$4590.genblk1.genblk1.genblk1.genblk1.genblk1.genblk1.genblk1.genblk1.lut0.genblk1.genblk1.genblk1.genblk1.genblk1.genblk1.genblk1.lut0.genblk1.genblk1.genblk1.genblk1.genblk1.genblk1.lut1.genblk1.genblk1.genblk1.genblk1.genblk1.lut0 (4 -> 0)
  Optimizing lut $abc$36041$lut$aiger36040$4590.genblk1.genblk1.genblk1.genblk1.genblk1.genblk1.genblk1.genblk1.lut0.genblk1.genblk1.genblk1.genblk1.genblk1.genblk1.genblk1.lut0.genblk1.genblk1.genblk1.genblk1.genblk1.genblk1.lut0.genblk1.genblk1.genblk1.genblk1.genblk1.lut0 (4 -> 0)
  Optimizing lut $abc$36041$lut$aiger36040$4590.genblk1.genblk1.genblk1.genblk1.genblk1.genblk1.genblk1.genblk1.lut0.genblk1.genblk1.genblk1.genblk1.genblk1.genblk1.genblk1.lut1.genblk1.genblk1.genblk1.genblk1.genblk1.genblk1.lut1.genblk1.genblk1.genblk1.genblk1.genblk1.lut0 (4 -> 1)
  Optimizing lut $abc$36041$lut$aiger36040$4590.genblk1.genblk1.genblk1.genblk1.genblk1.genblk1.genblk1.genblk1.lut0.genblk1.genblk1.genblk1.genblk1.genblk1.genblk1.genblk1.lut1.genblk1.genblk1.genblk1.genblk1.genblk1.genblk1.lut0.genblk1.genblk1.genblk1.genblk1.genblk1.lut0 (4 -> 0)
  Optimizing lut $abc$36041$lut$aiger36040$4604.genblk1.genblk1.genblk1.genblk1.genblk1.genblk1.genblk1.genblk1.lut1.genblk1.genblk1.genblk1.genblk1.genblk1.genblk1.genblk1.lut0.genblk1.genblk1.genblk1.genblk1.genblk1.genblk1.lut1.genblk1.genblk1.genblk1.genblk1.genblk1.lut0 (4 -> 1)
  Optimizing lut $abc$36041$lut$aiger36040$4604.genblk1.genblk1.genblk1.genblk1.genblk1.genblk1.genblk1.genblk1.lut1.genblk1.genblk1.genblk1.genblk1.genblk1.genblk1.genblk1.lut0.genblk1.genblk1.genblk1.genblk1.genblk1.genblk1.lut0.genblk1.genblk1.genblk1.genblk1.genblk1.lut0 (4 -> 1)
  Optimizing lut $abc$36041$lut$aiger36040$4604.genblk1.genblk1.genblk1.genblk1.genblk1.genblk1.genblk1.genblk1.lut1.genblk1.genblk1.genblk1.genblk1.genblk1.genblk1.genblk1.lut1.genblk1.genblk1.genblk1.genblk1.genblk1.genblk1.lut1.genblk1.genblk1.genblk1.genblk1.genblk1.lut0 (4 -> 1)
  Optimizing lut $abc$36041$lut$aiger36040$4604.genblk1.genblk1.genblk1.genblk1.genblk1.genblk1.genblk1.genblk1.lut1.genblk1.genblk1.genblk1.genblk1.genblk1.genblk1.genblk1.lut1.genblk1.genblk1.genblk1.genblk1.genblk1.genblk1.lut0.genblk1.genblk1.genblk1.genblk1.genblk1.lut0 (4 -> 0)
  Optimizing lut $abc$36041$lut$aiger36040$4604.genblk1.genblk1.genblk1.genblk1.genblk1.genblk1.genblk1.genblk1.lut0.genblk1.genblk1.genblk1.genblk1.genblk1.genblk1.genblk1.lut0.genblk1.genblk1.genblk1.genblk1.genblk1.genblk1.lut1.genblk1.genblk1.genblk1.genblk1.genblk1.lut0 (4 -> 0)
  Optimizing lut $abc$36041$lut$aiger36040$4604.genblk1.genblk1.genblk1.genblk1.genblk1.genblk1.genblk1.genblk1.lut0.genblk1.genblk1.genblk1.genblk1.genblk1.genblk1.genblk1.lut0.genblk1.genblk1.genblk1.genblk1.genblk1.genblk1.lut0.genblk1.genblk1.genblk1.genblk1.genblk1.lut0 (4 -> 0)
  Optimizing lut $abc$36041$lut$aiger36040$4604.genblk1.genblk1.genblk1.genblk1.genblk1.genblk1.genblk1.genblk1.lut0.genblk1.genblk1.genblk1.genblk1.genblk1.genblk1.genblk1.lut1.genblk1.genblk1.genblk1.genblk1.genblk1.genblk1.lut1.genblk1.genblk1.genblk1.genblk1.genblk1.lut0 (4 -> 0)
  Optimizing lut $abc$36041$lut$aiger36040$4604.genblk1.genblk1.genblk1.genblk1.genblk1.genblk1.genblk1.genblk1.lut0.genblk1.genblk1.genblk1.genblk1.genblk1.genblk1.genblk1.lut1.genblk1.genblk1.genblk1.genblk1.genblk1.genblk1.lut0.genblk1.genblk1.genblk1.genblk1.genblk1.lut0 (4 -> 0)
  Optimizing lut $abc$36041$lut$aiger36040$4620.genblk1.genblk1.genblk1.genblk1.genblk1.genblk1.genblk1.genblk1.lut1.genblk1.genblk1.genblk1.genblk1.genblk1.genblk1.genblk1.lut0.genblk1.genblk1.genblk1.genblk1.genblk1.genblk1.lut1.genblk1.genblk1.genblk1.genblk1.genblk1.lut0 (4 -> 0)
  Optimizing lut $abc$36041$lut$aiger36040$4620.genblk1.genblk1.genblk1.genblk1.genblk1.genblk1.genblk1.genblk1.lut1.genblk1.genblk1.genblk1.genblk1.genblk1.genblk1.genblk1.lut0.genblk1.genblk1.genblk1.genblk1.genblk1.genblk1.lut0.genblk1.genblk1.genblk1.genblk1.genblk1.lut0 (4 -> 0)
  Optimizing lut $abc$36041$lut$aiger36040$4620.genblk1.genblk1.genblk1.genblk1.genblk1.genblk1.genblk1.genblk1.lut1.genblk1.genblk1.genblk1.genblk1.genblk1.genblk1.genblk1.lut1.genblk1.genblk1.genblk1.genblk1.genblk1.genblk1.lut1.genblk1.genblk1.genblk1.genblk1.genblk1.lut0 (4 -> 0)
  Optimizing lut $abc$36041$lut$aiger36040$4620.genblk1.genblk1.genblk1.genblk1.genblk1.genblk1.genblk1.genblk1.lut1.genblk1.genblk1.genblk1.genblk1.genblk1.genblk1.genblk1.lut1.genblk1.genblk1.genblk1.genblk1.genblk1.genblk1.lut0.genblk1.genblk1.genblk1.genblk1.genblk1.lut0 (4 -> 1)
  Optimizing lut $abc$36041$lut$aiger36040$4620.genblk1.genblk1.genblk1.genblk1.genblk1.genblk1.genblk1.genblk1.lut0.genblk1.genblk1.genblk1.genblk1.genblk1.genblk1.genblk1.lut0.genblk1.genblk1.genblk1.genblk1.genblk1.genblk1.lut1.genblk1.genblk1.genblk1.genblk1.genblk1.lut0 (4 -> 0)
  Optimizing lut $abc$36041$lut$aiger36040$4620.genblk1.genblk1.genblk1.genblk1.genblk1.genblk1.genblk1.genblk1.lut0.genblk1.genblk1.genblk1.genblk1.genblk1.genblk1.genblk1.lut0.genblk1.genblk1.genblk1.genblk1.genblk1.genblk1.lut0.genblk1.genblk1.genblk1.genblk1.genblk1.lut0 (4 -> 1)
  Optimizing lut $abc$36041$lut$aiger36040$4620.genblk1.genblk1.genblk1.genblk1.genblk1.genblk1.genblk1.genblk1.lut0.genblk1.genblk1.genblk1.genblk1.genblk1.genblk1.genblk1.lut1.genblk1.genblk1.genblk1.genblk1.genblk1.genblk1.lut1.genblk1.genblk1.genblk1.genblk1.genblk1.lut0 (4 -> 0)
  Optimizing lut $abc$36041$lut$aiger36040$4620.genblk1.genblk1.genblk1.genblk1.genblk1.genblk1.genblk1.genblk1.lut0.genblk1.genblk1.genblk1.genblk1.genblk1.genblk1.genblk1.lut1.genblk1.genblk1.genblk1.genblk1.genblk1.genblk1.lut0.genblk1.genblk1.genblk1.genblk1.genblk1.lut0 (4 -> 1)
  Optimizing lut $abc$36041$lut$aiger36040$4635.genblk1.genblk1.genblk1.genblk1.genblk1.genblk1.genblk1.genblk1.lut1.genblk1.genblk1.genblk1.genblk1.genblk1.genblk1.genblk1.lut0.genblk1.genblk1.genblk1.genblk1.genblk1.genblk1.lut1.genblk1.genblk1.genblk1.genblk1.genblk1.lut0 (4 -> 0)
  Optimizing lut $abc$36041$lut$aiger36040$4635.genblk1.genblk1.genblk1.genblk1.genblk1.genblk1.genblk1.genblk1.lut1.genblk1.genblk1.genblk1.genblk1.genblk1.genblk1.genblk1.lut0.genblk1.genblk1.genblk1.genblk1.genblk1.genblk1.lut0.genblk1.genblk1.genblk1.genblk1.genblk1.lut0 (4 -> 0)
  Optimizing lut $abc$36041$lut$aiger36040$4635.genblk1.genblk1.genblk1.genblk1.genblk1.genblk1.genblk1.genblk1.lut1.genblk1.genblk1.genblk1.genblk1.genblk1.genblk1.genblk1.lut1.genblk1.genblk1.genblk1.genblk1.genblk1.genblk1.lut1.genblk1.genblk1.genblk1.genblk1.genblk1.lut0 (4 -> 0)
  Optimizing lut $abc$36041$lut$aiger36040$4635.genblk1.genblk1.genblk1.genblk1.genblk1.genblk1.genblk1.genblk1.lut1.genblk1.genblk1.genblk1.genblk1.genblk1.genblk1.genblk1.lut1.genblk1.genblk1.genblk1.genblk1.genblk1.genblk1.lut0.genblk1.genblk1.genblk1.genblk1.genblk1.lut0 (4 -> 0)
  Optimizing lut $abc$36041$lut$aiger36040$4635.genblk1.genblk1.genblk1.genblk1.genblk1.genblk1.genblk1.genblk1.lut0.genblk1.genblk1.genblk1.genblk1.genblk1.genblk1.genblk1.lut0.genblk1.genblk1.genblk1.genblk1.genblk1.genblk1.lut1.genblk1.genblk1.genblk1.genblk1.genblk1.lut0 (4 -> 1)
  Optimizing lut $abc$36041$lut$aiger36040$4635.genblk1.genblk1.genblk1.genblk1.genblk1.genblk1.genblk1.genblk1.lut0.genblk1.genblk1.genblk1.genblk1.genblk1.genblk1.genblk1.lut0.genblk1.genblk1.genblk1.genblk1.genblk1.genblk1.lut0.genblk1.genblk1.genblk1.genblk1.genblk1.lut0 (4 -> 0)
  Optimizing lut $abc$36041$lut$aiger36040$4635.genblk1.genblk1.genblk1.genblk1.genblk1.genblk1.genblk1.genblk1.lut0.genblk1.genblk1.genblk1.genblk1.genblk1.genblk1.genblk1.lut1.genblk1.genblk1.genblk1.genblk1.genblk1.genblk1.lut1.genblk1.genblk1.genblk1.genblk1.genblk1.lut0 (4 -> 0)
  Optimizing lut $abc$36041$lut$aiger36040$4635.genblk1.genblk1.genblk1.genblk1.genblk1.genblk1.genblk1.genblk1.lut0.genblk1.genblk1.genblk1.genblk1.genblk1.genblk1.genblk1.lut1.genblk1.genblk1.genblk1.genblk1.genblk1.genblk1.lut0.genblk1.genblk1.genblk1.genblk1.genblk1.lut0 (4 -> 0)
  Optimizing lut $abc$36041$lut$aiger36040$4057.genblk1.genblk1.genblk1.genblk1.genblk1.genblk1.genblk1.genblk1.lut1.genblk1.genblk1.genblk1.genblk1.genblk1.genblk1.genblk1.lut0.genblk1.genblk1.genblk1.genblk1.genblk1.genblk1.lut1.genblk1.genblk1.genblk1.genblk1.genblk1.lut0 (4 -> 1)
  Optimizing lut $abc$36041$lut$aiger36040$4057.genblk1.genblk1.genblk1.genblk1.genblk1.genblk1.genblk1.genblk1.lut1.genblk1.genblk1.genblk1.genblk1.genblk1.genblk1.genblk1.lut0.genblk1.genblk1.genblk1.genblk1.genblk1.genblk1.lut0.genblk1.genblk1.genblk1.genblk1.genblk1.lut0 (4 -> 0)
  Optimizing lut $abc$36041$lut$aiger36040$4057.genblk1.genblk1.genblk1.genblk1.genblk1.genblk1.genblk1.genblk1.lut1.genblk1.genblk1.genblk1.genblk1.genblk1.genblk1.genblk1.lut1.genblk1.genblk1.genblk1.genblk1.genblk1.genblk1.lut1.genblk1.genblk1.genblk1.genblk1.genblk1.lut0 (4 -> 1)
  Optimizing lut $abc$36041$lut$aiger36040$4057.genblk1.genblk1.genblk1.genblk1.genblk1.genblk1.genblk1.genblk1.lut1.genblk1.genblk1.genblk1.genblk1.genblk1.genblk1.genblk1.lut1.genblk1.genblk1.genblk1.genblk1.genblk1.genblk1.lut0.genblk1.genblk1.genblk1.genblk1.genblk1.lut0 (4 -> 0)
  Optimizing lut $abc$36041$lut$aiger36040$4057.genblk1.genblk1.genblk1.genblk1.genblk1.genblk1.genblk1.genblk1.lut0.genblk1.genblk1.genblk1.genblk1.genblk1.genblk1.genblk1.lut0.genblk1.genblk1.genblk1.genblk1.genblk1.genblk1.lut1.genblk1.genblk1.genblk1.genblk1.genblk1.lut0 (4 -> 1)
  Optimizing lut $abc$36041$lut$aiger36040$4057.genblk1.genblk1.genblk1.genblk1.genblk1.genblk1.genblk1.genblk1.lut0.genblk1.genblk1.genblk1.genblk1.genblk1.genblk1.genblk1.lut0.genblk1.genblk1.genblk1.genblk1.genblk1.genblk1.lut0.genblk1.genblk1.genblk1.genblk1.genblk1.lut0 (4 -> 1)
  Optimizing lut $abc$36041$lut$aiger36040$4057.genblk1.genblk1.genblk1.genblk1.genblk1.genblk1.genblk1.genblk1.lut0.genblk1.genblk1.genblk1.genblk1.genblk1.genblk1.genblk1.lut1.genblk1.genblk1.genblk1.genblk1.genblk1.genblk1.lut1.genblk1.genblk1.genblk1.genblk1.genblk1.lut0 (4 -> 0)
  Optimizing lut $abc$36041$lut$aiger36040$4057.genblk1.genblk1.genblk1.genblk1.genblk1.genblk1.genblk1.genblk1.lut0.genblk1.genblk1.genblk1.genblk1.genblk1.genblk1.genblk1.lut1.genblk1.genblk1.genblk1.genblk1.genblk1.genblk1.lut0.genblk1.genblk1.genblk1.genblk1.genblk1.lut0 (4 -> 0)
  Optimizing lut $abc$36041$lut$aiger36040$4072.genblk1.genblk1.genblk1.genblk1.genblk1.genblk1.genblk1.genblk1.lut1.genblk1.genblk1.genblk1.genblk1.genblk1.genblk1.genblk1.lut0.genblk1.genblk1.genblk1.genblk1.genblk1.genblk1.lut1.genblk1.genblk1.genblk1.genblk1.genblk1.lut0 (4 -> 0)
  Optimizing lut $abc$36041$lut$aiger36040$4072.genblk1.genblk1.genblk1.genblk1.genblk1.genblk1.genblk1.genblk1.lut1.genblk1.genblk1.genblk1.genblk1.genblk1.genblk1.genblk1.lut0.genblk1.genblk1.genblk1.genblk1.genblk1.genblk1.lut0.genblk1.genblk1.genblk1.genblk1.genblk1.lut0 (4 -> 0)
  Optimizing lut $abc$36041$lut$aiger36040$4072.genblk1.genblk1.genblk1.genblk1.genblk1.genblk1.genblk1.genblk1.lut1.genblk1.genblk1.genblk1.genblk1.genblk1.genblk1.genblk1.lut1.genblk1.genblk1.genblk1.genblk1.genblk1.genblk1.lut1.genblk1.genblk1.genblk1.genblk1.genblk1.lut0 (4 -> 0)
  Optimizing lut $abc$36041$lut$aiger36040$4072.genblk1.genblk1.genblk1.genblk1.genblk1.genblk1.genblk1.genblk1.lut1.genblk1.genblk1.genblk1.genblk1.genblk1.genblk1.genblk1.lut1.genblk1.genblk1.genblk1.genblk1.genblk1.genblk1.lut0.genblk1.genblk1.genblk1.genblk1.genblk1.lut0 (4 -> 0)
  Optimizing lut $abc$36041$lut$aiger36040$4072.genblk1.genblk1.genblk1.genblk1.genblk1.genblk1.genblk1.genblk1.lut0.genblk1.genblk1.genblk1.genblk1.genblk1.genblk1.genblk1.lut0.genblk1.genblk1.genblk1.genblk1.genblk1.genblk1.lut1.genblk1.genblk1.genblk1.genblk1.genblk1.lut0 (4 -> 0)
  Optimizing lut $abc$36041$lut$aiger36040$4072.genblk1.genblk1.genblk1.genblk1.genblk1.genblk1.genblk1.genblk1.lut0.genblk1.genblk1.genblk1.genblk1.genblk1.genblk1.genblk1.lut0.genblk1.genblk1.genblk1.genblk1.genblk1.genblk1.lut0.genblk1.genblk1.genblk1.genblk1.genblk1.lut0 (4 -> 0)
  Optimizing lut $abc$36041$lut$aiger36040$4072.genblk1.genblk1.genblk1.genblk1.genblk1.genblk1.genblk1.genblk1.lut0.genblk1.genblk1.genblk1.genblk1.genblk1.genblk1.genblk1.lut1.genblk1.genblk1.genblk1.genblk1.genblk1.genblk1.lut1.genblk1.genblk1.genblk1.genblk1.genblk1.lut0 (4 -> 1)
  Optimizing lut $abc$36041$lut$aiger36040$4072.genblk1.genblk1.genblk1.genblk1.genblk1.genblk1.genblk1.genblk1.lut0.genblk1.genblk1.genblk1.genblk1.genblk1.genblk1.genblk1.lut1.genblk1.genblk1.genblk1.genblk1.genblk1.genblk1.lut0.genblk1.genblk1.genblk1.genblk1.genblk1.lut0 (4 -> 1)
  Optimizing lut $abc$36041$lut$aiger36040$4100.genblk1.genblk1.genblk1.genblk1.genblk1.genblk1.genblk1.genblk1.lut1.genblk1.genblk1.genblk1.genblk1.genblk1.genblk1.genblk1.lut0.genblk1.genblk1.genblk1.genblk1.genblk1.genblk1.lut1.genblk1.genblk1.genblk1.genblk1.genblk1.lut0 (4 -> 0)
  Optimizing lut $abc$36041$lut$aiger36040$4100.genblk1.genblk1.genblk1.genblk1.genblk1.genblk1.genblk1.genblk1.lut1.genblk1.genblk1.genblk1.genblk1.genblk1.genblk1.genblk1.lut0.genblk1.genblk1.genblk1.genblk1.genblk1.genblk1.lut0.genblk1.genblk1.genblk1.genblk1.genblk1.lut0 (4 -> 1)
  Optimizing lut $abc$36041$lut$aiger36040$4100.genblk1.genblk1.genblk1.genblk1.genblk1.genblk1.genblk1.genblk1.lut1.genblk1.genblk1.genblk1.genblk1.genblk1.genblk1.genblk1.lut1.genblk1.genblk1.genblk1.genblk1.genblk1.genblk1.lut1.genblk1.genblk1.genblk1.genblk1.genblk1.lut0 (4 -> 0)
  Optimizing lut $abc$36041$lut$aiger36040$4100.genblk1.genblk1.genblk1.genblk1.genblk1.genblk1.genblk1.genblk1.lut1.genblk1.genblk1.genblk1.genblk1.genblk1.genblk1.genblk1.lut1.genblk1.genblk1.genblk1.genblk1.genblk1.genblk1.lut0.genblk1.genblk1.genblk1.genblk1.genblk1.lut0 (4 -> 1)
  Optimizing lut $abc$36041$lut$aiger36040$4100.genblk1.genblk1.genblk1.genblk1.genblk1.genblk1.genblk1.genblk1.lut0.genblk1.genblk1.genblk1.genblk1.genblk1.genblk1.genblk1.lut0.genblk1.genblk1.genblk1.genblk1.genblk1.genblk1.lut1.genblk1.genblk1.genblk1.genblk1.genblk1.lut0 (4 -> 0)
  Optimizing lut $abc$36041$lut$aiger36040$4100.genblk1.genblk1.genblk1.genblk1.genblk1.genblk1.genblk1.genblk1.lut0.genblk1.genblk1.genblk1.genblk1.genblk1.genblk1.genblk1.lut0.genblk1.genblk1.genblk1.genblk1.genblk1.genblk1.lut0.genblk1.genblk1.genblk1.genblk1.genblk1.lut0 (4 -> 0)
  Optimizing lut $abc$36041$lut$aiger36040$4100.genblk1.genblk1.genblk1.genblk1.genblk1.genblk1.genblk1.genblk1.lut0.genblk1.genblk1.genblk1.genblk1.genblk1.genblk1.genblk1.lut1.genblk1.genblk1.genblk1.genblk1.genblk1.genblk1.lut1.genblk1.genblk1.genblk1.genblk1.genblk1.lut0 (4 -> 0)
  Optimizing lut $abc$36041$lut$aiger36040$4100.genblk1.genblk1.genblk1.genblk1.genblk1.genblk1.genblk1.genblk1.lut0.genblk1.genblk1.genblk1.genblk1.genblk1.genblk1.genblk1.lut1.genblk1.genblk1.genblk1.genblk1.genblk1.genblk1.lut0.genblk1.genblk1.genblk1.genblk1.genblk1.lut0 (4 -> 0)
  Optimizing lut $abc$36041$lut$aiger36040$3732.genblk1.genblk1.genblk1.genblk1.genblk1.genblk1.genblk1.genblk1.lut1.genblk1.genblk1.genblk1.genblk1.genblk1.genblk1.genblk1.lut0.genblk1.genblk1.genblk1.genblk1.genblk1.genblk1.lut1.genblk1.genblk1.genblk1.genblk1.genblk1.lut0 (4 -> 0)
  Optimizing lut $abc$36041$lut$aiger36040$3732.genblk1.genblk1.genblk1.genblk1.genblk1.genblk1.genblk1.genblk1.lut1.genblk1.genblk1.genblk1.genblk1.genblk1.genblk1.genblk1.lut0.genblk1.genblk1.genblk1.genblk1.genblk1.genblk1.lut0.genblk1.genblk1.genblk1.genblk1.genblk1.lut0 (4 -> 0)
  Optimizing lut $abc$36041$lut$aiger36040$3732.genblk1.genblk1.genblk1.genblk1.genblk1.genblk1.genblk1.genblk1.lut1.genblk1.genblk1.genblk1.genblk1.genblk1.genblk1.genblk1.lut1.genblk1.genblk1.genblk1.genblk1.genblk1.genblk1.lut1.genblk1.genblk1.genblk1.genblk1.genblk1.lut0 (4 -> 0)
  Optimizing lut $abc$36041$lut$aiger36040$3732.genblk1.genblk1.genblk1.genblk1.genblk1.genblk1.genblk1.genblk1.lut1.genblk1.genblk1.genblk1.genblk1.genblk1.genblk1.genblk1.lut1.genblk1.genblk1.genblk1.genblk1.genblk1.genblk1.lut0.genblk1.genblk1.genblk1.genblk1.genblk1.lut0 (4 -> 0)
  Optimizing lut $abc$36041$lut$aiger36040$3732.genblk1.genblk1.genblk1.genblk1.genblk1.genblk1.genblk1.genblk1.lut0.genblk1.genblk1.genblk1.genblk1.genblk1.genblk1.genblk1.lut0.genblk1.genblk1.genblk1.genblk1.genblk1.genblk1.lut1.genblk1.genblk1.genblk1.genblk1.genblk1.lut0 (4 -> 0)
  Optimizing lut $abc$36041$lut$aiger36040$3732.genblk1.genblk1.genblk1.genblk1.genblk1.genblk1.genblk1.genblk1.lut0.genblk1.genblk1.genblk1.genblk1.genblk1.genblk1.genblk1.lut0.genblk1.genblk1.genblk1.genblk1.genblk1.genblk1.lut0.genblk1.genblk1.genblk1.genblk1.genblk1.lut0 (4 -> 1)
  Optimizing lut $abc$36041$lut$aiger36040$3732.genblk1.genblk1.genblk1.genblk1.genblk1.genblk1.genblk1.genblk1.lut0.genblk1.genblk1.genblk1.genblk1.genblk1.genblk1.genblk1.lut1.genblk1.genblk1.genblk1.genblk1.genblk1.genblk1.lut1.genblk1.genblk1.genblk1.genblk1.genblk1.lut0 (4 -> 1)
  Optimizing lut $abc$36041$lut$aiger36040$3732.genblk1.genblk1.genblk1.genblk1.genblk1.genblk1.genblk1.genblk1.lut0.genblk1.genblk1.genblk1.genblk1.genblk1.genblk1.genblk1.lut1.genblk1.genblk1.genblk1.genblk1.genblk1.genblk1.lut0.genblk1.genblk1.genblk1.genblk1.genblk1.lut0 (4 -> 0)
  Optimizing lut $abc$36041$lut$aiger36040$3745.genblk1.genblk1.genblk1.genblk1.genblk1.genblk1.genblk1.genblk1.lut1.genblk1.genblk1.genblk1.genblk1.genblk1.genblk1.genblk1.lut0.genblk1.genblk1.genblk1.genblk1.genblk1.genblk1.lut1.genblk1.genblk1.genblk1.genblk1.genblk1.lut0 (4 -> 0)
  Optimizing lut $abc$36041$lut$aiger36040$3745.genblk1.genblk1.genblk1.genblk1.genblk1.genblk1.genblk1.genblk1.lut1.genblk1.genblk1.genblk1.genblk1.genblk1.genblk1.genblk1.lut0.genblk1.genblk1.genblk1.genblk1.genblk1.genblk1.lut0.genblk1.genblk1.genblk1.genblk1.genblk1.lut0 (4 -> 1)
  Optimizing lut $abc$36041$lut$aiger36040$3745.genblk1.genblk1.genblk1.genblk1.genblk1.genblk1.genblk1.genblk1.lut1.genblk1.genblk1.genblk1.genblk1.genblk1.genblk1.genblk1.lut1.genblk1.genblk1.genblk1.genblk1.genblk1.genblk1.lut1.genblk1.genblk1.genblk1.genblk1.genblk1.lut0 (4 -> 1)
  Optimizing lut $abc$36041$lut$aiger36040$3745.genblk1.genblk1.genblk1.genblk1.genblk1.genblk1.genblk1.genblk1.lut1.genblk1.genblk1.genblk1.genblk1.genblk1.genblk1.genblk1.lut1.genblk1.genblk1.genblk1.genblk1.genblk1.genblk1.lut0.genblk1.genblk1.genblk1.genblk1.genblk1.lut0 (4 -> 1)
  Optimizing lut $abc$36041$lut$aiger36040$3745.genblk1.genblk1.genblk1.genblk1.genblk1.genblk1.genblk1.genblk1.lut0.genblk1.genblk1.genblk1.genblk1.genblk1.genblk1.genblk1.lut0.genblk1.genblk1.genblk1.genblk1.genblk1.genblk1.lut1.genblk1.genblk1.genblk1.genblk1.genblk1.lut0 (4 -> 0)
  Optimizing lut $abc$36041$lut$aiger36040$3745.genblk1.genblk1.genblk1.genblk1.genblk1.genblk1.genblk1.genblk1.lut0.genblk1.genblk1.genblk1.genblk1.genblk1.genblk1.genblk1.lut0.genblk1.genblk1.genblk1.genblk1.genblk1.genblk1.lut0.genblk1.genblk1.genblk1.genblk1.genblk1.lut0 (4 -> 0)
  Optimizing lut $abc$36041$lut$aiger36040$3745.genblk1.genblk1.genblk1.genblk1.genblk1.genblk1.genblk1.genblk1.lut0.genblk1.genblk1.genblk1.genblk1.genblk1.genblk1.genblk1.lut1.genblk1.genblk1.genblk1.genblk1.genblk1.genblk1.lut1.genblk1.genblk1.genblk1.genblk1.genblk1.lut0 (4 -> 0)
  Optimizing lut $abc$36041$lut$aiger36040$3745.genblk1.genblk1.genblk1.genblk1.genblk1.genblk1.genblk1.genblk1.lut0.genblk1.genblk1.genblk1.genblk1.genblk1.genblk1.genblk1.lut1.genblk1.genblk1.genblk1.genblk1.genblk1.genblk1.lut0.genblk1.genblk1.genblk1.genblk1.genblk1.lut0 (4 -> 1)
  Optimizing lut $abc$36041$lut$aiger36040$3759.genblk1.genblk1.genblk1.genblk1.genblk1.genblk1.genblk1.genblk1.lut1.genblk1.genblk1.genblk1.genblk1.genblk1.genblk1.genblk1.lut0.genblk1.genblk1.genblk1.genblk1.genblk1.genblk1.lut1.genblk1.genblk1.genblk1.genblk1.genblk1.lut0 (4 -> 0)
  Optimizing lut $abc$36041$lut$aiger36040$3759.genblk1.genblk1.genblk1.genblk1.genblk1.genblk1.genblk1.genblk1.lut1.genblk1.genblk1.genblk1.genblk1.genblk1.genblk1.genblk1.lut0.genblk1.genblk1.genblk1.genblk1.genblk1.genblk1.lut0.genblk1.genblk1.genblk1.genblk1.genblk1.lut0 (4 -> 0)
  Optimizing lut $abc$36041$lut$aiger36040$3759.genblk1.genblk1.genblk1.genblk1.genblk1.genblk1.genblk1.genblk1.lut1.genblk1.genblk1.genblk1.genblk1.genblk1.genblk1.genblk1.lut1.genblk1.genblk1.genblk1.genblk1.genblk1.genblk1.lut1.genblk1.genblk1.genblk1.genblk1.genblk1.lut0 (4 -> 0)
  Optimizing lut $abc$36041$lut$aiger36040$3759.genblk1.genblk1.genblk1.genblk1.genblk1.genblk1.genblk1.genblk1.lut1.genblk1.genblk1.genblk1.genblk1.genblk1.genblk1.genblk1.lut1.genblk1.genblk1.genblk1.genblk1.genblk1.genblk1.lut0.genblk1.genblk1.genblk1.genblk1.genblk1.lut0 (4 -> 0)
  Optimizing lut $abc$36041$lut$aiger36040$3759.genblk1.genblk1.genblk1.genblk1.genblk1.genblk1.genblk1.genblk1.lut0.genblk1.genblk1.genblk1.genblk1.genblk1.genblk1.genblk1.lut0.genblk1.genblk1.genblk1.genblk1.genblk1.genblk1.lut1.genblk1.genblk1.genblk1.genblk1.genblk1.lut0 (4 -> 1)
  Optimizing lut $abc$36041$lut$aiger36040$3759.genblk1.genblk1.genblk1.genblk1.genblk1.genblk1.genblk1.genblk1.lut0.genblk1.genblk1.genblk1.genblk1.genblk1.genblk1.genblk1.lut0.genblk1.genblk1.genblk1.genblk1.genblk1.genblk1.lut0.genblk1.genblk1.genblk1.genblk1.genblk1.lut0 (4 -> 0)
  Optimizing lut $abc$36041$lut$aiger36040$3759.genblk1.genblk1.genblk1.genblk1.genblk1.genblk1.genblk1.genblk1.lut0.genblk1.genblk1.genblk1.genblk1.genblk1.genblk1.genblk1.lut1.genblk1.genblk1.genblk1.genblk1.genblk1.genblk1.lut1.genblk1.genblk1.genblk1.genblk1.genblk1.lut0 (4 -> 0)
  Optimizing lut $abc$36041$lut$aiger36040$3759.genblk1.genblk1.genblk1.genblk1.genblk1.genblk1.genblk1.genblk1.lut0.genblk1.genblk1.genblk1.genblk1.genblk1.genblk1.genblk1.lut1.genblk1.genblk1.genblk1.genblk1.genblk1.genblk1.lut0.genblk1.genblk1.genblk1.genblk1.genblk1.lut0 (4 -> 0)
  Optimizing lut $abc$36041$lut$aiger36040$3774.genblk1.genblk1.genblk1.genblk1.genblk1.genblk1.genblk1.genblk1.lut1.genblk1.genblk1.genblk1.genblk1.genblk1.genblk1.genblk1.lut0.genblk1.genblk1.genblk1.genblk1.genblk1.genblk1.lut1.genblk1.genblk1.genblk1.genblk1.genblk1.lut0 (4 -> 1)
  Optimizing lut $abc$36041$lut$aiger36040$3774.genblk1.genblk1.genblk1.genblk1.genblk1.genblk1.genblk1.genblk1.lut1.genblk1.genblk1.genblk1.genblk1.genblk1.genblk1.genblk1.lut0.genblk1.genblk1.genblk1.genblk1.genblk1.genblk1.lut0.genblk1.genblk1.genblk1.genblk1.genblk1.lut0 (4 -> 0)
  Optimizing lut $abc$36041$lut$aiger36040$3774.genblk1.genblk1.genblk1.genblk1.genblk1.genblk1.genblk1.genblk1.lut1.genblk1.genblk1.genblk1.genblk1.genblk1.genblk1.genblk1.lut1.genblk1.genblk1.genblk1.genblk1.genblk1.genblk1.lut1.genblk1.genblk1.genblk1.genblk1.genblk1.lut0 (4 -> 0)
  Optimizing lut $abc$36041$lut$aiger36040$3774.genblk1.genblk1.genblk1.genblk1.genblk1.genblk1.genblk1.genblk1.lut1.genblk1.genblk1.genblk1.genblk1.genblk1.genblk1.genblk1.lut1.genblk1.genblk1.genblk1.genblk1.genblk1.genblk1.lut0.genblk1.genblk1.genblk1.genblk1.genblk1.lut0 (4 -> 0)
  Optimizing lut $abc$36041$lut$aiger36040$3774.genblk1.genblk1.genblk1.genblk1.genblk1.genblk1.genblk1.genblk1.lut0.genblk1.genblk1.genblk1.genblk1.genblk1.genblk1.genblk1.lut0.genblk1.genblk1.genblk1.genblk1.genblk1.genblk1.lut1.genblk1.genblk1.genblk1.genblk1.genblk1.lut0 (4 -> 0)
  Optimizing lut $abc$36041$lut$aiger36040$3774.genblk1.genblk1.genblk1.genblk1.genblk1.genblk1.genblk1.genblk1.lut0.genblk1.genblk1.genblk1.genblk1.genblk1.genblk1.genblk1.lut0.genblk1.genblk1.genblk1.genblk1.genblk1.genblk1.lut0.genblk1.genblk1.genblk1.genblk1.genblk1.lut0 (4 -> 0)
  Optimizing lut $abc$36041$lut$aiger36040$3774.genblk1.genblk1.genblk1.genblk1.genblk1.genblk1.genblk1.genblk1.lut0.genblk1.genblk1.genblk1.genblk1.genblk1.genblk1.genblk1.lut1.genblk1.genblk1.genblk1.genblk1.genblk1.genblk1.lut1.genblk1.genblk1.genblk1.genblk1.genblk1.lut0 (4 -> 0)
  Optimizing lut $abc$36041$lut$aiger36040$3774.genblk1.genblk1.genblk1.genblk1.genblk1.genblk1.genblk1.genblk1.lut0.genblk1.genblk1.genblk1.genblk1.genblk1.genblk1.genblk1.lut1.genblk1.genblk1.genblk1.genblk1.genblk1.genblk1.lut0.genblk1.genblk1.genblk1.genblk1.genblk1.lut0 (4 -> 0)
  Optimizing lut $abc$36041$lut$aiger36040$2648.genblk1.genblk1.genblk1.genblk1.genblk1.genblk1.genblk1.lut1.genblk1.genblk1.genblk1.genblk1.genblk1.genblk1.lut0.genblk1.genblk1.genblk1.genblk1.genblk1.lut1 (4 -> 2)
  Optimizing lut $abc$36041$lut$aiger36040$2660.genblk1.genblk1.genblk1.genblk1.genblk1.genblk1.genblk1.genblk1.lut1.genblk1.genblk1.genblk1.genblk1.genblk1.genblk1.genblk1.lut0.genblk1.genblk1.genblk1.genblk1.genblk1.genblk1.lut0.genblk1.genblk1.genblk1.genblk1.genblk1.lut0 (4 -> 1)
  Optimizing lut $abc$36041$lut$aiger36040$2660.genblk1.genblk1.genblk1.genblk1.genblk1.genblk1.genblk1.genblk1.lut1.genblk1.genblk1.genblk1.genblk1.genblk1.genblk1.genblk1.lut1.genblk1.genblk1.genblk1.genblk1.genblk1.genblk1.lut1.genblk1.genblk1.genblk1.genblk1.genblk1.lut0 (4 -> 0)
  Optimizing lut $abc$36041$lut$aiger36040$2660.genblk1.genblk1.genblk1.genblk1.genblk1.genblk1.genblk1.genblk1.lut1.genblk1.genblk1.genblk1.genblk1.genblk1.genblk1.genblk1.lut1.genblk1.genblk1.genblk1.genblk1.genblk1.genblk1.lut0.genblk1.genblk1.genblk1.genblk1.genblk1.lut0 (4 -> 0)
  Optimizing lut $abc$36041$lut$aiger36040$2660.genblk1.genblk1.genblk1.genblk1.genblk1.genblk1.genblk1.genblk1.lut0.genblk1.genblk1.genblk1.genblk1.genblk1.genblk1.genblk1.lut0.genblk1.genblk1.genblk1.genblk1.genblk1.genblk1.lut1.genblk1.genblk1.genblk1.genblk1.genblk1.lut0 (4 -> 0)
  Optimizing lut $abc$36041$lut$aiger36040$2660.genblk1.genblk1.genblk1.genblk1.genblk1.genblk1.genblk1.genblk1.lut0.genblk1.genblk1.genblk1.genblk1.genblk1.genblk1.genblk1.lut0.genblk1.genblk1.genblk1.genblk1.genblk1.genblk1.lut0.genblk1.genblk1.genblk1.genblk1.genblk1.lut0 (4 -> 0)
  Optimizing lut $abc$36041$lut$aiger36040$2660.genblk1.genblk1.genblk1.genblk1.genblk1.genblk1.genblk1.genblk1.lut0.genblk1.genblk1.genblk1.genblk1.genblk1.genblk1.genblk1.lut1.genblk1.genblk1.genblk1.genblk1.genblk1.genblk1.lut1.genblk1.genblk1.genblk1.genblk1.genblk1.lut0 (4 -> 1)
  Optimizing lut $abc$36041$lut$aiger36040$2660.genblk1.genblk1.genblk1.genblk1.genblk1.genblk1.genblk1.genblk1.lut0.genblk1.genblk1.genblk1.genblk1.genblk1.genblk1.genblk1.lut1.genblk1.genblk1.genblk1.genblk1.genblk1.genblk1.lut0.genblk1.genblk1.genblk1.genblk1.genblk1.lut0 (4 -> 1)
  Optimizing lut $abc$36041$lut$aiger36040$2673.genblk1.genblk1.genblk1.genblk1.genblk1.genblk1.genblk1.genblk1.lut1.genblk1.genblk1.genblk1.genblk1.genblk1.genblk1.genblk1.lut0.genblk1.genblk1.genblk1.genblk1.genblk1.genblk1.lut1.genblk1.genblk1.genblk1.genblk1.genblk1.lut0 (4 -> 0)
  Optimizing lut $abc$36041$lut$aiger36040$2673.genblk1.genblk1.genblk1.genblk1.genblk1.genblk1.genblk1.genblk1.lut1.genblk1.genblk1.genblk1.genblk1.genblk1.genblk1.genblk1.lut0.genblk1.genblk1.genblk1.genblk1.genblk1.genblk1.lut0.genblk1.genblk1.genblk1.genblk1.genblk1.lut0 (4 -> 0)
  Optimizing lut $abc$36041$lut$aiger36040$2673.genblk1.genblk1.genblk1.genblk1.genblk1.genblk1.genblk1.genblk1.lut1.genblk1.genblk1.genblk1.genblk1.genblk1.genblk1.genblk1.lut1.genblk1.genblk1.genblk1.genblk1.genblk1.genblk1.lut1.genblk1.genblk1.genblk1.genblk1.genblk1.lut0 (4 -> 1)
  Optimizing lut $abc$36041$lut$aiger36040$2673.genblk1.genblk1.genblk1.genblk1.genblk1.genblk1.genblk1.genblk1.lut1.genblk1.genblk1.genblk1.genblk1.genblk1.genblk1.genblk1.lut1.genblk1.genblk1.genblk1.genblk1.genblk1.genblk1.lut0.genblk1.genblk1.genblk1.genblk1.genblk1.lut0 (4 -> 1)
  Optimizing lut $abc$36041$lut$aiger36040$2673.genblk1.genblk1.genblk1.genblk1.genblk1.genblk1.genblk1.genblk1.lut0.genblk1.genblk1.genblk1.genblk1.genblk1.genblk1.genblk1.lut0.genblk1.genblk1.genblk1.genblk1.genblk1.genblk1.lut1.genblk1.genblk1.genblk1.genblk1.genblk1.lut0 (4 -> 0)
  Optimizing lut $abc$36041$lut$aiger36040$2673.genblk1.genblk1.genblk1.genblk1.genblk1.genblk1.genblk1.genblk1.lut0.genblk1.genblk1.genblk1.genblk1.genblk1.genblk1.genblk1.lut0.genblk1.genblk1.genblk1.genblk1.genblk1.genblk1.lut0.genblk1.genblk1.genblk1.genblk1.genblk1.lut0 (4 -> 0)
  Optimizing lut $abc$36041$lut$aiger36040$2673.genblk1.genblk1.genblk1.genblk1.genblk1.genblk1.genblk1.genblk1.lut0.genblk1.genblk1.genblk1.genblk1.genblk1.genblk1.genblk1.lut1.genblk1.genblk1.genblk1.genblk1.genblk1.genblk1.lut1.genblk1.genblk1.genblk1.genblk1.genblk1.lut0 (4 -> 0)
  Optimizing lut $abc$36041$lut$aiger36040$2673.genblk1.genblk1.genblk1.genblk1.genblk1.genblk1.genblk1.genblk1.lut0.genblk1.genblk1.genblk1.genblk1.genblk1.genblk1.genblk1.lut1.genblk1.genblk1.genblk1.genblk1.genblk1.genblk1.lut0.genblk1.genblk1.genblk1.genblk1.genblk1.lut0 (4 -> 0)
  Optimizing lut $abc$36041$lut$aiger36040$2687.genblk1.genblk1.genblk1.genblk1.genblk1.genblk1.genblk1.genblk1.lut1.genblk1.genblk1.genblk1.genblk1.genblk1.genblk1.genblk1.lut0.genblk1.genblk1.genblk1.genblk1.genblk1.genblk1.lut1.genblk1.genblk1.genblk1.genblk1.genblk1.lut0 (4 -> 0)
  Optimizing lut $abc$36041$lut$aiger36040$2687.genblk1.genblk1.genblk1.genblk1.genblk1.genblk1.genblk1.genblk1.lut1.genblk1.genblk1.genblk1.genblk1.genblk1.genblk1.genblk1.lut0.genblk1.genblk1.genblk1.genblk1.genblk1.genblk1.lut0.genblk1.genblk1.genblk1.genblk1.genblk1.lut0 (4 -> 0)
  Optimizing lut $abc$36041$lut$aiger36040$2687.genblk1.genblk1.genblk1.genblk1.genblk1.genblk1.genblk1.genblk1.lut1.genblk1.genblk1.genblk1.genblk1.genblk1.genblk1.genblk1.lut1.genblk1.genblk1.genblk1.genblk1.genblk1.genblk1.lut1.genblk1.genblk1.genblk1.genblk1.genblk1.lut0 (4 -> 0)
  Optimizing lut $abc$36041$lut$aiger36040$2687.genblk1.genblk1.genblk1.genblk1.genblk1.genblk1.genblk1.genblk1.lut1.genblk1.genblk1.genblk1.genblk1.genblk1.genblk1.genblk1.lut1.genblk1.genblk1.genblk1.genblk1.genblk1.genblk1.lut0.genblk1.genblk1.genblk1.genblk1.genblk1.lut0 (4 -> 0)
  Optimizing lut $abc$36041$lut$aiger36040$2687.genblk1.genblk1.genblk1.genblk1.genblk1.genblk1.genblk1.genblk1.lut0.genblk1.genblk1.genblk1.genblk1.genblk1.genblk1.genblk1.lut0.genblk1.genblk1.genblk1.genblk1.genblk1.genblk1.lut1.genblk1.genblk1.genblk1.genblk1.genblk1.lut0 (4 -> 0)
  Optimizing lut $abc$36041$lut$aiger36040$2687.genblk1.genblk1.genblk1.genblk1.genblk1.genblk1.genblk1.genblk1.lut0.genblk1.genblk1.genblk1.genblk1.genblk1.genblk1.genblk1.lut0.genblk1.genblk1.genblk1.genblk1.genblk1.genblk1.lut0.genblk1.genblk1.genblk1.genblk1.genblk1.lut0 (4 -> 1)
  Optimizing lut $abc$36041$lut$aiger36040$2687.genblk1.genblk1.genblk1.genblk1.genblk1.genblk1.genblk1.genblk1.lut0.genblk1.genblk1.genblk1.genblk1.genblk1.genblk1.genblk1.lut1.genblk1.genblk1.genblk1.genblk1.genblk1.genblk1.lut1.genblk1.genblk1.genblk1.genblk1.genblk1.lut0 (4 -> 0)
  Optimizing lut $abc$36041$lut$aiger36040$2687.genblk1.genblk1.genblk1.genblk1.genblk1.genblk1.genblk1.genblk1.lut0.genblk1.genblk1.genblk1.genblk1.genblk1.genblk1.genblk1.lut1.genblk1.genblk1.genblk1.genblk1.genblk1.genblk1.lut0.genblk1.genblk1.genblk1.genblk1.genblk1.lut0 (4 -> 0)
  Optimizing lut $abc$36041$lut$aiger36040$2695.genblk1.genblk1.genblk1.genblk1.genblk1.genblk1.genblk1.genblk1.lut1.genblk1.genblk1.genblk1.genblk1.genblk1.genblk1.genblk1.lut0.genblk1.genblk1.genblk1.genblk1.genblk1.genblk1.lut1.genblk1.genblk1.genblk1.genblk1.genblk1.lut0 (4 -> 0)
  Optimizing lut $abc$36041$lut$aiger36040$2695.genblk1.genblk1.genblk1.genblk1.genblk1.genblk1.genblk1.genblk1.lut1.genblk1.genblk1.genblk1.genblk1.genblk1.genblk1.genblk1.lut0.genblk1.genblk1.genblk1.genblk1.genblk1.genblk1.lut0.genblk1.genblk1.genblk1.genblk1.genblk1.lut0 (4 -> 0)
  Optimizing lut $abc$36041$lut$aiger36040$2695.genblk1.genblk1.genblk1.genblk1.genblk1.genblk1.genblk1.genblk1.lut1.genblk1.genblk1.genblk1.genblk1.genblk1.genblk1.genblk1.lut1.genblk1.genblk1.genblk1.genblk1.genblk1.genblk1.lut1.genblk1.genblk1.genblk1.genblk1.genblk1.lut0 (4 -> 0)
  Optimizing lut $abc$36041$lut$aiger36040$2695.genblk1.genblk1.genblk1.genblk1.genblk1.genblk1.genblk1.genblk1.lut1.genblk1.genblk1.genblk1.genblk1.genblk1.genblk1.genblk1.lut1.genblk1.genblk1.genblk1.genblk1.genblk1.genblk1.lut0.genblk1.genblk1.genblk1.genblk1.genblk1.lut0 (4 -> 0)
  Optimizing lut $abc$36041$lut$aiger36040$2695.genblk1.genblk1.genblk1.genblk1.genblk1.genblk1.genblk1.genblk1.lut0.genblk1.genblk1.genblk1.genblk1.genblk1.genblk1.genblk1.lut0.genblk1.genblk1.genblk1.genblk1.genblk1.genblk1.lut1.genblk1.genblk1.genblk1.genblk1.genblk1.lut0 (4 -> 0)
  Optimizing lut $abc$36041$lut$aiger36040$2695.genblk1.genblk1.genblk1.genblk1.genblk1.genblk1.genblk1.genblk1.lut0.genblk1.genblk1.genblk1.genblk1.genblk1.genblk1.genblk1.lut0.genblk1.genblk1.genblk1.genblk1.genblk1.genblk1.lut0.genblk1.genblk1.genblk1.genblk1.genblk1.lut0 (4 -> 0)
  Optimizing lut $abc$36041$lut$aiger36040$2695.genblk1.genblk1.genblk1.genblk1.genblk1.genblk1.genblk1.genblk1.lut0.genblk1.genblk1.genblk1.genblk1.genblk1.genblk1.genblk1.lut1.genblk1.genblk1.genblk1.genblk1.genblk1.genblk1.lut1.genblk1.genblk1.genblk1.genblk1.genblk1.lut0 (4 -> 0)
  Optimizing lut $abc$36041$lut$aiger36040$2695.genblk1.genblk1.genblk1.genblk1.genblk1.genblk1.genblk1.genblk1.lut0.genblk1.genblk1.genblk1.genblk1.genblk1.genblk1.genblk1.lut1.genblk1.genblk1.genblk1.genblk1.genblk1.genblk1.lut0.genblk1.genblk1.genblk1.genblk1.genblk1.lut0 (4 -> 0)
  Optimizing lut $abc$36041$lut$aiger36040$2339.genblk1.genblk1.genblk1.genblk1.genblk1.genblk1.genblk1.genblk1.lut1.genblk1.genblk1.genblk1.genblk1.genblk1.genblk1.genblk1.lut0.genblk1.genblk1.genblk1.genblk1.genblk1.genblk1.lut1.genblk1.genblk1.genblk1.genblk1.genblk1.lut0 (4 -> 1)
  Optimizing lut $abc$36041$lut$aiger36040$2339.genblk1.genblk1.genblk1.genblk1.genblk1.genblk1.genblk1.genblk1.lut1.genblk1.genblk1.genblk1.genblk1.genblk1.genblk1.genblk1.lut0.genblk1.genblk1.genblk1.genblk1.genblk1.genblk1.lut0.genblk1.genblk1.genblk1.genblk1.genblk1.lut0 (4 -> 0)
  Optimizing lut $abc$36041$lut$aiger36040$2339.genblk1.genblk1.genblk1.genblk1.genblk1.genblk1.genblk1.genblk1.lut1.genblk1.genblk1.genblk1.genblk1.genblk1.genblk1.genblk1.lut1.genblk1.genblk1.genblk1.genblk1.genblk1.genblk1.lut1.genblk1.genblk1.genblk1.genblk1.genblk1.lut0 (4 -> 1)
  Optimizing lut $abc$36041$lut$aiger36040$2339.genblk1.genblk1.genblk1.genblk1.genblk1.genblk1.genblk1.genblk1.lut1.genblk1.genblk1.genblk1.genblk1.genblk1.genblk1.genblk1.lut1.genblk1.genblk1.genblk1.genblk1.genblk1.genblk1.lut0.genblk1.genblk1.genblk1.genblk1.genblk1.lut0 (4 -> 0)
  Optimizing lut $abc$36041$lut$aiger36040$2339.genblk1.genblk1.genblk1.genblk1.genblk1.genblk1.genblk1.genblk1.lut0.genblk1.genblk1.genblk1.genblk1.genblk1.genblk1.genblk1.lut0.genblk1.genblk1.genblk1.genblk1.genblk1.genblk1.lut1.genblk1.genblk1.genblk1.genblk1.genblk1.lut0 (4 -> 1)
  Optimizing lut $abc$36041$lut$aiger36040$2339.genblk1.genblk1.genblk1.genblk1.genblk1.genblk1.genblk1.genblk1.lut0.genblk1.genblk1.genblk1.genblk1.genblk1.genblk1.genblk1.lut0.genblk1.genblk1.genblk1.genblk1.genblk1.genblk1.lut0.genblk1.genblk1.genblk1.genblk1.genblk1.lut0 (4 -> 1)
  Optimizing lut $abc$36041$lut$aiger36040$2339.genblk1.genblk1.genblk1.genblk1.genblk1.genblk1.genblk1.genblk1.lut0.genblk1.genblk1.genblk1.genblk1.genblk1.genblk1.genblk1.lut1.genblk1.genblk1.genblk1.genblk1.genblk1.genblk1.lut1.genblk1.genblk1.genblk1.genblk1.genblk1.lut0 (4 -> 0)
  Optimizing lut $abc$36041$lut$aiger36040$2339.genblk1.genblk1.genblk1.genblk1.genblk1.genblk1.genblk1.genblk1.lut0.genblk1.genblk1.genblk1.genblk1.genblk1.genblk1.genblk1.lut1.genblk1.genblk1.genblk1.genblk1.genblk1.genblk1.lut0.genblk1.genblk1.genblk1.genblk1.genblk1.lut0 (4 -> 0)
  Optimizing lut $abc$36041$lut$aiger36040$2347.genblk1.genblk1.genblk1.genblk1.genblk1.genblk1.genblk1.lut1.genblk1.genblk1.genblk1.genblk1.genblk1.genblk1.lut0.genblk1.genblk1.genblk1.genblk1.genblk1.lut1 (4 -> 0)
  Optimizing lut $abc$36041$lut$aiger36040$2379.genblk1.genblk1.genblk1.genblk1.genblk1.genblk1.genblk1.genblk1.lut1.genblk1.genblk1.genblk1.genblk1.genblk1.genblk1.genblk1.lut0.genblk1.genblk1.genblk1.genblk1.genblk1.genblk1.lut0.genblk1.genblk1.genblk1.genblk1.genblk1.lut0 (4 -> 0)
  Optimizing lut $abc$36041$lut$aiger36040$2379.genblk1.genblk1.genblk1.genblk1.genblk1.genblk1.genblk1.genblk1.lut1.genblk1.genblk1.genblk1.genblk1.genblk1.genblk1.genblk1.lut1.genblk1.genblk1.genblk1.genblk1.genblk1.genblk1.lut1.genblk1.genblk1.genblk1.genblk1.genblk1.lut0 (4 -> 0)
  Optimizing lut $abc$36041$lut$aiger36040$2379.genblk1.genblk1.genblk1.genblk1.genblk1.genblk1.genblk1.genblk1.lut1.genblk1.genblk1.genblk1.genblk1.genblk1.genblk1.genblk1.lut1.genblk1.genblk1.genblk1.genblk1.genblk1.genblk1.lut0.genblk1.genblk1.genblk1.genblk1.genblk1.lut0 (4 -> 0)
  Optimizing lut $abc$36041$lut$aiger36040$2379.genblk1.genblk1.genblk1.genblk1.genblk1.genblk1.genblk1.genblk1.lut0.genblk1.genblk1.genblk1.genblk1.genblk1.genblk1.genblk1.lut0.genblk1.genblk1.genblk1.genblk1.genblk1.genblk1.lut1.genblk1.genblk1.genblk1.genblk1.genblk1.lut0 (4 -> 0)
  Optimizing lut $abc$36041$lut$aiger36040$2379.genblk1.genblk1.genblk1.genblk1.genblk1.genblk1.genblk1.genblk1.lut0.genblk1.genblk1.genblk1.genblk1.genblk1.genblk1.genblk1.lut0.genblk1.genblk1.genblk1.genblk1.genblk1.genblk1.lut0.genblk1.genblk1.genblk1.genblk1.genblk1.lut0 (4 -> 0)
  Optimizing lut $abc$36041$lut$aiger36040$2379.genblk1.genblk1.genblk1.genblk1.genblk1.genblk1.genblk1.genblk1.lut0.genblk1.genblk1.genblk1.genblk1.genblk1.genblk1.genblk1.lut1.genblk1.genblk1.genblk1.genblk1.genblk1.genblk1.lut1.genblk1.genblk1.genblk1.genblk1.genblk1.lut0 (4 -> 1)
  Optimizing lut $abc$36041$lut$aiger36040$2379.genblk1.genblk1.genblk1.genblk1.genblk1.genblk1.genblk1.genblk1.lut0.genblk1.genblk1.genblk1.genblk1.genblk1.genblk1.genblk1.lut1.genblk1.genblk1.genblk1.genblk1.genblk1.genblk1.lut0.genblk1.genblk1.genblk1.genblk1.genblk1.lut0 (4 -> 0)
  Optimizing lut $abc$36041$lut$aiger36040$7754.genblk1.genblk1.genblk1.genblk1.genblk1.genblk1.genblk1.lut1.genblk1.genblk1.genblk1.genblk1.genblk1.genblk1.lut0.genblk1.genblk1.genblk1.genblk1.genblk1.lut1 (4 -> 3)
  Optimizing lut $abc$36041$lut$aiger36040$2397.genblk1.genblk1.genblk1.genblk1.genblk1.genblk1.genblk1.genblk1.lut1.genblk1.genblk1.genblk1.genblk1.genblk1.genblk1.genblk1.lut0.genblk1.genblk1.genblk1.genblk1.genblk1.genblk1.lut0.genblk1.genblk1.genblk1.genblk1.genblk1.lut0 (4 -> 1)
  Optimizing lut $abc$36041$lut$aiger36040$2397.genblk1.genblk1.genblk1.genblk1.genblk1.genblk1.genblk1.genblk1.lut1.genblk1.genblk1.genblk1.genblk1.genblk1.genblk1.genblk1.lut1.genblk1.genblk1.genblk1.genblk1.genblk1.genblk1.lut1.genblk1.genblk1.genblk1.genblk1.genblk1.lut0 (4 -> 1)
  Optimizing lut $abc$36041$lut$aiger36040$2397.genblk1.genblk1.genblk1.genblk1.genblk1.genblk1.genblk1.genblk1.lut1.genblk1.genblk1.genblk1.genblk1.genblk1.genblk1.genblk1.lut1.genblk1.genblk1.genblk1.genblk1.genblk1.genblk1.lut0.genblk1.genblk1.genblk1.genblk1.genblk1.lut0 (4 -> 0)
  Optimizing lut $abc$36041$lut$aiger36040$2397.genblk1.genblk1.genblk1.genblk1.genblk1.genblk1.genblk1.genblk1.lut0.genblk1.genblk1.genblk1.genblk1.genblk1.genblk1.genblk1.lut0.genblk1.genblk1.genblk1.genblk1.genblk1.genblk1.lut1.genblk1.genblk1.genblk1.genblk1.genblk1.lut0 (4 -> 0)
  Optimizing lut $abc$36041$lut$aiger36040$2397.genblk1.genblk1.genblk1.genblk1.genblk1.genblk1.genblk1.genblk1.lut0.genblk1.genblk1.genblk1.genblk1.genblk1.genblk1.genblk1.lut0.genblk1.genblk1.genblk1.genblk1.genblk1.genblk1.lut0.genblk1.genblk1.genblk1.genblk1.genblk1.lut0 (4 -> 0)
  Optimizing lut $abc$36041$lut$aiger36040$2397.genblk1.genblk1.genblk1.genblk1.genblk1.genblk1.genblk1.genblk1.lut0.genblk1.genblk1.genblk1.genblk1.genblk1.genblk1.genblk1.lut1.genblk1.genblk1.genblk1.genblk1.genblk1.genblk1.lut1.genblk1.genblk1.genblk1.genblk1.genblk1.lut0 (4 -> 0)
  Optimizing lut $abc$36041$lut$aiger36040$2397.genblk1.genblk1.genblk1.genblk1.genblk1.genblk1.genblk1.genblk1.lut0.genblk1.genblk1.genblk1.genblk1.genblk1.genblk1.genblk1.lut1.genblk1.genblk1.genblk1.genblk1.genblk1.genblk1.lut0.genblk1.genblk1.genblk1.genblk1.genblk1.lut0 (4 -> 0)
  Optimizing lut $abc$36041$lut$aiger36040$2412.genblk1.genblk1.genblk1.genblk1.genblk1.genblk1.genblk1.genblk1.lut1.genblk1.genblk1.genblk1.genblk1.genblk1.genblk1.genblk1.lut0.genblk1.genblk1.genblk1.genblk1.genblk1.genblk1.lut1.genblk1.genblk1.genblk1.genblk1.genblk1.lut0 (4 -> 0)
  Optimizing lut $abc$36041$lut$aiger36040$2412.genblk1.genblk1.genblk1.genblk1.genblk1.genblk1.genblk1.genblk1.lut1.genblk1.genblk1.genblk1.genblk1.genblk1.genblk1.genblk1.lut0.genblk1.genblk1.genblk1.genblk1.genblk1.genblk1.lut0.genblk1.genblk1.genblk1.genblk1.genblk1.lut0 (4 -> 0)
  Optimizing lut $abc$36041$lut$aiger36040$2412.genblk1.genblk1.genblk1.genblk1.genblk1.genblk1.genblk1.genblk1.lut1.genblk1.genblk1.genblk1.genblk1.genblk1.genblk1.genblk1.lut1.genblk1.genblk1.genblk1.genblk1.genblk1.genblk1.lut1.genblk1.genblk1.genblk1.genblk1.genblk1.lut0 (4 -> 0)
  Optimizing lut $abc$36041$lut$aiger36040$2412.genblk1.genblk1.genblk1.genblk1.genblk1.genblk1.genblk1.genblk1.lut1.genblk1.genblk1.genblk1.genblk1.genblk1.genblk1.genblk1.lut1.genblk1.genblk1.genblk1.genblk1.genblk1.genblk1.lut0.genblk1.genblk1.genblk1.genblk1.genblk1.lut0 (4 -> 1)
  Optimizing lut $abc$36041$lut$aiger36040$2412.genblk1.genblk1.genblk1.genblk1.genblk1.genblk1.genblk1.genblk1.lut0.genblk1.genblk1.genblk1.genblk1.genblk1.genblk1.genblk1.lut0.genblk1.genblk1.genblk1.genblk1.genblk1.genblk1.lut1.genblk1.genblk1.genblk1.genblk1.genblk1.lut0 (4 -> 1)
  Optimizing lut $abc$36041$lut$aiger36040$2412.genblk1.genblk1.genblk1.genblk1.genblk1.genblk1.genblk1.genblk1.lut0.genblk1.genblk1.genblk1.genblk1.genblk1.genblk1.genblk1.lut0.genblk1.genblk1.genblk1.genblk1.genblk1.genblk1.lut0.genblk1.genblk1.genblk1.genblk1.genblk1.lut0 (4 -> 0)
  Optimizing lut $abc$36041$lut$aiger36040$2412.genblk1.genblk1.genblk1.genblk1.genblk1.genblk1.genblk1.genblk1.lut0.genblk1.genblk1.genblk1.genblk1.genblk1.genblk1.genblk1.lut1.genblk1.genblk1.genblk1.genblk1.genblk1.genblk1.lut1.genblk1.genblk1.genblk1.genblk1.genblk1.lut0 (4 -> 0)
  Optimizing lut $abc$36041$lut$aiger36040$2412.genblk1.genblk1.genblk1.genblk1.genblk1.genblk1.genblk1.genblk1.lut0.genblk1.genblk1.genblk1.genblk1.genblk1.genblk1.genblk1.lut1.genblk1.genblk1.genblk1.genblk1.genblk1.genblk1.lut0.genblk1.genblk1.genblk1.genblk1.genblk1.lut0 (4 -> 0)
  Optimizing lut $abc$36041$lut$aiger36040$2427.genblk1.genblk1.genblk1.genblk1.genblk1.genblk1.genblk1.genblk1.lut1.genblk1.genblk1.genblk1.genblk1.genblk1.genblk1.genblk1.lut0.genblk1.genblk1.genblk1.genblk1.genblk1.genblk1.lut1.genblk1.genblk1.genblk1.genblk1.genblk1.lut0 (4 -> 0)
  Optimizing lut $abc$36041$lut$aiger36040$2427.genblk1.genblk1.genblk1.genblk1.genblk1.genblk1.genblk1.genblk1.lut1.genblk1.genblk1.genblk1.genblk1.genblk1.genblk1.genblk1.lut0.genblk1.genblk1.genblk1.genblk1.genblk1.genblk1.lut0.genblk1.genblk1.genblk1.genblk1.genblk1.lut0 (4 -> 0)
  Optimizing lut $abc$36041$lut$aiger36040$2427.genblk1.genblk1.genblk1.genblk1.genblk1.genblk1.genblk1.genblk1.lut1.genblk1.genblk1.genblk1.genblk1.genblk1.genblk1.genblk1.lut1.genblk1.genblk1.genblk1.genblk1.genblk1.genblk1.lut1.genblk1.genblk1.genblk1.genblk1.genblk1.lut0 (4 -> 0)
  Optimizing lut $abc$36041$lut$aiger36040$2427.genblk1.genblk1.genblk1.genblk1.genblk1.genblk1.genblk1.genblk1.lut1.genblk1.genblk1.genblk1.genblk1.genblk1.genblk1.genblk1.lut1.genblk1.genblk1.genblk1.genblk1.genblk1.genblk1.lut0.genblk1.genblk1.genblk1.genblk1.genblk1.lut0 (4 -> 0)
  Optimizing lut $abc$36041$lut$aiger36040$2427.genblk1.genblk1.genblk1.genblk1.genblk1.genblk1.genblk1.genblk1.lut0.genblk1.genblk1.genblk1.genblk1.genblk1.genblk1.genblk1.lut0.genblk1.genblk1.genblk1.genblk1.genblk1.genblk1.lut1.genblk1.genblk1.genblk1.genblk1.genblk1.lut0 (4 -> 0)
  Optimizing lut $abc$36041$lut$aiger36040$2427.genblk1.genblk1.genblk1.genblk1.genblk1.genblk1.genblk1.genblk1.lut0.genblk1.genblk1.genblk1.genblk1.genblk1.genblk1.genblk1.lut0.genblk1.genblk1.genblk1.genblk1.genblk1.genblk1.lut0.genblk1.genblk1.genblk1.genblk1.genblk1.lut0 (4 -> 0)
  Optimizing lut $abc$36041$lut$aiger36040$2427.genblk1.genblk1.genblk1.genblk1.genblk1.genblk1.genblk1.genblk1.lut0.genblk1.genblk1.genblk1.genblk1.genblk1.genblk1.genblk1.lut1.genblk1.genblk1.genblk1.genblk1.genblk1.genblk1.lut1.genblk1.genblk1.genblk1.genblk1.genblk1.lut0 (4 -> 1)
  Optimizing lut $abc$36041$lut$aiger36040$2427.genblk1.genblk1.genblk1.genblk1.genblk1.genblk1.genblk1.genblk1.lut0.genblk1.genblk1.genblk1.genblk1.genblk1.genblk1.genblk1.lut1.genblk1.genblk1.genblk1.genblk1.genblk1.genblk1.lut0.genblk1.genblk1.genblk1.genblk1.genblk1.lut0 (4 -> 0)
  Optimizing lut $abc$36041$lut$aiger36040$2442.genblk1.genblk1.genblk1.genblk1.genblk1.genblk1.genblk1.genblk1.lut1.genblk1.genblk1.genblk1.genblk1.genblk1.genblk1.genblk1.lut0.genblk1.genblk1.genblk1.genblk1.genblk1.genblk1.lut1.genblk1.genblk1.genblk1.genblk1.genblk1.lut0 (4 -> 0)
  Optimizing lut $abc$36041$lut$aiger36040$2442.genblk1.genblk1.genblk1.genblk1.genblk1.genblk1.genblk1.genblk1.lut1.genblk1.genblk1.genblk1.genblk1.genblk1.genblk1.genblk1.lut0.genblk1.genblk1.genblk1.genblk1.genblk1.genblk1.lut0.genblk1.genblk1.genblk1.genblk1.genblk1.lut0 (4 -> 0)
  Optimizing lut $abc$36041$lut$aiger36040$2442.genblk1.genblk1.genblk1.genblk1.genblk1.genblk1.genblk1.genblk1.lut1.genblk1.genblk1.genblk1.genblk1.genblk1.genblk1.genblk1.lut1.genblk1.genblk1.genblk1.genblk1.genblk1.genblk1.lut1.genblk1.genblk1.genblk1.genblk1.genblk1.lut0 (4 -> 0)
  Optimizing lut $abc$36041$lut$aiger36040$2442.genblk1.genblk1.genblk1.genblk1.genblk1.genblk1.genblk1.genblk1.lut1.genblk1.genblk1.genblk1.genblk1.genblk1.genblk1.genblk1.lut1.genblk1.genblk1.genblk1.genblk1.genblk1.genblk1.lut0.genblk1.genblk1.genblk1.genblk1.genblk1.lut0 (4 -> 0)
  Optimizing lut $abc$36041$lut$aiger36040$2442.genblk1.genblk1.genblk1.genblk1.genblk1.genblk1.genblk1.genblk1.lut0.genblk1.genblk1.genblk1.genblk1.genblk1.genblk1.genblk1.lut0.genblk1.genblk1.genblk1.genblk1.genblk1.genblk1.lut1.genblk1.genblk1.genblk1.genblk1.genblk1.lut0 (4 -> 0)
  Optimizing lut $abc$36041$lut$aiger36040$2442.genblk1.genblk1.genblk1.genblk1.genblk1.genblk1.genblk1.genblk1.lut0.genblk1.genblk1.genblk1.genblk1.genblk1.genblk1.genblk1.lut0.genblk1.genblk1.genblk1.genblk1.genblk1.genblk1.lut0.genblk1.genblk1.genblk1.genblk1.genblk1.lut0 (4 -> 1)
  Optimizing lut $abc$36041$lut$aiger36040$2442.genblk1.genblk1.genblk1.genblk1.genblk1.genblk1.genblk1.genblk1.lut0.genblk1.genblk1.genblk1.genblk1.genblk1.genblk1.genblk1.lut1.genblk1.genblk1.genblk1.genblk1.genblk1.genblk1.lut1.genblk1.genblk1.genblk1.genblk1.genblk1.lut0 (4 -> 0)
  Optimizing lut $abc$36041$lut$aiger36040$2442.genblk1.genblk1.genblk1.genblk1.genblk1.genblk1.genblk1.genblk1.lut0.genblk1.genblk1.genblk1.genblk1.genblk1.genblk1.genblk1.lut1.genblk1.genblk1.genblk1.genblk1.genblk1.genblk1.lut0.genblk1.genblk1.genblk1.genblk1.genblk1.lut0 (4 -> 1)
  Optimizing lut $abc$36041$lut$aiger36040$2184.genblk1.genblk1.genblk1.genblk1.genblk1.genblk1.genblk1.genblk1.lut1.genblk1.genblk1.genblk1.genblk1.genblk1.genblk1.genblk1.lut0.genblk1.genblk1.genblk1.genblk1.genblk1.genblk1.lut1.genblk1.genblk1.genblk1.genblk1.genblk1.lut0 (4 -> 0)
  Optimizing lut $abc$36041$lut$aiger36040$2184.genblk1.genblk1.genblk1.genblk1.genblk1.genblk1.genblk1.genblk1.lut1.genblk1.genblk1.genblk1.genblk1.genblk1.genblk1.genblk1.lut0.genblk1.genblk1.genblk1.genblk1.genblk1.genblk1.lut0.genblk1.genblk1.genblk1.genblk1.genblk1.lut0 (4 -> 0)
  Optimizing lut $abc$36041$lut$aiger36040$2184.genblk1.genblk1.genblk1.genblk1.genblk1.genblk1.genblk1.genblk1.lut1.genblk1.genblk1.genblk1.genblk1.genblk1.genblk1.genblk1.lut1.genblk1.genblk1.genblk1.genblk1.genblk1.genblk1.lut1.genblk1.genblk1.genblk1.genblk1.genblk1.lut0 (4 -> 0)
  Optimizing lut $abc$36041$lut$aiger36040$2184.genblk1.genblk1.genblk1.genblk1.genblk1.genblk1.genblk1.genblk1.lut1.genblk1.genblk1.genblk1.genblk1.genblk1.genblk1.genblk1.lut1.genblk1.genblk1.genblk1.genblk1.genblk1.genblk1.lut0.genblk1.genblk1.genblk1.genblk1.genblk1.lut0 (4 -> 1)
  Optimizing lut $abc$36041$lut$aiger36040$2184.genblk1.genblk1.genblk1.genblk1.genblk1.genblk1.genblk1.genblk1.lut0.genblk1.genblk1.genblk1.genblk1.genblk1.genblk1.genblk1.lut0.genblk1.genblk1.genblk1.genblk1.genblk1.genblk1.lut1.genblk1.genblk1.genblk1.genblk1.genblk1.lut0 (4 -> 1)
  Optimizing lut $abc$36041$lut$aiger36040$2184.genblk1.genblk1.genblk1.genblk1.genblk1.genblk1.genblk1.genblk1.lut0.genblk1.genblk1.genblk1.genblk1.genblk1.genblk1.genblk1.lut0.genblk1.genblk1.genblk1.genblk1.genblk1.genblk1.lut0.genblk1.genblk1.genblk1.genblk1.genblk1.lut0 (4 -> 0)
  Optimizing lut $abc$36041$lut$aiger36040$2184.genblk1.genblk1.genblk1.genblk1.genblk1.genblk1.genblk1.genblk1.lut0.genblk1.genblk1.genblk1.genblk1.genblk1.genblk1.genblk1.lut1.genblk1.genblk1.genblk1.genblk1.genblk1.genblk1.lut1.genblk1.genblk1.genblk1.genblk1.genblk1.lut0 (4 -> 0)
  Optimizing lut $abc$36041$lut$aiger36040$2184.genblk1.genblk1.genblk1.genblk1.genblk1.genblk1.genblk1.genblk1.lut0.genblk1.genblk1.genblk1.genblk1.genblk1.genblk1.genblk1.lut1.genblk1.genblk1.genblk1.genblk1.genblk1.genblk1.lut0.genblk1.genblk1.genblk1.genblk1.genblk1.lut0 (4 -> 1)
  Optimizing lut $abc$36041$lut$aiger36040$2198.genblk1.genblk1.genblk1.genblk1.genblk1.genblk1.genblk1.genblk1.lut1.genblk1.genblk1.genblk1.genblk1.genblk1.genblk1.genblk1.lut0.genblk1.genblk1.genblk1.genblk1.genblk1.genblk1.lut1.genblk1.genblk1.genblk1.genblk1.genblk1.lut0 (4 -> 0)
  Optimizing lut $abc$36041$lut$aiger36040$2198.genblk1.genblk1.genblk1.genblk1.genblk1.genblk1.genblk1.genblk1.lut1.genblk1.genblk1.genblk1.genblk1.genblk1.genblk1.genblk1.lut0.genblk1.genblk1.genblk1.genblk1.genblk1.genblk1.lut0.genblk1.genblk1.genblk1.genblk1.genblk1.lut0 (4 -> 1)
  Optimizing lut $abc$36041$lut$aiger36040$2198.genblk1.genblk1.genblk1.genblk1.genblk1.genblk1.genblk1.genblk1.lut1.genblk1.genblk1.genblk1.genblk1.genblk1.genblk1.genblk1.lut1.genblk1.genblk1.genblk1.genblk1.genblk1.genblk1.lut1.genblk1.genblk1.genblk1.genblk1.genblk1.lut0 (4 -> 1)
  Optimizing lut $abc$36041$lut$aiger36040$2198.genblk1.genblk1.genblk1.genblk1.genblk1.genblk1.genblk1.genblk1.lut1.genblk1.genblk1.genblk1.genblk1.genblk1.genblk1.genblk1.lut1.genblk1.genblk1.genblk1.genblk1.genblk1.genblk1.lut0.genblk1.genblk1.genblk1.genblk1.genblk1.lut0 (4 -> 0)
  Optimizing lut $abc$36041$lut$aiger36040$2198.genblk1.genblk1.genblk1.genblk1.genblk1.genblk1.genblk1.genblk1.lut0.genblk1.genblk1.genblk1.genblk1.genblk1.genblk1.genblk1.lut0.genblk1.genblk1.genblk1.genblk1.genblk1.genblk1.lut1.genblk1.genblk1.genblk1.genblk1.genblk1.lut0 (4 -> 0)
  Optimizing lut $abc$36041$lut$aiger36040$2198.genblk1.genblk1.genblk1.genblk1.genblk1.genblk1.genblk1.genblk1.lut0.genblk1.genblk1.genblk1.genblk1.genblk1.genblk1.genblk1.lut0.genblk1.genblk1.genblk1.genblk1.genblk1.genblk1.lut0.genblk1.genblk1.genblk1.genblk1.genblk1.lut0 (4 -> 0)
  Optimizing lut $abc$36041$lut$aiger36040$2198.genblk1.genblk1.genblk1.genblk1.genblk1.genblk1.genblk1.genblk1.lut0.genblk1.genblk1.genblk1.genblk1.genblk1.genblk1.genblk1.lut1.genblk1.genblk1.genblk1.genblk1.genblk1.genblk1.lut1.genblk1.genblk1.genblk1.genblk1.genblk1.lut0 (4 -> 0)
  Optimizing lut $abc$36041$lut$aiger36040$2198.genblk1.genblk1.genblk1.genblk1.genblk1.genblk1.genblk1.genblk1.lut0.genblk1.genblk1.genblk1.genblk1.genblk1.genblk1.genblk1.lut1.genblk1.genblk1.genblk1.genblk1.genblk1.genblk1.lut0.genblk1.genblk1.genblk1.genblk1.genblk1.lut0 (4 -> 0)
  Optimizing lut $abc$36041$lut$aiger36040$2211.genblk1.genblk1.genblk1.genblk1.genblk1.genblk1.genblk1.genblk1.lut1.genblk1.genblk1.genblk1.genblk1.genblk1.genblk1.genblk1.lut0.genblk1.genblk1.genblk1.genblk1.genblk1.genblk1.lut1.genblk1.genblk1.genblk1.genblk1.genblk1.lut0 (4 -> 0)
  Optimizing lut $abc$36041$lut$aiger36040$2211.genblk1.genblk1.genblk1.genblk1.genblk1.genblk1.genblk1.genblk1.lut1.genblk1.genblk1.genblk1.genblk1.genblk1.genblk1.genblk1.lut0.genblk1.genblk1.genblk1.genblk1.genblk1.genblk1.lut0.genblk1.genblk1.genblk1.genblk1.genblk1.lut0 (4 -> 0)
  Optimizing lut $abc$36041$lut$aiger36040$2211.genblk1.genblk1.genblk1.genblk1.genblk1.genblk1.genblk1.genblk1.lut1.genblk1.genblk1.genblk1.genblk1.genblk1.genblk1.genblk1.lut1.genblk1.genblk1.genblk1.genblk1.genblk1.genblk1.lut1.genblk1.genblk1.genblk1.genblk1.genblk1.lut0 (4 -> 0)
  Optimizing lut $abc$36041$lut$aiger36040$2211.genblk1.genblk1.genblk1.genblk1.genblk1.genblk1.genblk1.genblk1.lut1.genblk1.genblk1.genblk1.genblk1.genblk1.genblk1.genblk1.lut1.genblk1.genblk1.genblk1.genblk1.genblk1.genblk1.lut0.genblk1.genblk1.genblk1.genblk1.genblk1.lut0 (4 -> 0)
  Optimizing lut $abc$36041$lut$aiger36040$2211.genblk1.genblk1.genblk1.genblk1.genblk1.genblk1.genblk1.genblk1.lut0.genblk1.genblk1.genblk1.genblk1.genblk1.genblk1.genblk1.lut0.genblk1.genblk1.genblk1.genblk1.genblk1.genblk1.lut1.genblk1.genblk1.genblk1.genblk1.genblk1.lut0 (4 -> 0)
  Optimizing lut $abc$36041$lut$aiger36040$2211.genblk1.genblk1.genblk1.genblk1.genblk1.genblk1.genblk1.genblk1.lut0.genblk1.genblk1.genblk1.genblk1.genblk1.genblk1.genblk1.lut0.genblk1.genblk1.genblk1.genblk1.genblk1.genblk1.lut0.genblk1.genblk1.genblk1.genblk1.genblk1.lut0 (4 -> 0)
  Optimizing lut $abc$36041$lut$aiger36040$2211.genblk1.genblk1.genblk1.genblk1.genblk1.genblk1.genblk1.genblk1.lut0.genblk1.genblk1.genblk1.genblk1.genblk1.genblk1.genblk1.lut1.genblk1.genblk1.genblk1.genblk1.genblk1.genblk1.lut1.genblk1.genblk1.genblk1.genblk1.genblk1.lut0 (4 -> 0)
  Optimizing lut $abc$36041$lut$aiger36040$2211.genblk1.genblk1.genblk1.genblk1.genblk1.genblk1.genblk1.genblk1.lut0.genblk1.genblk1.genblk1.genblk1.genblk1.genblk1.genblk1.lut1.genblk1.genblk1.genblk1.genblk1.genblk1.genblk1.lut0.genblk1.genblk1.genblk1.genblk1.genblk1.lut0 (4 -> 0)
  Optimizing lut $abc$36041$lut$aiger36040$2226.genblk1.genblk1.genblk1.genblk1.genblk1.genblk1.genblk1.genblk1.lut1.genblk1.genblk1.genblk1.genblk1.genblk1.genblk1.genblk1.lut0.genblk1.genblk1.genblk1.genblk1.genblk1.genblk1.lut1.genblk1.genblk1.genblk1.genblk1.genblk1.lut0 (4 -> 1)
  Optimizing lut $abc$36041$lut$aiger36040$2226.genblk1.genblk1.genblk1.genblk1.genblk1.genblk1.genblk1.genblk1.lut1.genblk1.genblk1.genblk1.genblk1.genblk1.genblk1.genblk1.lut0.genblk1.genblk1.genblk1.genblk1.genblk1.genblk1.lut0.genblk1.genblk1.genblk1.genblk1.genblk1.lut0 (4 -> 0)
  Optimizing lut $abc$36041$lut$aiger36040$2226.genblk1.genblk1.genblk1.genblk1.genblk1.genblk1.genblk1.genblk1.lut1.genblk1.genblk1.genblk1.genblk1.genblk1.genblk1.genblk1.lut1.genblk1.genblk1.genblk1.genblk1.genblk1.genblk1.lut1.genblk1.genblk1.genblk1.genblk1.genblk1.lut0 (4 -> 0)
  Optimizing lut $abc$36041$lut$aiger36040$2226.genblk1.genblk1.genblk1.genblk1.genblk1.genblk1.genblk1.genblk1.lut1.genblk1.genblk1.genblk1.genblk1.genblk1.genblk1.genblk1.lut1.genblk1.genblk1.genblk1.genblk1.genblk1.genblk1.lut0.genblk1.genblk1.genblk1.genblk1.genblk1.lut0 (4 -> 0)
  Optimizing lut $abc$36041$lut$aiger36040$2226.genblk1.genblk1.genblk1.genblk1.genblk1.genblk1.genblk1.genblk1.lut0.genblk1.genblk1.genblk1.genblk1.genblk1.genblk1.genblk1.lut0.genblk1.genblk1.genblk1.genblk1.genblk1.genblk1.lut1.genblk1.genblk1.genblk1.genblk1.genblk1.lut0 (4 -> 0)
  Optimizing lut $abc$36041$lut$aiger36040$2226.genblk1.genblk1.genblk1.genblk1.genblk1.genblk1.genblk1.genblk1.lut0.genblk1.genblk1.genblk1.genblk1.genblk1.genblk1.genblk1.lut0.genblk1.genblk1.genblk1.genblk1.genblk1.genblk1.lut0.genblk1.genblk1.genblk1.genblk1.genblk1.lut0 (4 -> 1)
  Optimizing lut $abc$36041$lut$aiger36040$2226.genblk1.genblk1.genblk1.genblk1.genblk1.genblk1.genblk1.genblk1.lut0.genblk1.genblk1.genblk1.genblk1.genblk1.genblk1.genblk1.lut1.genblk1.genblk1.genblk1.genblk1.genblk1.genblk1.lut1.genblk1.genblk1.genblk1.genblk1.genblk1.lut0 (4 -> 1)
  Optimizing lut $abc$36041$lut$aiger36040$2226.genblk1.genblk1.genblk1.genblk1.genblk1.genblk1.genblk1.genblk1.lut0.genblk1.genblk1.genblk1.genblk1.genblk1.genblk1.genblk1.lut1.genblk1.genblk1.genblk1.genblk1.genblk1.genblk1.lut0.genblk1.genblk1.genblk1.genblk1.genblk1.lut0 (4 -> 0)
  Optimizing lut $abc$36041$lut$aiger36040$7393.genblk1.genblk1.genblk1.genblk1.genblk1.genblk1.genblk1.lut1.genblk1.genblk1.genblk1.genblk1.genblk1.genblk1.lut0.genblk1.genblk1.genblk1.genblk1.genblk1.lut1 (4 -> 0)
  Optimizing lut $abc$36041$lut$aiger36040$2128.genblk1.genblk1.genblk1.genblk1.genblk1.genblk1.genblk1.genblk1.lut1.genblk1.genblk1.genblk1.genblk1.genblk1.genblk1.genblk1.lut0.genblk1.genblk1.genblk1.genblk1.genblk1.genblk1.lut0.genblk1.genblk1.genblk1.genblk1.genblk1.lut0 (4 -> 1)
  Optimizing lut $abc$36041$lut$aiger36040$2128.genblk1.genblk1.genblk1.genblk1.genblk1.genblk1.genblk1.genblk1.lut1.genblk1.genblk1.genblk1.genblk1.genblk1.genblk1.genblk1.lut1.genblk1.genblk1.genblk1.genblk1.genblk1.genblk1.lut1.genblk1.genblk1.genblk1.genblk1.genblk1.lut0 (4 -> 0)
  Optimizing lut $abc$36041$lut$aiger36040$2128.genblk1.genblk1.genblk1.genblk1.genblk1.genblk1.genblk1.genblk1.lut1.genblk1.genblk1.genblk1.genblk1.genblk1.genblk1.genblk1.lut1.genblk1.genblk1.genblk1.genblk1.genblk1.genblk1.lut0.genblk1.genblk1.genblk1.genblk1.genblk1.lut0 (4 -> 1)
  Optimizing lut $abc$36041$lut$aiger36040$2128.genblk1.genblk1.genblk1.genblk1.genblk1.genblk1.genblk1.genblk1.lut0.genblk1.genblk1.genblk1.genblk1.genblk1.genblk1.genblk1.lut0.genblk1.genblk1.genblk1.genblk1.genblk1.genblk1.lut1.genblk1.genblk1.genblk1.genblk1.genblk1.lut0 (4 -> 0)
  Optimizing lut $abc$36041$lut$aiger36040$2128.genblk1.genblk1.genblk1.genblk1.genblk1.genblk1.genblk1.genblk1.lut0.genblk1.genblk1.genblk1.genblk1.genblk1.genblk1.genblk1.lut0.genblk1.genblk1.genblk1.genblk1.genblk1.genblk1.lut0.genblk1.genblk1.genblk1.genblk1.genblk1.lut0 (4 -> 1)
  Optimizing lut $abc$36041$lut$aiger36040$2128.genblk1.genblk1.genblk1.genblk1.genblk1.genblk1.genblk1.genblk1.lut0.genblk1.genblk1.genblk1.genblk1.genblk1.genblk1.genblk1.lut1.genblk1.genblk1.genblk1.genblk1.genblk1.genblk1.lut1.genblk1.genblk1.genblk1.genblk1.genblk1.lut0 (4 -> 0)
  Optimizing lut $abc$36041$lut$aiger36040$2128.genblk1.genblk1.genblk1.genblk1.genblk1.genblk1.genblk1.genblk1.lut0.genblk1.genblk1.genblk1.genblk1.genblk1.genblk1.genblk1.lut1.genblk1.genblk1.genblk1.genblk1.genblk1.genblk1.lut0.genblk1.genblk1.genblk1.genblk1.genblk1.lut0 (4 -> 0)
  Optimizing lut $abc$36041$lut$aiger36040$2141.genblk1.genblk1.genblk1.genblk1.genblk1.genblk1.genblk1.genblk1.lut1.genblk1.genblk1.genblk1.genblk1.genblk1.genblk1.genblk1.lut0.genblk1.genblk1.genblk1.genblk1.genblk1.genblk1.lut1.genblk1.genblk1.genblk1.genblk1.genblk1.lut0 (4 -> 0)
  Optimizing lut $abc$36041$lut$aiger36040$2141.genblk1.genblk1.genblk1.genblk1.genblk1.genblk1.genblk1.genblk1.lut1.genblk1.genblk1.genblk1.genblk1.genblk1.genblk1.genblk1.lut0.genblk1.genblk1.genblk1.genblk1.genblk1.genblk1.lut0.genblk1.genblk1.genblk1.genblk1.genblk1.lut0 (4 -> 0)
  Optimizing lut $abc$36041$lut$aiger36040$2141.genblk1.genblk1.genblk1.genblk1.genblk1.genblk1.genblk1.genblk1.lut1.genblk1.genblk1.genblk1.genblk1.genblk1.genblk1.genblk1.lut1.genblk1.genblk1.genblk1.genblk1.genblk1.genblk1.lut1.genblk1.genblk1.genblk1.genblk1.genblk1.lut0 (4 -> 0)
  Optimizing lut $abc$36041$lut$aiger36040$2141.genblk1.genblk1.genblk1.genblk1.genblk1.genblk1.genblk1.genblk1.lut1.genblk1.genblk1.genblk1.genblk1.genblk1.genblk1.genblk1.lut1.genblk1.genblk1.genblk1.genblk1.genblk1.genblk1.lut0.genblk1.genblk1.genblk1.genblk1.genblk1.lut0 (4 -> 0)
  Optimizing lut $abc$36041$lut$aiger36040$2141.genblk1.genblk1.genblk1.genblk1.genblk1.genblk1.genblk1.genblk1.lut0.genblk1.genblk1.genblk1.genblk1.genblk1.genblk1.genblk1.lut0.genblk1.genblk1.genblk1.genblk1.genblk1.genblk1.lut1.genblk1.genblk1.genblk1.genblk1.genblk1.lut0 (4 -> 0)
  Optimizing lut $abc$36041$lut$aiger36040$2141.genblk1.genblk1.genblk1.genblk1.genblk1.genblk1.genblk1.genblk1.lut0.genblk1.genblk1.genblk1.genblk1.genblk1.genblk1.genblk1.lut0.genblk1.genblk1.genblk1.genblk1.genblk1.genblk1.lut0.genblk1.genblk1.genblk1.genblk1.genblk1.lut0 (4 -> 0)
  Optimizing lut $abc$36041$lut$aiger36040$2141.genblk1.genblk1.genblk1.genblk1.genblk1.genblk1.genblk1.genblk1.lut0.genblk1.genblk1.genblk1.genblk1.genblk1.genblk1.genblk1.lut1.genblk1.genblk1.genblk1.genblk1.genblk1.genblk1.lut1.genblk1.genblk1.genblk1.genblk1.genblk1.lut0 (4 -> 0)
  Optimizing lut $abc$36041$lut$aiger36040$2141.genblk1.genblk1.genblk1.genblk1.genblk1.genblk1.genblk1.genblk1.lut0.genblk1.genblk1.genblk1.genblk1.genblk1.genblk1.genblk1.lut1.genblk1.genblk1.genblk1.genblk1.genblk1.genblk1.lut0.genblk1.genblk1.genblk1.genblk1.genblk1.lut0 (4 -> 1)
  Optimizing lut $abc$36041$lut$aiger36040$2154.genblk1.genblk1.genblk1.genblk1.genblk1.genblk1.genblk1.genblk1.lut1.genblk1.genblk1.genblk1.genblk1.genblk1.genblk1.genblk1.lut0.genblk1.genblk1.genblk1.genblk1.genblk1.genblk1.lut1.genblk1.genblk1.genblk1.genblk1.genblk1.lut0 (4 -> 0)
  Optimizing lut $abc$36041$lut$aiger36040$2154.genblk1.genblk1.genblk1.genblk1.genblk1.genblk1.genblk1.genblk1.lut1.genblk1.genblk1.genblk1.genblk1.genblk1.genblk1.genblk1.lut0.genblk1.genblk1.genblk1.genblk1.genblk1.genblk1.lut0.genblk1.genblk1.genblk1.genblk1.genblk1.lut0 (4 -> 0)
  Optimizing lut $abc$36041$lut$aiger36040$2154.genblk1.genblk1.genblk1.genblk1.genblk1.genblk1.genblk1.genblk1.lut1.genblk1.genblk1.genblk1.genblk1.genblk1.genblk1.genblk1.lut1.genblk1.genblk1.genblk1.genblk1.genblk1.genblk1.lut1.genblk1.genblk1.genblk1.genblk1.genblk1.lut0 (4 -> 1)
  Optimizing lut $abc$36041$lut$aiger36040$2154.genblk1.genblk1.genblk1.genblk1.genblk1.genblk1.genblk1.genblk1.lut1.genblk1.genblk1.genblk1.genblk1.genblk1.genblk1.genblk1.lut1.genblk1.genblk1.genblk1.genblk1.genblk1.genblk1.lut0.genblk1.genblk1.genblk1.genblk1.genblk1.lut0 (4 -> 0)
  Optimizing lut $abc$36041$lut$aiger36040$2154.genblk1.genblk1.genblk1.genblk1.genblk1.genblk1.genblk1.genblk1.lut0.genblk1.genblk1.genblk1.genblk1.genblk1.genblk1.genblk1.lut0.genblk1.genblk1.genblk1.genblk1.genblk1.genblk1.lut1.genblk1.genblk1.genblk1.genblk1.genblk1.lut0 (4 -> 0)
  Optimizing lut $abc$36041$lut$aiger36040$2154.genblk1.genblk1.genblk1.genblk1.genblk1.genblk1.genblk1.genblk1.lut0.genblk1.genblk1.genblk1.genblk1.genblk1.genblk1.genblk1.lut0.genblk1.genblk1.genblk1.genblk1.genblk1.genblk1.lut0.genblk1.genblk1.genblk1.genblk1.genblk1.lut0 (4 -> 0)
  Optimizing lut $abc$36041$lut$aiger36040$2154.genblk1.genblk1.genblk1.genblk1.genblk1.genblk1.genblk1.genblk1.lut0.genblk1.genblk1.genblk1.genblk1.genblk1.genblk1.genblk1.lut1.genblk1.genblk1.genblk1.genblk1.genblk1.genblk1.lut1.genblk1.genblk1.genblk1.genblk1.genblk1.lut0 (4 -> 1)
  Optimizing lut $abc$36041$lut$aiger36040$2154.genblk1.genblk1.genblk1.genblk1.genblk1.genblk1.genblk1.genblk1.lut0.genblk1.genblk1.genblk1.genblk1.genblk1.genblk1.genblk1.lut1.genblk1.genblk1.genblk1.genblk1.genblk1.genblk1.lut0.genblk1.genblk1.genblk1.genblk1.genblk1.lut0 (4 -> 0)
  Optimizing lut $abc$36041$lut$aiger36040$2167.genblk1.genblk1.genblk1.genblk1.genblk1.genblk1.genblk1.genblk1.lut1.genblk1.genblk1.genblk1.genblk1.genblk1.genblk1.genblk1.lut0.genblk1.genblk1.genblk1.genblk1.genblk1.genblk1.lut1.genblk1.genblk1.genblk1.genblk1.genblk1.lut0 (4 -> 1)
  Optimizing lut $abc$36041$lut$aiger36040$2167.genblk1.genblk1.genblk1.genblk1.genblk1.genblk1.genblk1.genblk1.lut1.genblk1.genblk1.genblk1.genblk1.genblk1.genblk1.genblk1.lut0.genblk1.genblk1.genblk1.genblk1.genblk1.genblk1.lut0.genblk1.genblk1.genblk1.genblk1.genblk1.lut0 (4 -> 0)
  Optimizing lut $abc$36041$lut$aiger36040$2167.genblk1.genblk1.genblk1.genblk1.genblk1.genblk1.genblk1.genblk1.lut1.genblk1.genblk1.genblk1.genblk1.genblk1.genblk1.genblk1.lut1.genblk1.genblk1.genblk1.genblk1.genblk1.genblk1.lut1.genblk1.genblk1.genblk1.genblk1.genblk1.lut0 (4 -> 0)
  Optimizing lut $abc$36041$lut$aiger36040$2167.genblk1.genblk1.genblk1.genblk1.genblk1.genblk1.genblk1.genblk1.lut1.genblk1.genblk1.genblk1.genblk1.genblk1.genblk1.genblk1.lut1.genblk1.genblk1.genblk1.genblk1.genblk1.genblk1.lut0.genblk1.genblk1.genblk1.genblk1.genblk1.lut0 (4 -> 0)
  Optimizing lut $abc$36041$lut$aiger36040$2167.genblk1.genblk1.genblk1.genblk1.genblk1.genblk1.genblk1.genblk1.lut0.genblk1.genblk1.genblk1.genblk1.genblk1.genblk1.genblk1.lut0.genblk1.genblk1.genblk1.genblk1.genblk1.genblk1.lut1.genblk1.genblk1.genblk1.genblk1.genblk1.lut0 (4 -> 1)
  Optimizing lut $abc$36041$lut$aiger36040$2167.genblk1.genblk1.genblk1.genblk1.genblk1.genblk1.genblk1.genblk1.lut0.genblk1.genblk1.genblk1.genblk1.genblk1.genblk1.genblk1.lut0.genblk1.genblk1.genblk1.genblk1.genblk1.genblk1.lut0.genblk1.genblk1.genblk1.genblk1.genblk1.lut0 (4 -> 0)
  Optimizing lut $abc$36041$lut$aiger36040$2167.genblk1.genblk1.genblk1.genblk1.genblk1.genblk1.genblk1.genblk1.lut0.genblk1.genblk1.genblk1.genblk1.genblk1.genblk1.genblk1.lut1.genblk1.genblk1.genblk1.genblk1.genblk1.genblk1.lut1.genblk1.genblk1.genblk1.genblk1.genblk1.lut0 (4 -> 0)
  Optimizing lut $abc$36041$lut$aiger36040$2167.genblk1.genblk1.genblk1.genblk1.genblk1.genblk1.genblk1.genblk1.lut0.genblk1.genblk1.genblk1.genblk1.genblk1.genblk1.genblk1.lut1.genblk1.genblk1.genblk1.genblk1.genblk1.genblk1.lut0.genblk1.genblk1.genblk1.genblk1.genblk1.lut0 (4 -> 0)
  Optimizing lut $abc$36041$lut$aiger36040$2066.genblk1.genblk1.genblk1.genblk1.genblk1.genblk1.genblk1.genblk1.lut1.genblk1.genblk1.genblk1.genblk1.genblk1.genblk1.genblk1.lut0.genblk1.genblk1.genblk1.genblk1.genblk1.genblk1.lut0.genblk1.genblk1.genblk1.genblk1.genblk1.lut0 (4 -> 1)
  Optimizing lut $abc$36041$lut$aiger36040$2066.genblk1.genblk1.genblk1.genblk1.genblk1.genblk1.genblk1.genblk1.lut1.genblk1.genblk1.genblk1.genblk1.genblk1.genblk1.genblk1.lut1.genblk1.genblk1.genblk1.genblk1.genblk1.genblk1.lut1.genblk1.genblk1.genblk1.genblk1.genblk1.lut0 (4 -> 0)
  Optimizing lut $abc$36041$lut$aiger36040$2066.genblk1.genblk1.genblk1.genblk1.genblk1.genblk1.genblk1.genblk1.lut1.genblk1.genblk1.genblk1.genblk1.genblk1.genblk1.genblk1.lut1.genblk1.genblk1.genblk1.genblk1.genblk1.genblk1.lut0.genblk1.genblk1.genblk1.genblk1.genblk1.lut0 (4 -> 0)
  Optimizing lut $abc$36041$lut$aiger36040$2066.genblk1.genblk1.genblk1.genblk1.genblk1.genblk1.genblk1.genblk1.lut0.genblk1.genblk1.genblk1.genblk1.genblk1.genblk1.genblk1.lut0.genblk1.genblk1.genblk1.genblk1.genblk1.genblk1.lut1.genblk1.genblk1.genblk1.genblk1.genblk1.lut0 (4 -> 0)
  Optimizing lut $abc$36041$lut$aiger36040$2066.genblk1.genblk1.genblk1.genblk1.genblk1.genblk1.genblk1.genblk1.lut0.genblk1.genblk1.genblk1.genblk1.genblk1.genblk1.genblk1.lut0.genblk1.genblk1.genblk1.genblk1.genblk1.genblk1.lut0.genblk1.genblk1.genblk1.genblk1.genblk1.lut0 (4 -> 0)
  Optimizing lut $abc$36041$lut$aiger36040$2066.genblk1.genblk1.genblk1.genblk1.genblk1.genblk1.genblk1.genblk1.lut0.genblk1.genblk1.genblk1.genblk1.genblk1.genblk1.genblk1.lut1.genblk1.genblk1.genblk1.genblk1.genblk1.genblk1.lut1.genblk1.genblk1.genblk1.genblk1.genblk1.lut0 (4 -> 1)
  Optimizing lut $abc$36041$lut$aiger36040$2066.genblk1.genblk1.genblk1.genblk1.genblk1.genblk1.genblk1.genblk1.lut0.genblk1.genblk1.genblk1.genblk1.genblk1.genblk1.genblk1.lut1.genblk1.genblk1.genblk1.genblk1.genblk1.genblk1.lut0.genblk1.genblk1.genblk1.genblk1.genblk1.lut0 (4 -> 0)
  Optimizing lut $abc$36041$lut$aiger36040$2081.genblk1.genblk1.genblk1.genblk1.genblk1.genblk1.genblk1.genblk1.lut1.genblk1.genblk1.genblk1.genblk1.genblk1.genblk1.genblk1.lut0.genblk1.genblk1.genblk1.genblk1.genblk1.genblk1.lut1.genblk1.genblk1.genblk1.genblk1.genblk1.lut0 (4 -> 0)
  Optimizing lut $abc$36041$lut$aiger36040$2081.genblk1.genblk1.genblk1.genblk1.genblk1.genblk1.genblk1.genblk1.lut1.genblk1.genblk1.genblk1.genblk1.genblk1.genblk1.genblk1.lut0.genblk1.genblk1.genblk1.genblk1.genblk1.genblk1.lut0.genblk1.genblk1.genblk1.genblk1.genblk1.lut0 (4 -> 0)
  Optimizing lut $abc$36041$lut$aiger36040$2081.genblk1.genblk1.genblk1.genblk1.genblk1.genblk1.genblk1.genblk1.lut1.genblk1.genblk1.genblk1.genblk1.genblk1.genblk1.genblk1.lut1.genblk1.genblk1.genblk1.genblk1.genblk1.genblk1.lut1.genblk1.genblk1.genblk1.genblk1.genblk1.lut0 (4 -> 0)
  Optimizing lut $abc$36041$lut$aiger36040$2081.genblk1.genblk1.genblk1.genblk1.genblk1.genblk1.genblk1.genblk1.lut1.genblk1.genblk1.genblk1.genblk1.genblk1.genblk1.genblk1.lut1.genblk1.genblk1.genblk1.genblk1.genblk1.genblk1.lut0.genblk1.genblk1.genblk1.genblk1.genblk1.lut0 (4 -> 1)
  Optimizing lut $abc$36041$lut$aiger36040$2081.genblk1.genblk1.genblk1.genblk1.genblk1.genblk1.genblk1.genblk1.lut0.genblk1.genblk1.genblk1.genblk1.genblk1.genblk1.genblk1.lut0.genblk1.genblk1.genblk1.genblk1.genblk1.genblk1.lut1.genblk1.genblk1.genblk1.genblk1.genblk1.lut0 (4 -> 1)
  Optimizing lut $abc$36041$lut$aiger36040$2081.genblk1.genblk1.genblk1.genblk1.genblk1.genblk1.genblk1.genblk1.lut0.genblk1.genblk1.genblk1.genblk1.genblk1.genblk1.genblk1.lut0.genblk1.genblk1.genblk1.genblk1.genblk1.genblk1.lut0.genblk1.genblk1.genblk1.genblk1.genblk1.lut0 (4 -> 0)
  Optimizing lut $abc$36041$lut$aiger36040$2081.genblk1.genblk1.genblk1.genblk1.genblk1.genblk1.genblk1.genblk1.lut0.genblk1.genblk1.genblk1.genblk1.genblk1.genblk1.genblk1.lut1.genblk1.genblk1.genblk1.genblk1.genblk1.genblk1.lut1.genblk1.genblk1.genblk1.genblk1.genblk1.lut0 (4 -> 0)
  Optimizing lut $abc$36041$lut$aiger36040$2081.genblk1.genblk1.genblk1.genblk1.genblk1.genblk1.genblk1.genblk1.lut0.genblk1.genblk1.genblk1.genblk1.genblk1.genblk1.genblk1.lut1.genblk1.genblk1.genblk1.genblk1.genblk1.genblk1.lut0.genblk1.genblk1.genblk1.genblk1.genblk1.lut0 (4 -> 0)
  Optimizing lut $abc$36041$lut$aiger36040$2095.genblk1.genblk1.genblk1.genblk1.genblk1.genblk1.genblk1.genblk1.lut1.genblk1.genblk1.genblk1.genblk1.genblk1.genblk1.genblk1.lut0.genblk1.genblk1.genblk1.genblk1.genblk1.genblk1.lut1.genblk1.genblk1.genblk1.genblk1.genblk1.lut0 (4 -> 0)
  Optimizing lut $abc$36041$lut$aiger36040$2095.genblk1.genblk1.genblk1.genblk1.genblk1.genblk1.genblk1.genblk1.lut1.genblk1.genblk1.genblk1.genblk1.genblk1.genblk1.genblk1.lut0.genblk1.genblk1.genblk1.genblk1.genblk1.genblk1.lut0.genblk1.genblk1.genblk1.genblk1.genblk1.lut0 (4 -> 0)
  Optimizing lut $abc$36041$lut$aiger36040$2095.genblk1.genblk1.genblk1.genblk1.genblk1.genblk1.genblk1.genblk1.lut1.genblk1.genblk1.genblk1.genblk1.genblk1.genblk1.genblk1.lut1.genblk1.genblk1.genblk1.genblk1.genblk1.genblk1.lut1.genblk1.genblk1.genblk1.genblk1.genblk1.lut0 (4 -> 1)
  Optimizing lut $abc$36041$lut$aiger36040$2095.genblk1.genblk1.genblk1.genblk1.genblk1.genblk1.genblk1.genblk1.lut1.genblk1.genblk1.genblk1.genblk1.genblk1.genblk1.genblk1.lut1.genblk1.genblk1.genblk1.genblk1.genblk1.genblk1.lut0.genblk1.genblk1.genblk1.genblk1.genblk1.lut0 (4 -> 0)
  Optimizing lut $abc$36041$lut$aiger36040$2095.genblk1.genblk1.genblk1.genblk1.genblk1.genblk1.genblk1.genblk1.lut0.genblk1.genblk1.genblk1.genblk1.genblk1.genblk1.genblk1.lut0.genblk1.genblk1.genblk1.genblk1.genblk1.genblk1.lut1.genblk1.genblk1.genblk1.genblk1.genblk1.lut0 (4 -> 0)
  Optimizing lut $abc$36041$lut$aiger36040$2095.genblk1.genblk1.genblk1.genblk1.genblk1.genblk1.genblk1.genblk1.lut0.genblk1.genblk1.genblk1.genblk1.genblk1.genblk1.genblk1.lut0.genblk1.genblk1.genblk1.genblk1.genblk1.genblk1.lut0.genblk1.genblk1.genblk1.genblk1.genblk1.lut0 (4 -> 0)
  Optimizing lut $abc$36041$lut$aiger36040$2095.genblk1.genblk1.genblk1.genblk1.genblk1.genblk1.genblk1.genblk1.lut0.genblk1.genblk1.genblk1.genblk1.genblk1.genblk1.genblk1.lut1.genblk1.genblk1.genblk1.genblk1.genblk1.genblk1.lut1.genblk1.genblk1.genblk1.genblk1.genblk1.lut0 (4 -> 0)
  Optimizing lut $abc$36041$lut$aiger36040$2095.genblk1.genblk1.genblk1.genblk1.genblk1.genblk1.genblk1.genblk1.lut0.genblk1.genblk1.genblk1.genblk1.genblk1.genblk1.genblk1.lut1.genblk1.genblk1.genblk1.genblk1.genblk1.genblk1.lut0.genblk1.genblk1.genblk1.genblk1.genblk1.lut0 (4 -> 0)
  Optimizing lut $abc$36041$lut$aiger36040$2111.genblk1.genblk1.genblk1.genblk1.genblk1.genblk1.genblk1.genblk1.lut1.genblk1.genblk1.genblk1.genblk1.genblk1.genblk1.genblk1.lut0.genblk1.genblk1.genblk1.genblk1.genblk1.genblk1.lut1.genblk1.genblk1.genblk1.genblk1.genblk1.lut0 (4 -> 1)
  Optimizing lut $abc$36041$lut$aiger36040$2111.genblk1.genblk1.genblk1.genblk1.genblk1.genblk1.genblk1.genblk1.lut1.genblk1.genblk1.genblk1.genblk1.genblk1.genblk1.genblk1.lut0.genblk1.genblk1.genblk1.genblk1.genblk1.genblk1.lut0.genblk1.genblk1.genblk1.genblk1.genblk1.lut0 (4 -> 0)
  Optimizing lut $abc$36041$lut$aiger36040$2111.genblk1.genblk1.genblk1.genblk1.genblk1.genblk1.genblk1.genblk1.lut1.genblk1.genblk1.genblk1.genblk1.genblk1.genblk1.genblk1.lut1.genblk1.genblk1.genblk1.genblk1.genblk1.genblk1.lut1.genblk1.genblk1.genblk1.genblk1.genblk1.lut0 (4 -> 0)
  Optimizing lut $abc$36041$lut$aiger36040$2111.genblk1.genblk1.genblk1.genblk1.genblk1.genblk1.genblk1.genblk1.lut1.genblk1.genblk1.genblk1.genblk1.genblk1.genblk1.genblk1.lut1.genblk1.genblk1.genblk1.genblk1.genblk1.genblk1.lut0.genblk1.genblk1.genblk1.genblk1.genblk1.lut0 (4 -> 0)
  Optimizing lut $abc$36041$lut$aiger36040$2111.genblk1.genblk1.genblk1.genblk1.genblk1.genblk1.genblk1.genblk1.lut0.genblk1.genblk1.genblk1.genblk1.genblk1.genblk1.genblk1.lut0.genblk1.genblk1.genblk1.genblk1.genblk1.genblk1.lut1.genblk1.genblk1.genblk1.genblk1.genblk1.lut0 (4 -> 0)
  Optimizing lut $abc$36041$lut$aiger36040$2111.genblk1.genblk1.genblk1.genblk1.genblk1.genblk1.genblk1.genblk1.lut0.genblk1.genblk1.genblk1.genblk1.genblk1.genblk1.genblk1.lut0.genblk1.genblk1.genblk1.genblk1.genblk1.genblk1.lut0.genblk1.genblk1.genblk1.genblk1.genblk1.lut0 (4 -> 1)
  Optimizing lut $abc$36041$lut$aiger36040$2111.genblk1.genblk1.genblk1.genblk1.genblk1.genblk1.genblk1.genblk1.lut0.genblk1.genblk1.genblk1.genblk1.genblk1.genblk1.genblk1.lut1.genblk1.genblk1.genblk1.genblk1.genblk1.genblk1.lut1.genblk1.genblk1.genblk1.genblk1.genblk1.lut0 (4 -> 0)
  Optimizing lut $abc$36041$lut$aiger36040$2111.genblk1.genblk1.genblk1.genblk1.genblk1.genblk1.genblk1.genblk1.lut0.genblk1.genblk1.genblk1.genblk1.genblk1.genblk1.genblk1.lut1.genblk1.genblk1.genblk1.genblk1.genblk1.genblk1.lut0.genblk1.genblk1.genblk1.genblk1.genblk1.lut0 (4 -> 1)
  Optimizing lut $abc$36041$lut$aiger36040$6431.genblk1.genblk1.genblk1.genblk1.genblk1.genblk1.genblk1.lut1.genblk1.genblk1.genblk1.genblk1.genblk1.genblk1.lut0.genblk1.genblk1.genblk1.genblk1.genblk1.lut1 (4 -> 1)
  Optimizing lut $abc$36041$lut$aiger36040$2259.genblk1.genblk1.genblk1.genblk1.genblk1.genblk1.genblk1.genblk1.lut1.genblk1.genblk1.genblk1.genblk1.genblk1.genblk1.genblk1.lut0.genblk1.genblk1.genblk1.genblk1.genblk1.genblk1.lut0.genblk1.genblk1.genblk1.genblk1.genblk1.lut0 (4 -> 0)
  Optimizing lut $abc$36041$lut$aiger36040$2259.genblk1.genblk1.genblk1.genblk1.genblk1.genblk1.genblk1.genblk1.lut1.genblk1.genblk1.genblk1.genblk1.genblk1.genblk1.genblk1.lut1.genblk1.genblk1.genblk1.genblk1.genblk1.genblk1.lut1.genblk1.genblk1.genblk1.genblk1.genblk1.lut0 (4 -> 0)
  Optimizing lut $abc$36041$lut$aiger36040$2259.genblk1.genblk1.genblk1.genblk1.genblk1.genblk1.genblk1.genblk1.lut1.genblk1.genblk1.genblk1.genblk1.genblk1.genblk1.genblk1.lut1.genblk1.genblk1.genblk1.genblk1.genblk1.genblk1.lut0.genblk1.genblk1.genblk1.genblk1.genblk1.lut0 (4 -> 1)
  Optimizing lut $abc$36041$lut$aiger36040$2259.genblk1.genblk1.genblk1.genblk1.genblk1.genblk1.genblk1.genblk1.lut0.genblk1.genblk1.genblk1.genblk1.genblk1.genblk1.genblk1.lut0.genblk1.genblk1.genblk1.genblk1.genblk1.genblk1.lut1.genblk1.genblk1.genblk1.genblk1.genblk1.lut0 (4 -> 0)
  Optimizing lut $abc$36041$lut$aiger36040$2259.genblk1.genblk1.genblk1.genblk1.genblk1.genblk1.genblk1.genblk1.lut0.genblk1.genblk1.genblk1.genblk1.genblk1.genblk1.genblk1.lut0.genblk1.genblk1.genblk1.genblk1.genblk1.genblk1.lut0.genblk1.genblk1.genblk1.genblk1.genblk1.lut0 (4 -> 0)
  Optimizing lut $abc$36041$lut$aiger36040$2259.genblk1.genblk1.genblk1.genblk1.genblk1.genblk1.genblk1.genblk1.lut0.genblk1.genblk1.genblk1.genblk1.genblk1.genblk1.genblk1.lut1.genblk1.genblk1.genblk1.genblk1.genblk1.genblk1.lut1.genblk1.genblk1.genblk1.genblk1.genblk1.lut0 (4 -> 0)
  Optimizing lut $abc$36041$lut$aiger36040$2259.genblk1.genblk1.genblk1.genblk1.genblk1.genblk1.genblk1.genblk1.lut0.genblk1.genblk1.genblk1.genblk1.genblk1.genblk1.genblk1.lut1.genblk1.genblk1.genblk1.genblk1.genblk1.genblk1.lut0.genblk1.genblk1.genblk1.genblk1.genblk1.lut0 (4 -> 0)
  Optimizing lut $abc$36041$lut$aiger36040$2274.genblk1.genblk1.genblk1.genblk1.genblk1.genblk1.genblk1.genblk1.lut1.genblk1.genblk1.genblk1.genblk1.genblk1.genblk1.genblk1.lut0.genblk1.genblk1.genblk1.genblk1.genblk1.genblk1.lut1.genblk1.genblk1.genblk1.genblk1.genblk1.lut0 (4 -> 0)
  Optimizing lut $abc$36041$lut$aiger36040$2274.genblk1.genblk1.genblk1.genblk1.genblk1.genblk1.genblk1.genblk1.lut1.genblk1.genblk1.genblk1.genblk1.genblk1.genblk1.genblk1.lut0.genblk1.genblk1.genblk1.genblk1.genblk1.genblk1.lut0.genblk1.genblk1.genblk1.genblk1.genblk1.lut0 (4 -> 0)
  Optimizing lut $abc$36041$lut$aiger36040$2274.genblk1.genblk1.genblk1.genblk1.genblk1.genblk1.genblk1.genblk1.lut1.genblk1.genblk1.genblk1.genblk1.genblk1.genblk1.genblk1.lut1.genblk1.genblk1.genblk1.genblk1.genblk1.genblk1.lut1.genblk1.genblk1.genblk1.genblk1.genblk1.lut0 (4 -> 0)
  Optimizing lut $abc$36041$lut$aiger36040$2274.genblk1.genblk1.genblk1.genblk1.genblk1.genblk1.genblk1.genblk1.lut1.genblk1.genblk1.genblk1.genblk1.genblk1.genblk1.genblk1.lut1.genblk1.genblk1.genblk1.genblk1.genblk1.genblk1.lut0.genblk1.genblk1.genblk1.genblk1.genblk1.lut0 (4 -> 0)
  Optimizing lut $abc$36041$lut$aiger36040$2274.genblk1.genblk1.genblk1.genblk1.genblk1.genblk1.genblk1.genblk1.lut0.genblk1.genblk1.genblk1.genblk1.genblk1.genblk1.genblk1.lut0.genblk1.genblk1.genblk1.genblk1.genblk1.genblk1.lut1.genblk1.genblk1.genblk1.genblk1.genblk1.lut0 (4 -> 0)
  Optimizing lut $abc$36041$lut$aiger36040$2274.genblk1.genblk1.genblk1.genblk1.genblk1.genblk1.genblk1.genblk1.lut0.genblk1.genblk1.genblk1.genblk1.genblk1.genblk1.genblk1.lut0.genblk1.genblk1.genblk1.genblk1.genblk1.genblk1.lut0.genblk1.genblk1.genblk1.genblk1.genblk1.lut0 (4 -> 1)
  Optimizing lut $abc$36041$lut$aiger36040$2274.genblk1.genblk1.genblk1.genblk1.genblk1.genblk1.genblk1.genblk1.lut0.genblk1.genblk1.genblk1.genblk1.genblk1.genblk1.genblk1.lut1.genblk1.genblk1.genblk1.genblk1.genblk1.genblk1.lut1.genblk1.genblk1.genblk1.genblk1.genblk1.lut0 (4 -> 1)
  Optimizing lut $abc$36041$lut$aiger36040$2274.genblk1.genblk1.genblk1.genblk1.genblk1.genblk1.genblk1.genblk1.lut0.genblk1.genblk1.genblk1.genblk1.genblk1.genblk1.genblk1.lut1.genblk1.genblk1.genblk1.genblk1.genblk1.genblk1.lut0.genblk1.genblk1.genblk1.genblk1.genblk1.lut0 (4 -> 1)
  Optimizing lut $abc$36041$lut$aiger36040$2287.genblk1.genblk1.genblk1.genblk1.genblk1.genblk1.genblk1.genblk1.lut1.genblk1.genblk1.genblk1.genblk1.genblk1.genblk1.genblk1.lut0.genblk1.genblk1.genblk1.genblk1.genblk1.genblk1.lut1.genblk1.genblk1.genblk1.genblk1.genblk1.lut0 (4 -> 0)
  Optimizing lut $abc$36041$lut$aiger36040$2287.genblk1.genblk1.genblk1.genblk1.genblk1.genblk1.genblk1.genblk1.lut1.genblk1.genblk1.genblk1.genblk1.genblk1.genblk1.genblk1.lut0.genblk1.genblk1.genblk1.genblk1.genblk1.genblk1.lut0.genblk1.genblk1.genblk1.genblk1.genblk1.lut0 (4 -> 0)
  Optimizing lut $abc$36041$lut$aiger36040$2287.genblk1.genblk1.genblk1.genblk1.genblk1.genblk1.genblk1.genblk1.lut1.genblk1.genblk1.genblk1.genblk1.genblk1.genblk1.genblk1.lut1.genblk1.genblk1.genblk1.genblk1.genblk1.genblk1.lut1.genblk1.genblk1.genblk1.genblk1.genblk1.lut0 (4 -> 0)
  Optimizing lut $abc$36041$lut$aiger36040$2287.genblk1.genblk1.genblk1.genblk1.genblk1.genblk1.genblk1.genblk1.lut1.genblk1.genblk1.genblk1.genblk1.genblk1.genblk1.genblk1.lut1.genblk1.genblk1.genblk1.genblk1.genblk1.genblk1.lut0.genblk1.genblk1.genblk1.genblk1.genblk1.lut0 (4 -> 0)
  Optimizing lut $abc$36041$lut$aiger36040$2287.genblk1.genblk1.genblk1.genblk1.genblk1.genblk1.genblk1.genblk1.lut0.genblk1.genblk1.genblk1.genblk1.genblk1.genblk1.genblk1.lut0.genblk1.genblk1.genblk1.genblk1.genblk1.genblk1.lut1.genblk1.genblk1.genblk1.genblk1.genblk1.lut0 (4 -> 1)
  Optimizing lut $abc$36041$lut$aiger36040$2287.genblk1.genblk1.genblk1.genblk1.genblk1.genblk1.genblk1.genblk1.lut0.genblk1.genblk1.genblk1.genblk1.genblk1.genblk1.genblk1.lut0.genblk1.genblk1.genblk1.genblk1.genblk1.genblk1.lut0.genblk1.genblk1.genblk1.genblk1.genblk1.lut0 (4 -> 0)
  Optimizing lut $abc$36041$lut$aiger36040$2287.genblk1.genblk1.genblk1.genblk1.genblk1.genblk1.genblk1.genblk1.lut0.genblk1.genblk1.genblk1.genblk1.genblk1.genblk1.genblk1.lut1.genblk1.genblk1.genblk1.genblk1.genblk1.genblk1.lut1.genblk1.genblk1.genblk1.genblk1.genblk1.lut0 (4 -> 0)
  Optimizing lut $abc$36041$lut$aiger36040$2287.genblk1.genblk1.genblk1.genblk1.genblk1.genblk1.genblk1.genblk1.lut0.genblk1.genblk1.genblk1.genblk1.genblk1.genblk1.genblk1.lut1.genblk1.genblk1.genblk1.genblk1.genblk1.genblk1.lut0.genblk1.genblk1.genblk1.genblk1.genblk1.lut0 (4 -> 0)
  Optimizing lut $abc$36041$lut$aiger36040$2302.genblk1.genblk1.genblk1.genblk1.genblk1.genblk1.genblk1.genblk1.lut1.genblk1.genblk1.genblk1.genblk1.genblk1.genblk1.genblk1.lut0.genblk1.genblk1.genblk1.genblk1.genblk1.genblk1.lut1.genblk1.genblk1.genblk1.genblk1.genblk1.lut0 (4 -> 0)
  Optimizing lut $abc$36041$lut$aiger36040$2302.genblk1.genblk1.genblk1.genblk1.genblk1.genblk1.genblk1.genblk1.lut1.genblk1.genblk1.genblk1.genblk1.genblk1.genblk1.genblk1.lut0.genblk1.genblk1.genblk1.genblk1.genblk1.genblk1.lut0.genblk1.genblk1.genblk1.genblk1.genblk1.lut0 (4 -> 1)
  Optimizing lut $abc$36041$lut$aiger36040$2302.genblk1.genblk1.genblk1.genblk1.genblk1.genblk1.genblk1.genblk1.lut1.genblk1.genblk1.genblk1.genblk1.genblk1.genblk1.genblk1.lut1.genblk1.genblk1.genblk1.genblk1.genblk1.genblk1.lut1.genblk1.genblk1.genblk1.genblk1.genblk1.lut0 (4 -> 1)
  Optimizing lut $abc$36041$lut$aiger36040$2302.genblk1.genblk1.genblk1.genblk1.genblk1.genblk1.genblk1.genblk1.lut1.genblk1.genblk1.genblk1.genblk1.genblk1.genblk1.genblk1.lut1.genblk1.genblk1.genblk1.genblk1.genblk1.genblk1.lut0.genblk1.genblk1.genblk1.genblk1.genblk1.lut0 (4 -> 0)
  Optimizing lut $abc$36041$lut$aiger36040$2302.genblk1.genblk1.genblk1.genblk1.genblk1.genblk1.genblk1.genblk1.lut0.genblk1.genblk1.genblk1.genblk1.genblk1.genblk1.genblk1.lut0.genblk1.genblk1.genblk1.genblk1.genblk1.genblk1.lut1.genblk1.genblk1.genblk1.genblk1.genblk1.lut0 (4 -> 0)
  Optimizing lut $abc$36041$lut$aiger36040$2302.genblk1.genblk1.genblk1.genblk1.genblk1.genblk1.genblk1.genblk1.lut0.genblk1.genblk1.genblk1.genblk1.genblk1.genblk1.genblk1.lut0.genblk1.genblk1.genblk1.genblk1.genblk1.genblk1.lut0.genblk1.genblk1.genblk1.genblk1.genblk1.lut0 (4 -> 0)
  Optimizing lut $abc$36041$lut$aiger36040$2302.genblk1.genblk1.genblk1.genblk1.genblk1.genblk1.genblk1.genblk1.lut0.genblk1.genblk1.genblk1.genblk1.genblk1.genblk1.genblk1.lut1.genblk1.genblk1.genblk1.genblk1.genblk1.genblk1.lut1.genblk1.genblk1.genblk1.genblk1.genblk1.lut0 (4 -> 0)
  Optimizing lut $abc$36041$lut$aiger36040$2302.genblk1.genblk1.genblk1.genblk1.genblk1.genblk1.genblk1.genblk1.lut0.genblk1.genblk1.genblk1.genblk1.genblk1.genblk1.genblk1.lut1.genblk1.genblk1.genblk1.genblk1.genblk1.genblk1.lut0.genblk1.genblk1.genblk1.genblk1.genblk1.lut0 (4 -> 0)
  Optimizing lut $abc$36041$lut$aiger36040$2467.genblk1.genblk1.genblk1.genblk1.genblk1.genblk1.genblk1.genblk1.lut1.genblk1.genblk1.genblk1.genblk1.genblk1.genblk1.genblk1.lut0.genblk1.genblk1.genblk1.genblk1.genblk1.genblk1.lut1.genblk1.genblk1.genblk1.genblk1.genblk1.lut0 (4 -> 1)
  Optimizing lut $abc$36041$lut$aiger36040$2467.genblk1.genblk1.genblk1.genblk1.genblk1.genblk1.genblk1.genblk1.lut1.genblk1.genblk1.genblk1.genblk1.genblk1.genblk1.genblk1.lut0.genblk1.genblk1.genblk1.genblk1.genblk1.genblk1.lut0.genblk1.genblk1.genblk1.genblk1.genblk1.lut0 (4 -> 0)
  Optimizing lut $abc$36041$lut$aiger36040$2467.genblk1.genblk1.genblk1.genblk1.genblk1.genblk1.genblk1.genblk1.lut1.genblk1.genblk1.genblk1.genblk1.genblk1.genblk1.genblk1.lut1.genblk1.genblk1.genblk1.genblk1.genblk1.genblk1.lut1.genblk1.genblk1.genblk1.genblk1.genblk1.lut0 (4 -> 0)
  Optimizing lut $abc$36041$lut$aiger36040$2467.genblk1.genblk1.genblk1.genblk1.genblk1.genblk1.genblk1.genblk1.lut1.genblk1.genblk1.genblk1.genblk1.genblk1.genblk1.genblk1.lut1.genblk1.genblk1.genblk1.genblk1.genblk1.genblk1.lut0.genblk1.genblk1.genblk1.genblk1.genblk1.lut0 (4 -> 0)
  Optimizing lut $abc$36041$lut$aiger36040$2467.genblk1.genblk1.genblk1.genblk1.genblk1.genblk1.genblk1.genblk1.lut0.genblk1.genblk1.genblk1.genblk1.genblk1.genblk1.genblk1.lut0.genblk1.genblk1.genblk1.genblk1.genblk1.genblk1.lut1.genblk1.genblk1.genblk1.genblk1.genblk1.lut0 (4 -> 0)
  Optimizing lut $abc$36041$lut$aiger36040$2467.genblk1.genblk1.genblk1.genblk1.genblk1.genblk1.genblk1.genblk1.lut0.genblk1.genblk1.genblk1.genblk1.genblk1.genblk1.genblk1.lut0.genblk1.genblk1.genblk1.genblk1.genblk1.genblk1.lut0.genblk1.genblk1.genblk1.genblk1.genblk1.lut0 (4 -> 0)
  Optimizing lut $abc$36041$lut$aiger36040$2467.genblk1.genblk1.genblk1.genblk1.genblk1.genblk1.genblk1.genblk1.lut0.genblk1.genblk1.genblk1.genblk1.genblk1.genblk1.genblk1.lut1.genblk1.genblk1.genblk1.genblk1.genblk1.genblk1.lut1.genblk1.genblk1.genblk1.genblk1.genblk1.lut0 (4 -> 0)
  Optimizing lut $abc$36041$lut$aiger36040$2467.genblk1.genblk1.genblk1.genblk1.genblk1.genblk1.genblk1.genblk1.lut0.genblk1.genblk1.genblk1.genblk1.genblk1.genblk1.genblk1.lut1.genblk1.genblk1.genblk1.genblk1.genblk1.genblk1.lut0.genblk1.genblk1.genblk1.genblk1.genblk1.lut0 (4 -> 0)
  Optimizing lut $abc$36041$lut$aiger36040$2481.genblk1.genblk1.genblk1.genblk1.genblk1.genblk1.genblk1.genblk1.lut1.genblk1.genblk1.genblk1.genblk1.genblk1.genblk1.genblk1.lut0.genblk1.genblk1.genblk1.genblk1.genblk1.genblk1.lut1.genblk1.genblk1.genblk1.genblk1.genblk1.lut0 (4 -> 0)
  Optimizing lut $abc$36041$lut$aiger36040$2481.genblk1.genblk1.genblk1.genblk1.genblk1.genblk1.genblk1.genblk1.lut1.genblk1.genblk1.genblk1.genblk1.genblk1.genblk1.genblk1.lut0.genblk1.genblk1.genblk1.genblk1.genblk1.genblk1.lut0.genblk1.genblk1.genblk1.genblk1.genblk1.lut0 (4 -> 0)
  Optimizing lut $abc$36041$lut$aiger36040$2481.genblk1.genblk1.genblk1.genblk1.genblk1.genblk1.genblk1.genblk1.lut1.genblk1.genblk1.genblk1.genblk1.genblk1.genblk1.genblk1.lut1.genblk1.genblk1.genblk1.genblk1.genblk1.genblk1.lut1.genblk1.genblk1.genblk1.genblk1.genblk1.lut0 (4 -> 1)
  Optimizing lut $abc$36041$lut$aiger36040$2481.genblk1.genblk1.genblk1.genblk1.genblk1.genblk1.genblk1.genblk1.lut1.genblk1.genblk1.genblk1.genblk1.genblk1.genblk1.genblk1.lut1.genblk1.genblk1.genblk1.genblk1.genblk1.genblk1.lut0.genblk1.genblk1.genblk1.genblk1.genblk1.lut0 (4 -> 0)
  Optimizing lut $abc$36041$lut$aiger36040$2481.genblk1.genblk1.genblk1.genblk1.genblk1.genblk1.genblk1.genblk1.lut0.genblk1.genblk1.genblk1.genblk1.genblk1.genblk1.genblk1.lut0.genblk1.genblk1.genblk1.genblk1.genblk1.genblk1.lut1.genblk1.genblk1.genblk1.genblk1.genblk1.lut0 (4 -> 0)
  Optimizing lut $abc$36041$lut$aiger36040$2481.genblk1.genblk1.genblk1.genblk1.genblk1.genblk1.genblk1.genblk1.lut0.genblk1.genblk1.genblk1.genblk1.genblk1.genblk1.genblk1.lut0.genblk1.genblk1.genblk1.genblk1.genblk1.genblk1.lut0.genblk1.genblk1.genblk1.genblk1.genblk1.lut0 (4 -> 1)
  Optimizing lut $abc$36041$lut$aiger36040$2481.genblk1.genblk1.genblk1.genblk1.genblk1.genblk1.genblk1.genblk1.lut0.genblk1.genblk1.genblk1.genblk1.genblk1.genblk1.genblk1.lut1.genblk1.genblk1.genblk1.genblk1.genblk1.genblk1.lut1.genblk1.genblk1.genblk1.genblk1.genblk1.lut0 (4 -> 0)
  Optimizing lut $abc$36041$lut$aiger36040$2481.genblk1.genblk1.genblk1.genblk1.genblk1.genblk1.genblk1.genblk1.lut0.genblk1.genblk1.genblk1.genblk1.genblk1.genblk1.genblk1.lut1.genblk1.genblk1.genblk1.genblk1.genblk1.genblk1.lut0.genblk1.genblk1.genblk1.genblk1.genblk1.lut0 (4 -> 1)
  Optimizing lut $abc$36041$lut$aiger36040$2496.genblk1.genblk1.genblk1.genblk1.genblk1.genblk1.genblk1.genblk1.lut1.genblk1.genblk1.genblk1.genblk1.genblk1.genblk1.genblk1.lut0.genblk1.genblk1.genblk1.genblk1.genblk1.genblk1.lut1.genblk1.genblk1.genblk1.genblk1.genblk1.lut0 (4 -> 0)
  Optimizing lut $abc$36041$lut$aiger36040$2496.genblk1.genblk1.genblk1.genblk1.genblk1.genblk1.genblk1.genblk1.lut1.genblk1.genblk1.genblk1.genblk1.genblk1.genblk1.genblk1.lut0.genblk1.genblk1.genblk1.genblk1.genblk1.genblk1.lut0.genblk1.genblk1.genblk1.genblk1.genblk1.lut0 (4 -> 1)
  Optimizing lut $abc$36041$lut$aiger36040$2496.genblk1.genblk1.genblk1.genblk1.genblk1.genblk1.genblk1.genblk1.lut1.genblk1.genblk1.genblk1.genblk1.genblk1.genblk1.genblk1.lut1.genblk1.genblk1.genblk1.genblk1.genblk1.genblk1.lut1.genblk1.genblk1.genblk1.genblk1.genblk1.lut0 (4 -> 0)
  Optimizing lut $abc$36041$lut$aiger36040$2496.genblk1.genblk1.genblk1.genblk1.genblk1.genblk1.genblk1.genblk1.lut1.genblk1.genblk1.genblk1.genblk1.genblk1.genblk1.genblk1.lut1.genblk1.genblk1.genblk1.genblk1.genblk1.genblk1.lut0.genblk1.genblk1.genblk1.genblk1.genblk1.lut0 (4 -> 0)
  Optimizing lut $abc$36041$lut$aiger36040$2496.genblk1.genblk1.genblk1.genblk1.genblk1.genblk1.genblk1.genblk1.lut0.genblk1.genblk1.genblk1.genblk1.genblk1.genblk1.genblk1.lut0.genblk1.genblk1.genblk1.genblk1.genblk1.genblk1.lut1.genblk1.genblk1.genblk1.genblk1.genblk1.lut0 (4 -> 0)
  Optimizing lut $abc$36041$lut$aiger36040$2496.genblk1.genblk1.genblk1.genblk1.genblk1.genblk1.genblk1.genblk1.lut0.genblk1.genblk1.genblk1.genblk1.genblk1.genblk1.genblk1.lut0.genblk1.genblk1.genblk1.genblk1.genblk1.genblk1.lut0.genblk1.genblk1.genblk1.genblk1.genblk1.lut0 (4 -> 0)
  Optimizing lut $abc$36041$lut$aiger36040$2496.genblk1.genblk1.genblk1.genblk1.genblk1.genblk1.genblk1.genblk1.lut0.genblk1.genblk1.genblk1.genblk1.genblk1.genblk1.genblk1.lut1.genblk1.genblk1.genblk1.genblk1.genblk1.genblk1.lut1.genblk1.genblk1.genblk1.genblk1.genblk1.lut0 (4 -> 0)
  Optimizing lut $abc$36041$lut$aiger36040$2496.genblk1.genblk1.genblk1.genblk1.genblk1.genblk1.genblk1.genblk1.lut0.genblk1.genblk1.genblk1.genblk1.genblk1.genblk1.genblk1.lut1.genblk1.genblk1.genblk1.genblk1.genblk1.genblk1.lut0.genblk1.genblk1.genblk1.genblk1.genblk1.lut0 (4 -> 0)
  Optimizing lut $abc$36041$lut$aiger36040$2511.genblk1.genblk1.genblk1.genblk1.genblk1.genblk1.genblk1.genblk1.lut1.genblk1.genblk1.genblk1.genblk1.genblk1.genblk1.genblk1.lut0.genblk1.genblk1.genblk1.genblk1.genblk1.genblk1.lut1.genblk1.genblk1.genblk1.genblk1.genblk1.lut0 (4 -> 0)
  Optimizing lut $abc$36041$lut$aiger36040$2511.genblk1.genblk1.genblk1.genblk1.genblk1.genblk1.genblk1.genblk1.lut1.genblk1.genblk1.genblk1.genblk1.genblk1.genblk1.genblk1.lut0.genblk1.genblk1.genblk1.genblk1.genblk1.genblk1.lut0.genblk1.genblk1.genblk1.genblk1.genblk1.lut0 (4 -> 0)
  Optimizing lut $abc$36041$lut$aiger36040$2511.genblk1.genblk1.genblk1.genblk1.genblk1.genblk1.genblk1.genblk1.lut1.genblk1.genblk1.genblk1.genblk1.genblk1.genblk1.genblk1.lut1.genblk1.genblk1.genblk1.genblk1.genblk1.genblk1.lut1.genblk1.genblk1.genblk1.genblk1.genblk1.lut0 (4 -> 0)
  Optimizing lut $abc$36041$lut$aiger36040$2511.genblk1.genblk1.genblk1.genblk1.genblk1.genblk1.genblk1.genblk1.lut1.genblk1.genblk1.genblk1.genblk1.genblk1.genblk1.genblk1.lut1.genblk1.genblk1.genblk1.genblk1.genblk1.genblk1.lut0.genblk1.genblk1.genblk1.genblk1.genblk1.lut0 (4 -> 1)
  Optimizing lut $abc$36041$lut$aiger36040$2511.genblk1.genblk1.genblk1.genblk1.genblk1.genblk1.genblk1.genblk1.lut0.genblk1.genblk1.genblk1.genblk1.genblk1.genblk1.genblk1.lut0.genblk1.genblk1.genblk1.genblk1.genblk1.genblk1.lut1.genblk1.genblk1.genblk1.genblk1.genblk1.lut0 (4 -> 1)
  Optimizing lut $abc$36041$lut$aiger36040$2511.genblk1.genblk1.genblk1.genblk1.genblk1.genblk1.genblk1.genblk1.lut0.genblk1.genblk1.genblk1.genblk1.genblk1.genblk1.genblk1.lut0.genblk1.genblk1.genblk1.genblk1.genblk1.genblk1.lut0.genblk1.genblk1.genblk1.genblk1.genblk1.lut0 (4 -> 0)
  Optimizing lut $abc$36041$lut$aiger36040$2511.genblk1.genblk1.genblk1.genblk1.genblk1.genblk1.genblk1.genblk1.lut0.genblk1.genblk1.genblk1.genblk1.genblk1.genblk1.genblk1.lut1.genblk1.genblk1.genblk1.genblk1.genblk1.genblk1.lut1.genblk1.genblk1.genblk1.genblk1.genblk1.lut0 (4 -> 1)
  Optimizing lut $abc$36041$lut$aiger36040$2511.genblk1.genblk1.genblk1.genblk1.genblk1.genblk1.genblk1.genblk1.lut0.genblk1.genblk1.genblk1.genblk1.genblk1.genblk1.genblk1.lut1.genblk1.genblk1.genblk1.genblk1.genblk1.genblk1.lut0.genblk1.genblk1.genblk1.genblk1.genblk1.lut0 (4 -> 0)
  Optimizing lut $abc$36041$lut$aiger36040$2533.genblk1.genblk1.genblk1.genblk1.genblk1.genblk1.genblk1.genblk1.lut1.genblk1.genblk1.genblk1.genblk1.genblk1.genblk1.genblk1.lut0.genblk1.genblk1.genblk1.genblk1.genblk1.genblk1.lut1.genblk1.genblk1.genblk1.genblk1.genblk1.lut0 (4 -> 0)
  Optimizing lut $abc$36041$lut$aiger36040$2533.genblk1.genblk1.genblk1.genblk1.genblk1.genblk1.genblk1.genblk1.lut1.genblk1.genblk1.genblk1.genblk1.genblk1.genblk1.genblk1.lut0.genblk1.genblk1.genblk1.genblk1.genblk1.genblk1.lut0.genblk1.genblk1.genblk1.genblk1.genblk1.lut0 (4 -> 0)
  Optimizing lut $abc$36041$lut$aiger36040$2533.genblk1.genblk1.genblk1.genblk1.genblk1.genblk1.genblk1.genblk1.lut1.genblk1.genblk1.genblk1.genblk1.genblk1.genblk1.genblk1.lut1.genblk1.genblk1.genblk1.genblk1.genblk1.genblk1.lut1.genblk1.genblk1.genblk1.genblk1.genblk1.lut0 (4 -> 0)
  Optimizing lut $abc$36041$lut$aiger36040$2533.genblk1.genblk1.genblk1.genblk1.genblk1.genblk1.genblk1.genblk1.lut1.genblk1.genblk1.genblk1.genblk1.genblk1.genblk1.genblk1.lut1.genblk1.genblk1.genblk1.genblk1.genblk1.genblk1.lut0.genblk1.genblk1.genblk1.genblk1.genblk1.lut0 (4 -> 0)
  Optimizing lut $abc$36041$lut$aiger36040$2533.genblk1.genblk1.genblk1.genblk1.genblk1.genblk1.genblk1.genblk1.lut0.genblk1.genblk1.genblk1.genblk1.genblk1.genblk1.genblk1.lut0.genblk1.genblk1.genblk1.genblk1.genblk1.genblk1.lut1.genblk1.genblk1.genblk1.genblk1.genblk1.lut0 (4 -> 0)
  Optimizing lut $abc$36041$lut$aiger36040$2533.genblk1.genblk1.genblk1.genblk1.genblk1.genblk1.genblk1.genblk1.lut0.genblk1.genblk1.genblk1.genblk1.genblk1.genblk1.genblk1.lut0.genblk1.genblk1.genblk1.genblk1.genblk1.genblk1.lut0.genblk1.genblk1.genblk1.genblk1.genblk1.lut0 (4 -> 0)
  Optimizing lut $abc$36041$lut$aiger36040$2533.genblk1.genblk1.genblk1.genblk1.genblk1.genblk1.genblk1.genblk1.lut0.genblk1.genblk1.genblk1.genblk1.genblk1.genblk1.genblk1.lut1.genblk1.genblk1.genblk1.genblk1.genblk1.genblk1.lut1.genblk1.genblk1.genblk1.genblk1.genblk1.lut0 (4 -> 0)
  Optimizing lut $abc$36041$lut$aiger36040$2533.genblk1.genblk1.genblk1.genblk1.genblk1.genblk1.genblk1.genblk1.lut0.genblk1.genblk1.genblk1.genblk1.genblk1.genblk1.genblk1.lut1.genblk1.genblk1.genblk1.genblk1.genblk1.genblk1.lut0.genblk1.genblk1.genblk1.genblk1.genblk1.lut0 (4 -> 1)
  Optimizing lut $abc$36041$lut$aiger36040$2548.genblk1.genblk1.genblk1.genblk1.genblk1.genblk1.genblk1.genblk1.lut1.genblk1.genblk1.genblk1.genblk1.genblk1.genblk1.genblk1.lut0.genblk1.genblk1.genblk1.genblk1.genblk1.genblk1.lut1.genblk1.genblk1.genblk1.genblk1.genblk1.lut0 (4 -> 0)
  Optimizing lut $abc$36041$lut$aiger36040$2548.genblk1.genblk1.genblk1.genblk1.genblk1.genblk1.genblk1.genblk1.lut1.genblk1.genblk1.genblk1.genblk1.genblk1.genblk1.genblk1.lut0.genblk1.genblk1.genblk1.genblk1.genblk1.genblk1.lut0.genblk1.genblk1.genblk1.genblk1.genblk1.lut0 (4 -> 1)
  Optimizing lut $abc$36041$lut$aiger36040$2548.genblk1.genblk1.genblk1.genblk1.genblk1.genblk1.genblk1.genblk1.lut1.genblk1.genblk1.genblk1.genblk1.genblk1.genblk1.genblk1.lut1.genblk1.genblk1.genblk1.genblk1.genblk1.genblk1.lut1.genblk1.genblk1.genblk1.genblk1.genblk1.lut0 (4 -> 0)
  Optimizing lut $abc$36041$lut$aiger36040$2548.genblk1.genblk1.genblk1.genblk1.genblk1.genblk1.genblk1.genblk1.lut1.genblk1.genblk1.genblk1.genblk1.genblk1.genblk1.genblk1.lut1.genblk1.genblk1.genblk1.genblk1.genblk1.genblk1.lut0.genblk1.genblk1.genblk1.genblk1.genblk1.lut0 (4 -> 0)
  Optimizing lut $abc$36041$lut$aiger36040$2548.genblk1.genblk1.genblk1.genblk1.genblk1.genblk1.genblk1.genblk1.lut0.genblk1.genblk1.genblk1.genblk1.genblk1.genblk1.genblk1.lut0.genblk1.genblk1.genblk1.genblk1.genblk1.genblk1.lut1.genblk1.genblk1.genblk1.genblk1.genblk1.lut0 (4 -> 1)
  Optimizing lut $abc$36041$lut$aiger36040$2548.genblk1.genblk1.genblk1.genblk1.genblk1.genblk1.genblk1.genblk1.lut0.genblk1.genblk1.genblk1.genblk1.genblk1.genblk1.genblk1.lut0.genblk1.genblk1.genblk1.genblk1.genblk1.genblk1.lut0.genblk1.genblk1.genblk1.genblk1.genblk1.lut0 (4 -> 0)
  Optimizing lut $abc$36041$lut$aiger36040$2548.genblk1.genblk1.genblk1.genblk1.genblk1.genblk1.genblk1.genblk1.lut0.genblk1.genblk1.genblk1.genblk1.genblk1.genblk1.genblk1.lut1.genblk1.genblk1.genblk1.genblk1.genblk1.genblk1.lut1.genblk1.genblk1.genblk1.genblk1.genblk1.lut0 (4 -> 0)
  Optimizing lut $abc$36041$lut$aiger36040$2548.genblk1.genblk1.genblk1.genblk1.genblk1.genblk1.genblk1.genblk1.lut0.genblk1.genblk1.genblk1.genblk1.genblk1.genblk1.genblk1.lut1.genblk1.genblk1.genblk1.genblk1.genblk1.genblk1.lut0.genblk1.genblk1.genblk1.genblk1.genblk1.lut0 (4 -> 0)
  Optimizing lut $abc$36041$lut$aiger36040$2562.genblk1.genblk1.genblk1.genblk1.genblk1.genblk1.genblk1.genblk1.lut1.genblk1.genblk1.genblk1.genblk1.genblk1.genblk1.genblk1.lut0.genblk1.genblk1.genblk1.genblk1.genblk1.genblk1.lut1.genblk1.genblk1.genblk1.genblk1.genblk1.lut0 (4 -> 1)
  Optimizing lut $abc$36041$lut$aiger36040$2562.genblk1.genblk1.genblk1.genblk1.genblk1.genblk1.genblk1.genblk1.lut1.genblk1.genblk1.genblk1.genblk1.genblk1.genblk1.genblk1.lut0.genblk1.genblk1.genblk1.genblk1.genblk1.genblk1.lut0.genblk1.genblk1.genblk1.genblk1.genblk1.lut0 (4 -> 0)
  Optimizing lut $abc$36041$lut$aiger36040$2562.genblk1.genblk1.genblk1.genblk1.genblk1.genblk1.genblk1.genblk1.lut1.genblk1.genblk1.genblk1.genblk1.genblk1.genblk1.genblk1.lut1.genblk1.genblk1.genblk1.genblk1.genblk1.genblk1.lut1.genblk1.genblk1.genblk1.genblk1.genblk1.lut0 (4 -> 0)
  Optimizing lut $abc$36041$lut$aiger36040$2562.genblk1.genblk1.genblk1.genblk1.genblk1.genblk1.genblk1.genblk1.lut1.genblk1.genblk1.genblk1.genblk1.genblk1.genblk1.genblk1.lut1.genblk1.genblk1.genblk1.genblk1.genblk1.genblk1.lut0.genblk1.genblk1.genblk1.genblk1.genblk1.lut0 (4 -> 0)
  Optimizing lut $abc$36041$lut$aiger36040$2562.genblk1.genblk1.genblk1.genblk1.genblk1.genblk1.genblk1.genblk1.lut0.genblk1.genblk1.genblk1.genblk1.genblk1.genblk1.genblk1.lut0.genblk1.genblk1.genblk1.genblk1.genblk1.genblk1.lut1.genblk1.genblk1.genblk1.genblk1.genblk1.lut0 (4 -> 0)
  Optimizing lut $abc$36041$lut$aiger36040$2562.genblk1.genblk1.genblk1.genblk1.genblk1.genblk1.genblk1.genblk1.lut0.genblk1.genblk1.genblk1.genblk1.genblk1.genblk1.genblk1.lut0.genblk1.genblk1.genblk1.genblk1.genblk1.genblk1.lut0.genblk1.genblk1.genblk1.genblk1.genblk1.lut0 (4 -> 0)
  Optimizing lut $abc$36041$lut$aiger36040$2562.genblk1.genblk1.genblk1.genblk1.genblk1.genblk1.genblk1.genblk1.lut0.genblk1.genblk1.genblk1.genblk1.genblk1.genblk1.genblk1.lut1.genblk1.genblk1.genblk1.genblk1.genblk1.genblk1.lut1.genblk1.genblk1.genblk1.genblk1.genblk1.lut0 (4 -> 0)
  Optimizing lut $abc$36041$lut$aiger36040$2562.genblk1.genblk1.genblk1.genblk1.genblk1.genblk1.genblk1.genblk1.lut0.genblk1.genblk1.genblk1.genblk1.genblk1.genblk1.genblk1.lut1.genblk1.genblk1.genblk1.genblk1.genblk1.genblk1.lut0.genblk1.genblk1.genblk1.genblk1.genblk1.lut0 (4 -> 0)
  Optimizing lut $abc$36041$lut$aiger36040$2575.genblk1.genblk1.genblk1.genblk1.genblk1.genblk1.genblk1.genblk1.lut1.genblk1.genblk1.genblk1.genblk1.genblk1.genblk1.genblk1.lut0.genblk1.genblk1.genblk1.genblk1.genblk1.genblk1.lut1.genblk1.genblk1.genblk1.genblk1.genblk1.lut0 (4 -> 0)
  Optimizing lut $abc$36041$lut$aiger36040$2575.genblk1.genblk1.genblk1.genblk1.genblk1.genblk1.genblk1.genblk1.lut1.genblk1.genblk1.genblk1.genblk1.genblk1.genblk1.genblk1.lut0.genblk1.genblk1.genblk1.genblk1.genblk1.genblk1.lut0.genblk1.genblk1.genblk1.genblk1.genblk1.lut0 (4 -> 0)
  Optimizing lut $abc$36041$lut$aiger36040$2575.genblk1.genblk1.genblk1.genblk1.genblk1.genblk1.genblk1.genblk1.lut1.genblk1.genblk1.genblk1.genblk1.genblk1.genblk1.genblk1.lut1.genblk1.genblk1.genblk1.genblk1.genblk1.genblk1.lut1.genblk1.genblk1.genblk1.genblk1.genblk1.lut0 (4 -> 1)
  Optimizing lut $abc$36041$lut$aiger36040$2575.genblk1.genblk1.genblk1.genblk1.genblk1.genblk1.genblk1.genblk1.lut1.genblk1.genblk1.genblk1.genblk1.genblk1.genblk1.genblk1.lut1.genblk1.genblk1.genblk1.genblk1.genblk1.genblk1.lut0.genblk1.genblk1.genblk1.genblk1.genblk1.lut0 (4 -> 1)
  Optimizing lut $abc$36041$lut$aiger36040$2575.genblk1.genblk1.genblk1.genblk1.genblk1.genblk1.genblk1.genblk1.lut0.genblk1.genblk1.genblk1.genblk1.genblk1.genblk1.genblk1.lut0.genblk1.genblk1.genblk1.genblk1.genblk1.genblk1.lut1.genblk1.genblk1.genblk1.genblk1.genblk1.lut0 (4 -> 0)
  Optimizing lut $abc$36041$lut$aiger36040$2575.genblk1.genblk1.genblk1.genblk1.genblk1.genblk1.genblk1.genblk1.lut0.genblk1.genblk1.genblk1.genblk1.genblk1.genblk1.genblk1.lut0.genblk1.genblk1.genblk1.genblk1.genblk1.genblk1.lut0.genblk1.genblk1.genblk1.genblk1.genblk1.lut0 (4 -> 1)
  Optimizing lut $abc$36041$lut$aiger36040$2575.genblk1.genblk1.genblk1.genblk1.genblk1.genblk1.genblk1.genblk1.lut0.genblk1.genblk1.genblk1.genblk1.genblk1.genblk1.genblk1.lut1.genblk1.genblk1.genblk1.genblk1.genblk1.genblk1.lut1.genblk1.genblk1.genblk1.genblk1.genblk1.lut0 (4 -> 1)
  Optimizing lut $abc$36041$lut$aiger36040$2575.genblk1.genblk1.genblk1.genblk1.genblk1.genblk1.genblk1.genblk1.lut0.genblk1.genblk1.genblk1.genblk1.genblk1.genblk1.genblk1.lut1.genblk1.genblk1.genblk1.genblk1.genblk1.genblk1.lut0.genblk1.genblk1.genblk1.genblk1.genblk1.lut0 (4 -> 0)
  Optimizing lut $abc$36041$lut$aiger36040$6969.genblk1.genblk1.genblk1.genblk1.genblk1.genblk1.genblk1.genblk1.lut1.genblk1.genblk1.genblk1.genblk1.genblk1.genblk1.genblk1.lut0.genblk1.genblk1.genblk1.genblk1.genblk1.genblk1.lut1.genblk1.genblk1.genblk1.genblk1.genblk1.lut0 (4 -> 0)
  Optimizing lut $abc$36041$lut$aiger36040$6969.genblk1.genblk1.genblk1.genblk1.genblk1.genblk1.genblk1.genblk1.lut1.genblk1.genblk1.genblk1.genblk1.genblk1.genblk1.genblk1.lut0.genblk1.genblk1.genblk1.genblk1.genblk1.genblk1.lut0.genblk1.genblk1.genblk1.genblk1.genblk1.lut0 (4 -> 0)
  Optimizing lut $abc$36041$lut$aiger36040$6969.genblk1.genblk1.genblk1.genblk1.genblk1.genblk1.genblk1.genblk1.lut1.genblk1.genblk1.genblk1.genblk1.genblk1.genblk1.genblk1.lut1.genblk1.genblk1.genblk1.genblk1.genblk1.genblk1.lut1.genblk1.genblk1.genblk1.genblk1.genblk1.lut0 (4 -> 0)
  Optimizing lut $abc$36041$lut$aiger36040$6969.genblk1.genblk1.genblk1.genblk1.genblk1.genblk1.genblk1.genblk1.lut1.genblk1.genblk1.genblk1.genblk1.genblk1.genblk1.genblk1.lut1.genblk1.genblk1.genblk1.genblk1.genblk1.genblk1.lut0.genblk1.genblk1.genblk1.genblk1.genblk1.lut0 (4 -> 0)
  Optimizing lut $abc$36041$lut$aiger36040$2319.genblk1.genblk1.genblk1.genblk1.genblk1.genblk1.genblk1.genblk1.lut1.genblk1.genblk1.genblk1.genblk1.genblk1.genblk1.genblk1.lut0.genblk1.genblk1.genblk1.genblk1.genblk1.genblk1.lut0.genblk1.genblk1.genblk1.genblk1.genblk1.lut0 (4 -> 2)
  Optimizing lut $abc$36041$lut$aiger36040$2319.genblk1.genblk1.genblk1.genblk1.genblk1.genblk1.genblk1.genblk1.lut1.genblk1.genblk1.genblk1.genblk1.genblk1.genblk1.genblk1.lut1.genblk1.genblk1.genblk1.genblk1.genblk1.genblk1.lut1.genblk1.genblk1.genblk1.genblk1.genblk1.lut0 (4 -> 1)
  Optimizing lut $abc$36041$lut$aiger36040$2319.genblk1.genblk1.genblk1.genblk1.genblk1.genblk1.genblk1.genblk1.lut1.genblk1.genblk1.genblk1.genblk1.genblk1.genblk1.genblk1.lut1.genblk1.genblk1.genblk1.genblk1.genblk1.genblk1.lut0.genblk1.genblk1.genblk1.genblk1.genblk1.lut0 (4 -> 1)
  Optimizing lut $abc$36041$lut$aiger36040$2319.genblk1.genblk1.genblk1.genblk1.genblk1.genblk1.genblk1.genblk1.lut0.genblk1.genblk1.genblk1.genblk1.genblk1.genblk1.genblk1.lut0.genblk1.genblk1.genblk1.genblk1.genblk1.genblk1.lut1.genblk1.genblk1.genblk1.genblk1.genblk1.lut0 (4 -> 2)
  Optimizing lut $abc$36041$lut$aiger36040$2319.genblk1.genblk1.genblk1.genblk1.genblk1.genblk1.genblk1.genblk1.lut0.genblk1.genblk1.genblk1.genblk1.genblk1.genblk1.genblk1.lut0.genblk1.genblk1.genblk1.genblk1.genblk1.genblk1.lut0.genblk1.genblk1.genblk1.genblk1.genblk1.lut0 (4 -> 2)
  Optimizing lut $abc$36041$lut$aiger36040$2319.genblk1.genblk1.genblk1.genblk1.genblk1.genblk1.genblk1.genblk1.lut0.genblk1.genblk1.genblk1.genblk1.genblk1.genblk1.genblk1.lut1.genblk1.genblk1.genblk1.genblk1.genblk1.genblk1.lut1.genblk1.genblk1.genblk1.genblk1.genblk1.lut0 (4 -> 0)
  Optimizing lut $abc$36041$lut$aiger36040$2319.genblk1.genblk1.genblk1.genblk1.genblk1.genblk1.genblk1.genblk1.lut0.genblk1.genblk1.genblk1.genblk1.genblk1.genblk1.genblk1.lut1.genblk1.genblk1.genblk1.genblk1.genblk1.genblk1.lut0.genblk1.genblk1.genblk1.genblk1.genblk1.lut0 (4 -> 0)
  Optimizing lut $abc$36041$lut$aiger36040$2588.genblk1.genblk1.genblk1.genblk1.genblk1.genblk1.genblk1.genblk1.lut1.genblk1.genblk1.genblk1.genblk1.genblk1.genblk1.genblk1.lut0.genblk1.genblk1.genblk1.genblk1.genblk1.genblk1.lut1.genblk1.genblk1.genblk1.genblk1.genblk1.lut0 (4 -> 2)
  Optimizing lut $abc$36041$lut$aiger36040$2588.genblk1.genblk1.genblk1.genblk1.genblk1.genblk1.genblk1.genblk1.lut1.genblk1.genblk1.genblk1.genblk1.genblk1.genblk1.genblk1.lut0.genblk1.genblk1.genblk1.genblk1.genblk1.genblk1.lut0.genblk1.genblk1.genblk1.genblk1.genblk1.lut0 (4 -> 2)
  Optimizing lut $abc$36041$lut$aiger36040$2588.genblk1.genblk1.genblk1.genblk1.genblk1.genblk1.genblk1.genblk1.lut1.genblk1.genblk1.genblk1.genblk1.genblk1.genblk1.genblk1.lut1.genblk1.genblk1.genblk1.genblk1.genblk1.genblk1.lut1.genblk1.genblk1.genblk1.genblk1.genblk1.lut0 (4 -> 1)
  Optimizing lut $abc$36041$lut$aiger36040$2588.genblk1.genblk1.genblk1.genblk1.genblk1.genblk1.genblk1.genblk1.lut1.genblk1.genblk1.genblk1.genblk1.genblk1.genblk1.genblk1.lut1.genblk1.genblk1.genblk1.genblk1.genblk1.genblk1.lut0.genblk1.genblk1.genblk1.genblk1.genblk1.lut0 (4 -> 1)
  Optimizing lut $abc$36041$lut$aiger36040$2588.genblk1.genblk1.genblk1.genblk1.genblk1.genblk1.genblk1.genblk1.lut0.genblk1.genblk1.genblk1.genblk1.genblk1.genblk1.genblk1.lut0.genblk1.genblk1.genblk1.genblk1.genblk1.genblk1.lut1.genblk1.genblk1.genblk1.genblk1.genblk1.lut0 (4 -> 2)
  Optimizing lut $abc$36041$lut$aiger36040$2588.genblk1.genblk1.genblk1.genblk1.genblk1.genblk1.genblk1.genblk1.lut0.genblk1.genblk1.genblk1.genblk1.genblk1.genblk1.genblk1.lut0.genblk1.genblk1.genblk1.genblk1.genblk1.genblk1.lut0.genblk1.genblk1.genblk1.genblk1.genblk1.lut0 (4 -> 2)
  Optimizing lut $abc$36041$lut$aiger36040$2588.genblk1.genblk1.genblk1.genblk1.genblk1.genblk1.genblk1.genblk1.lut0.genblk1.genblk1.genblk1.genblk1.genblk1.genblk1.genblk1.lut1.genblk1.genblk1.genblk1.genblk1.genblk1.genblk1.lut1.genblk1.genblk1.genblk1.genblk1.genblk1.lut0 (4 -> 0)
  Optimizing lut $abc$36041$lut$aiger36040$2588.genblk1.genblk1.genblk1.genblk1.genblk1.genblk1.genblk1.genblk1.lut0.genblk1.genblk1.genblk1.genblk1.genblk1.genblk1.genblk1.lut1.genblk1.genblk1.genblk1.genblk1.genblk1.genblk1.lut0.genblk1.genblk1.genblk1.genblk1.genblk1.lut0 (4 -> 0)
  Optimizing lut $abc$36041$lut$aiger36040$2623.genblk1.genblk1.genblk1.genblk1.genblk1.genblk1.genblk1.genblk1.lut1.genblk1.genblk1.genblk1.genblk1.genblk1.genblk1.genblk1.lut0.genblk1.genblk1.genblk1.genblk1.genblk1.genblk1.lut1.genblk1.genblk1.genblk1.genblk1.genblk1.lut0 (4 -> 2)
  Optimizing lut $abc$36041$lut$aiger36040$2623.genblk1.genblk1.genblk1.genblk1.genblk1.genblk1.genblk1.genblk1.lut1.genblk1.genblk1.genblk1.genblk1.genblk1.genblk1.genblk1.lut0.genblk1.genblk1.genblk1.genblk1.genblk1.genblk1.lut0.genblk1.genblk1.genblk1.genblk1.genblk1.lut0 (4 -> 2)
  Optimizing lut $abc$36041$lut$aiger36040$2623.genblk1.genblk1.genblk1.genblk1.genblk1.genblk1.genblk1.genblk1.lut1.genblk1.genblk1.genblk1.genblk1.genblk1.genblk1.genblk1.lut1.genblk1.genblk1.genblk1.genblk1.genblk1.genblk1.lut1.genblk1.genblk1.genblk1.genblk1.genblk1.lut0 (4 -> 1)
  Optimizing lut $abc$36041$lut$aiger36040$2623.genblk1.genblk1.genblk1.genblk1.genblk1.genblk1.genblk1.genblk1.lut1.genblk1.genblk1.genblk1.genblk1.genblk1.genblk1.genblk1.lut1.genblk1.genblk1.genblk1.genblk1.genblk1.genblk1.lut0.genblk1.genblk1.genblk1.genblk1.genblk1.lut0 (4 -> 1)
  Optimizing lut $abc$36041$lut$aiger36040$2623.genblk1.genblk1.genblk1.genblk1.genblk1.genblk1.genblk1.genblk1.lut0.genblk1.genblk1.genblk1.genblk1.genblk1.genblk1.genblk1.lut0.genblk1.genblk1.genblk1.genblk1.genblk1.genblk1.lut1.genblk1.genblk1.genblk1.genblk1.genblk1.lut0 (4 -> 2)
  Optimizing lut $abc$36041$lut$aiger36040$2623.genblk1.genblk1.genblk1.genblk1.genblk1.genblk1.genblk1.genblk1.lut0.genblk1.genblk1.genblk1.genblk1.genblk1.genblk1.genblk1.lut0.genblk1.genblk1.genblk1.genblk1.genblk1.genblk1.lut0.genblk1.genblk1.genblk1.genblk1.genblk1.lut0 (4 -> 2)
  Optimizing lut $abc$36041$lut$aiger36040$2623.genblk1.genblk1.genblk1.genblk1.genblk1.genblk1.genblk1.genblk1.lut0.genblk1.genblk1.genblk1.genblk1.genblk1.genblk1.genblk1.lut1.genblk1.genblk1.genblk1.genblk1.genblk1.genblk1.lut1.genblk1.genblk1.genblk1.genblk1.genblk1.lut0 (4 -> 1)
  Optimizing lut $abc$36041$lut$aiger36040$2623.genblk1.genblk1.genblk1.genblk1.genblk1.genblk1.genblk1.genblk1.lut0.genblk1.genblk1.genblk1.genblk1.genblk1.genblk1.genblk1.lut1.genblk1.genblk1.genblk1.genblk1.genblk1.genblk1.lut0.genblk1.genblk1.genblk1.genblk1.genblk1.lut0 (4 -> 1)
  Optimizing lut $abc$36041$lut$aiger36040$2741.genblk1.genblk1.genblk1.genblk1.genblk1.genblk1.genblk1.genblk1.lut1.genblk1.genblk1.genblk1.genblk1.genblk1.genblk1.genblk1.lut0.genblk1.genblk1.genblk1.genblk1.genblk1.genblk1.lut1.genblk1.genblk1.genblk1.genblk1.genblk1.lut0 (4 -> 2)
  Optimizing lut $abc$36041$lut$aiger36040$2741.genblk1.genblk1.genblk1.genblk1.genblk1.genblk1.genblk1.genblk1.lut1.genblk1.genblk1.genblk1.genblk1.genblk1.genblk1.genblk1.lut1.genblk1.genblk1.genblk1.genblk1.genblk1.genblk1.lut1.genblk1.genblk1.genblk1.genblk1.genblk1.lut0 (4 -> 1)
  Optimizing lut $abc$36041$lut$aiger36040$2741.genblk1.genblk1.genblk1.genblk1.genblk1.genblk1.genblk1.genblk1.lut1.genblk1.genblk1.genblk1.genblk1.genblk1.genblk1.genblk1.lut1.genblk1.genblk1.genblk1.genblk1.genblk1.genblk1.lut0.genblk1.genblk1.genblk1.genblk1.genblk1.lut0 (4 -> 3)
  Optimizing lut $abc$36041$lut$aiger36040$2741.genblk1.genblk1.genblk1.genblk1.genblk1.genblk1.genblk1.genblk1.lut0.genblk1.genblk1.genblk1.genblk1.genblk1.genblk1.genblk1.lut0.genblk1.genblk1.genblk1.genblk1.genblk1.genblk1.lut1.genblk1.genblk1.genblk1.genblk1.genblk1.lut0 (4 -> 2)
  Optimizing lut $abc$36041$lut$aiger36040$2741.genblk1.genblk1.genblk1.genblk1.genblk1.genblk1.genblk1.genblk1.lut0.genblk1.genblk1.genblk1.genblk1.genblk1.genblk1.genblk1.lut1.genblk1.genblk1.genblk1.genblk1.genblk1.genblk1.lut1.genblk1.genblk1.genblk1.genblk1.genblk1.lut0 (4 -> 0)
  Optimizing lut $abc$36041$lut$aiger36040$2741.genblk1.genblk1.genblk1.genblk1.genblk1.genblk1.genblk1.genblk1.lut0.genblk1.genblk1.genblk1.genblk1.genblk1.genblk1.genblk1.lut1.genblk1.genblk1.genblk1.genblk1.genblk1.genblk1.lut0.genblk1.genblk1.genblk1.genblk1.genblk1.lut0 (4 -> 0)
  Optimizing lut $abc$36041$lut$aiger36040$3630.genblk1.genblk1.genblk1.genblk1.genblk1.genblk1.genblk1.genblk1.lut1.genblk1.genblk1.genblk1.genblk1.genblk1.genblk1.genblk1.lut0.genblk1.genblk1.genblk1.genblk1.genblk1.genblk1.lut1.genblk1.genblk1.genblk1.genblk1.genblk1.lut0 (4 -> 2)
  Optimizing lut $abc$36041$lut$aiger36040$3630.genblk1.genblk1.genblk1.genblk1.genblk1.genblk1.genblk1.genblk1.lut1.genblk1.genblk1.genblk1.genblk1.genblk1.genblk1.genblk1.lut0.genblk1.genblk1.genblk1.genblk1.genblk1.genblk1.lut0.genblk1.genblk1.genblk1.genblk1.genblk1.lut0 (4 -> 2)
  Optimizing lut $abc$36041$lut$aiger36040$3630.genblk1.genblk1.genblk1.genblk1.genblk1.genblk1.genblk1.genblk1.lut1.genblk1.genblk1.genblk1.genblk1.genblk1.genblk1.genblk1.lut1.genblk1.genblk1.genblk1.genblk1.genblk1.genblk1.lut1.genblk1.genblk1.genblk1.genblk1.genblk1.lut0 (4 -> 1)
  Optimizing lut $abc$36041$lut$aiger36040$3630.genblk1.genblk1.genblk1.genblk1.genblk1.genblk1.genblk1.genblk1.lut1.genblk1.genblk1.genblk1.genblk1.genblk1.genblk1.genblk1.lut1.genblk1.genblk1.genblk1.genblk1.genblk1.genblk1.lut0.genblk1.genblk1.genblk1.genblk1.genblk1.lut0 (4 -> 1)
  Optimizing lut $abc$36041$lut$aiger36040$3630.genblk1.genblk1.genblk1.genblk1.genblk1.genblk1.genblk1.genblk1.lut0.genblk1.genblk1.genblk1.genblk1.genblk1.genblk1.genblk1.lut0.genblk1.genblk1.genblk1.genblk1.genblk1.genblk1.lut1.genblk1.genblk1.genblk1.genblk1.genblk1.lut0 (4 -> 2)
  Optimizing lut $abc$36041$lut$aiger36040$3630.genblk1.genblk1.genblk1.genblk1.genblk1.genblk1.genblk1.genblk1.lut0.genblk1.genblk1.genblk1.genblk1.genblk1.genblk1.genblk1.lut0.genblk1.genblk1.genblk1.genblk1.genblk1.genblk1.lut0.genblk1.genblk1.genblk1.genblk1.genblk1.lut0 (4 -> 2)
  Optimizing lut $abc$36041$lut$aiger36040$3630.genblk1.genblk1.genblk1.genblk1.genblk1.genblk1.genblk1.genblk1.lut0.genblk1.genblk1.genblk1.genblk1.genblk1.genblk1.genblk1.lut1.genblk1.genblk1.genblk1.genblk1.genblk1.genblk1.lut1.genblk1.genblk1.genblk1.genblk1.genblk1.lut0 (4 -> 0)
  Optimizing lut $abc$36041$lut$aiger36040$3630.genblk1.genblk1.genblk1.genblk1.genblk1.genblk1.genblk1.genblk1.lut0.genblk1.genblk1.genblk1.genblk1.genblk1.genblk1.genblk1.lut1.genblk1.genblk1.genblk1.genblk1.genblk1.genblk1.lut0.genblk1.genblk1.genblk1.genblk1.genblk1.lut0 (4 -> 0)
  Optimizing lut $abc$36041$lut$aiger36040$3643.genblk1.genblk1.genblk1.genblk1.genblk1.genblk1.genblk1.lut1.genblk1.genblk1.genblk1.genblk1.genblk1.genblk1.lut0.genblk1.genblk1.genblk1.genblk1.genblk1.lut1 (4 -> 1)
  Optimizing lut $abc$36041$lut$aiger36040$3876.genblk1.genblk1.genblk1.genblk1.genblk1.genblk1.genblk1.genblk1.lut0.genblk1.genblk1.genblk1.genblk1.genblk1.genblk1.genblk1.lut0.genblk1.genblk1.genblk1.genblk1.genblk1.genblk1.lut1.genblk1.genblk1.genblk1.genblk1.genblk1.lut0 (4 -> 2)
  Optimizing lut $abc$36041$lut$aiger36040$3876.genblk1.genblk1.genblk1.genblk1.genblk1.genblk1.genblk1.genblk1.lut0.genblk1.genblk1.genblk1.genblk1.genblk1.genblk1.genblk1.lut0.genblk1.genblk1.genblk1.genblk1.genblk1.genblk1.lut0.genblk1.genblk1.genblk1.genblk1.genblk1.lut0 (4 -> 3)
  Optimizing lut $abc$36041$lut$aiger36040$3876.genblk1.genblk1.genblk1.genblk1.genblk1.genblk1.genblk1.genblk1.lut0.genblk1.genblk1.genblk1.genblk1.genblk1.genblk1.genblk1.lut1.genblk1.genblk1.genblk1.genblk1.genblk1.genblk1.lut1.genblk1.genblk1.genblk1.genblk1.genblk1.lut0 (4 -> 2)
  Optimizing lut $abc$36041$lut$aiger36040$3876.genblk1.genblk1.genblk1.genblk1.genblk1.genblk1.genblk1.genblk1.lut0.genblk1.genblk1.genblk1.genblk1.genblk1.genblk1.genblk1.lut1.genblk1.genblk1.genblk1.genblk1.genblk1.genblk1.lut0.genblk1.genblk1.genblk1.genblk1.genblk1.lut0 (4 -> 3)
  Optimizing lut $abc$36041$lut$aiger36040$2815.genblk1.genblk1.genblk1.genblk1.genblk1.genblk1.genblk1.genblk1.lut1.genblk1.genblk1.genblk1.genblk1.genblk1.genblk1.genblk1.lut0.genblk1.genblk1.genblk1.genblk1.genblk1.genblk1.lut1.genblk1.genblk1.genblk1.genblk1.genblk1.lut0 (4 -> 2)
  Optimizing lut $abc$36041$lut$aiger36040$2815.genblk1.genblk1.genblk1.genblk1.genblk1.genblk1.genblk1.genblk1.lut1.genblk1.genblk1.genblk1.genblk1.genblk1.genblk1.genblk1.lut0.genblk1.genblk1.genblk1.genblk1.genblk1.genblk1.lut0.genblk1.genblk1.genblk1.genblk1.genblk1.lut0 (4 -> 2)
  Optimizing lut $abc$36041$lut$aiger36040$2815.genblk1.genblk1.genblk1.genblk1.genblk1.genblk1.genblk1.genblk1.lut1.genblk1.genblk1.genblk1.genblk1.genblk1.genblk1.genblk1.lut1.genblk1.genblk1.genblk1.genblk1.genblk1.genblk1.lut1.genblk1.genblk1.genblk1.genblk1.genblk1.lut0 (4 -> 1)
  Optimizing lut $abc$36041$lut$aiger36040$2815.genblk1.genblk1.genblk1.genblk1.genblk1.genblk1.genblk1.genblk1.lut1.genblk1.genblk1.genblk1.genblk1.genblk1.genblk1.genblk1.lut1.genblk1.genblk1.genblk1.genblk1.genblk1.genblk1.lut0.genblk1.genblk1.genblk1.genblk1.genblk1.lut0 (4 -> 1)
  Optimizing lut $abc$36041$lut$aiger36040$2815.genblk1.genblk1.genblk1.genblk1.genblk1.genblk1.genblk1.genblk1.lut0.genblk1.genblk1.genblk1.genblk1.genblk1.genblk1.genblk1.lut0.genblk1.genblk1.genblk1.genblk1.genblk1.genblk1.lut1.genblk1.genblk1.genblk1.genblk1.genblk1.lut0 (4 -> 2)
  Optimizing lut $abc$36041$lut$aiger36040$2815.genblk1.genblk1.genblk1.genblk1.genblk1.genblk1.genblk1.genblk1.lut0.genblk1.genblk1.genblk1.genblk1.genblk1.genblk1.genblk1.lut0.genblk1.genblk1.genblk1.genblk1.genblk1.genblk1.lut0.genblk1.genblk1.genblk1.genblk1.genblk1.lut0 (4 -> 2)
  Optimizing lut $abc$36041$lut$aiger36040$2815.genblk1.genblk1.genblk1.genblk1.genblk1.genblk1.genblk1.genblk1.lut0.genblk1.genblk1.genblk1.genblk1.genblk1.genblk1.genblk1.lut1.genblk1.genblk1.genblk1.genblk1.genblk1.genblk1.lut1.genblk1.genblk1.genblk1.genblk1.genblk1.lut0 (4 -> 0)
  Optimizing lut $abc$36041$lut$aiger36040$2815.genblk1.genblk1.genblk1.genblk1.genblk1.genblk1.genblk1.genblk1.lut0.genblk1.genblk1.genblk1.genblk1.genblk1.genblk1.genblk1.lut1.genblk1.genblk1.genblk1.genblk1.genblk1.genblk1.lut0.genblk1.genblk1.genblk1.genblk1.genblk1.lut0 (4 -> 0)
  Optimizing lut $abc$36041$lut$aiger36040$2828.genblk1.genblk1.genblk1.genblk1.genblk1.genblk1.genblk1.lut1.genblk1.genblk1.genblk1.genblk1.genblk1.genblk1.lut0.genblk1.genblk1.genblk1.genblk1.genblk1.lut1 (4 -> 3)
  Optimizing lut $abc$36041$lut$aiger36040$3113.genblk1.genblk1.genblk1.genblk1.genblk1.genblk1.genblk1.genblk1.lut1.genblk1.genblk1.genblk1.genblk1.genblk1.genblk1.genblk1.lut0.genblk1.genblk1.genblk1.genblk1.genblk1.genblk1.lut1.genblk1.genblk1.genblk1.genblk1.genblk1.lut0 (4 -> 1)
  Optimizing lut $abc$36041$lut$aiger36040$3113.genblk1.genblk1.genblk1.genblk1.genblk1.genblk1.genblk1.genblk1.lut1.genblk1.genblk1.genblk1.genblk1.genblk1.genblk1.genblk1.lut0.genblk1.genblk1.genblk1.genblk1.genblk1.genblk1.lut0.genblk1.genblk1.genblk1.genblk1.genblk1.lut0 (4 -> 1)
  Optimizing lut $abc$36041$lut$aiger36040$3113.genblk1.genblk1.genblk1.genblk1.genblk1.genblk1.genblk1.genblk1.lut1.genblk1.genblk1.genblk1.genblk1.genblk1.genblk1.genblk1.lut1.genblk1.genblk1.genblk1.genblk1.genblk1.genblk1.lut1.genblk1.genblk1.genblk1.genblk1.genblk1.lut0 (4 -> 2)
  Optimizing lut $abc$36041$lut$aiger36040$3113.genblk1.genblk1.genblk1.genblk1.genblk1.genblk1.genblk1.genblk1.lut1.genblk1.genblk1.genblk1.genblk1.genblk1.genblk1.genblk1.lut1.genblk1.genblk1.genblk1.genblk1.genblk1.genblk1.lut0.genblk1.genblk1.genblk1.genblk1.genblk1.lut0 (4 -> 2)
  Optimizing lut $abc$36041$lut$aiger36040$3113.genblk1.genblk1.genblk1.genblk1.genblk1.genblk1.genblk1.genblk1.lut0.genblk1.genblk1.genblk1.genblk1.genblk1.genblk1.genblk1.lut0.genblk1.genblk1.genblk1.genblk1.genblk1.genblk1.lut1.genblk1.genblk1.genblk1.genblk1.genblk1.lut0 (4 -> 2)
  Optimizing lut $abc$36041$lut$aiger36040$3113.genblk1.genblk1.genblk1.genblk1.genblk1.genblk1.genblk1.genblk1.lut0.genblk1.genblk1.genblk1.genblk1.genblk1.genblk1.genblk1.lut0.genblk1.genblk1.genblk1.genblk1.genblk1.genblk1.lut0.genblk1.genblk1.genblk1.genblk1.genblk1.lut0 (4 -> 2)
  Optimizing lut $abc$36041$lut$aiger36040$3113.genblk1.genblk1.genblk1.genblk1.genblk1.genblk1.genblk1.genblk1.lut0.genblk1.genblk1.genblk1.genblk1.genblk1.genblk1.genblk1.lut1.genblk1.genblk1.genblk1.genblk1.genblk1.genblk1.lut1.genblk1.genblk1.genblk1.genblk1.genblk1.lut0 (4 -> 1)
  Optimizing lut $abc$36041$lut$aiger36040$3113.genblk1.genblk1.genblk1.genblk1.genblk1.genblk1.genblk1.genblk1.lut0.genblk1.genblk1.genblk1.genblk1.genblk1.genblk1.genblk1.lut1.genblk1.genblk1.genblk1.genblk1.genblk1.genblk1.lut0.genblk1.genblk1.genblk1.genblk1.genblk1.lut0 (4 -> 1)
  Optimizing lut $abc$36041$lut$aiger36040$3138.genblk1.genblk1.genblk1.genblk1.genblk1.genblk1.genblk1.lut1.genblk1.genblk1.genblk1.genblk1.genblk1.genblk1.lut0.genblk1.genblk1.genblk1.genblk1.genblk1.lut1 (4 -> 1)
  Optimizing lut $abc$36041$lut$aiger36040$3401.genblk1.genblk1.genblk1.genblk1.genblk1.genblk1.genblk1.genblk1.lut1.genblk1.genblk1.genblk1.genblk1.genblk1.genblk1.genblk1.lut0.genblk1.genblk1.genblk1.genblk1.genblk1.genblk1.lut0.genblk1.genblk1.genblk1.genblk1.genblk1.lut0 (4 -> 0)
  Optimizing lut $abc$36041$lut$aiger36040$3401.genblk1.genblk1.genblk1.genblk1.genblk1.genblk1.genblk1.genblk1.lut0.genblk1.genblk1.genblk1.genblk1.genblk1.genblk1.genblk1.lut1.genblk1.genblk1.genblk1.genblk1.genblk1.genblk1.lut1.genblk1.genblk1.genblk1.genblk1.genblk1.lut0 (4 -> 0)
  Optimizing lut $abc$36041$lut$aiger36040$4178.genblk1.genblk1.genblk1.genblk1.genblk1.genblk1.genblk1.genblk1.lut1.genblk1.genblk1.genblk1.genblk1.genblk1.genblk1.genblk1.lut0.genblk1.genblk1.genblk1.genblk1.genblk1.genblk1.lut1.genblk1.genblk1.genblk1.genblk1.genblk1.lut0 (4 -> 2)
  Optimizing lut $abc$36041$lut$aiger36040$4178.genblk1.genblk1.genblk1.genblk1.genblk1.genblk1.genblk1.genblk1.lut1.genblk1.genblk1.genblk1.genblk1.genblk1.genblk1.genblk1.lut1.genblk1.genblk1.genblk1.genblk1.genblk1.genblk1.lut1.genblk1.genblk1.genblk1.genblk1.genblk1.lut0 (4 -> 1)
  Optimizing lut $abc$36041$lut$aiger36040$4178.genblk1.genblk1.genblk1.genblk1.genblk1.genblk1.genblk1.genblk1.lut1.genblk1.genblk1.genblk1.genblk1.genblk1.genblk1.genblk1.lut1.genblk1.genblk1.genblk1.genblk1.genblk1.genblk1.lut0.genblk1.genblk1.genblk1.genblk1.genblk1.lut0 (4 -> 3)
  Optimizing lut $abc$36041$lut$aiger36040$4178.genblk1.genblk1.genblk1.genblk1.genblk1.genblk1.genblk1.genblk1.lut0.genblk1.genblk1.genblk1.genblk1.genblk1.genblk1.genblk1.lut0.genblk1.genblk1.genblk1.genblk1.genblk1.genblk1.lut1.genblk1.genblk1.genblk1.genblk1.genblk1.lut0 (4 -> 2)
  Optimizing lut $abc$36041$lut$aiger36040$4178.genblk1.genblk1.genblk1.genblk1.genblk1.genblk1.genblk1.genblk1.lut0.genblk1.genblk1.genblk1.genblk1.genblk1.genblk1.genblk1.lut1.genblk1.genblk1.genblk1.genblk1.genblk1.genblk1.lut1.genblk1.genblk1.genblk1.genblk1.genblk1.lut0 (4 -> 1)
  Optimizing lut $abc$36041$lut$aiger36040$4178.genblk1.genblk1.genblk1.genblk1.genblk1.genblk1.genblk1.genblk1.lut0.genblk1.genblk1.genblk1.genblk1.genblk1.genblk1.genblk1.lut1.genblk1.genblk1.genblk1.genblk1.genblk1.genblk1.lut0.genblk1.genblk1.genblk1.genblk1.genblk1.lut0 (4 -> 3)
  Optimizing lut $abc$36041$lut$aiger36040$4191.genblk1.genblk1.genblk1.genblk1.genblk1.genblk1.genblk1.genblk1.lut1.genblk1.genblk1.genblk1.genblk1.genblk1.genblk1.genblk1.lut0.genblk1.genblk1.genblk1.genblk1.genblk1.genblk1.lut1.genblk1.genblk1.genblk1.genblk1.genblk1.lut0 (4 -> 2)
  Optimizing lut $abc$36041$lut$aiger36040$4191.genblk1.genblk1.genblk1.genblk1.genblk1.genblk1.genblk1.genblk1.lut1.genblk1.genblk1.genblk1.genblk1.genblk1.genblk1.genblk1.lut0.genblk1.genblk1.genblk1.genblk1.genblk1.genblk1.lut0.genblk1.genblk1.genblk1.genblk1.genblk1.lut0 (4 -> 2)
  Optimizing lut $abc$36041$lut$aiger36040$4191.genblk1.genblk1.genblk1.genblk1.genblk1.genblk1.genblk1.genblk1.lut1.genblk1.genblk1.genblk1.genblk1.genblk1.genblk1.genblk1.lut1.genblk1.genblk1.genblk1.genblk1.genblk1.genblk1.lut1.genblk1.genblk1.genblk1.genblk1.genblk1.lut0 (4 -> 1)
  Optimizing lut $abc$36041$lut$aiger36040$4191.genblk1.genblk1.genblk1.genblk1.genblk1.genblk1.genblk1.genblk1.lut1.genblk1.genblk1.genblk1.genblk1.genblk1.genblk1.genblk1.lut1.genblk1.genblk1.genblk1.genblk1.genblk1.genblk1.lut0.genblk1.genblk1.genblk1.genblk1.genblk1.lut0 (4 -> 1)
  Optimizing lut $abc$36041$lut$aiger36040$4191.genblk1.genblk1.genblk1.genblk1.genblk1.genblk1.genblk1.genblk1.lut0.genblk1.genblk1.genblk1.genblk1.genblk1.genblk1.genblk1.lut0.genblk1.genblk1.genblk1.genblk1.genblk1.genblk1.lut1.genblk1.genblk1.genblk1.genblk1.genblk1.lut0 (4 -> 2)
  Optimizing lut $abc$36041$lut$aiger36040$4191.genblk1.genblk1.genblk1.genblk1.genblk1.genblk1.genblk1.genblk1.lut0.genblk1.genblk1.genblk1.genblk1.genblk1.genblk1.genblk1.lut0.genblk1.genblk1.genblk1.genblk1.genblk1.genblk1.lut0.genblk1.genblk1.genblk1.genblk1.genblk1.lut0 (4 -> 2)
  Optimizing lut $abc$36041$lut$aiger36040$4191.genblk1.genblk1.genblk1.genblk1.genblk1.genblk1.genblk1.genblk1.lut0.genblk1.genblk1.genblk1.genblk1.genblk1.genblk1.genblk1.lut1.genblk1.genblk1.genblk1.genblk1.genblk1.genblk1.lut1.genblk1.genblk1.genblk1.genblk1.genblk1.lut0 (4 -> 0)
  Optimizing lut $abc$36041$lut$aiger36040$4191.genblk1.genblk1.genblk1.genblk1.genblk1.genblk1.genblk1.genblk1.lut0.genblk1.genblk1.genblk1.genblk1.genblk1.genblk1.genblk1.lut1.genblk1.genblk1.genblk1.genblk1.genblk1.genblk1.lut0.genblk1.genblk1.genblk1.genblk1.genblk1.lut0 (4 -> 0)
  Optimizing lut $abc$36041$lut$aiger36040$4297.genblk1.genblk1.genblk1.genblk1.genblk1.genblk1.genblk1.genblk1.lut1.genblk1.genblk1.genblk1.genblk1.genblk1.genblk1.genblk1.lut0.genblk1.genblk1.genblk1.genblk1.genblk1.genblk1.lut0.genblk1.genblk1.genblk1.genblk1.genblk1.lut0 (4 -> 3)
  Optimizing lut $abc$36041$lut$aiger36040$4297.genblk1.genblk1.genblk1.genblk1.genblk1.genblk1.genblk1.genblk1.lut1.genblk1.genblk1.genblk1.genblk1.genblk1.genblk1.genblk1.lut1.genblk1.genblk1.genblk1.genblk1.genblk1.genblk1.lut0.genblk1.genblk1.genblk1.genblk1.genblk1.lut0 (4 -> 3)
  Optimizing lut $abc$36041$lut$aiger36040$4297.genblk1.genblk1.genblk1.genblk1.genblk1.genblk1.genblk1.genblk1.lut0.genblk1.genblk1.genblk1.genblk1.genblk1.genblk1.genblk1.lut0.genblk1.genblk1.genblk1.genblk1.genblk1.genblk1.lut1.genblk1.genblk1.genblk1.genblk1.genblk1.lut0 (4 -> 3)
  Optimizing lut $abc$36041$lut$aiger36040$4297.genblk1.genblk1.genblk1.genblk1.genblk1.genblk1.genblk1.genblk1.lut0.genblk1.genblk1.genblk1.genblk1.genblk1.genblk1.genblk1.lut1.genblk1.genblk1.genblk1.genblk1.genblk1.genblk1.lut0.genblk1.genblk1.genblk1.genblk1.genblk1.lut0 (4 -> 3)
  Optimizing lut $abc$36041$lut$aiger36040$5132.genblk1.genblk1.genblk1.genblk1.genblk1.genblk1.genblk1.lut1.genblk1.genblk1.genblk1.genblk1.genblk1.genblk1.lut0.genblk1.genblk1.genblk1.genblk1.genblk1.lut1 (4 -> 0)
  Optimizing lut $abc$36041$lut$aiger36040$5265.genblk1.genblk1.genblk1.genblk1.genblk1.genblk1.genblk1.genblk1.lut1.genblk1.genblk1.genblk1.genblk1.genblk1.genblk1.genblk1.lut0.genblk1.genblk1.genblk1.genblk1.genblk1.genblk1.lut0.genblk1.genblk1.genblk1.genblk1.genblk1.lut0 (4 -> 0)
  Optimizing lut $abc$36041$lut$aiger36040$5265.genblk1.genblk1.genblk1.genblk1.genblk1.genblk1.genblk1.genblk1.lut0.genblk1.genblk1.genblk1.genblk1.genblk1.genblk1.genblk1.lut1.genblk1.genblk1.genblk1.genblk1.genblk1.genblk1.lut1.genblk1.genblk1.genblk1.genblk1.genblk1.lut0 (4 -> 0)
  Optimizing lut $abc$36041$lut$aiger36040$5265.genblk1.genblk1.genblk1.genblk1.genblk1.genblk1.genblk1.genblk1.lut0.genblk1.genblk1.genblk1.genblk1.genblk1.genblk1.genblk1.lut1.genblk1.genblk1.genblk1.genblk1.genblk1.genblk1.lut0.genblk1.genblk1.genblk1.genblk1.genblk1.lut0 (4 -> 0)
  Optimizing lut $abc$36041$lut$aiger36040$5326.genblk1.genblk1.genblk1.genblk1.genblk1.genblk1.genblk1.genblk1.lut1.genblk1.genblk1.genblk1.genblk1.genblk1.genblk1.genblk1.lut1.genblk1.genblk1.genblk1.genblk1.genblk1.genblk1.lut1.genblk1.genblk1.genblk1.genblk1.genblk1.lut0 (4 -> 0)
  Optimizing lut $abc$36041$lut$aiger36040$5326.genblk1.genblk1.genblk1.genblk1.genblk1.genblk1.genblk1.genblk1.lut1.genblk1.genblk1.genblk1.genblk1.genblk1.genblk1.genblk1.lut1.genblk1.genblk1.genblk1.genblk1.genblk1.genblk1.lut0.genblk1.genblk1.genblk1.genblk1.genblk1.lut0 (4 -> 0)
  Optimizing lut $abc$36041$lut$aiger36040$5326.genblk1.genblk1.genblk1.genblk1.genblk1.genblk1.genblk1.genblk1.lut0.genblk1.genblk1.genblk1.genblk1.genblk1.genblk1.genblk1.lut0.genblk1.genblk1.genblk1.genblk1.genblk1.genblk1.lut1.genblk1.genblk1.genblk1.genblk1.genblk1.lut0 (4 -> 0)
  Optimizing lut $abc$36041$lut$aiger36040$5326.genblk1.genblk1.genblk1.genblk1.genblk1.genblk1.genblk1.genblk1.lut0.genblk1.genblk1.genblk1.genblk1.genblk1.genblk1.genblk1.lut0.genblk1.genblk1.genblk1.genblk1.genblk1.genblk1.lut0.genblk1.genblk1.genblk1.genblk1.genblk1.lut0 (4 -> 0)
  Optimizing lut $abc$36041$lut$aiger36040$5429.genblk1.genblk1.genblk1.genblk1.genblk1.genblk1.genblk1.genblk1.lut1.genblk1.genblk1.genblk1.genblk1.genblk1.genblk1.genblk1.lut1.genblk1.genblk1.genblk1.genblk1.genblk1.genblk1.lut1.genblk1.genblk1.genblk1.genblk1.genblk1.lut0 (4 -> 0)
  Optimizing lut $abc$36041$lut$aiger36040$5429.genblk1.genblk1.genblk1.genblk1.genblk1.genblk1.genblk1.genblk1.lut1.genblk1.genblk1.genblk1.genblk1.genblk1.genblk1.genblk1.lut1.genblk1.genblk1.genblk1.genblk1.genblk1.genblk1.lut0.genblk1.genblk1.genblk1.genblk1.genblk1.lut0 (4 -> 0)
  Optimizing lut $abc$36041$lut$aiger36040$5429.genblk1.genblk1.genblk1.genblk1.genblk1.genblk1.genblk1.genblk1.lut0.genblk1.genblk1.genblk1.genblk1.genblk1.genblk1.genblk1.lut0.genblk1.genblk1.genblk1.genblk1.genblk1.genblk1.lut1.genblk1.genblk1.genblk1.genblk1.genblk1.lut0 (4 -> 0)
  Optimizing lut $abc$36041$lut$aiger36040$5429.genblk1.genblk1.genblk1.genblk1.genblk1.genblk1.genblk1.genblk1.lut0.genblk1.genblk1.genblk1.genblk1.genblk1.genblk1.genblk1.lut1.genblk1.genblk1.genblk1.genblk1.genblk1.genblk1.lut1.genblk1.genblk1.genblk1.genblk1.genblk1.lut0 (4 -> 0)
  Optimizing lut $abc$36041$lut$aiger36040$5429.genblk1.genblk1.genblk1.genblk1.genblk1.genblk1.genblk1.genblk1.lut0.genblk1.genblk1.genblk1.genblk1.genblk1.genblk1.genblk1.lut1.genblk1.genblk1.genblk1.genblk1.genblk1.genblk1.lut0.genblk1.genblk1.genblk1.genblk1.genblk1.lut0 (4 -> 0)
  Optimizing lut $abc$36041$lut$aiger36040$7130.genblk1.genblk1.genblk1.genblk1.genblk1.genblk1.genblk1.genblk1.lut1.genblk1.genblk1.genblk1.genblk1.genblk1.genblk1.genblk1.lut0.genblk1.genblk1.genblk1.genblk1.genblk1.genblk1.lut0.genblk1.genblk1.genblk1.genblk1.genblk1.lut0 (4 -> 0)
  Optimizing lut $abc$36041$lut$aiger36040$7130.genblk1.genblk1.genblk1.genblk1.genblk1.genblk1.genblk1.genblk1.lut1.genblk1.genblk1.genblk1.genblk1.genblk1.genblk1.genblk1.lut1.genblk1.genblk1.genblk1.genblk1.genblk1.genblk1.lut1.genblk1.genblk1.genblk1.genblk1.genblk1.lut0 (4 -> 0)
  Optimizing lut $abc$36041$lut$aiger36040$7130.genblk1.genblk1.genblk1.genblk1.genblk1.genblk1.genblk1.genblk1.lut1.genblk1.genblk1.genblk1.genblk1.genblk1.genblk1.genblk1.lut1.genblk1.genblk1.genblk1.genblk1.genblk1.genblk1.lut0.genblk1.genblk1.genblk1.genblk1.genblk1.lut0 (4 -> 0)
  Optimizing lut $abc$36041$lut$aiger36040$7130.genblk1.genblk1.genblk1.genblk1.genblk1.genblk1.genblk1.genblk1.lut0.genblk1.genblk1.genblk1.genblk1.genblk1.genblk1.genblk1.lut0.genblk1.genblk1.genblk1.genblk1.genblk1.genblk1.lut0.genblk1.genblk1.genblk1.genblk1.genblk1.lut0 (4 -> 0)
  Optimizing lut $abc$36041$lut$aiger36040$7130.genblk1.genblk1.genblk1.genblk1.genblk1.genblk1.genblk1.genblk1.lut0.genblk1.genblk1.genblk1.genblk1.genblk1.genblk1.genblk1.lut1.genblk1.genblk1.genblk1.genblk1.genblk1.genblk1.lut1.genblk1.genblk1.genblk1.genblk1.genblk1.lut0 (4 -> 0)
  Optimizing lut $abc$36041$lut$aiger36040$7130.genblk1.genblk1.genblk1.genblk1.genblk1.genblk1.genblk1.genblk1.lut0.genblk1.genblk1.genblk1.genblk1.genblk1.genblk1.genblk1.lut1.genblk1.genblk1.genblk1.genblk1.genblk1.genblk1.lut0.genblk1.genblk1.genblk1.genblk1.genblk1.lut0 (4 -> 0)
  Optimizing lut $abc$36041$lut$aiger36040$7909.genblk1.genblk1.genblk1.genblk1.genblk1.genblk1.genblk1.genblk1.lut1.genblk1.genblk1.genblk1.genblk1.genblk1.genblk1.genblk1.lut0.genblk1.genblk1.genblk1.genblk1.genblk1.genblk1.lut1.genblk1.genblk1.genblk1.genblk1.genblk1.lut0 (4 -> 0)
  Optimizing lut $abc$36041$lut$aiger36040$7909.genblk1.genblk1.genblk1.genblk1.genblk1.genblk1.genblk1.genblk1.lut1.genblk1.genblk1.genblk1.genblk1.genblk1.genblk1.genblk1.lut1.genblk1.genblk1.genblk1.genblk1.genblk1.genblk1.lut1.genblk1.genblk1.genblk1.genblk1.genblk1.lut0 (4 -> 0)
  Optimizing lut $abc$36041$lut$aiger36040$8013.genblk1.genblk1.genblk1.genblk1.genblk1.genblk1.genblk1.lut1.genblk1.genblk1.genblk1.genblk1.genblk1.genblk1.lut0.genblk1.genblk1.genblk1.genblk1.genblk1.lut1 (4 -> 0)
  Optimizing lut $abc$36041$lut$aiger36040$8312.genblk1.genblk1.genblk1.genblk1.genblk1.genblk1.genblk1.genblk1.lut1.genblk1.genblk1.genblk1.genblk1.genblk1.genblk1.genblk1.lut0.genblk1.genblk1.genblk1.genblk1.genblk1.genblk1.lut1.genblk1.genblk1.genblk1.genblk1.genblk1.lut0 (4 -> 3)
  Optimizing lut $abc$36041$lut$aiger36040$8312.genblk1.genblk1.genblk1.genblk1.genblk1.genblk1.genblk1.genblk1.lut1.genblk1.genblk1.genblk1.genblk1.genblk1.genblk1.genblk1.lut1.genblk1.genblk1.genblk1.genblk1.genblk1.genblk1.lut1.genblk1.genblk1.genblk1.genblk1.genblk1.lut0 (4 -> 2)
  Optimizing lut $abc$36041$lut$aiger36040$8312.genblk1.genblk1.genblk1.genblk1.genblk1.genblk1.genblk1.genblk1.lut1.genblk1.genblk1.genblk1.genblk1.genblk1.genblk1.genblk1.lut1.genblk1.genblk1.genblk1.genblk1.genblk1.genblk1.lut0.genblk1.genblk1.genblk1.genblk1.genblk1.lut0 (4 -> 2)
  Optimizing lut $abc$36041$lut$aiger36040$8312.genblk1.genblk1.genblk1.genblk1.genblk1.genblk1.genblk1.genblk1.lut0.genblk1.genblk1.genblk1.genblk1.genblk1.genblk1.genblk1.lut0.genblk1.genblk1.genblk1.genblk1.genblk1.genblk1.lut1.genblk1.genblk1.genblk1.genblk1.genblk1.lut0 (4 -> 3)
  Optimizing lut $abc$36041$lut$aiger36040$8312.genblk1.genblk1.genblk1.genblk1.genblk1.genblk1.genblk1.genblk1.lut0.genblk1.genblk1.genblk1.genblk1.genblk1.genblk1.genblk1.lut0.genblk1.genblk1.genblk1.genblk1.genblk1.genblk1.lut0.genblk1.genblk1.genblk1.genblk1.genblk1.lut0 (4 -> 2)
  Optimizing lut $abc$36041$lut$aiger36040$8312.genblk1.genblk1.genblk1.genblk1.genblk1.genblk1.genblk1.genblk1.lut0.genblk1.genblk1.genblk1.genblk1.genblk1.genblk1.genblk1.lut1.genblk1.genblk1.genblk1.genblk1.genblk1.genblk1.lut1.genblk1.genblk1.genblk1.genblk1.genblk1.lut0 (4 -> 2)
  Optimizing lut $abc$36041$lut$aiger36040$8312.genblk1.genblk1.genblk1.genblk1.genblk1.genblk1.genblk1.genblk1.lut0.genblk1.genblk1.genblk1.genblk1.genblk1.genblk1.genblk1.lut1.genblk1.genblk1.genblk1.genblk1.genblk1.genblk1.lut0.genblk1.genblk1.genblk1.genblk1.genblk1.lut0 (4 -> 2)
  Optimizing lut $abc$36041$lut$aiger36040$9103.genblk1.genblk1.genblk1.genblk1.genblk1.genblk1.genblk1.genblk1.lut1.genblk1.genblk1.genblk1.genblk1.genblk1.genblk1.genblk1.lut1.genblk1.genblk1.genblk1.genblk1.genblk1.genblk1.lut1.genblk1.genblk1.genblk1.genblk1.genblk1.lut0 (4 -> 0)
  Optimizing lut $abc$36041$lut$aiger36040$9103.genblk1.genblk1.genblk1.genblk1.genblk1.genblk1.genblk1.genblk1.lut1.genblk1.genblk1.genblk1.genblk1.genblk1.genblk1.genblk1.lut1.genblk1.genblk1.genblk1.genblk1.genblk1.genblk1.lut0.genblk1.genblk1.genblk1.genblk1.genblk1.lut0 (4 -> 0)
  Optimizing lut $abc$36041$lut$aiger36040$9103.genblk1.genblk1.genblk1.genblk1.genblk1.genblk1.genblk1.genblk1.lut0.genblk1.genblk1.genblk1.genblk1.genblk1.genblk1.genblk1.lut1.genblk1.genblk1.genblk1.genblk1.genblk1.genblk1.lut1.genblk1.genblk1.genblk1.genblk1.genblk1.lut0 (4 -> 0)
  Optimizing lut $abc$36041$lut$aiger36040$9103.genblk1.genblk1.genblk1.genblk1.genblk1.genblk1.genblk1.genblk1.lut0.genblk1.genblk1.genblk1.genblk1.genblk1.genblk1.genblk1.lut1.genblk1.genblk1.genblk1.genblk1.genblk1.genblk1.lut0.genblk1.genblk1.genblk1.genblk1.genblk1.lut0 (4 -> 0)
  Optimizing lut $auto$abc_ops_reintegrate.cc:611:reintegrate$36070.genblk1.genblk1.genblk1.genblk1.genblk1.genblk1.genblk1.lut1.genblk1.genblk1.genblk1.genblk1.genblk1.genblk1.lut0.genblk1.genblk1.genblk1.genblk1.genblk1.lut1 (4 -> 0)
  Optimizing lut $abc$36041$lut$aiger36040$9103.genblk1.genblk1.genblk1.genblk1.genblk1.genblk1.genblk1.genblk1.lut0.genblk1.genblk1.genblk1.genblk1.genblk1.genblk1.genblk1.lut1.genblk1.genblk1.genblk1.genblk1.genblk1.genblk1.lut0.genblk1.genblk1.genblk1.genblk1.genblk1.lut1 (4 -> 0)
  Optimizing lut $auto$abc_ops_reintegrate.cc:611:reintegrate$36070.genblk1.genblk1.genblk1.genblk1.genblk1.genblk1.genblk1.lut0.genblk1.genblk1.genblk1.genblk1.genblk1.genblk1.lut1.genblk1.genblk1.genblk1.genblk1.genblk1.lut0 (4 -> 2)
  Optimizing lut $auto$abc_ops_reintegrate.cc:611:reintegrate$36070.genblk1.genblk1.genblk1.genblk1.genblk1.genblk1.genblk1.lut0.genblk1.genblk1.genblk1.genblk1.genblk1.genblk1.lut0.genblk1.genblk1.genblk1.genblk1.genblk1.lut0 (4 -> 2)
  Optimizing lut $auto$abc_ops_reintegrate.cc:611:reintegrate$36070.genblk1.genblk1.genblk1.genblk1.genblk1.genblk1.genblk1.lut1.genblk1.genblk1.genblk1.genblk1.genblk1.genblk1.lut0.genblk1.genblk1.genblk1.genblk1.genblk1.lut0 (4 -> 1)
  Optimizing lut $abc$36041$lut$aiger36040$9103.genblk1.genblk1.genblk1.genblk1.genblk1.genblk1.genblk1.genblk1.lut1.genblk1.genblk1.genblk1.genblk1.genblk1.genblk1.genblk1.lut1.genblk1.genblk1.genblk1.genblk1.genblk1.genblk1.lut0.genblk1.genblk1.genblk1.genblk1.genblk1.lut1 (4 -> 0)
  Optimizing lut $abc$36041$lut$aiger36040$8312.genblk1.genblk1.genblk1.genblk1.genblk1.genblk1.genblk1.genblk1.lut0.genblk1.genblk1.genblk1.genblk1.genblk1.genblk1.genblk1.lut1.genblk1.genblk1.genblk1.genblk1.genblk1.genblk1.lut0.genblk1.genblk1.genblk1.genblk1.genblk1.lut1 (4 -> 2)
  Optimizing lut $abc$36041$lut$aiger36040$8312.genblk1.genblk1.genblk1.genblk1.genblk1.genblk1.genblk1.genblk1.lut0.genblk1.genblk1.genblk1.genblk1.genblk1.genblk1.genblk1.lut0.genblk1.genblk1.genblk1.genblk1.genblk1.genblk1.lut0.genblk1.genblk1.genblk1.genblk1.genblk1.lut1 (4 -> 2)
  Optimizing lut $abc$36041$lut$aiger36040$8312.genblk1.genblk1.genblk1.genblk1.genblk1.genblk1.genblk1.genblk1.lut1.genblk1.genblk1.genblk1.genblk1.genblk1.genblk1.genblk1.lut1.genblk1.genblk1.genblk1.genblk1.genblk1.genblk1.lut0.genblk1.genblk1.genblk1.genblk1.genblk1.lut1 (4 -> 2)
  Optimizing lut $abc$36041$lut$aiger36040$8312.genblk1.genblk1.genblk1.genblk1.genblk1.genblk1.genblk1.genblk1.lut1.genblk1.genblk1.genblk1.genblk1.genblk1.genblk1.genblk1.lut0.genblk1.genblk1.genblk1.genblk1.genblk1.genblk1.lut0.genblk1.genblk1.genblk1.genblk1.genblk1.lut1 (4 -> 2)
  Optimizing lut $abc$36041$lut$aiger36040$8013.genblk1.genblk1.genblk1.genblk1.genblk1.genblk1.genblk1.lut0.genblk1.genblk1.genblk1.genblk1.genblk1.genblk1.lut1.genblk1.genblk1.genblk1.genblk1.genblk1.lut0 (4 -> 0)
  Optimizing lut $abc$36041$lut$aiger36040$8013.genblk1.genblk1.genblk1.genblk1.genblk1.genblk1.genblk1.lut1.genblk1.genblk1.genblk1.genblk1.genblk1.genblk1.lut0.genblk1.genblk1.genblk1.genblk1.genblk1.lut0 (4 -> 0)
  Optimizing lut $abc$36041$lut$aiger36040$7909.genblk1.genblk1.genblk1.genblk1.genblk1.genblk1.genblk1.genblk1.lut0.genblk1.genblk1.genblk1.genblk1.genblk1.genblk1.genblk1.lut1.genblk1.genblk1.genblk1.genblk1.genblk1.genblk1.lut0.genblk1.genblk1.genblk1.genblk1.genblk1.lut1 (4 -> 0)
  Optimizing lut $abc$36041$lut$aiger36040$8303.genblk1.genblk1.genblk1.genblk1.genblk1.genblk1.genblk1.lut0.genblk1.genblk1.genblk1.genblk1.genblk1.genblk1.lut1.genblk1.genblk1.genblk1.genblk1.genblk1.lut0 (4 -> 2)
  Optimizing lut $abc$36041$lut$aiger36040$8303.genblk1.genblk1.genblk1.genblk1.genblk1.genblk1.genblk1.lut1.genblk1.genblk1.genblk1.genblk1.genblk1.genblk1.lut1.genblk1.genblk1.genblk1.genblk1.genblk1.lut0 (4 -> 3)
  Optimizing lut $abc$36041$lut$aiger36040$7909.genblk1.genblk1.genblk1.genblk1.genblk1.genblk1.genblk1.genblk1.lut0.genblk1.genblk1.genblk1.genblk1.genblk1.genblk1.genblk1.lut0.genblk1.genblk1.genblk1.genblk1.genblk1.genblk1.lut0.genblk1.genblk1.genblk1.genblk1.genblk1.lut1 (4 -> 0)
  Optimizing lut $abc$36041$lut$aiger36040$7130.genblk1.genblk1.genblk1.genblk1.genblk1.genblk1.genblk1.genblk1.lut0.genblk1.genblk1.genblk1.genblk1.genblk1.genblk1.genblk1.lut1.genblk1.genblk1.genblk1.genblk1.genblk1.genblk1.lut0.genblk1.genblk1.genblk1.genblk1.genblk1.lut1 (4 -> 0)
  Optimizing lut $abc$36041$lut$aiger36040$7130.genblk1.genblk1.genblk1.genblk1.genblk1.genblk1.genblk1.genblk1.lut1.genblk1.genblk1.genblk1.genblk1.genblk1.genblk1.genblk1.lut1.genblk1.genblk1.genblk1.genblk1.genblk1.genblk1.lut0.genblk1.genblk1.genblk1.genblk1.genblk1.lut1 (4 -> 0)
  Optimizing lut $abc$36041$lut$aiger36040$7130.genblk1.genblk1.genblk1.genblk1.genblk1.genblk1.genblk1.genblk1.lut1.genblk1.genblk1.genblk1.genblk1.genblk1.genblk1.genblk1.lut0.genblk1.genblk1.genblk1.genblk1.genblk1.genblk1.lut0.genblk1.genblk1.genblk1.genblk1.genblk1.lut1 (4 -> 0)
  Optimizing lut $abc$36041$lut$aiger36040$5429.genblk1.genblk1.genblk1.genblk1.genblk1.genblk1.genblk1.genblk1.lut0.genblk1.genblk1.genblk1.genblk1.genblk1.genblk1.genblk1.lut1.genblk1.genblk1.genblk1.genblk1.genblk1.genblk1.lut0.genblk1.genblk1.genblk1.genblk1.genblk1.lut1 (4 -> 0)
  Optimizing lut $abc$36041$lut$aiger36040$5429.genblk1.genblk1.genblk1.genblk1.genblk1.genblk1.genblk1.genblk1.lut1.genblk1.genblk1.genblk1.genblk1.genblk1.genblk1.genblk1.lut1.genblk1.genblk1.genblk1.genblk1.genblk1.genblk1.lut0.genblk1.genblk1.genblk1.genblk1.genblk1.lut1 (4 -> 0)
  Optimizing lut $abc$36041$lut$aiger36040$5326.genblk1.genblk1.genblk1.genblk1.genblk1.genblk1.genblk1.genblk1.lut0.genblk1.genblk1.genblk1.genblk1.genblk1.genblk1.genblk1.lut0.genblk1.genblk1.genblk1.genblk1.genblk1.genblk1.lut0.genblk1.genblk1.genblk1.genblk1.genblk1.lut1 (4 -> 0)
  Optimizing lut $abc$36041$lut$aiger36040$5326.genblk1.genblk1.genblk1.genblk1.genblk1.genblk1.genblk1.genblk1.lut1.genblk1.genblk1.genblk1.genblk1.genblk1.genblk1.genblk1.lut1.genblk1.genblk1.genblk1.genblk1.genblk1.genblk1.lut0.genblk1.genblk1.genblk1.genblk1.genblk1.lut1 (4 -> 0)
  Optimizing lut $abc$36041$lut$aiger36040$5277.genblk1.genblk1.genblk1.genblk1.genblk1.genblk1.lut0.genblk1.genblk1.genblk1.genblk1.genblk1.lut1 (4 -> 3)
  Optimizing lut $abc$36041$lut$aiger36040$5265.genblk1.genblk1.genblk1.genblk1.genblk1.genblk1.genblk1.genblk1.lut1.genblk1.genblk1.genblk1.genblk1.genblk1.genblk1.genblk1.lut1.genblk1.genblk1.genblk1.genblk1.genblk1.genblk1.lut0.genblk1.genblk1.genblk1.genblk1.genblk1.lut1 (4 -> 0)
  Optimizing lut $abc$36041$lut$aiger36040$5132.genblk1.genblk1.genblk1.genblk1.genblk1.genblk1.genblk1.lut1.genblk1.genblk1.genblk1.genblk1.genblk1.genblk1.lut0.genblk1.genblk1.genblk1.genblk1.genblk1.lut0 (4 -> 3)
  Optimizing lut $abc$36041$lut$aiger36040$4297.genblk1.genblk1.genblk1.genblk1.genblk1.genblk1.genblk1.genblk1.lut0.genblk1.genblk1.genblk1.genblk1.genblk1.genblk1.genblk1.lut1.genblk1.genblk1.genblk1.genblk1.genblk1.genblk1.lut0.genblk1.genblk1.genblk1.genblk1.genblk1.lut1 (4 -> 0)
  Optimizing lut $abc$36041$lut$aiger36040$4297.genblk1.genblk1.genblk1.genblk1.genblk1.genblk1.genblk1.genblk1.lut0.genblk1.genblk1.genblk1.genblk1.genblk1.genblk1.genblk1.lut0.genblk1.genblk1.genblk1.genblk1.genblk1.genblk1.lut0.genblk1.genblk1.genblk1.genblk1.genblk1.lut1 (4 -> 0)
  Optimizing lut $abc$36041$lut$aiger36040$4297.genblk1.genblk1.genblk1.genblk1.genblk1.genblk1.genblk1.genblk1.lut1.genblk1.genblk1.genblk1.genblk1.genblk1.genblk1.genblk1.lut1.genblk1.genblk1.genblk1.genblk1.genblk1.genblk1.lut0.genblk1.genblk1.genblk1.genblk1.genblk1.lut1 (4 -> 0)
  Optimizing lut $abc$36041$lut$aiger36040$4297.genblk1.genblk1.genblk1.genblk1.genblk1.genblk1.genblk1.genblk1.lut1.genblk1.genblk1.genblk1.genblk1.genblk1.genblk1.genblk1.lut0.genblk1.genblk1.genblk1.genblk1.genblk1.genblk1.lut0.genblk1.genblk1.genblk1.genblk1.genblk1.lut1 (4 -> 0)
  Optimizing lut $abc$36041$lut$aiger36040$4191.genblk1.genblk1.genblk1.genblk1.genblk1.genblk1.genblk1.genblk1.lut0.genblk1.genblk1.genblk1.genblk1.genblk1.genblk1.genblk1.lut1.genblk1.genblk1.genblk1.genblk1.genblk1.genblk1.lut0.genblk1.genblk1.genblk1.genblk1.genblk1.lut1 (4 -> 0)
  Optimizing lut $abc$36041$lut$aiger36040$4191.genblk1.genblk1.genblk1.genblk1.genblk1.genblk1.genblk1.genblk1.lut1.genblk1.genblk1.genblk1.genblk1.genblk1.genblk1.genblk1.lut1.genblk1.genblk1.genblk1.genblk1.genblk1.genblk1.lut0.genblk1.genblk1.genblk1.genblk1.genblk1.lut1 (4 -> 1)
  Optimizing lut $abc$36041$lut$aiger36040$4191.genblk1.genblk1.genblk1.genblk1.genblk1.genblk1.genblk1.genblk1.lut1.genblk1.genblk1.genblk1.genblk1.genblk1.genblk1.genblk1.lut0.genblk1.genblk1.genblk1.genblk1.genblk1.genblk1.lut0.genblk1.genblk1.genblk1.genblk1.genblk1.lut1 (4 -> 2)
  Optimizing lut $abc$36041$lut$aiger36040$4178.genblk1.genblk1.genblk1.genblk1.genblk1.genblk1.genblk1.genblk1.lut0.genblk1.genblk1.genblk1.genblk1.genblk1.genblk1.genblk1.lut1.genblk1.genblk1.genblk1.genblk1.genblk1.genblk1.lut0.genblk1.genblk1.genblk1.genblk1.genblk1.lut1 (4 -> 1)
  Optimizing lut $abc$36041$lut$aiger36040$4178.genblk1.genblk1.genblk1.genblk1.genblk1.genblk1.genblk1.genblk1.lut0.genblk1.genblk1.genblk1.genblk1.genblk1.genblk1.genblk1.lut0.genblk1.genblk1.genblk1.genblk1.genblk1.genblk1.lut0.genblk1.genblk1.genblk1.genblk1.genblk1.lut1 (4 -> 2)
  Optimizing lut $abc$36041$lut$aiger36040$4178.genblk1.genblk1.genblk1.genblk1.genblk1.genblk1.genblk1.genblk1.lut1.genblk1.genblk1.genblk1.genblk1.genblk1.genblk1.genblk1.lut1.genblk1.genblk1.genblk1.genblk1.genblk1.genblk1.lut0.genblk1.genblk1.genblk1.genblk1.genblk1.lut1 (4 -> 1)
  Optimizing lut $abc$36041$lut$aiger36040$4178.genblk1.genblk1.genblk1.genblk1.genblk1.genblk1.genblk1.genblk1.lut1.genblk1.genblk1.genblk1.genblk1.genblk1.genblk1.genblk1.lut0.genblk1.genblk1.genblk1.genblk1.genblk1.genblk1.lut0.genblk1.genblk1.genblk1.genblk1.genblk1.lut1 (4 -> 2)
  Optimizing lut $abc$36041$lut$aiger36040$4028.genblk1.genblk1.genblk1.genblk1.genblk1.genblk1.genblk1.genblk1.lut0.genblk1.genblk1.genblk1.genblk1.genblk1.genblk1.genblk1.lut1.genblk1.genblk1.genblk1.genblk1.genblk1.genblk1.lut0.genblk1.genblk1.genblk1.genblk1.genblk1.lut1 (4 -> 3)
  Optimizing lut $abc$36041$lut$aiger36040$4028.genblk1.genblk1.genblk1.genblk1.genblk1.genblk1.genblk1.genblk1.lut0.genblk1.genblk1.genblk1.genblk1.genblk1.genblk1.genblk1.lut0.genblk1.genblk1.genblk1.genblk1.genblk1.genblk1.lut0.genblk1.genblk1.genblk1.genblk1.genblk1.lut1 (4 -> 3)
  Optimizing lut $abc$36041$lut$aiger36040$4028.genblk1.genblk1.genblk1.genblk1.genblk1.genblk1.genblk1.genblk1.lut1.genblk1.genblk1.genblk1.genblk1.genblk1.genblk1.genblk1.lut1.genblk1.genblk1.genblk1.genblk1.genblk1.genblk1.lut0.genblk1.genblk1.genblk1.genblk1.genblk1.lut1 (4 -> 3)
  Optimizing lut $abc$36041$lut$aiger36040$4028.genblk1.genblk1.genblk1.genblk1.genblk1.genblk1.genblk1.genblk1.lut1.genblk1.genblk1.genblk1.genblk1.genblk1.genblk1.genblk1.lut0.genblk1.genblk1.genblk1.genblk1.genblk1.genblk1.lut0.genblk1.genblk1.genblk1.genblk1.genblk1.lut1 (4 -> 3)
  Optimizing lut $abc$36041$lut$aiger36040$3567.genblk1.genblk1.genblk1.genblk1.genblk1.genblk1.lut0.genblk1.genblk1.genblk1.genblk1.genblk1.lut1 (4 -> 0)
  Optimizing lut $abc$36041$lut$aiger36040$3401.genblk1.genblk1.genblk1.genblk1.genblk1.genblk1.genblk1.genblk1.lut0.genblk1.genblk1.genblk1.genblk1.genblk1.genblk1.genblk1.lut1.genblk1.genblk1.genblk1.genblk1.genblk1.genblk1.lut0.genblk1.genblk1.genblk1.genblk1.genblk1.lut1 (4 -> 3)
  Optimizing lut $abc$36041$lut$aiger36040$3401.genblk1.genblk1.genblk1.genblk1.genblk1.genblk1.genblk1.genblk1.lut0.genblk1.genblk1.genblk1.genblk1.genblk1.genblk1.genblk1.lut0.genblk1.genblk1.genblk1.genblk1.genblk1.genblk1.lut0.genblk1.genblk1.genblk1.genblk1.genblk1.lut1 (4 -> 0)
  Optimizing lut $abc$36041$lut$aiger36040$3401.genblk1.genblk1.genblk1.genblk1.genblk1.genblk1.genblk1.genblk1.lut1.genblk1.genblk1.genblk1.genblk1.genblk1.genblk1.genblk1.lut0.genblk1.genblk1.genblk1.genblk1.genblk1.genblk1.lut0.genblk1.genblk1.genblk1.genblk1.genblk1.lut1 (4 -> 0)
  Optimizing lut $abc$36041$lut$aiger36040$3113.genblk1.genblk1.genblk1.genblk1.genblk1.genblk1.genblk1.genblk1.lut0.genblk1.genblk1.genblk1.genblk1.genblk1.genblk1.genblk1.lut1.genblk1.genblk1.genblk1.genblk1.genblk1.genblk1.lut0.genblk1.genblk1.genblk1.genblk1.genblk1.lut1 (4 -> 1)
  Optimizing lut $abc$36041$lut$aiger36040$3138.genblk1.genblk1.genblk1.genblk1.genblk1.genblk1.genblk1.lut0.genblk1.genblk1.genblk1.genblk1.genblk1.genblk1.lut1.genblk1.genblk1.genblk1.genblk1.genblk1.lut0 (4 -> 2)
  Optimizing lut $abc$36041$lut$aiger36040$3138.genblk1.genblk1.genblk1.genblk1.genblk1.genblk1.genblk1.lut0.genblk1.genblk1.genblk1.genblk1.genblk1.genblk1.lut0.genblk1.genblk1.genblk1.genblk1.genblk1.lut0 (4 -> 2)
  Optimizing lut $abc$36041$lut$aiger36040$3138.genblk1.genblk1.genblk1.genblk1.genblk1.genblk1.genblk1.lut1.genblk1.genblk1.genblk1.genblk1.genblk1.genblk1.lut1.genblk1.genblk1.genblk1.genblk1.genblk1.lut0 (4 -> 1)
  Optimizing lut $abc$36041$lut$aiger36040$3138.genblk1.genblk1.genblk1.genblk1.genblk1.genblk1.genblk1.lut1.genblk1.genblk1.genblk1.genblk1.genblk1.genblk1.lut0.genblk1.genblk1.genblk1.genblk1.genblk1.lut0 (4 -> 1)
  Optimizing lut $abc$36041$lut$aiger36040$3113.genblk1.genblk1.genblk1.genblk1.genblk1.genblk1.genblk1.genblk1.lut0.genblk1.genblk1.genblk1.genblk1.genblk1.genblk1.genblk1.lut0.genblk1.genblk1.genblk1.genblk1.genblk1.genblk1.lut0.genblk1.genblk1.genblk1.genblk1.genblk1.lut1 (4 -> 2)
  Optimizing lut $abc$36041$lut$aiger36040$3113.genblk1.genblk1.genblk1.genblk1.genblk1.genblk1.genblk1.genblk1.lut1.genblk1.genblk1.genblk1.genblk1.genblk1.genblk1.genblk1.lut1.genblk1.genblk1.genblk1.genblk1.genblk1.genblk1.lut0.genblk1.genblk1.genblk1.genblk1.genblk1.lut1 (4 -> 2)
  Optimizing lut $abc$36041$lut$aiger36040$3113.genblk1.genblk1.genblk1.genblk1.genblk1.genblk1.genblk1.genblk1.lut1.genblk1.genblk1.genblk1.genblk1.genblk1.genblk1.genblk1.lut0.genblk1.genblk1.genblk1.genblk1.genblk1.genblk1.lut0.genblk1.genblk1.genblk1.genblk1.genblk1.lut1 (4 -> 1)
  Optimizing lut $abc$36041$lut$aiger36040$2815.genblk1.genblk1.genblk1.genblk1.genblk1.genblk1.genblk1.genblk1.lut0.genblk1.genblk1.genblk1.genblk1.genblk1.genblk1.genblk1.lut1.genblk1.genblk1.genblk1.genblk1.genblk1.genblk1.lut0.genblk1.genblk1.genblk1.genblk1.genblk1.lut1 (4 -> 0)
  Optimizing lut $abc$36041$lut$aiger36040$3598.genblk1.genblk1.genblk1.genblk1.genblk1.genblk1.genblk1.lut1.genblk1.genblk1.genblk1.genblk1.genblk1.genblk1.lut1.genblk1.genblk1.genblk1.genblk1.genblk1.lut0 (4 -> 0)
  Optimizing lut $abc$36041$lut$aiger36040$3598.genblk1.genblk1.genblk1.genblk1.genblk1.genblk1.genblk1.lut1.genblk1.genblk1.genblk1.genblk1.genblk1.genblk1.lut0.genblk1.genblk1.genblk1.genblk1.genblk1.lut0 (4 -> 0)
  Optimizing lut $abc$36041$lut$aiger36040$2828.genblk1.genblk1.genblk1.genblk1.genblk1.genblk1.genblk1.lut0.genblk1.genblk1.genblk1.genblk1.genblk1.genblk1.lut1.genblk1.genblk1.genblk1.genblk1.genblk1.lut0 (4 -> 2)
  Optimizing lut $abc$36041$lut$aiger36040$2828.genblk1.genblk1.genblk1.genblk1.genblk1.genblk1.genblk1.lut0.genblk1.genblk1.genblk1.genblk1.genblk1.genblk1.lut0.genblk1.genblk1.genblk1.genblk1.genblk1.lut0 (4 -> 2)
  Optimizing lut $abc$36041$lut$aiger36040$2828.genblk1.genblk1.genblk1.genblk1.genblk1.genblk1.genblk1.lut1.genblk1.genblk1.genblk1.genblk1.genblk1.genblk1.lut1.genblk1.genblk1.genblk1.genblk1.genblk1.lut0 (4 -> 1)
  Optimizing lut $abc$36041$lut$aiger36040$2828.genblk1.genblk1.genblk1.genblk1.genblk1.genblk1.genblk1.lut1.genblk1.genblk1.genblk1.genblk1.genblk1.genblk1.lut0.genblk1.genblk1.genblk1.genblk1.genblk1.lut0 (4 -> 1)
  Optimizing lut $abc$36041$lut$aiger36040$2815.genblk1.genblk1.genblk1.genblk1.genblk1.genblk1.genblk1.genblk1.lut1.genblk1.genblk1.genblk1.genblk1.genblk1.genblk1.genblk1.lut1.genblk1.genblk1.genblk1.genblk1.genblk1.genblk1.lut0.genblk1.genblk1.genblk1.genblk1.genblk1.lut1 (4 -> 3)
  Optimizing lut $abc$36041$lut$aiger36040$3876.genblk1.genblk1.genblk1.genblk1.genblk1.genblk1.genblk1.genblk1.lut1.genblk1.genblk1.genblk1.genblk1.genblk1.genblk1.genblk1.lut1.genblk1.genblk1.genblk1.genblk1.genblk1.genblk1.lut0.genblk1.genblk1.genblk1.genblk1.genblk1.lut1 (4 -> 2)
  Optimizing lut $abc$36041$lut$aiger36040$3876.genblk1.genblk1.genblk1.genblk1.genblk1.genblk1.genblk1.genblk1.lut1.genblk1.genblk1.genblk1.genblk1.genblk1.genblk1.genblk1.lut0.genblk1.genblk1.genblk1.genblk1.genblk1.genblk1.lut0.genblk1.genblk1.genblk1.genblk1.genblk1.lut1 (4 -> 2)
  Optimizing lut $abc$36041$lut$aiger36040$3630.genblk1.genblk1.genblk1.genblk1.genblk1.genblk1.genblk1.genblk1.lut0.genblk1.genblk1.genblk1.genblk1.genblk1.genblk1.genblk1.lut1.genblk1.genblk1.genblk1.genblk1.genblk1.genblk1.lut0.genblk1.genblk1.genblk1.genblk1.genblk1.lut1 (4 -> 0)
  Optimizing lut $abc$36041$lut$aiger36040$3643.genblk1.genblk1.genblk1.genblk1.genblk1.genblk1.genblk1.lut0.genblk1.genblk1.genblk1.genblk1.genblk1.genblk1.lut1.genblk1.genblk1.genblk1.genblk1.genblk1.lut0 (4 -> 2)
  Optimizing lut $abc$36041$lut$aiger36040$3643.genblk1.genblk1.genblk1.genblk1.genblk1.genblk1.genblk1.lut0.genblk1.genblk1.genblk1.genblk1.genblk1.genblk1.lut0.genblk1.genblk1.genblk1.genblk1.genblk1.lut0 (4 -> 2)
  Optimizing lut $abc$36041$lut$aiger36040$3643.genblk1.genblk1.genblk1.genblk1.genblk1.genblk1.genblk1.lut1.genblk1.genblk1.genblk1.genblk1.genblk1.genblk1.lut1.genblk1.genblk1.genblk1.genblk1.genblk1.lut0 (4 -> 1)
  Optimizing lut $abc$36041$lut$aiger36040$3643.genblk1.genblk1.genblk1.genblk1.genblk1.genblk1.genblk1.lut1.genblk1.genblk1.genblk1.genblk1.genblk1.genblk1.lut0.genblk1.genblk1.genblk1.genblk1.genblk1.lut0 (4 -> 1)
  Optimizing lut $abc$36041$lut$aiger36040$3630.genblk1.genblk1.genblk1.genblk1.genblk1.genblk1.genblk1.genblk1.lut1.genblk1.genblk1.genblk1.genblk1.genblk1.genblk1.genblk1.lut1.genblk1.genblk1.genblk1.genblk1.genblk1.genblk1.lut0.genblk1.genblk1.genblk1.genblk1.genblk1.lut1 (4 -> 3)
  Optimizing lut $abc$36041$lut$aiger36040$2741.genblk1.genblk1.genblk1.genblk1.genblk1.genblk1.genblk1.genblk1.lut0.genblk1.genblk1.genblk1.genblk1.genblk1.genblk1.genblk1.lut1.genblk1.genblk1.genblk1.genblk1.genblk1.genblk1.lut0.genblk1.genblk1.genblk1.genblk1.genblk1.lut1 (4 -> 0)
  Optimizing lut $abc$36041$lut$aiger36040$3904.genblk1.genblk1.genblk1.genblk1.genblk1.genblk1.lut0.genblk1.genblk1.genblk1.genblk1.genblk1.lut1 (4 -> 0)
  Optimizing lut $abc$36041$lut$aiger36040$2741.genblk1.genblk1.genblk1.genblk1.genblk1.genblk1.genblk1.genblk1.lut1.genblk1.genblk1.genblk1.genblk1.genblk1.genblk1.genblk1.lut1.genblk1.genblk1.genblk1.genblk1.genblk1.genblk1.lut0.genblk1.genblk1.genblk1.genblk1.genblk1.lut1 (4 -> 1)
  Optimizing lut $abc$36041$lut$aiger36040$2741.genblk1.genblk1.genblk1.genblk1.genblk1.genblk1.genblk1.genblk1.lut1.genblk1.genblk1.genblk1.genblk1.genblk1.genblk1.genblk1.lut0.genblk1.genblk1.genblk1.genblk1.genblk1.genblk1.lut0.genblk1.genblk1.genblk1.genblk1.genblk1.lut1 (4 -> 2)
  Optimizing lut $abc$36041$lut$aiger36040$2623.genblk1.genblk1.genblk1.genblk1.genblk1.genblk1.genblk1.genblk1.lut0.genblk1.genblk1.genblk1.genblk1.genblk1.genblk1.genblk1.lut1.genblk1.genblk1.genblk1.genblk1.genblk1.genblk1.lut0.genblk1.genblk1.genblk1.genblk1.genblk1.lut1 (4 -> 3)
  Optimizing lut $abc$36041$lut$aiger36040$2637.genblk1.genblk1.genblk1.genblk1.genblk1.genblk1.lut0.genblk1.genblk1.genblk1.genblk1.genblk1.lut1 (4 -> 1)
  Optimizing lut $abc$36041$lut$aiger36040$2623.genblk1.genblk1.genblk1.genblk1.genblk1.genblk1.genblk1.genblk1.lut1.genblk1.genblk1.genblk1.genblk1.genblk1.genblk1.genblk1.lut1.genblk1.genblk1.genblk1.genblk1.genblk1.genblk1.lut0.genblk1.genblk1.genblk1.genblk1.genblk1.lut1 (4 -> 3)
  Optimizing lut $abc$36041$lut$aiger36040$2588.genblk1.genblk1.genblk1.genblk1.genblk1.genblk1.genblk1.genblk1.lut0.genblk1.genblk1.genblk1.genblk1.genblk1.genblk1.genblk1.lut1.genblk1.genblk1.genblk1.genblk1.genblk1.genblk1.lut0.genblk1.genblk1.genblk1.genblk1.genblk1.lut1 (4 -> 0)
  Optimizing lut $abc$36041$lut$aiger36040$2588.genblk1.genblk1.genblk1.genblk1.genblk1.genblk1.genblk1.genblk1.lut0.genblk1.genblk1.genblk1.genblk1.genblk1.genblk1.genblk1.lut0.genblk1.genblk1.genblk1.genblk1.genblk1.genblk1.lut0.genblk1.genblk1.genblk1.genblk1.genblk1.lut1 (4 -> 2)
  Optimizing lut $abc$36041$lut$aiger36040$2588.genblk1.genblk1.genblk1.genblk1.genblk1.genblk1.genblk1.genblk1.lut1.genblk1.genblk1.genblk1.genblk1.genblk1.genblk1.genblk1.lut1.genblk1.genblk1.genblk1.genblk1.genblk1.genblk1.lut0.genblk1.genblk1.genblk1.genblk1.genblk1.lut1 (4 -> 1)
  Optimizing lut $abc$36041$lut$aiger36040$2588.genblk1.genblk1.genblk1.genblk1.genblk1.genblk1.genblk1.genblk1.lut1.genblk1.genblk1.genblk1.genblk1.genblk1.genblk1.genblk1.lut0.genblk1.genblk1.genblk1.genblk1.genblk1.genblk1.lut0.genblk1.genblk1.genblk1.genblk1.genblk1.lut1 (4 -> 2)
  Optimizing lut $abc$36041$lut$aiger36040$2319.genblk1.genblk1.genblk1.genblk1.genblk1.genblk1.genblk1.genblk1.lut0.genblk1.genblk1.genblk1.genblk1.genblk1.genblk1.genblk1.lut1.genblk1.genblk1.genblk1.genblk1.genblk1.genblk1.lut0.genblk1.genblk1.genblk1.genblk1.genblk1.lut1 (4 -> 0)
  Optimizing lut $abc$36041$lut$aiger36040$2384.genblk1.genblk1.genblk1.genblk1.genblk1.genblk1.lut0.genblk1.genblk1.genblk1.genblk1.genblk1.lut1 (4 -> 1)
  Optimizing lut $abc$36041$lut$aiger36040$2319.genblk1.genblk1.genblk1.genblk1.genblk1.genblk1.genblk1.genblk1.lut1.genblk1.genblk1.genblk1.genblk1.genblk1.genblk1.genblk1.lut1.genblk1.genblk1.genblk1.genblk1.genblk1.genblk1.lut0.genblk1.genblk1.genblk1.genblk1.genblk1.lut1 (4 -> 1)
  Optimizing lut $abc$36041$lut$aiger36040$2319.genblk1.genblk1.genblk1.genblk1.genblk1.genblk1.genblk1.genblk1.lut1.genblk1.genblk1.genblk1.genblk1.genblk1.genblk1.genblk1.lut0.genblk1.genblk1.genblk1.genblk1.genblk1.genblk1.lut0.genblk1.genblk1.genblk1.genblk1.genblk1.lut1 (4 -> 2)
  Optimizing lut $abc$36041$lut$aiger36040$6969.genblk1.genblk1.genblk1.genblk1.genblk1.genblk1.genblk1.genblk1.lut0.genblk1.genblk1.genblk1.genblk1.genblk1.genblk1.genblk1.lut1.genblk1.genblk1.genblk1.genblk1.genblk1.genblk1.lut0.genblk1.genblk1.genblk1.genblk1.genblk1.lut1 (4 -> 0)
  Optimizing lut $abc$36041$lut$aiger36040$6969.genblk1.genblk1.genblk1.genblk1.genblk1.genblk1.genblk1.genblk1.lut0.genblk1.genblk1.genblk1.genblk1.genblk1.genblk1.genblk1.lut0.genblk1.genblk1.genblk1.genblk1.genblk1.genblk1.lut0.genblk1.genblk1.genblk1.genblk1.genblk1.lut1 (4 -> 0)
  Optimizing lut $abc$36041$lut$aiger36040$2575.genblk1.genblk1.genblk1.genblk1.genblk1.genblk1.genblk1.genblk1.lut0.genblk1.genblk1.genblk1.genblk1.genblk1.genblk1.genblk1.lut1.genblk1.genblk1.genblk1.genblk1.genblk1.genblk1.lut0.genblk1.genblk1.genblk1.genblk1.genblk1.lut1 (4 -> 0)
  Optimizing lut $abc$36041$lut$aiger36040$2575.genblk1.genblk1.genblk1.genblk1.genblk1.genblk1.genblk1.genblk1.lut1.genblk1.genblk1.genblk1.genblk1.genblk1.genblk1.genblk1.lut1.genblk1.genblk1.genblk1.genblk1.genblk1.genblk1.lut0.genblk1.genblk1.genblk1.genblk1.genblk1.lut1 (4 -> 0)
  Optimizing lut $abc$36041$lut$aiger36040$2575.genblk1.genblk1.genblk1.genblk1.genblk1.genblk1.genblk1.genblk1.lut1.genblk1.genblk1.genblk1.genblk1.genblk1.genblk1.genblk1.lut0.genblk1.genblk1.genblk1.genblk1.genblk1.genblk1.lut0.genblk1.genblk1.genblk1.genblk1.genblk1.lut1 (4 -> 0)
  Optimizing lut $abc$36041$lut$aiger36040$2562.genblk1.genblk1.genblk1.genblk1.genblk1.genblk1.genblk1.genblk1.lut0.genblk1.genblk1.genblk1.genblk1.genblk1.genblk1.genblk1.lut1.genblk1.genblk1.genblk1.genblk1.genblk1.genblk1.lut0.genblk1.genblk1.genblk1.genblk1.genblk1.lut1 (4 -> 1)
  Optimizing lut $abc$36041$lut$aiger36040$2562.genblk1.genblk1.genblk1.genblk1.genblk1.genblk1.genblk1.genblk1.lut0.genblk1.genblk1.genblk1.genblk1.genblk1.genblk1.genblk1.lut0.genblk1.genblk1.genblk1.genblk1.genblk1.genblk1.lut0.genblk1.genblk1.genblk1.genblk1.genblk1.lut1 (4 -> 1)
  Optimizing lut $abc$36041$lut$aiger36040$2562.genblk1.genblk1.genblk1.genblk1.genblk1.genblk1.genblk1.genblk1.lut1.genblk1.genblk1.genblk1.genblk1.genblk1.genblk1.genblk1.lut1.genblk1.genblk1.genblk1.genblk1.genblk1.genblk1.lut0.genblk1.genblk1.genblk1.genblk1.genblk1.lut1 (4 -> 0)
  Optimizing lut $abc$36041$lut$aiger36040$2562.genblk1.genblk1.genblk1.genblk1.genblk1.genblk1.genblk1.genblk1.lut1.genblk1.genblk1.genblk1.genblk1.genblk1.genblk1.genblk1.lut0.genblk1.genblk1.genblk1.genblk1.genblk1.genblk1.lut0.genblk1.genblk1.genblk1.genblk1.genblk1.lut1 (4 -> 0)
  Optimizing lut $abc$36041$lut$aiger36040$2548.genblk1.genblk1.genblk1.genblk1.genblk1.genblk1.genblk1.genblk1.lut0.genblk1.genblk1.genblk1.genblk1.genblk1.genblk1.genblk1.lut1.genblk1.genblk1.genblk1.genblk1.genblk1.genblk1.lut0.genblk1.genblk1.genblk1.genblk1.genblk1.lut1 (4 -> 0)
  Optimizing lut $abc$36041$lut$aiger36040$2548.genblk1.genblk1.genblk1.genblk1.genblk1.genblk1.genblk1.genblk1.lut0.genblk1.genblk1.genblk1.genblk1.genblk1.genblk1.genblk1.lut0.genblk1.genblk1.genblk1.genblk1.genblk1.genblk1.lut0.genblk1.genblk1.genblk1.genblk1.genblk1.lut1 (4 -> 0)
  Optimizing lut $abc$36041$lut$aiger36040$2548.genblk1.genblk1.genblk1.genblk1.genblk1.genblk1.genblk1.genblk1.lut1.genblk1.genblk1.genblk1.genblk1.genblk1.genblk1.genblk1.lut1.genblk1.genblk1.genblk1.genblk1.genblk1.genblk1.lut0.genblk1.genblk1.genblk1.genblk1.genblk1.lut1 (4 -> 0)
  Optimizing lut $abc$36041$lut$aiger36040$2548.genblk1.genblk1.genblk1.genblk1.genblk1.genblk1.genblk1.genblk1.lut1.genblk1.genblk1.genblk1.genblk1.genblk1.genblk1.genblk1.lut0.genblk1.genblk1.genblk1.genblk1.genblk1.genblk1.lut0.genblk1.genblk1.genblk1.genblk1.genblk1.lut1 (4 -> 0)
  Optimizing lut $abc$36041$lut$aiger36040$2533.genblk1.genblk1.genblk1.genblk1.genblk1.genblk1.genblk1.genblk1.lut0.genblk1.genblk1.genblk1.genblk1.genblk1.genblk1.genblk1.lut1.genblk1.genblk1.genblk1.genblk1.genblk1.genblk1.lut0.genblk1.genblk1.genblk1.genblk1.genblk1.lut1 (4 -> 0)
  Optimizing lut $abc$36041$lut$aiger36040$2533.genblk1.genblk1.genblk1.genblk1.genblk1.genblk1.genblk1.genblk1.lut0.genblk1.genblk1.genblk1.genblk1.genblk1.genblk1.genblk1.lut0.genblk1.genblk1.genblk1.genblk1.genblk1.genblk1.lut0.genblk1.genblk1.genblk1.genblk1.genblk1.lut1 (4 -> 0)
  Optimizing lut $abc$36041$lut$aiger36040$2533.genblk1.genblk1.genblk1.genblk1.genblk1.genblk1.genblk1.genblk1.lut1.genblk1.genblk1.genblk1.genblk1.genblk1.genblk1.genblk1.lut1.genblk1.genblk1.genblk1.genblk1.genblk1.genblk1.lut0.genblk1.genblk1.genblk1.genblk1.genblk1.lut1 (4 -> 1)
  Optimizing lut $abc$36041$lut$aiger36040$2533.genblk1.genblk1.genblk1.genblk1.genblk1.genblk1.genblk1.genblk1.lut1.genblk1.genblk1.genblk1.genblk1.genblk1.genblk1.genblk1.lut0.genblk1.genblk1.genblk1.genblk1.genblk1.genblk1.lut0.genblk1.genblk1.genblk1.genblk1.genblk1.lut1 (4 -> 1)
  Optimizing lut $abc$36041$lut$aiger36040$2511.genblk1.genblk1.genblk1.genblk1.genblk1.genblk1.genblk1.genblk1.lut0.genblk1.genblk1.genblk1.genblk1.genblk1.genblk1.genblk1.lut1.genblk1.genblk1.genblk1.genblk1.genblk1.genblk1.lut0.genblk1.genblk1.genblk1.genblk1.genblk1.lut1 (4 -> 0)
  Optimizing lut $abc$36041$lut$aiger36040$2511.genblk1.genblk1.genblk1.genblk1.genblk1.genblk1.genblk1.genblk1.lut0.genblk1.genblk1.genblk1.genblk1.genblk1.genblk1.genblk1.lut0.genblk1.genblk1.genblk1.genblk1.genblk1.genblk1.lut0.genblk1.genblk1.genblk1.genblk1.genblk1.lut1 (4 -> 1)
  Optimizing lut $abc$36041$lut$aiger36040$2511.genblk1.genblk1.genblk1.genblk1.genblk1.genblk1.genblk1.genblk1.lut1.genblk1.genblk1.genblk1.genblk1.genblk1.genblk1.genblk1.lut1.genblk1.genblk1.genblk1.genblk1.genblk1.genblk1.lut0.genblk1.genblk1.genblk1.genblk1.genblk1.lut1 (4 -> 0)
  Optimizing lut $abc$36041$lut$aiger36040$2511.genblk1.genblk1.genblk1.genblk1.genblk1.genblk1.genblk1.genblk1.lut1.genblk1.genblk1.genblk1.genblk1.genblk1.genblk1.genblk1.lut0.genblk1.genblk1.genblk1.genblk1.genblk1.genblk1.lut0.genblk1.genblk1.genblk1.genblk1.genblk1.lut1 (4 -> 0)
  Optimizing lut $abc$36041$lut$aiger36040$2496.genblk1.genblk1.genblk1.genblk1.genblk1.genblk1.genblk1.genblk1.lut0.genblk1.genblk1.genblk1.genblk1.genblk1.genblk1.genblk1.lut1.genblk1.genblk1.genblk1.genblk1.genblk1.genblk1.lut0.genblk1.genblk1.genblk1.genblk1.genblk1.lut1 (4 -> 0)
  Optimizing lut $abc$36041$lut$aiger36040$2496.genblk1.genblk1.genblk1.genblk1.genblk1.genblk1.genblk1.genblk1.lut0.genblk1.genblk1.genblk1.genblk1.genblk1.genblk1.genblk1.lut0.genblk1.genblk1.genblk1.genblk1.genblk1.genblk1.lut0.genblk1.genblk1.genblk1.genblk1.genblk1.lut1 (4 -> 0)
  Optimizing lut $abc$36041$lut$aiger36040$2496.genblk1.genblk1.genblk1.genblk1.genblk1.genblk1.genblk1.genblk1.lut1.genblk1.genblk1.genblk1.genblk1.genblk1.genblk1.genblk1.lut1.genblk1.genblk1.genblk1.genblk1.genblk1.genblk1.lut0.genblk1.genblk1.genblk1.genblk1.genblk1.lut1 (4 -> 0)
  Optimizing lut $abc$36041$lut$aiger36040$2496.genblk1.genblk1.genblk1.genblk1.genblk1.genblk1.genblk1.genblk1.lut1.genblk1.genblk1.genblk1.genblk1.genblk1.genblk1.genblk1.lut0.genblk1.genblk1.genblk1.genblk1.genblk1.genblk1.lut0.genblk1.genblk1.genblk1.genblk1.genblk1.lut1 (4 -> 0)
  Optimizing lut $abc$36041$lut$aiger36040$2481.genblk1.genblk1.genblk1.genblk1.genblk1.genblk1.genblk1.genblk1.lut0.genblk1.genblk1.genblk1.genblk1.genblk1.genblk1.genblk1.lut1.genblk1.genblk1.genblk1.genblk1.genblk1.genblk1.lut0.genblk1.genblk1.genblk1.genblk1.genblk1.lut1 (4 -> 1)
  Optimizing lut $abc$36041$lut$aiger36040$2481.genblk1.genblk1.genblk1.genblk1.genblk1.genblk1.genblk1.genblk1.lut0.genblk1.genblk1.genblk1.genblk1.genblk1.genblk1.genblk1.lut0.genblk1.genblk1.genblk1.genblk1.genblk1.genblk1.lut0.genblk1.genblk1.genblk1.genblk1.genblk1.lut1 (4 -> 0)
  Optimizing lut $abc$36041$lut$aiger36040$2481.genblk1.genblk1.genblk1.genblk1.genblk1.genblk1.genblk1.genblk1.lut1.genblk1.genblk1.genblk1.genblk1.genblk1.genblk1.genblk1.lut1.genblk1.genblk1.genblk1.genblk1.genblk1.genblk1.lut0.genblk1.genblk1.genblk1.genblk1.genblk1.lut1 (4 -> 0)
  Optimizing lut $abc$36041$lut$aiger36040$2481.genblk1.genblk1.genblk1.genblk1.genblk1.genblk1.genblk1.genblk1.lut1.genblk1.genblk1.genblk1.genblk1.genblk1.genblk1.genblk1.lut0.genblk1.genblk1.genblk1.genblk1.genblk1.genblk1.lut0.genblk1.genblk1.genblk1.genblk1.genblk1.lut1 (4 -> 0)
  Optimizing lut $abc$36041$lut$aiger36040$2467.genblk1.genblk1.genblk1.genblk1.genblk1.genblk1.genblk1.genblk1.lut0.genblk1.genblk1.genblk1.genblk1.genblk1.genblk1.genblk1.lut1.genblk1.genblk1.genblk1.genblk1.genblk1.genblk1.lut0.genblk1.genblk1.genblk1.genblk1.genblk1.lut1 (4 -> 0)
  Optimizing lut $abc$36041$lut$aiger36040$2467.genblk1.genblk1.genblk1.genblk1.genblk1.genblk1.genblk1.genblk1.lut0.genblk1.genblk1.genblk1.genblk1.genblk1.genblk1.genblk1.lut0.genblk1.genblk1.genblk1.genblk1.genblk1.genblk1.lut0.genblk1.genblk1.genblk1.genblk1.genblk1.lut1 (4 -> 0)
  Optimizing lut $abc$36041$lut$aiger36040$2467.genblk1.genblk1.genblk1.genblk1.genblk1.genblk1.genblk1.genblk1.lut1.genblk1.genblk1.genblk1.genblk1.genblk1.genblk1.genblk1.lut1.genblk1.genblk1.genblk1.genblk1.genblk1.genblk1.lut0.genblk1.genblk1.genblk1.genblk1.genblk1.lut1 (4 -> 1)
  Optimizing lut $abc$36041$lut$aiger36040$2467.genblk1.genblk1.genblk1.genblk1.genblk1.genblk1.genblk1.genblk1.lut1.genblk1.genblk1.genblk1.genblk1.genblk1.genblk1.genblk1.lut0.genblk1.genblk1.genblk1.genblk1.genblk1.genblk1.lut0.genblk1.genblk1.genblk1.genblk1.genblk1.lut1 (4 -> 1)
  Optimizing lut $abc$36041$lut$aiger36040$2302.genblk1.genblk1.genblk1.genblk1.genblk1.genblk1.genblk1.genblk1.lut0.genblk1.genblk1.genblk1.genblk1.genblk1.genblk1.genblk1.lut1.genblk1.genblk1.genblk1.genblk1.genblk1.genblk1.lut0.genblk1.genblk1.genblk1.genblk1.genblk1.lut1 (4 -> 1)
  Optimizing lut $abc$36041$lut$aiger36040$2302.genblk1.genblk1.genblk1.genblk1.genblk1.genblk1.genblk1.genblk1.lut0.genblk1.genblk1.genblk1.genblk1.genblk1.genblk1.genblk1.lut0.genblk1.genblk1.genblk1.genblk1.genblk1.genblk1.lut0.genblk1.genblk1.genblk1.genblk1.genblk1.lut1 (4 -> 0)
  Optimizing lut $abc$36041$lut$aiger36040$2302.genblk1.genblk1.genblk1.genblk1.genblk1.genblk1.genblk1.genblk1.lut1.genblk1.genblk1.genblk1.genblk1.genblk1.genblk1.genblk1.lut1.genblk1.genblk1.genblk1.genblk1.genblk1.genblk1.lut0.genblk1.genblk1.genblk1.genblk1.genblk1.lut1 (4 -> 0)
  Optimizing lut $abc$36041$lut$aiger36040$2302.genblk1.genblk1.genblk1.genblk1.genblk1.genblk1.genblk1.genblk1.lut1.genblk1.genblk1.genblk1.genblk1.genblk1.genblk1.genblk1.lut0.genblk1.genblk1.genblk1.genblk1.genblk1.genblk1.lut0.genblk1.genblk1.genblk1.genblk1.genblk1.lut1 (4 -> 0)
  Optimizing lut $abc$36041$lut$aiger36040$2287.genblk1.genblk1.genblk1.genblk1.genblk1.genblk1.genblk1.genblk1.lut0.genblk1.genblk1.genblk1.genblk1.genblk1.genblk1.genblk1.lut1.genblk1.genblk1.genblk1.genblk1.genblk1.genblk1.lut0.genblk1.genblk1.genblk1.genblk1.genblk1.lut1 (4 -> 0)
  Optimizing lut $abc$36041$lut$aiger36040$2287.genblk1.genblk1.genblk1.genblk1.genblk1.genblk1.genblk1.genblk1.lut0.genblk1.genblk1.genblk1.genblk1.genblk1.genblk1.genblk1.lut0.genblk1.genblk1.genblk1.genblk1.genblk1.genblk1.lut0.genblk1.genblk1.genblk1.genblk1.genblk1.lut1 (4 -> 1)
  Optimizing lut $abc$36041$lut$aiger36040$2287.genblk1.genblk1.genblk1.genblk1.genblk1.genblk1.genblk1.genblk1.lut1.genblk1.genblk1.genblk1.genblk1.genblk1.genblk1.genblk1.lut1.genblk1.genblk1.genblk1.genblk1.genblk1.genblk1.lut0.genblk1.genblk1.genblk1.genblk1.genblk1.lut1 (4 -> 0)
  Optimizing lut $abc$36041$lut$aiger36040$2287.genblk1.genblk1.genblk1.genblk1.genblk1.genblk1.genblk1.genblk1.lut1.genblk1.genblk1.genblk1.genblk1.genblk1.genblk1.genblk1.lut0.genblk1.genblk1.genblk1.genblk1.genblk1.genblk1.lut0.genblk1.genblk1.genblk1.genblk1.genblk1.lut1 (4 -> 1)
  Optimizing lut $abc$36041$lut$aiger36040$2274.genblk1.genblk1.genblk1.genblk1.genblk1.genblk1.genblk1.genblk1.lut0.genblk1.genblk1.genblk1.genblk1.genblk1.genblk1.genblk1.lut1.genblk1.genblk1.genblk1.genblk1.genblk1.genblk1.lut0.genblk1.genblk1.genblk1.genblk1.genblk1.lut1 (4 -> 0)
  Optimizing lut $abc$36041$lut$aiger36040$2274.genblk1.genblk1.genblk1.genblk1.genblk1.genblk1.genblk1.genblk1.lut0.genblk1.genblk1.genblk1.genblk1.genblk1.genblk1.genblk1.lut0.genblk1.genblk1.genblk1.genblk1.genblk1.genblk1.lut0.genblk1.genblk1.genblk1.genblk1.genblk1.lut1 (4 -> 0)
  Optimizing lut $abc$36041$lut$aiger36040$2274.genblk1.genblk1.genblk1.genblk1.genblk1.genblk1.genblk1.genblk1.lut1.genblk1.genblk1.genblk1.genblk1.genblk1.genblk1.genblk1.lut1.genblk1.genblk1.genblk1.genblk1.genblk1.genblk1.lut0.genblk1.genblk1.genblk1.genblk1.genblk1.lut1 (4 -> 0)
  Optimizing lut $abc$36041$lut$aiger36040$2274.genblk1.genblk1.genblk1.genblk1.genblk1.genblk1.genblk1.genblk1.lut1.genblk1.genblk1.genblk1.genblk1.genblk1.genblk1.genblk1.lut0.genblk1.genblk1.genblk1.genblk1.genblk1.genblk1.lut0.genblk1.genblk1.genblk1.genblk1.genblk1.lut1 (4 -> 0)
  Optimizing lut $abc$36041$lut$aiger36040$2259.genblk1.genblk1.genblk1.genblk1.genblk1.genblk1.genblk1.genblk1.lut0.genblk1.genblk1.genblk1.genblk1.genblk1.genblk1.genblk1.lut1.genblk1.genblk1.genblk1.genblk1.genblk1.genblk1.lut0.genblk1.genblk1.genblk1.genblk1.genblk1.lut1 (4 -> 0)
  Optimizing lut $abc$36041$lut$aiger36040$2259.genblk1.genblk1.genblk1.genblk1.genblk1.genblk1.genblk1.genblk1.lut0.genblk1.genblk1.genblk1.genblk1.genblk1.genblk1.genblk1.lut0.genblk1.genblk1.genblk1.genblk1.genblk1.genblk1.lut0.genblk1.genblk1.genblk1.genblk1.genblk1.lut1 (4 -> 0)
  Optimizing lut $abc$36041$lut$aiger36040$2259.genblk1.genblk1.genblk1.genblk1.genblk1.genblk1.genblk1.genblk1.lut1.genblk1.genblk1.genblk1.genblk1.genblk1.genblk1.genblk1.lut1.genblk1.genblk1.genblk1.genblk1.genblk1.genblk1.lut0.genblk1.genblk1.genblk1.genblk1.genblk1.lut1 (4 -> 1)
  Optimizing lut $abc$36041$lut$aiger36040$2259.genblk1.genblk1.genblk1.genblk1.genblk1.genblk1.genblk1.genblk1.lut1.genblk1.genblk1.genblk1.genblk1.genblk1.genblk1.genblk1.lut0.genblk1.genblk1.genblk1.genblk1.genblk1.genblk1.lut0.genblk1.genblk1.genblk1.genblk1.genblk1.lut1 (4 -> 0)
  Optimizing lut $abc$36041$lut$aiger36040$2111.genblk1.genblk1.genblk1.genblk1.genblk1.genblk1.genblk1.genblk1.lut0.genblk1.genblk1.genblk1.genblk1.genblk1.genblk1.genblk1.lut1.genblk1.genblk1.genblk1.genblk1.genblk1.genblk1.lut0.genblk1.genblk1.genblk1.genblk1.genblk1.lut1 (4 -> 0)
  Optimizing lut $abc$36041$lut$aiger36040$6431.genblk1.genblk1.genblk1.genblk1.genblk1.genblk1.genblk1.lut1.genblk1.genblk1.genblk1.genblk1.genblk1.genblk1.lut1.genblk1.genblk1.genblk1.genblk1.genblk1.lut0 (4 -> 0)
  Optimizing lut $abc$36041$lut$aiger36040$6431.genblk1.genblk1.genblk1.genblk1.genblk1.genblk1.genblk1.lut1.genblk1.genblk1.genblk1.genblk1.genblk1.genblk1.lut0.genblk1.genblk1.genblk1.genblk1.genblk1.lut0 (4 -> 2)
  Optimizing lut $abc$36041$lut$aiger36040$2111.genblk1.genblk1.genblk1.genblk1.genblk1.genblk1.genblk1.genblk1.lut0.genblk1.genblk1.genblk1.genblk1.genblk1.genblk1.genblk1.lut0.genblk1.genblk1.genblk1.genblk1.genblk1.genblk1.lut0.genblk1.genblk1.genblk1.genblk1.genblk1.lut1 (4 -> 0)
  Optimizing lut $abc$36041$lut$aiger36040$2111.genblk1.genblk1.genblk1.genblk1.genblk1.genblk1.genblk1.genblk1.lut1.genblk1.genblk1.genblk1.genblk1.genblk1.genblk1.genblk1.lut1.genblk1.genblk1.genblk1.genblk1.genblk1.genblk1.lut0.genblk1.genblk1.genblk1.genblk1.genblk1.lut1 (4 -> 0)
  Optimizing lut $abc$36041$lut$aiger36040$2111.genblk1.genblk1.genblk1.genblk1.genblk1.genblk1.genblk1.genblk1.lut1.genblk1.genblk1.genblk1.genblk1.genblk1.genblk1.genblk1.lut0.genblk1.genblk1.genblk1.genblk1.genblk1.genblk1.lut0.genblk1.genblk1.genblk1.genblk1.genblk1.lut1 (4 -> 1)
  Optimizing lut $abc$36041$lut$aiger36040$2095.genblk1.genblk1.genblk1.genblk1.genblk1.genblk1.genblk1.genblk1.lut0.genblk1.genblk1.genblk1.genblk1.genblk1.genblk1.genblk1.lut1.genblk1.genblk1.genblk1.genblk1.genblk1.genblk1.lut0.genblk1.genblk1.genblk1.genblk1.genblk1.lut1 (4 -> 0)
  Optimizing lut $abc$36041$lut$aiger36040$2095.genblk1.genblk1.genblk1.genblk1.genblk1.genblk1.genblk1.genblk1.lut0.genblk1.genblk1.genblk1.genblk1.genblk1.genblk1.genblk1.lut0.genblk1.genblk1.genblk1.genblk1.genblk1.genblk1.lut0.genblk1.genblk1.genblk1.genblk1.genblk1.lut1 (4 -> 1)
  Optimizing lut $abc$36041$lut$aiger36040$2095.genblk1.genblk1.genblk1.genblk1.genblk1.genblk1.genblk1.genblk1.lut1.genblk1.genblk1.genblk1.genblk1.genblk1.genblk1.genblk1.lut1.genblk1.genblk1.genblk1.genblk1.genblk1.genblk1.lut0.genblk1.genblk1.genblk1.genblk1.genblk1.lut1 (4 -> 0)
  Optimizing lut $abc$36041$lut$aiger36040$2095.genblk1.genblk1.genblk1.genblk1.genblk1.genblk1.genblk1.genblk1.lut1.genblk1.genblk1.genblk1.genblk1.genblk1.genblk1.genblk1.lut0.genblk1.genblk1.genblk1.genblk1.genblk1.genblk1.lut0.genblk1.genblk1.genblk1.genblk1.genblk1.lut1 (4 -> 0)
  Optimizing lut $abc$36041$lut$aiger36040$2081.genblk1.genblk1.genblk1.genblk1.genblk1.genblk1.genblk1.genblk1.lut0.genblk1.genblk1.genblk1.genblk1.genblk1.genblk1.genblk1.lut1.genblk1.genblk1.genblk1.genblk1.genblk1.genblk1.lut0.genblk1.genblk1.genblk1.genblk1.genblk1.lut1 (4 -> 0)
  Optimizing lut $abc$36041$lut$aiger36040$2081.genblk1.genblk1.genblk1.genblk1.genblk1.genblk1.genblk1.genblk1.lut0.genblk1.genblk1.genblk1.genblk1.genblk1.genblk1.genblk1.lut0.genblk1.genblk1.genblk1.genblk1.genblk1.genblk1.lut0.genblk1.genblk1.genblk1.genblk1.genblk1.lut1 (4 -> 0)
  Optimizing lut $abc$36041$lut$aiger36040$2081.genblk1.genblk1.genblk1.genblk1.genblk1.genblk1.genblk1.genblk1.lut1.genblk1.genblk1.genblk1.genblk1.genblk1.genblk1.genblk1.lut1.genblk1.genblk1.genblk1.genblk1.genblk1.genblk1.lut0.genblk1.genblk1.genblk1.genblk1.genblk1.lut1 (4 -> 0)
  Optimizing lut $abc$36041$lut$aiger36040$2081.genblk1.genblk1.genblk1.genblk1.genblk1.genblk1.genblk1.genblk1.lut1.genblk1.genblk1.genblk1.genblk1.genblk1.genblk1.genblk1.lut0.genblk1.genblk1.genblk1.genblk1.genblk1.genblk1.lut0.genblk1.genblk1.genblk1.genblk1.genblk1.lut1 (4 -> 0)
  Optimizing lut $abc$36041$lut$aiger36040$2066.genblk1.genblk1.genblk1.genblk1.genblk1.genblk1.genblk1.genblk1.lut0.genblk1.genblk1.genblk1.genblk1.genblk1.genblk1.genblk1.lut1.genblk1.genblk1.genblk1.genblk1.genblk1.genblk1.lut0.genblk1.genblk1.genblk1.genblk1.genblk1.lut1 (4 -> 1)
  Optimizing lut $abc$36041$lut$aiger36040$2066.genblk1.genblk1.genblk1.genblk1.genblk1.genblk1.genblk1.genblk1.lut0.genblk1.genblk1.genblk1.genblk1.genblk1.genblk1.genblk1.lut0.genblk1.genblk1.genblk1.genblk1.genblk1.genblk1.lut0.genblk1.genblk1.genblk1.genblk1.genblk1.lut1 (4 -> 0)
  Optimizing lut $abc$36041$lut$aiger36040$2066.genblk1.genblk1.genblk1.genblk1.genblk1.genblk1.genblk1.genblk1.lut1.genblk1.genblk1.genblk1.genblk1.genblk1.genblk1.genblk1.lut1.genblk1.genblk1.genblk1.genblk1.genblk1.genblk1.lut0.genblk1.genblk1.genblk1.genblk1.genblk1.lut1 (4 -> 1)
  Optimizing lut $abc$36041$lut$aiger36040$2066.genblk1.genblk1.genblk1.genblk1.genblk1.genblk1.genblk1.genblk1.lut1.genblk1.genblk1.genblk1.genblk1.genblk1.genblk1.genblk1.lut0.genblk1.genblk1.genblk1.genblk1.genblk1.genblk1.lut0.genblk1.genblk1.genblk1.genblk1.genblk1.lut1 (4 -> 0)
  Optimizing lut $abc$36041$lut$aiger36040$2167.genblk1.genblk1.genblk1.genblk1.genblk1.genblk1.genblk1.genblk1.lut0.genblk1.genblk1.genblk1.genblk1.genblk1.genblk1.genblk1.lut1.genblk1.genblk1.genblk1.genblk1.genblk1.genblk1.lut0.genblk1.genblk1.genblk1.genblk1.genblk1.lut1 (4 -> 0)
  Optimizing lut $abc$36041$lut$aiger36040$2167.genblk1.genblk1.genblk1.genblk1.genblk1.genblk1.genblk1.genblk1.lut0.genblk1.genblk1.genblk1.genblk1.genblk1.genblk1.genblk1.lut0.genblk1.genblk1.genblk1.genblk1.genblk1.genblk1.lut0.genblk1.genblk1.genblk1.genblk1.genblk1.lut1 (4 -> 0)
  Optimizing lut $abc$36041$lut$aiger36040$2167.genblk1.genblk1.genblk1.genblk1.genblk1.genblk1.genblk1.genblk1.lut1.genblk1.genblk1.genblk1.genblk1.genblk1.genblk1.genblk1.lut1.genblk1.genblk1.genblk1.genblk1.genblk1.genblk1.lut0.genblk1.genblk1.genblk1.genblk1.genblk1.lut1 (4 -> 0)
  Optimizing lut $abc$36041$lut$aiger36040$2167.genblk1.genblk1.genblk1.genblk1.genblk1.genblk1.genblk1.genblk1.lut1.genblk1.genblk1.genblk1.genblk1.genblk1.genblk1.genblk1.lut0.genblk1.genblk1.genblk1.genblk1.genblk1.genblk1.lut0.genblk1.genblk1.genblk1.genblk1.genblk1.lut1 (4 -> 0)
  Optimizing lut $abc$36041$lut$aiger36040$2154.genblk1.genblk1.genblk1.genblk1.genblk1.genblk1.genblk1.genblk1.lut0.genblk1.genblk1.genblk1.genblk1.genblk1.genblk1.genblk1.lut1.genblk1.genblk1.genblk1.genblk1.genblk1.genblk1.lut0.genblk1.genblk1.genblk1.genblk1.genblk1.lut1 (4 -> 0)
  Optimizing lut $abc$36041$lut$aiger36040$2154.genblk1.genblk1.genblk1.genblk1.genblk1.genblk1.genblk1.genblk1.lut0.genblk1.genblk1.genblk1.genblk1.genblk1.genblk1.genblk1.lut0.genblk1.genblk1.genblk1.genblk1.genblk1.genblk1.lut0.genblk1.genblk1.genblk1.genblk1.genblk1.lut1 (4 -> 0)
  Optimizing lut $abc$36041$lut$aiger36040$2154.genblk1.genblk1.genblk1.genblk1.genblk1.genblk1.genblk1.genblk1.lut1.genblk1.genblk1.genblk1.genblk1.genblk1.genblk1.genblk1.lut1.genblk1.genblk1.genblk1.genblk1.genblk1.genblk1.lut0.genblk1.genblk1.genblk1.genblk1.genblk1.lut1 (4 -> 0)
  Optimizing lut $abc$36041$lut$aiger36040$2154.genblk1.genblk1.genblk1.genblk1.genblk1.genblk1.genblk1.genblk1.lut1.genblk1.genblk1.genblk1.genblk1.genblk1.genblk1.genblk1.lut0.genblk1.genblk1.genblk1.genblk1.genblk1.genblk1.lut0.genblk1.genblk1.genblk1.genblk1.genblk1.lut1 (4 -> 0)
  Optimizing lut $abc$36041$lut$aiger36040$2141.genblk1.genblk1.genblk1.genblk1.genblk1.genblk1.genblk1.genblk1.lut0.genblk1.genblk1.genblk1.genblk1.genblk1.genblk1.genblk1.lut1.genblk1.genblk1.genblk1.genblk1.genblk1.genblk1.lut0.genblk1.genblk1.genblk1.genblk1.genblk1.lut1 (4 -> 1)
  Optimizing lut $abc$36041$lut$aiger36040$2141.genblk1.genblk1.genblk1.genblk1.genblk1.genblk1.genblk1.genblk1.lut0.genblk1.genblk1.genblk1.genblk1.genblk1.genblk1.genblk1.lut0.genblk1.genblk1.genblk1.genblk1.genblk1.genblk1.lut0.genblk1.genblk1.genblk1.genblk1.genblk1.lut1 (4 -> 1)
  Optimizing lut $abc$36041$lut$aiger36040$2141.genblk1.genblk1.genblk1.genblk1.genblk1.genblk1.genblk1.genblk1.lut1.genblk1.genblk1.genblk1.genblk1.genblk1.genblk1.genblk1.lut1.genblk1.genblk1.genblk1.genblk1.genblk1.genblk1.lut0.genblk1.genblk1.genblk1.genblk1.genblk1.lut1 (4 -> 1)
  Optimizing lut $abc$36041$lut$aiger36040$2141.genblk1.genblk1.genblk1.genblk1.genblk1.genblk1.genblk1.genblk1.lut1.genblk1.genblk1.genblk1.genblk1.genblk1.genblk1.genblk1.lut0.genblk1.genblk1.genblk1.genblk1.genblk1.genblk1.lut0.genblk1.genblk1.genblk1.genblk1.genblk1.lut1 (4 -> 0)
  Optimizing lut $abc$36041$lut$aiger36040$2128.genblk1.genblk1.genblk1.genblk1.genblk1.genblk1.genblk1.genblk1.lut0.genblk1.genblk1.genblk1.genblk1.genblk1.genblk1.genblk1.lut1.genblk1.genblk1.genblk1.genblk1.genblk1.genblk1.lut0.genblk1.genblk1.genblk1.genblk1.genblk1.lut1 (4 -> 0)
  Optimizing lut $abc$36041$lut$aiger36040$2128.genblk1.genblk1.genblk1.genblk1.genblk1.genblk1.genblk1.genblk1.lut0.genblk1.genblk1.genblk1.genblk1.genblk1.genblk1.genblk1.lut0.genblk1.genblk1.genblk1.genblk1.genblk1.genblk1.lut0.genblk1.genblk1.genblk1.genblk1.genblk1.lut1 (4 -> 0)
  Optimizing lut $abc$36041$lut$aiger36040$2128.genblk1.genblk1.genblk1.genblk1.genblk1.genblk1.genblk1.genblk1.lut1.genblk1.genblk1.genblk1.genblk1.genblk1.genblk1.genblk1.lut1.genblk1.genblk1.genblk1.genblk1.genblk1.genblk1.lut0.genblk1.genblk1.genblk1.genblk1.genblk1.lut1 (4 -> 0)
  Optimizing lut $abc$36041$lut$aiger36040$2128.genblk1.genblk1.genblk1.genblk1.genblk1.genblk1.genblk1.genblk1.lut1.genblk1.genblk1.genblk1.genblk1.genblk1.genblk1.genblk1.lut0.genblk1.genblk1.genblk1.genblk1.genblk1.genblk1.lut0.genblk1.genblk1.genblk1.genblk1.genblk1.lut1 (4 -> 1)
  Optimizing lut $abc$36041$lut$aiger36040$2226.genblk1.genblk1.genblk1.genblk1.genblk1.genblk1.genblk1.genblk1.lut0.genblk1.genblk1.genblk1.genblk1.genblk1.genblk1.genblk1.lut1.genblk1.genblk1.genblk1.genblk1.genblk1.genblk1.lut0.genblk1.genblk1.genblk1.genblk1.genblk1.lut1 (4 -> 0)
  Optimizing lut $abc$36041$lut$aiger36040$7393.genblk1.genblk1.genblk1.genblk1.genblk1.genblk1.genblk1.lut1.genblk1.genblk1.genblk1.genblk1.genblk1.genblk1.lut1.genblk1.genblk1.genblk1.genblk1.genblk1.lut0 (4 -> 0)
  Optimizing lut $abc$36041$lut$aiger36040$7393.genblk1.genblk1.genblk1.genblk1.genblk1.genblk1.genblk1.lut1.genblk1.genblk1.genblk1.genblk1.genblk1.genblk1.lut0.genblk1.genblk1.genblk1.genblk1.genblk1.lut0 (4 -> 2)
  Optimizing lut $abc$36041$lut$aiger36040$2226.genblk1.genblk1.genblk1.genblk1.genblk1.genblk1.genblk1.genblk1.lut1.genblk1.genblk1.genblk1.genblk1.genblk1.genblk1.genblk1.lut1.genblk1.genblk1.genblk1.genblk1.genblk1.genblk1.lut0.genblk1.genblk1.genblk1.genblk1.genblk1.lut1 (4 -> 0)
  Optimizing lut $abc$36041$lut$aiger36040$2226.genblk1.genblk1.genblk1.genblk1.genblk1.genblk1.genblk1.genblk1.lut1.genblk1.genblk1.genblk1.genblk1.genblk1.genblk1.genblk1.lut0.genblk1.genblk1.genblk1.genblk1.genblk1.genblk1.lut0.genblk1.genblk1.genblk1.genblk1.genblk1.lut1 (4 -> 0)
  Optimizing lut $abc$36041$lut$aiger36040$2211.genblk1.genblk1.genblk1.genblk1.genblk1.genblk1.genblk1.genblk1.lut0.genblk1.genblk1.genblk1.genblk1.genblk1.genblk1.genblk1.lut1.genblk1.genblk1.genblk1.genblk1.genblk1.genblk1.lut0.genblk1.genblk1.genblk1.genblk1.genblk1.lut1 (4 -> 0)
  Optimizing lut $abc$36041$lut$aiger36040$2211.genblk1.genblk1.genblk1.genblk1.genblk1.genblk1.genblk1.genblk1.lut0.genblk1.genblk1.genblk1.genblk1.genblk1.genblk1.genblk1.lut0.genblk1.genblk1.genblk1.genblk1.genblk1.genblk1.lut0.genblk1.genblk1.genblk1.genblk1.genblk1.lut1 (4 -> 0)
  Optimizing lut $abc$36041$lut$aiger36040$2211.genblk1.genblk1.genblk1.genblk1.genblk1.genblk1.genblk1.genblk1.lut1.genblk1.genblk1.genblk1.genblk1.genblk1.genblk1.genblk1.lut1.genblk1.genblk1.genblk1.genblk1.genblk1.genblk1.lut0.genblk1.genblk1.genblk1.genblk1.genblk1.lut1 (4 -> 0)
  Optimizing lut $abc$36041$lut$aiger36040$2211.genblk1.genblk1.genblk1.genblk1.genblk1.genblk1.genblk1.genblk1.lut1.genblk1.genblk1.genblk1.genblk1.genblk1.genblk1.genblk1.lut0.genblk1.genblk1.genblk1.genblk1.genblk1.genblk1.lut0.genblk1.genblk1.genblk1.genblk1.genblk1.lut1 (4 -> 1)
  Optimizing lut $abc$36041$lut$aiger36040$2198.genblk1.genblk1.genblk1.genblk1.genblk1.genblk1.genblk1.genblk1.lut0.genblk1.genblk1.genblk1.genblk1.genblk1.genblk1.genblk1.lut1.genblk1.genblk1.genblk1.genblk1.genblk1.genblk1.lut0.genblk1.genblk1.genblk1.genblk1.genblk1.lut1 (4 -> 1)
  Optimizing lut $abc$36041$lut$aiger36040$2198.genblk1.genblk1.genblk1.genblk1.genblk1.genblk1.genblk1.genblk1.lut0.genblk1.genblk1.genblk1.genblk1.genblk1.genblk1.genblk1.lut0.genblk1.genblk1.genblk1.genblk1.genblk1.genblk1.lut0.genblk1.genblk1.genblk1.genblk1.genblk1.lut1 (4 -> 1)
  Optimizing lut $abc$36041$lut$aiger36040$2198.genblk1.genblk1.genblk1.genblk1.genblk1.genblk1.genblk1.genblk1.lut1.genblk1.genblk1.genblk1.genblk1.genblk1.genblk1.genblk1.lut1.genblk1.genblk1.genblk1.genblk1.genblk1.genblk1.lut0.genblk1.genblk1.genblk1.genblk1.genblk1.lut1 (4 -> 0)
  Optimizing lut $abc$36041$lut$aiger36040$2198.genblk1.genblk1.genblk1.genblk1.genblk1.genblk1.genblk1.genblk1.lut1.genblk1.genblk1.genblk1.genblk1.genblk1.genblk1.genblk1.lut0.genblk1.genblk1.genblk1.genblk1.genblk1.genblk1.lut0.genblk1.genblk1.genblk1.genblk1.genblk1.lut1 (4 -> 0)
  Optimizing lut $abc$36041$lut$aiger36040$2184.genblk1.genblk1.genblk1.genblk1.genblk1.genblk1.genblk1.genblk1.lut0.genblk1.genblk1.genblk1.genblk1.genblk1.genblk1.genblk1.lut1.genblk1.genblk1.genblk1.genblk1.genblk1.genblk1.lut0.genblk1.genblk1.genblk1.genblk1.genblk1.lut1 (4 -> 0)
  Optimizing lut $abc$36041$lut$aiger36040$2184.genblk1.genblk1.genblk1.genblk1.genblk1.genblk1.genblk1.genblk1.lut0.genblk1.genblk1.genblk1.genblk1.genblk1.genblk1.genblk1.lut0.genblk1.genblk1.genblk1.genblk1.genblk1.genblk1.lut0.genblk1.genblk1.genblk1.genblk1.genblk1.lut1 (4 -> 0)
  Optimizing lut $abc$36041$lut$aiger36040$2184.genblk1.genblk1.genblk1.genblk1.genblk1.genblk1.genblk1.genblk1.lut1.genblk1.genblk1.genblk1.genblk1.genblk1.genblk1.genblk1.lut1.genblk1.genblk1.genblk1.genblk1.genblk1.genblk1.lut0.genblk1.genblk1.genblk1.genblk1.genblk1.lut1 (4 -> 1)
  Optimizing lut $abc$36041$lut$aiger36040$2184.genblk1.genblk1.genblk1.genblk1.genblk1.genblk1.genblk1.genblk1.lut1.genblk1.genblk1.genblk1.genblk1.genblk1.genblk1.genblk1.lut0.genblk1.genblk1.genblk1.genblk1.genblk1.genblk1.lut0.genblk1.genblk1.genblk1.genblk1.genblk1.lut1 (4 -> 0)
  Optimizing lut $abc$36041$lut$aiger36040$2442.genblk1.genblk1.genblk1.genblk1.genblk1.genblk1.genblk1.genblk1.lut0.genblk1.genblk1.genblk1.genblk1.genblk1.genblk1.genblk1.lut1.genblk1.genblk1.genblk1.genblk1.genblk1.genblk1.lut0.genblk1.genblk1.genblk1.genblk1.genblk1.lut1 (4 -> 1)
  Optimizing lut $abc$36041$lut$aiger36040$2442.genblk1.genblk1.genblk1.genblk1.genblk1.genblk1.genblk1.genblk1.lut0.genblk1.genblk1.genblk1.genblk1.genblk1.genblk1.genblk1.lut0.genblk1.genblk1.genblk1.genblk1.genblk1.genblk1.lut0.genblk1.genblk1.genblk1.genblk1.genblk1.lut1 (4 -> 0)
  Optimizing lut $abc$36041$lut$aiger36040$2442.genblk1.genblk1.genblk1.genblk1.genblk1.genblk1.genblk1.genblk1.lut1.genblk1.genblk1.genblk1.genblk1.genblk1.genblk1.genblk1.lut1.genblk1.genblk1.genblk1.genblk1.genblk1.genblk1.lut0.genblk1.genblk1.genblk1.genblk1.genblk1.lut1 (4 -> 0)
  Optimizing lut $abc$36041$lut$aiger36040$2442.genblk1.genblk1.genblk1.genblk1.genblk1.genblk1.genblk1.genblk1.lut1.genblk1.genblk1.genblk1.genblk1.genblk1.genblk1.genblk1.lut0.genblk1.genblk1.genblk1.genblk1.genblk1.genblk1.lut0.genblk1.genblk1.genblk1.genblk1.genblk1.lut1 (4 -> 0)
  Optimizing lut $abc$36041$lut$aiger36040$2427.genblk1.genblk1.genblk1.genblk1.genblk1.genblk1.genblk1.genblk1.lut0.genblk1.genblk1.genblk1.genblk1.genblk1.genblk1.genblk1.lut1.genblk1.genblk1.genblk1.genblk1.genblk1.genblk1.lut0.genblk1.genblk1.genblk1.genblk1.genblk1.lut1 (4 -> 0)
  Optimizing lut $abc$36041$lut$aiger36040$2427.genblk1.genblk1.genblk1.genblk1.genblk1.genblk1.genblk1.genblk1.lut0.genblk1.genblk1.genblk1.genblk1.genblk1.genblk1.genblk1.lut0.genblk1.genblk1.genblk1.genblk1.genblk1.genblk1.lut0.genblk1.genblk1.genblk1.genblk1.genblk1.lut1 (4 -> 1)
  Optimizing lut $abc$36041$lut$aiger36040$2427.genblk1.genblk1.genblk1.genblk1.genblk1.genblk1.genblk1.genblk1.lut1.genblk1.genblk1.genblk1.genblk1.genblk1.genblk1.genblk1.lut1.genblk1.genblk1.genblk1.genblk1.genblk1.genblk1.lut0.genblk1.genblk1.genblk1.genblk1.genblk1.lut1 (4 -> 0)
  Optimizing lut $abc$36041$lut$aiger36040$2427.genblk1.genblk1.genblk1.genblk1.genblk1.genblk1.genblk1.genblk1.lut1.genblk1.genblk1.genblk1.genblk1.genblk1.genblk1.genblk1.lut0.genblk1.genblk1.genblk1.genblk1.genblk1.genblk1.lut0.genblk1.genblk1.genblk1.genblk1.genblk1.lut1 (4 -> 1)
  Optimizing lut $abc$36041$lut$aiger36040$2412.genblk1.genblk1.genblk1.genblk1.genblk1.genblk1.genblk1.genblk1.lut0.genblk1.genblk1.genblk1.genblk1.genblk1.genblk1.genblk1.lut1.genblk1.genblk1.genblk1.genblk1.genblk1.genblk1.lut0.genblk1.genblk1.genblk1.genblk1.genblk1.lut1 (4 -> 0)
  Optimizing lut $abc$36041$lut$aiger36040$2412.genblk1.genblk1.genblk1.genblk1.genblk1.genblk1.genblk1.genblk1.lut0.genblk1.genblk1.genblk1.genblk1.genblk1.genblk1.genblk1.lut0.genblk1.genblk1.genblk1.genblk1.genblk1.genblk1.lut0.genblk1.genblk1.genblk1.genblk1.genblk1.lut1 (4 -> 0)
  Optimizing lut $abc$36041$lut$aiger36040$2412.genblk1.genblk1.genblk1.genblk1.genblk1.genblk1.genblk1.genblk1.lut1.genblk1.genblk1.genblk1.genblk1.genblk1.genblk1.genblk1.lut1.genblk1.genblk1.genblk1.genblk1.genblk1.genblk1.lut0.genblk1.genblk1.genblk1.genblk1.genblk1.lut1 (4 -> 0)
  Optimizing lut $abc$36041$lut$aiger36040$2412.genblk1.genblk1.genblk1.genblk1.genblk1.genblk1.genblk1.genblk1.lut1.genblk1.genblk1.genblk1.genblk1.genblk1.genblk1.genblk1.lut0.genblk1.genblk1.genblk1.genblk1.genblk1.genblk1.lut0.genblk1.genblk1.genblk1.genblk1.genblk1.lut1 (4 -> 0)
  Optimizing lut $abc$36041$lut$aiger36040$2397.genblk1.genblk1.genblk1.genblk1.genblk1.genblk1.genblk1.genblk1.lut0.genblk1.genblk1.genblk1.genblk1.genblk1.genblk1.genblk1.lut1.genblk1.genblk1.genblk1.genblk1.genblk1.genblk1.lut0.genblk1.genblk1.genblk1.genblk1.genblk1.lut1 (4 -> 0)
  Optimizing lut $abc$36041$lut$aiger36040$2397.genblk1.genblk1.genblk1.genblk1.genblk1.genblk1.genblk1.genblk1.lut0.genblk1.genblk1.genblk1.genblk1.genblk1.genblk1.genblk1.lut0.genblk1.genblk1.genblk1.genblk1.genblk1.genblk1.lut0.genblk1.genblk1.genblk1.genblk1.genblk1.lut1 (4 -> 0)
  Optimizing lut $abc$36041$lut$aiger36040$2397.genblk1.genblk1.genblk1.genblk1.genblk1.genblk1.genblk1.genblk1.lut1.genblk1.genblk1.genblk1.genblk1.genblk1.genblk1.genblk1.lut1.genblk1.genblk1.genblk1.genblk1.genblk1.genblk1.lut0.genblk1.genblk1.genblk1.genblk1.genblk1.lut1 (4 -> 1)
  Optimizing lut $abc$36041$lut$aiger36040$2397.genblk1.genblk1.genblk1.genblk1.genblk1.genblk1.genblk1.genblk1.lut1.genblk1.genblk1.genblk1.genblk1.genblk1.genblk1.genblk1.lut0.genblk1.genblk1.genblk1.genblk1.genblk1.genblk1.lut0.genblk1.genblk1.genblk1.genblk1.genblk1.lut1 (4 -> 0)
  Optimizing lut $abc$36041$lut$aiger36040$7754.genblk1.genblk1.genblk1.genblk1.genblk1.genblk1.genblk1.lut1.genblk1.genblk1.genblk1.genblk1.genblk1.genblk1.lut1.genblk1.genblk1.genblk1.genblk1.genblk1.lut0 (4 -> 0)
  Optimizing lut $abc$36041$lut$aiger36040$7754.genblk1.genblk1.genblk1.genblk1.genblk1.genblk1.genblk1.lut1.genblk1.genblk1.genblk1.genblk1.genblk1.genblk1.lut0.genblk1.genblk1.genblk1.genblk1.genblk1.lut0 (4 -> 3)
  Optimizing lut $abc$36041$lut$aiger36040$2379.genblk1.genblk1.genblk1.genblk1.genblk1.genblk1.genblk1.genblk1.lut0.genblk1.genblk1.genblk1.genblk1.genblk1.genblk1.genblk1.lut1.genblk1.genblk1.genblk1.genblk1.genblk1.genblk1.lut0.genblk1.genblk1.genblk1.genblk1.genblk1.lut1 (4 -> 1)
  Optimizing lut $abc$36041$lut$aiger36040$2379.genblk1.genblk1.genblk1.genblk1.genblk1.genblk1.genblk1.genblk1.lut0.genblk1.genblk1.genblk1.genblk1.genblk1.genblk1.genblk1.lut0.genblk1.genblk1.genblk1.genblk1.genblk1.genblk1.lut0.genblk1.genblk1.genblk1.genblk1.genblk1.lut1 (4 -> 1)
  Optimizing lut $abc$36041$lut$aiger36040$2379.genblk1.genblk1.genblk1.genblk1.genblk1.genblk1.genblk1.genblk1.lut1.genblk1.genblk1.genblk1.genblk1.genblk1.genblk1.genblk1.lut1.genblk1.genblk1.genblk1.genblk1.genblk1.genblk1.lut0.genblk1.genblk1.genblk1.genblk1.genblk1.lut1 (4 -> 0)
  Optimizing lut $abc$36041$lut$aiger36040$2379.genblk1.genblk1.genblk1.genblk1.genblk1.genblk1.genblk1.genblk1.lut1.genblk1.genblk1.genblk1.genblk1.genblk1.genblk1.genblk1.lut0.genblk1.genblk1.genblk1.genblk1.genblk1.genblk1.lut0.genblk1.genblk1.genblk1.genblk1.genblk1.lut1 (4 -> 1)
  Optimizing lut $abc$36041$lut$aiger36040$2339.genblk1.genblk1.genblk1.genblk1.genblk1.genblk1.genblk1.genblk1.lut0.genblk1.genblk1.genblk1.genblk1.genblk1.genblk1.genblk1.lut1.genblk1.genblk1.genblk1.genblk1.genblk1.genblk1.lut0.genblk1.genblk1.genblk1.genblk1.genblk1.lut1 (4 -> 0)
  Optimizing lut $abc$36041$lut$aiger36040$2360.genblk1.genblk1.genblk1.genblk1.genblk1.genblk1.genblk1.lut0.genblk1.genblk1.genblk1.genblk1.genblk1.genblk1.lut1.genblk1.genblk1.genblk1.genblk1.genblk1.lut0 (4 -> 0)
  Optimizing lut $abc$36041$lut$aiger36040$2360.genblk1.genblk1.genblk1.genblk1.genblk1.genblk1.genblk1.lut0.genblk1.genblk1.genblk1.genblk1.genblk1.genblk1.lut0.genblk1.genblk1.genblk1.genblk1.genblk1.lut0 (4 -> 0)
  Optimizing lut $abc$36041$lut$aiger36040$2360.genblk1.genblk1.genblk1.genblk1.genblk1.genblk1.genblk1.lut1.genblk1.genblk1.genblk1.genblk1.genblk1.genblk1.lut1.genblk1.genblk1.genblk1.genblk1.genblk1.lut0 (4 -> 2)
  Optimizing lut $abc$36041$lut$aiger36040$2360.genblk1.genblk1.genblk1.genblk1.genblk1.genblk1.genblk1.lut1.genblk1.genblk1.genblk1.genblk1.genblk1.genblk1.lut0.genblk1.genblk1.genblk1.genblk1.genblk1.lut0 (4 -> 0)
  Optimizing lut $abc$36041$lut$aiger36040$2347.genblk1.genblk1.genblk1.genblk1.genblk1.genblk1.genblk1.lut0.genblk1.genblk1.genblk1.genblk1.genblk1.genblk1.lut1.genblk1.genblk1.genblk1.genblk1.genblk1.lut0 (4 -> 0)
  Optimizing lut $abc$36041$lut$aiger36040$2347.genblk1.genblk1.genblk1.genblk1.genblk1.genblk1.genblk1.lut0.genblk1.genblk1.genblk1.genblk1.genblk1.genblk1.lut0.genblk1.genblk1.genblk1.genblk1.genblk1.lut0 (4 -> 0)
  Optimizing lut $abc$36041$lut$aiger36040$2347.genblk1.genblk1.genblk1.genblk1.genblk1.genblk1.genblk1.lut1.genblk1.genblk1.genblk1.genblk1.genblk1.genblk1.lut1.genblk1.genblk1.genblk1.genblk1.genblk1.lut0 (4 -> 0)
  Optimizing lut $abc$36041$lut$aiger36040$2347.genblk1.genblk1.genblk1.genblk1.genblk1.genblk1.genblk1.lut1.genblk1.genblk1.genblk1.genblk1.genblk1.genblk1.lut0.genblk1.genblk1.genblk1.genblk1.genblk1.lut0 (4 -> 0)
  Optimizing lut $abc$36041$lut$aiger36040$2339.genblk1.genblk1.genblk1.genblk1.genblk1.genblk1.genblk1.genblk1.lut0.genblk1.genblk1.genblk1.genblk1.genblk1.genblk1.genblk1.lut0.genblk1.genblk1.genblk1.genblk1.genblk1.genblk1.lut0.genblk1.genblk1.genblk1.genblk1.genblk1.lut1 (4 -> 0)
  Optimizing lut $abc$36041$lut$aiger36040$2339.genblk1.genblk1.genblk1.genblk1.genblk1.genblk1.genblk1.genblk1.lut1.genblk1.genblk1.genblk1.genblk1.genblk1.genblk1.genblk1.lut1.genblk1.genblk1.genblk1.genblk1.genblk1.genblk1.lut0.genblk1.genblk1.genblk1.genblk1.genblk1.lut1 (4 -> 0)
  Optimizing lut $abc$36041$lut$aiger36040$2339.genblk1.genblk1.genblk1.genblk1.genblk1.genblk1.genblk1.genblk1.lut1.genblk1.genblk1.genblk1.genblk1.genblk1.genblk1.genblk1.lut0.genblk1.genblk1.genblk1.genblk1.genblk1.genblk1.lut0.genblk1.genblk1.genblk1.genblk1.genblk1.lut1 (4 -> 0)
  Optimizing lut $abc$36041$lut$aiger36040$2695.genblk1.genblk1.genblk1.genblk1.genblk1.genblk1.genblk1.genblk1.lut0.genblk1.genblk1.genblk1.genblk1.genblk1.genblk1.genblk1.lut1.genblk1.genblk1.genblk1.genblk1.genblk1.genblk1.lut0.genblk1.genblk1.genblk1.genblk1.genblk1.lut1 (4 -> 0)
  Optimizing lut $abc$36041$lut$aiger36040$2326.genblk1.genblk1.genblk1.genblk1.genblk1.genblk1.lut0.genblk1.genblk1.genblk1.genblk1.genblk1.lut1 (4 -> 3)
  Optimizing lut $abc$36041$lut$aiger36040$2695.genblk1.genblk1.genblk1.genblk1.genblk1.genblk1.genblk1.genblk1.lut1.genblk1.genblk1.genblk1.genblk1.genblk1.genblk1.genblk1.lut1.genblk1.genblk1.genblk1.genblk1.genblk1.genblk1.lut0.genblk1.genblk1.genblk1.genblk1.genblk1.lut1 (4 -> 0)
  Optimizing lut $abc$36041$lut$aiger36040$2695.genblk1.genblk1.genblk1.genblk1.genblk1.genblk1.genblk1.genblk1.lut1.genblk1.genblk1.genblk1.genblk1.genblk1.genblk1.genblk1.lut0.genblk1.genblk1.genblk1.genblk1.genblk1.genblk1.lut0.genblk1.genblk1.genblk1.genblk1.genblk1.lut1 (4 -> 0)
  Optimizing lut $abc$36041$lut$aiger36040$2687.genblk1.genblk1.genblk1.genblk1.genblk1.genblk1.genblk1.genblk1.lut0.genblk1.genblk1.genblk1.genblk1.genblk1.genblk1.genblk1.lut1.genblk1.genblk1.genblk1.genblk1.genblk1.genblk1.lut0.genblk1.genblk1.genblk1.genblk1.genblk1.lut1 (4 -> 1)
  Optimizing lut $abc$36041$lut$aiger36040$2687.genblk1.genblk1.genblk1.genblk1.genblk1.genblk1.genblk1.genblk1.lut0.genblk1.genblk1.genblk1.genblk1.genblk1.genblk1.genblk1.lut0.genblk1.genblk1.genblk1.genblk1.genblk1.genblk1.lut0.genblk1.genblk1.genblk1.genblk1.genblk1.lut1 (4 -> 0)
  Optimizing lut $abc$36041$lut$aiger36040$2687.genblk1.genblk1.genblk1.genblk1.genblk1.genblk1.genblk1.genblk1.lut1.genblk1.genblk1.genblk1.genblk1.genblk1.genblk1.genblk1.lut1.genblk1.genblk1.genblk1.genblk1.genblk1.genblk1.lut0.genblk1.genblk1.genblk1.genblk1.genblk1.lut1 (4 -> 1)
  Optimizing lut $abc$36041$lut$aiger36040$2687.genblk1.genblk1.genblk1.genblk1.genblk1.genblk1.genblk1.genblk1.lut1.genblk1.genblk1.genblk1.genblk1.genblk1.genblk1.genblk1.lut0.genblk1.genblk1.genblk1.genblk1.genblk1.genblk1.lut0.genblk1.genblk1.genblk1.genblk1.genblk1.lut1 (4 -> 0)
  Optimizing lut $abc$36041$lut$aiger36040$2673.genblk1.genblk1.genblk1.genblk1.genblk1.genblk1.genblk1.genblk1.lut0.genblk1.genblk1.genblk1.genblk1.genblk1.genblk1.genblk1.lut1.genblk1.genblk1.genblk1.genblk1.genblk1.genblk1.lut0.genblk1.genblk1.genblk1.genblk1.genblk1.lut1 (4 -> 0)
  Optimizing lut $abc$36041$lut$aiger36040$2673.genblk1.genblk1.genblk1.genblk1.genblk1.genblk1.genblk1.genblk1.lut0.genblk1.genblk1.genblk1.genblk1.genblk1.genblk1.genblk1.lut0.genblk1.genblk1.genblk1.genblk1.genblk1.genblk1.lut0.genblk1.genblk1.genblk1.genblk1.genblk1.lut1 (4 -> 1)
  Optimizing lut $abc$36041$lut$aiger36040$2673.genblk1.genblk1.genblk1.genblk1.genblk1.genblk1.genblk1.genblk1.lut1.genblk1.genblk1.genblk1.genblk1.genblk1.genblk1.genblk1.lut1.genblk1.genblk1.genblk1.genblk1.genblk1.genblk1.lut0.genblk1.genblk1.genblk1.genblk1.genblk1.lut1 (4 -> 0)
  Optimizing lut $abc$36041$lut$aiger36040$2673.genblk1.genblk1.genblk1.genblk1.genblk1.genblk1.genblk1.genblk1.lut1.genblk1.genblk1.genblk1.genblk1.genblk1.genblk1.genblk1.lut0.genblk1.genblk1.genblk1.genblk1.genblk1.genblk1.lut0.genblk1.genblk1.genblk1.genblk1.genblk1.lut1 (4 -> 0)
  Optimizing lut $abc$36041$lut$aiger36040$2660.genblk1.genblk1.genblk1.genblk1.genblk1.genblk1.genblk1.genblk1.lut0.genblk1.genblk1.genblk1.genblk1.genblk1.genblk1.genblk1.lut1.genblk1.genblk1.genblk1.genblk1.genblk1.genblk1.lut0.genblk1.genblk1.genblk1.genblk1.genblk1.lut1 (4 -> 0)
  Optimizing lut $abc$36041$lut$aiger36040$2660.genblk1.genblk1.genblk1.genblk1.genblk1.genblk1.genblk1.genblk1.lut0.genblk1.genblk1.genblk1.genblk1.genblk1.genblk1.genblk1.lut0.genblk1.genblk1.genblk1.genblk1.genblk1.genblk1.lut0.genblk1.genblk1.genblk1.genblk1.genblk1.lut1 (4 -> 0)
  Optimizing lut $abc$36041$lut$aiger36040$2660.genblk1.genblk1.genblk1.genblk1.genblk1.genblk1.genblk1.genblk1.lut1.genblk1.genblk1.genblk1.genblk1.genblk1.genblk1.genblk1.lut1.genblk1.genblk1.genblk1.genblk1.genblk1.genblk1.lut0.genblk1.genblk1.genblk1.genblk1.genblk1.lut1 (4 -> 0)
  Optimizing lut $abc$36041$lut$aiger36040$2660.genblk1.genblk1.genblk1.genblk1.genblk1.genblk1.genblk1.genblk1.lut1.genblk1.genblk1.genblk1.genblk1.genblk1.genblk1.genblk1.lut0.genblk1.genblk1.genblk1.genblk1.genblk1.genblk1.lut0.genblk1.genblk1.genblk1.genblk1.genblk1.lut1 (4 -> 0)
  Optimizing lut $abc$36041$lut$aiger36040$3774.genblk1.genblk1.genblk1.genblk1.genblk1.genblk1.genblk1.genblk1.lut0.genblk1.genblk1.genblk1.genblk1.genblk1.genblk1.genblk1.lut1.genblk1.genblk1.genblk1.genblk1.genblk1.genblk1.lut0.genblk1.genblk1.genblk1.genblk1.genblk1.lut1 (4 -> 0)
  Optimizing lut $abc$36041$lut$aiger36040$2648.genblk1.genblk1.genblk1.genblk1.genblk1.genblk1.genblk1.lut0.genblk1.genblk1.genblk1.genblk1.genblk1.genblk1.lut1.genblk1.genblk1.genblk1.genblk1.genblk1.lut0 (4 -> 0)
  Optimizing lut $abc$36041$lut$aiger36040$2648.genblk1.genblk1.genblk1.genblk1.genblk1.genblk1.genblk1.lut0.genblk1.genblk1.genblk1.genblk1.genblk1.genblk1.lut0.genblk1.genblk1.genblk1.genblk1.genblk1.lut0 (4 -> 0)
  Optimizing lut $abc$36041$lut$aiger36040$2648.genblk1.genblk1.genblk1.genblk1.genblk1.genblk1.genblk1.lut1.genblk1.genblk1.genblk1.genblk1.genblk1.genblk1.lut1.genblk1.genblk1.genblk1.genblk1.genblk1.lut0 (4 -> 0)
  Optimizing lut $abc$36041$lut$aiger36040$2648.genblk1.genblk1.genblk1.genblk1.genblk1.genblk1.genblk1.lut1.genblk1.genblk1.genblk1.genblk1.genblk1.genblk1.lut0.genblk1.genblk1.genblk1.genblk1.genblk1.lut0 (4 -> 0)
  Optimizing lut $abc$36041$lut$aiger36040$3774.genblk1.genblk1.genblk1.genblk1.genblk1.genblk1.genblk1.genblk1.lut0.genblk1.genblk1.genblk1.genblk1.genblk1.genblk1.genblk1.lut0.genblk1.genblk1.genblk1.genblk1.genblk1.genblk1.lut0.genblk1.genblk1.genblk1.genblk1.genblk1.lut1 (4 -> 1)
  Optimizing lut $abc$36041$lut$aiger36040$3774.genblk1.genblk1.genblk1.genblk1.genblk1.genblk1.genblk1.genblk1.lut1.genblk1.genblk1.genblk1.genblk1.genblk1.genblk1.genblk1.lut1.genblk1.genblk1.genblk1.genblk1.genblk1.genblk1.lut0.genblk1.genblk1.genblk1.genblk1.genblk1.lut1 (4 -> 0)
  Optimizing lut $abc$36041$lut$aiger36040$3774.genblk1.genblk1.genblk1.genblk1.genblk1.genblk1.genblk1.genblk1.lut1.genblk1.genblk1.genblk1.genblk1.genblk1.genblk1.genblk1.lut0.genblk1.genblk1.genblk1.genblk1.genblk1.genblk1.lut0.genblk1.genblk1.genblk1.genblk1.genblk1.lut1 (4 -> 0)
  Optimizing lut $abc$36041$lut$aiger36040$3759.genblk1.genblk1.genblk1.genblk1.genblk1.genblk1.genblk1.genblk1.lut0.genblk1.genblk1.genblk1.genblk1.genblk1.genblk1.genblk1.lut1.genblk1.genblk1.genblk1.genblk1.genblk1.genblk1.lut0.genblk1.genblk1.genblk1.genblk1.genblk1.lut1 (4 -> 0)
  Optimizing lut $abc$36041$lut$aiger36040$3759.genblk1.genblk1.genblk1.genblk1.genblk1.genblk1.genblk1.genblk1.lut0.genblk1.genblk1.genblk1.genblk1.genblk1.genblk1.genblk1.lut0.genblk1.genblk1.genblk1.genblk1.genblk1.genblk1.lut0.genblk1.genblk1.genblk1.genblk1.genblk1.lut1 (4 -> 0)
  Optimizing lut $abc$36041$lut$aiger36040$3759.genblk1.genblk1.genblk1.genblk1.genblk1.genblk1.genblk1.genblk1.lut1.genblk1.genblk1.genblk1.genblk1.genblk1.genblk1.genblk1.lut1.genblk1.genblk1.genblk1.genblk1.genblk1.genblk1.lut0.genblk1.genblk1.genblk1.genblk1.genblk1.lut1 (4 -> 1)
  Optimizing lut $abc$36041$lut$aiger36040$3759.genblk1.genblk1.genblk1.genblk1.genblk1.genblk1.genblk1.genblk1.lut1.genblk1.genblk1.genblk1.genblk1.genblk1.genblk1.genblk1.lut0.genblk1.genblk1.genblk1.genblk1.genblk1.genblk1.lut0.genblk1.genblk1.genblk1.genblk1.genblk1.lut1 (4 -> 1)
  Optimizing lut $abc$36041$lut$aiger36040$3745.genblk1.genblk1.genblk1.genblk1.genblk1.genblk1.genblk1.genblk1.lut0.genblk1.genblk1.genblk1.genblk1.genblk1.genblk1.genblk1.lut1.genblk1.genblk1.genblk1.genblk1.genblk1.genblk1.lut0.genblk1.genblk1.genblk1.genblk1.genblk1.lut1 (4 -> 0)
  Optimizing lut $abc$36041$lut$aiger36040$3745.genblk1.genblk1.genblk1.genblk1.genblk1.genblk1.genblk1.genblk1.lut0.genblk1.genblk1.genblk1.genblk1.genblk1.genblk1.genblk1.lut0.genblk1.genblk1.genblk1.genblk1.genblk1.genblk1.lut0.genblk1.genblk1.genblk1.genblk1.genblk1.lut1 (4 -> 0)
  Optimizing lut $abc$36041$lut$aiger36040$3745.genblk1.genblk1.genblk1.genblk1.genblk1.genblk1.genblk1.genblk1.lut1.genblk1.genblk1.genblk1.genblk1.genblk1.genblk1.genblk1.lut1.genblk1.genblk1.genblk1.genblk1.genblk1.genblk1.lut0.genblk1.genblk1.genblk1.genblk1.genblk1.lut1 (4 -> 0)
  Optimizing lut $abc$36041$lut$aiger36040$3745.genblk1.genblk1.genblk1.genblk1.genblk1.genblk1.genblk1.genblk1.lut1.genblk1.genblk1.genblk1.genblk1.genblk1.genblk1.genblk1.lut0.genblk1.genblk1.genblk1.genblk1.genblk1.genblk1.lut0.genblk1.genblk1.genblk1.genblk1.genblk1.lut1 (4 -> 0)
  Optimizing lut $abc$36041$lut$aiger36040$3732.genblk1.genblk1.genblk1.genblk1.genblk1.genblk1.genblk1.genblk1.lut0.genblk1.genblk1.genblk1.genblk1.genblk1.genblk1.genblk1.lut1.genblk1.genblk1.genblk1.genblk1.genblk1.genblk1.lut0.genblk1.genblk1.genblk1.genblk1.genblk1.lut1 (4 -> 1)
  Optimizing lut $abc$36041$lut$aiger36040$3732.genblk1.genblk1.genblk1.genblk1.genblk1.genblk1.genblk1.genblk1.lut0.genblk1.genblk1.genblk1.genblk1.genblk1.genblk1.genblk1.lut0.genblk1.genblk1.genblk1.genblk1.genblk1.genblk1.lut0.genblk1.genblk1.genblk1.genblk1.genblk1.lut1 (4 -> 0)
  Optimizing lut $abc$36041$lut$aiger36040$3732.genblk1.genblk1.genblk1.genblk1.genblk1.genblk1.genblk1.genblk1.lut1.genblk1.genblk1.genblk1.genblk1.genblk1.genblk1.genblk1.lut1.genblk1.genblk1.genblk1.genblk1.genblk1.genblk1.lut0.genblk1.genblk1.genblk1.genblk1.genblk1.lut1 (4 -> 0)
  Optimizing lut $abc$36041$lut$aiger36040$3732.genblk1.genblk1.genblk1.genblk1.genblk1.genblk1.genblk1.genblk1.lut1.genblk1.genblk1.genblk1.genblk1.genblk1.genblk1.genblk1.lut0.genblk1.genblk1.genblk1.genblk1.genblk1.genblk1.lut0.genblk1.genblk1.genblk1.genblk1.genblk1.lut1 (4 -> 0)
  Optimizing lut $abc$36041$lut$aiger36040$4100.genblk1.genblk1.genblk1.genblk1.genblk1.genblk1.genblk1.genblk1.lut0.genblk1.genblk1.genblk1.genblk1.genblk1.genblk1.genblk1.lut1.genblk1.genblk1.genblk1.genblk1.genblk1.genblk1.lut0.genblk1.genblk1.genblk1.genblk1.genblk1.lut1 (4 -> 1)
  Optimizing lut $abc$36041$lut$aiger36040$4105.genblk1.genblk1.genblk1.genblk1.genblk1.genblk1.lut0.genblk1.genblk1.genblk1.genblk1.genblk1.lut1 (4 -> 0)
  Optimizing lut $abc$36041$lut$aiger36040$4100.genblk1.genblk1.genblk1.genblk1.genblk1.genblk1.genblk1.genblk1.lut1.genblk1.genblk1.genblk1.genblk1.genblk1.genblk1.genblk1.lut1.genblk1.genblk1.genblk1.genblk1.genblk1.genblk1.lut0.genblk1.genblk1.genblk1.genblk1.genblk1.lut1 (4 -> 0)
  Optimizing lut $abc$36041$lut$aiger36040$4100.genblk1.genblk1.genblk1.genblk1.genblk1.genblk1.genblk1.genblk1.lut1.genblk1.genblk1.genblk1.genblk1.genblk1.genblk1.genblk1.lut0.genblk1.genblk1.genblk1.genblk1.genblk1.genblk1.lut0.genblk1.genblk1.genblk1.genblk1.genblk1.lut1 (4 -> 0)
  Optimizing lut $abc$36041$lut$aiger36040$4072.genblk1.genblk1.genblk1.genblk1.genblk1.genblk1.genblk1.genblk1.lut0.genblk1.genblk1.genblk1.genblk1.genblk1.genblk1.genblk1.lut1.genblk1.genblk1.genblk1.genblk1.genblk1.genblk1.lut0.genblk1.genblk1.genblk1.genblk1.genblk1.lut1 (4 -> 0)
  Optimizing lut $abc$36041$lut$aiger36040$4085.genblk1.genblk1.genblk1.genblk1.genblk1.genblk1.lut0.genblk1.genblk1.genblk1.genblk1.genblk1.lut1 (4 -> 0)
  Optimizing lut $abc$36041$lut$aiger36040$4072.genblk1.genblk1.genblk1.genblk1.genblk1.genblk1.genblk1.genblk1.lut1.genblk1.genblk1.genblk1.genblk1.genblk1.genblk1.genblk1.lut1.genblk1.genblk1.genblk1.genblk1.genblk1.genblk1.lut0.genblk1.genblk1.genblk1.genblk1.genblk1.lut1 (4 -> 0)
  Optimizing lut $abc$36041$lut$aiger36040$4072.genblk1.genblk1.genblk1.genblk1.genblk1.genblk1.genblk1.genblk1.lut1.genblk1.genblk1.genblk1.genblk1.genblk1.genblk1.genblk1.lut0.genblk1.genblk1.genblk1.genblk1.genblk1.genblk1.lut0.genblk1.genblk1.genblk1.genblk1.genblk1.lut1 (4 -> 0)
  Optimizing lut $abc$36041$lut$aiger36040$4057.genblk1.genblk1.genblk1.genblk1.genblk1.genblk1.genblk1.genblk1.lut0.genblk1.genblk1.genblk1.genblk1.genblk1.genblk1.genblk1.lut1.genblk1.genblk1.genblk1.genblk1.genblk1.genblk1.lut0.genblk1.genblk1.genblk1.genblk1.genblk1.lut1 (4 -> 0)
  Optimizing lut $abc$36041$lut$aiger36040$4057.genblk1.genblk1.genblk1.genblk1.genblk1.genblk1.genblk1.genblk1.lut0.genblk1.genblk1.genblk1.genblk1.genblk1.genblk1.genblk1.lut0.genblk1.genblk1.genblk1.genblk1.genblk1.genblk1.lut0.genblk1.genblk1.genblk1.genblk1.genblk1.lut1 (4 -> 0)
  Optimizing lut $abc$36041$lut$aiger36040$4057.genblk1.genblk1.genblk1.genblk1.genblk1.genblk1.genblk1.genblk1.lut1.genblk1.genblk1.genblk1.genblk1.genblk1.genblk1.genblk1.lut1.genblk1.genblk1.genblk1.genblk1.genblk1.genblk1.lut0.genblk1.genblk1.genblk1.genblk1.genblk1.lut1 (4 -> 0)
  Optimizing lut $abc$36041$lut$aiger36040$4057.genblk1.genblk1.genblk1.genblk1.genblk1.genblk1.genblk1.genblk1.lut1.genblk1.genblk1.genblk1.genblk1.genblk1.genblk1.genblk1.lut0.genblk1.genblk1.genblk1.genblk1.genblk1.genblk1.lut0.genblk1.genblk1.genblk1.genblk1.genblk1.lut1 (4 -> 0)
  Optimizing lut $abc$36041$lut$aiger36040$4635.genblk1.genblk1.genblk1.genblk1.genblk1.genblk1.genblk1.genblk1.lut0.genblk1.genblk1.genblk1.genblk1.genblk1.genblk1.genblk1.lut1.genblk1.genblk1.genblk1.genblk1.genblk1.genblk1.lut0.genblk1.genblk1.genblk1.genblk1.genblk1.lut1 (4 -> 1)
  Optimizing lut $abc$36041$lut$aiger36040$4635.genblk1.genblk1.genblk1.genblk1.genblk1.genblk1.genblk1.genblk1.lut0.genblk1.genblk1.genblk1.genblk1.genblk1.genblk1.genblk1.lut0.genblk1.genblk1.genblk1.genblk1.genblk1.genblk1.lut0.genblk1.genblk1.genblk1.genblk1.genblk1.lut1 (4 -> 0)
  Optimizing lut $abc$36041$lut$aiger36040$4635.genblk1.genblk1.genblk1.genblk1.genblk1.genblk1.genblk1.genblk1.lut1.genblk1.genblk1.genblk1.genblk1.genblk1.genblk1.genblk1.lut1.genblk1.genblk1.genblk1.genblk1.genblk1.genblk1.lut0.genblk1.genblk1.genblk1.genblk1.genblk1.lut1 (4 -> 0)
  Optimizing lut $abc$36041$lut$aiger36040$4635.genblk1.genblk1.genblk1.genblk1.genblk1.genblk1.genblk1.genblk1.lut1.genblk1.genblk1.genblk1.genblk1.genblk1.genblk1.genblk1.lut0.genblk1.genblk1.genblk1.genblk1.genblk1.genblk1.lut0.genblk1.genblk1.genblk1.genblk1.genblk1.lut1 (4 -> 1)
  Optimizing lut $abc$36041$lut$aiger36040$4620.genblk1.genblk1.genblk1.genblk1.genblk1.genblk1.genblk1.genblk1.lut0.genblk1.genblk1.genblk1.genblk1.genblk1.genblk1.genblk1.lut1.genblk1.genblk1.genblk1.genblk1.genblk1.genblk1.lut0.genblk1.genblk1.genblk1.genblk1.genblk1.lut1 (4 -> 0)
  Optimizing lut $abc$36041$lut$aiger36040$4620.genblk1.genblk1.genblk1.genblk1.genblk1.genblk1.genblk1.genblk1.lut0.genblk1.genblk1.genblk1.genblk1.genblk1.genblk1.genblk1.lut0.genblk1.genblk1.genblk1.genblk1.genblk1.genblk1.lut0.genblk1.genblk1.genblk1.genblk1.genblk1.lut1 (4 -> 0)
  Optimizing lut $abc$36041$lut$aiger36040$4620.genblk1.genblk1.genblk1.genblk1.genblk1.genblk1.genblk1.genblk1.lut1.genblk1.genblk1.genblk1.genblk1.genblk1.genblk1.genblk1.lut1.genblk1.genblk1.genblk1.genblk1.genblk1.genblk1.lut0.genblk1.genblk1.genblk1.genblk1.genblk1.lut1 (4 -> 0)
  Optimizing lut $abc$36041$lut$aiger36040$4620.genblk1.genblk1.genblk1.genblk1.genblk1.genblk1.genblk1.genblk1.lut1.genblk1.genblk1.genblk1.genblk1.genblk1.genblk1.genblk1.lut0.genblk1.genblk1.genblk1.genblk1.genblk1.genblk1.lut0.genblk1.genblk1.genblk1.genblk1.genblk1.lut1 (4 -> 0)
  Optimizing lut $abc$36041$lut$aiger36040$4604.genblk1.genblk1.genblk1.genblk1.genblk1.genblk1.genblk1.genblk1.lut0.genblk1.genblk1.genblk1.genblk1.genblk1.genblk1.genblk1.lut1.genblk1.genblk1.genblk1.genblk1.genblk1.genblk1.lut0.genblk1.genblk1.genblk1.genblk1.genblk1.lut1 (4 -> 0)
  Optimizing lut $abc$36041$lut$aiger36040$4604.genblk1.genblk1.genblk1.genblk1.genblk1.genblk1.genblk1.genblk1.lut0.genblk1.genblk1.genblk1.genblk1.genblk1.genblk1.genblk1.lut0.genblk1.genblk1.genblk1.genblk1.genblk1.genblk1.lut0.genblk1.genblk1.genblk1.genblk1.genblk1.lut1 (4 -> 0)
  Optimizing lut $abc$36041$lut$aiger36040$4604.genblk1.genblk1.genblk1.genblk1.genblk1.genblk1.genblk1.genblk1.lut1.genblk1.genblk1.genblk1.genblk1.genblk1.genblk1.genblk1.lut1.genblk1.genblk1.genblk1.genblk1.genblk1.genblk1.lut0.genblk1.genblk1.genblk1.genblk1.genblk1.lut1 (4 -> 0)
  Optimizing lut $abc$36041$lut$aiger36040$4604.genblk1.genblk1.genblk1.genblk1.genblk1.genblk1.genblk1.genblk1.lut1.genblk1.genblk1.genblk1.genblk1.genblk1.genblk1.genblk1.lut0.genblk1.genblk1.genblk1.genblk1.genblk1.genblk1.lut0.genblk1.genblk1.genblk1.genblk1.genblk1.lut1 (4 -> 0)
  Optimizing lut $abc$36041$lut$aiger36040$4590.genblk1.genblk1.genblk1.genblk1.genblk1.genblk1.genblk1.genblk1.lut0.genblk1.genblk1.genblk1.genblk1.genblk1.genblk1.genblk1.lut1.genblk1.genblk1.genblk1.genblk1.genblk1.genblk1.lut0.genblk1.genblk1.genblk1.genblk1.genblk1.lut1 (4 -> 0)
  Optimizing lut $abc$36041$lut$aiger36040$4590.genblk1.genblk1.genblk1.genblk1.genblk1.genblk1.genblk1.genblk1.lut0.genblk1.genblk1.genblk1.genblk1.genblk1.genblk1.genblk1.lut0.genblk1.genblk1.genblk1.genblk1.genblk1.genblk1.lut0.genblk1.genblk1.genblk1.genblk1.genblk1.lut1 (4 -> 1)
  Optimizing lut $abc$36041$lut$aiger36040$4590.genblk1.genblk1.genblk1.genblk1.genblk1.genblk1.genblk1.genblk1.lut1.genblk1.genblk1.genblk1.genblk1.genblk1.genblk1.genblk1.lut1.genblk1.genblk1.genblk1.genblk1.genblk1.genblk1.lut0.genblk1.genblk1.genblk1.genblk1.genblk1.lut1 (4 -> 1)
  Optimizing lut $abc$36041$lut$aiger36040$4590.genblk1.genblk1.genblk1.genblk1.genblk1.genblk1.genblk1.genblk1.lut1.genblk1.genblk1.genblk1.genblk1.genblk1.genblk1.genblk1.lut0.genblk1.genblk1.genblk1.genblk1.genblk1.genblk1.lut0.genblk1.genblk1.genblk1.genblk1.genblk1.lut1 (4 -> 0)
  Optimizing lut $abc$36041$lut$aiger36040$4542.genblk1.genblk1.genblk1.genblk1.genblk1.genblk1.genblk1.genblk1.lut0.genblk1.genblk1.genblk1.genblk1.genblk1.genblk1.genblk1.lut1.genblk1.genblk1.genblk1.genblk1.genblk1.genblk1.lut0.genblk1.genblk1.genblk1.genblk1.genblk1.lut1 (4 -> 0)
  Optimizing lut $abc$36041$lut$aiger36040$4542.genblk1.genblk1.genblk1.genblk1.genblk1.genblk1.genblk1.genblk1.lut0.genblk1.genblk1.genblk1.genblk1.genblk1.genblk1.genblk1.lut0.genblk1.genblk1.genblk1.genblk1.genblk1.genblk1.lut0.genblk1.genblk1.genblk1.genblk1.genblk1.lut1 (4 -> 0)
  Optimizing lut $abc$36041$lut$aiger36040$4542.genblk1.genblk1.genblk1.genblk1.genblk1.genblk1.genblk1.genblk1.lut1.genblk1.genblk1.genblk1.genblk1.genblk1.genblk1.genblk1.lut1.genblk1.genblk1.genblk1.genblk1.genblk1.genblk1.lut0.genblk1.genblk1.genblk1.genblk1.genblk1.lut1 (4 -> 0)
  Optimizing lut $abc$36041$lut$aiger36040$4542.genblk1.genblk1.genblk1.genblk1.genblk1.genblk1.genblk1.genblk1.lut1.genblk1.genblk1.genblk1.genblk1.genblk1.genblk1.genblk1.lut0.genblk1.genblk1.genblk1.genblk1.genblk1.genblk1.lut0.genblk1.genblk1.genblk1.genblk1.genblk1.lut1 (4 -> 0)
  Optimizing lut $abc$36041$lut$aiger36040$4529.genblk1.genblk1.genblk1.genblk1.genblk1.genblk1.genblk1.genblk1.lut0.genblk1.genblk1.genblk1.genblk1.genblk1.genblk1.genblk1.lut1.genblk1.genblk1.genblk1.genblk1.genblk1.genblk1.lut0.genblk1.genblk1.genblk1.genblk1.genblk1.lut1 (4 -> 0)
  Optimizing lut $abc$36041$lut$aiger36040$4529.genblk1.genblk1.genblk1.genblk1.genblk1.genblk1.genblk1.genblk1.lut0.genblk1.genblk1.genblk1.genblk1.genblk1.genblk1.genblk1.lut0.genblk1.genblk1.genblk1.genblk1.genblk1.genblk1.lut0.genblk1.genblk1.genblk1.genblk1.genblk1.lut1 (4 -> 0)
  Optimizing lut $abc$36041$lut$aiger36040$4529.genblk1.genblk1.genblk1.genblk1.genblk1.genblk1.genblk1.genblk1.lut1.genblk1.genblk1.genblk1.genblk1.genblk1.genblk1.genblk1.lut1.genblk1.genblk1.genblk1.genblk1.genblk1.genblk1.lut0.genblk1.genblk1.genblk1.genblk1.genblk1.lut1 (4 -> 0)
  Optimizing lut $abc$36041$lut$aiger36040$4529.genblk1.genblk1.genblk1.genblk1.genblk1.genblk1.genblk1.genblk1.lut1.genblk1.genblk1.genblk1.genblk1.genblk1.genblk1.genblk1.lut0.genblk1.genblk1.genblk1.genblk1.genblk1.genblk1.lut0.genblk1.genblk1.genblk1.genblk1.genblk1.lut1 (4 -> 0)
  Optimizing lut $abc$36041$lut$aiger36040$4571.genblk1.genblk1.genblk1.genblk1.genblk1.genblk1.genblk1.genblk1.lut0.genblk1.genblk1.genblk1.genblk1.genblk1.genblk1.genblk1.lut1.genblk1.genblk1.genblk1.genblk1.genblk1.genblk1.lut0.genblk1.genblk1.genblk1.genblk1.genblk1.lut1 (4 -> 1)
  Optimizing lut $abc$36041$lut$aiger36040$4571.genblk1.genblk1.genblk1.genblk1.genblk1.genblk1.genblk1.genblk1.lut0.genblk1.genblk1.genblk1.genblk1.genblk1.genblk1.genblk1.lut0.genblk1.genblk1.genblk1.genblk1.genblk1.genblk1.lut0.genblk1.genblk1.genblk1.genblk1.genblk1.lut1 (4 -> 0)
  Optimizing lut $abc$36041$lut$aiger36040$4571.genblk1.genblk1.genblk1.genblk1.genblk1.genblk1.genblk1.genblk1.lut1.genblk1.genblk1.genblk1.genblk1.genblk1.genblk1.genblk1.lut1.genblk1.genblk1.genblk1.genblk1.genblk1.genblk1.lut0.genblk1.genblk1.genblk1.genblk1.genblk1.lut1 (4 -> 0)
  Optimizing lut $abc$36041$lut$aiger36040$4571.genblk1.genblk1.genblk1.genblk1.genblk1.genblk1.genblk1.genblk1.lut1.genblk1.genblk1.genblk1.genblk1.genblk1.genblk1.genblk1.lut0.genblk1.genblk1.genblk1.genblk1.genblk1.genblk1.lut0.genblk1.genblk1.genblk1.genblk1.genblk1.lut1 (4 -> 1)
  Optimizing lut $abc$36041$lut$aiger36040$4556.genblk1.genblk1.genblk1.genblk1.genblk1.genblk1.genblk1.genblk1.lut0.genblk1.genblk1.genblk1.genblk1.genblk1.genblk1.genblk1.lut1.genblk1.genblk1.genblk1.genblk1.genblk1.genblk1.lut0.genblk1.genblk1.genblk1.genblk1.genblk1.lut1 (4 -> 0)
  Optimizing lut $abc$36041$lut$aiger36040$4556.genblk1.genblk1.genblk1.genblk1.genblk1.genblk1.genblk1.genblk1.lut0.genblk1.genblk1.genblk1.genblk1.genblk1.genblk1.genblk1.lut0.genblk1.genblk1.genblk1.genblk1.genblk1.genblk1.lut0.genblk1.genblk1.genblk1.genblk1.genblk1.lut1 (4 -> 1)
  Optimizing lut $abc$36041$lut$aiger36040$4556.genblk1.genblk1.genblk1.genblk1.genblk1.genblk1.genblk1.genblk1.lut1.genblk1.genblk1.genblk1.genblk1.genblk1.genblk1.genblk1.lut1.genblk1.genblk1.genblk1.genblk1.genblk1.genblk1.lut0.genblk1.genblk1.genblk1.genblk1.genblk1.lut1 (4 -> 1)
  Optimizing lut $abc$36041$lut$aiger36040$4556.genblk1.genblk1.genblk1.genblk1.genblk1.genblk1.genblk1.genblk1.lut1.genblk1.genblk1.genblk1.genblk1.genblk1.genblk1.genblk1.lut0.genblk1.genblk1.genblk1.genblk1.genblk1.genblk1.lut0.genblk1.genblk1.genblk1.genblk1.genblk1.lut1 (4 -> 0)
  Optimizing lut $abc$36041$lut$aiger36040$4876.genblk1.genblk1.genblk1.genblk1.genblk1.genblk1.genblk1.genblk1.lut0.genblk1.genblk1.genblk1.genblk1.genblk1.genblk1.genblk1.lut1.genblk1.genblk1.genblk1.genblk1.genblk1.genblk1.lut0.genblk1.genblk1.genblk1.genblk1.genblk1.lut1 (4 -> 1)
  Optimizing lut $abc$36041$lut$aiger36040$4876.genblk1.genblk1.genblk1.genblk1.genblk1.genblk1.genblk1.genblk1.lut0.genblk1.genblk1.genblk1.genblk1.genblk1.genblk1.genblk1.lut0.genblk1.genblk1.genblk1.genblk1.genblk1.genblk1.lut0.genblk1.genblk1.genblk1.genblk1.genblk1.lut1 (4 -> 1)
  Optimizing lut $abc$36041$lut$aiger36040$4876.genblk1.genblk1.genblk1.genblk1.genblk1.genblk1.genblk1.genblk1.lut1.genblk1.genblk1.genblk1.genblk1.genblk1.genblk1.genblk1.lut1.genblk1.genblk1.genblk1.genblk1.genblk1.genblk1.lut0.genblk1.genblk1.genblk1.genblk1.genblk1.lut1 (4 -> 1)
  Optimizing lut $abc$36041$lut$aiger36040$4876.genblk1.genblk1.genblk1.genblk1.genblk1.genblk1.genblk1.genblk1.lut1.genblk1.genblk1.genblk1.genblk1.genblk1.genblk1.genblk1.lut0.genblk1.genblk1.genblk1.genblk1.genblk1.genblk1.lut0.genblk1.genblk1.genblk1.genblk1.genblk1.lut1 (4 -> 0)
  Optimizing lut $abc$36041$lut$aiger36040$4863.genblk1.genblk1.genblk1.genblk1.genblk1.genblk1.genblk1.genblk1.lut0.genblk1.genblk1.genblk1.genblk1.genblk1.genblk1.genblk1.lut1.genblk1.genblk1.genblk1.genblk1.genblk1.genblk1.lut0.genblk1.genblk1.genblk1.genblk1.genblk1.lut1 (4 -> 0)
  Optimizing lut $abc$36041$lut$aiger36040$4863.genblk1.genblk1.genblk1.genblk1.genblk1.genblk1.genblk1.genblk1.lut0.genblk1.genblk1.genblk1.genblk1.genblk1.genblk1.genblk1.lut0.genblk1.genblk1.genblk1.genblk1.genblk1.genblk1.lut0.genblk1.genblk1.genblk1.genblk1.genblk1.lut1 (4 -> 0)
  Optimizing lut $abc$36041$lut$aiger36040$4863.genblk1.genblk1.genblk1.genblk1.genblk1.genblk1.genblk1.genblk1.lut1.genblk1.genblk1.genblk1.genblk1.genblk1.genblk1.genblk1.lut1.genblk1.genblk1.genblk1.genblk1.genblk1.genblk1.lut0.genblk1.genblk1.genblk1.genblk1.genblk1.lut1 (4 -> 0)
  Optimizing lut $abc$36041$lut$aiger36040$4863.genblk1.genblk1.genblk1.genblk1.genblk1.genblk1.genblk1.genblk1.lut1.genblk1.genblk1.genblk1.genblk1.genblk1.genblk1.genblk1.lut0.genblk1.genblk1.genblk1.genblk1.genblk1.genblk1.lut0.genblk1.genblk1.genblk1.genblk1.genblk1.lut1 (4 -> 0)
  Optimizing lut $abc$36041$lut$aiger36040$4849.genblk1.genblk1.genblk1.genblk1.genblk1.genblk1.genblk1.genblk1.lut0.genblk1.genblk1.genblk1.genblk1.genblk1.genblk1.genblk1.lut1.genblk1.genblk1.genblk1.genblk1.genblk1.genblk1.lut0.genblk1.genblk1.genblk1.genblk1.genblk1.lut1 (4 -> 0)
  Optimizing lut $abc$36041$lut$aiger36040$4849.genblk1.genblk1.genblk1.genblk1.genblk1.genblk1.genblk1.genblk1.lut0.genblk1.genblk1.genblk1.genblk1.genblk1.genblk1.genblk1.lut0.genblk1.genblk1.genblk1.genblk1.genblk1.genblk1.lut0.genblk1.genblk1.genblk1.genblk1.genblk1.lut1 (4 -> 0)
  Optimizing lut $abc$36041$lut$aiger36040$4849.genblk1.genblk1.genblk1.genblk1.genblk1.genblk1.genblk1.genblk1.lut1.genblk1.genblk1.genblk1.genblk1.genblk1.genblk1.genblk1.lut1.genblk1.genblk1.genblk1.genblk1.genblk1.genblk1.lut0.genblk1.genblk1.genblk1.genblk1.genblk1.lut1 (4 -> 0)
  Optimizing lut $abc$36041$lut$aiger36040$4849.genblk1.genblk1.genblk1.genblk1.genblk1.genblk1.genblk1.genblk1.lut1.genblk1.genblk1.genblk1.genblk1.genblk1.genblk1.genblk1.lut0.genblk1.genblk1.genblk1.genblk1.genblk1.genblk1.lut0.genblk1.genblk1.genblk1.genblk1.genblk1.lut1 (4 -> 1)
  Optimizing lut $abc$36041$lut$aiger36040$4835.genblk1.genblk1.genblk1.genblk1.genblk1.genblk1.genblk1.genblk1.lut0.genblk1.genblk1.genblk1.genblk1.genblk1.genblk1.genblk1.lut1.genblk1.genblk1.genblk1.genblk1.genblk1.genblk1.lut0.genblk1.genblk1.genblk1.genblk1.genblk1.lut1 (4 -> 0)
  Optimizing lut $abc$36041$lut$aiger36040$4835.genblk1.genblk1.genblk1.genblk1.genblk1.genblk1.genblk1.genblk1.lut1.genblk1.genblk1.genblk1.genblk1.genblk1.genblk1.genblk1.lut0.genblk1.genblk1.genblk1.genblk1.genblk1.genblk1.lut1.genblk1.genblk1.genblk1.genblk1.genblk1.lut0 (4 -> 0)
  Optimizing lut $abc$36041$lut$aiger36040$4835.genblk1.genblk1.genblk1.genblk1.genblk1.genblk1.genblk1.genblk1.lut1.genblk1.genblk1.genblk1.genblk1.genblk1.genblk1.genblk1.lut1.genblk1.genblk1.genblk1.genblk1.genblk1.genblk1.lut0.genblk1.genblk1.genblk1.genblk1.genblk1.lut1 (4 -> 0)
  Optimizing lut $abc$36041$lut$aiger36040$4835.genblk1.genblk1.genblk1.genblk1.genblk1.genblk1.genblk1.genblk1.lut1.genblk1.genblk1.genblk1.genblk1.genblk1.genblk1.genblk1.lut0.genblk1.genblk1.genblk1.genblk1.genblk1.genblk1.lut0.genblk1.genblk1.genblk1.genblk1.genblk1.lut1 (4 -> 0)
  Optimizing lut $abc$36041$lut$aiger36040$4835.genblk1.genblk1.genblk1.genblk1.genblk1.genblk1.genblk1.genblk1.lut0.genblk1.genblk1.genblk1.genblk1.genblk1.genblk1.genblk1.lut1.genblk1.genblk1.genblk1.genblk1.genblk1.genblk1.lut1.genblk1.genblk1.genblk1.genblk1.genblk1.lut1 (4 -> 0)
  Optimizing lut $abc$36041$lut$aiger36040$4849.genblk1.genblk1.genblk1.genblk1.genblk1.genblk1.genblk1.genblk1.lut1.genblk1.genblk1.genblk1.genblk1.genblk1.genblk1.genblk1.lut1.genblk1.genblk1.genblk1.genblk1.genblk1.genblk1.lut1.genblk1.genblk1.genblk1.genblk1.genblk1.lut1 (4 -> 0)
  Optimizing lut $abc$36041$lut$aiger36040$4849.genblk1.genblk1.genblk1.genblk1.genblk1.genblk1.genblk1.genblk1.lut0.genblk1.genblk1.genblk1.genblk1.genblk1.genblk1.genblk1.lut1.genblk1.genblk1.genblk1.genblk1.genblk1.genblk1.lut1.genblk1.genblk1.genblk1.genblk1.genblk1.lut1 (4 -> 0)
  Optimizing lut $abc$36041$lut$aiger36040$4863.genblk1.genblk1.genblk1.genblk1.genblk1.genblk1.genblk1.genblk1.lut1.genblk1.genblk1.genblk1.genblk1.genblk1.genblk1.genblk1.lut1.genblk1.genblk1.genblk1.genblk1.genblk1.genblk1.lut1.genblk1.genblk1.genblk1.genblk1.genblk1.lut1 (4 -> 0)
  Optimizing lut $abc$36041$lut$aiger36040$4863.genblk1.genblk1.genblk1.genblk1.genblk1.genblk1.genblk1.genblk1.lut0.genblk1.genblk1.genblk1.genblk1.genblk1.genblk1.genblk1.lut1.genblk1.genblk1.genblk1.genblk1.genblk1.genblk1.lut1.genblk1.genblk1.genblk1.genblk1.genblk1.lut1 (4 -> 1)
  Optimizing lut $abc$36041$lut$aiger36040$4876.genblk1.genblk1.genblk1.genblk1.genblk1.genblk1.genblk1.genblk1.lut1.genblk1.genblk1.genblk1.genblk1.genblk1.genblk1.genblk1.lut1.genblk1.genblk1.genblk1.genblk1.genblk1.genblk1.lut1.genblk1.genblk1.genblk1.genblk1.genblk1.lut1 (4 -> 0)
  Optimizing lut $abc$36041$lut$aiger36040$4876.genblk1.genblk1.genblk1.genblk1.genblk1.genblk1.genblk1.genblk1.lut0.genblk1.genblk1.genblk1.genblk1.genblk1.genblk1.genblk1.lut1.genblk1.genblk1.genblk1.genblk1.genblk1.genblk1.lut1.genblk1.genblk1.genblk1.genblk1.genblk1.lut1 (4 -> 0)
  Optimizing lut $abc$36041$lut$aiger36040$4556.genblk1.genblk1.genblk1.genblk1.genblk1.genblk1.genblk1.genblk1.lut1.genblk1.genblk1.genblk1.genblk1.genblk1.genblk1.genblk1.lut1.genblk1.genblk1.genblk1.genblk1.genblk1.genblk1.lut1.genblk1.genblk1.genblk1.genblk1.genblk1.lut1 (4 -> 0)
  Optimizing lut $abc$36041$lut$aiger36040$4556.genblk1.genblk1.genblk1.genblk1.genblk1.genblk1.genblk1.genblk1.lut0.genblk1.genblk1.genblk1.genblk1.genblk1.genblk1.genblk1.lut1.genblk1.genblk1.genblk1.genblk1.genblk1.genblk1.lut1.genblk1.genblk1.genblk1.genblk1.genblk1.lut1 (4 -> 0)
  Optimizing lut $abc$36041$lut$aiger36040$4571.genblk1.genblk1.genblk1.genblk1.genblk1.genblk1.genblk1.genblk1.lut1.genblk1.genblk1.genblk1.genblk1.genblk1.genblk1.genblk1.lut1.genblk1.genblk1.genblk1.genblk1.genblk1.genblk1.lut1.genblk1.genblk1.genblk1.genblk1.genblk1.lut1 (4 -> 0)
  Optimizing lut $abc$36041$lut$aiger36040$4571.genblk1.genblk1.genblk1.genblk1.genblk1.genblk1.genblk1.genblk1.lut0.genblk1.genblk1.genblk1.genblk1.genblk1.genblk1.genblk1.lut1.genblk1.genblk1.genblk1.genblk1.genblk1.genblk1.lut1.genblk1.genblk1.genblk1.genblk1.genblk1.lut1 (4 -> 0)
  Optimizing lut $abc$36041$lut$aiger36040$4529.genblk1.genblk1.genblk1.genblk1.genblk1.genblk1.genblk1.genblk1.lut1.genblk1.genblk1.genblk1.genblk1.genblk1.genblk1.genblk1.lut1.genblk1.genblk1.genblk1.genblk1.genblk1.genblk1.lut1.genblk1.genblk1.genblk1.genblk1.genblk1.lut1 (4 -> 1)
  Optimizing lut $abc$36041$lut$aiger36040$4529.genblk1.genblk1.genblk1.genblk1.genblk1.genblk1.genblk1.genblk1.lut0.genblk1.genblk1.genblk1.genblk1.genblk1.genblk1.genblk1.lut1.genblk1.genblk1.genblk1.genblk1.genblk1.genblk1.lut1.genblk1.genblk1.genblk1.genblk1.genblk1.lut1 (4 -> 1)
  Optimizing lut $abc$36041$lut$aiger36040$4542.genblk1.genblk1.genblk1.genblk1.genblk1.genblk1.genblk1.genblk1.lut1.genblk1.genblk1.genblk1.genblk1.genblk1.genblk1.genblk1.lut1.genblk1.genblk1.genblk1.genblk1.genblk1.genblk1.lut1.genblk1.genblk1.genblk1.genblk1.genblk1.lut1 (4 -> 0)
  Optimizing lut $abc$36041$lut$aiger36040$4542.genblk1.genblk1.genblk1.genblk1.genblk1.genblk1.genblk1.genblk1.lut0.genblk1.genblk1.genblk1.genblk1.genblk1.genblk1.genblk1.lut1.genblk1.genblk1.genblk1.genblk1.genblk1.genblk1.lut1.genblk1.genblk1.genblk1.genblk1.genblk1.lut1 (4 -> 0)
  Optimizing lut $abc$36041$lut$aiger36040$4590.genblk1.genblk1.genblk1.genblk1.genblk1.genblk1.genblk1.genblk1.lut1.genblk1.genblk1.genblk1.genblk1.genblk1.genblk1.genblk1.lut1.genblk1.genblk1.genblk1.genblk1.genblk1.genblk1.lut1.genblk1.genblk1.genblk1.genblk1.genblk1.lut1 (4 -> 0)
  Optimizing lut $abc$36041$lut$aiger36040$4590.genblk1.genblk1.genblk1.genblk1.genblk1.genblk1.genblk1.genblk1.lut0.genblk1.genblk1.genblk1.genblk1.genblk1.genblk1.genblk1.lut1.genblk1.genblk1.genblk1.genblk1.genblk1.genblk1.lut1.genblk1.genblk1.genblk1.genblk1.genblk1.lut1 (4 -> 1)
  Optimizing lut $abc$36041$lut$aiger36040$4604.genblk1.genblk1.genblk1.genblk1.genblk1.genblk1.genblk1.genblk1.lut1.genblk1.genblk1.genblk1.genblk1.genblk1.genblk1.genblk1.lut1.genblk1.genblk1.genblk1.genblk1.genblk1.genblk1.lut1.genblk1.genblk1.genblk1.genblk1.genblk1.lut1 (4 -> 0)
  Optimizing lut $abc$36041$lut$aiger36040$4604.genblk1.genblk1.genblk1.genblk1.genblk1.genblk1.genblk1.genblk1.lut0.genblk1.genblk1.genblk1.genblk1.genblk1.genblk1.genblk1.lut1.genblk1.genblk1.genblk1.genblk1.genblk1.genblk1.lut1.genblk1.genblk1.genblk1.genblk1.genblk1.lut1 (4 -> 0)
  Optimizing lut $abc$36041$lut$aiger36040$4620.genblk1.genblk1.genblk1.genblk1.genblk1.genblk1.genblk1.genblk1.lut1.genblk1.genblk1.genblk1.genblk1.genblk1.genblk1.genblk1.lut1.genblk1.genblk1.genblk1.genblk1.genblk1.genblk1.lut1.genblk1.genblk1.genblk1.genblk1.genblk1.lut1 (4 -> 1)
  Optimizing lut $abc$36041$lut$aiger36040$4620.genblk1.genblk1.genblk1.genblk1.genblk1.genblk1.genblk1.genblk1.lut0.genblk1.genblk1.genblk1.genblk1.genblk1.genblk1.genblk1.lut1.genblk1.genblk1.genblk1.genblk1.genblk1.genblk1.lut1.genblk1.genblk1.genblk1.genblk1.genblk1.lut1 (4 -> 0)
  Optimizing lut $abc$36041$lut$aiger36040$4635.genblk1.genblk1.genblk1.genblk1.genblk1.genblk1.genblk1.genblk1.lut1.genblk1.genblk1.genblk1.genblk1.genblk1.genblk1.genblk1.lut1.genblk1.genblk1.genblk1.genblk1.genblk1.genblk1.lut1.genblk1.genblk1.genblk1.genblk1.genblk1.lut1 (4 -> 0)
  Optimizing lut $abc$36041$lut$aiger36040$4635.genblk1.genblk1.genblk1.genblk1.genblk1.genblk1.genblk1.genblk1.lut0.genblk1.genblk1.genblk1.genblk1.genblk1.genblk1.genblk1.lut1.genblk1.genblk1.genblk1.genblk1.genblk1.genblk1.lut1.genblk1.genblk1.genblk1.genblk1.genblk1.lut1 (4 -> 0)
  Optimizing lut $abc$36041$lut$aiger36040$4057.genblk1.genblk1.genblk1.genblk1.genblk1.genblk1.genblk1.genblk1.lut0.genblk1.genblk1.genblk1.genblk1.genblk1.genblk1.genblk1.lut1.genblk1.genblk1.genblk1.genblk1.genblk1.genblk1.lut1.genblk1.genblk1.genblk1.genblk1.genblk1.lut1 (4 -> 0)
  Optimizing lut $abc$36041$lut$aiger36040$4072.genblk1.genblk1.genblk1.genblk1.genblk1.genblk1.genblk1.genblk1.lut1.genblk1.genblk1.genblk1.genblk1.genblk1.genblk1.genblk1.lut1.genblk1.genblk1.genblk1.genblk1.genblk1.genblk1.lut1.genblk1.genblk1.genblk1.genblk1.genblk1.lut1 (4 -> 1)
  Optimizing lut $abc$36041$lut$aiger36040$4072.genblk1.genblk1.genblk1.genblk1.genblk1.genblk1.genblk1.genblk1.lut0.genblk1.genblk1.genblk1.genblk1.genblk1.genblk1.genblk1.lut1.genblk1.genblk1.genblk1.genblk1.genblk1.genblk1.lut1.genblk1.genblk1.genblk1.genblk1.genblk1.lut1 (4 -> 0)
  Optimizing lut $abc$36041$lut$aiger36040$4085.genblk1.genblk1.genblk1.genblk1.genblk1.genblk1.lut1.genblk1.genblk1.genblk1.genblk1.genblk1.lut0 (4 -> 3)
  Optimizing lut $abc$36041$lut$aiger36040$4085.genblk1.genblk1.genblk1.genblk1.genblk1.genblk1.lut0.genblk1.genblk1.genblk1.genblk1.genblk1.lut0 (4 -> 0)
  Optimizing lut $abc$36041$lut$aiger36040$4100.genblk1.genblk1.genblk1.genblk1.genblk1.genblk1.genblk1.genblk1.lut1.genblk1.genblk1.genblk1.genblk1.genblk1.genblk1.genblk1.lut1.genblk1.genblk1.genblk1.genblk1.genblk1.genblk1.lut1.genblk1.genblk1.genblk1.genblk1.genblk1.lut1 (4 -> 0)
  Optimizing lut $abc$36041$lut$aiger36040$4100.genblk1.genblk1.genblk1.genblk1.genblk1.genblk1.genblk1.genblk1.lut0.genblk1.genblk1.genblk1.genblk1.genblk1.genblk1.genblk1.lut1.genblk1.genblk1.genblk1.genblk1.genblk1.genblk1.lut1.genblk1.genblk1.genblk1.genblk1.genblk1.lut1 (4 -> 1)
  Optimizing lut $abc$36041$lut$aiger36040$4105.genblk1.genblk1.genblk1.genblk1.genblk1.genblk1.lut0.genblk1.genblk1.genblk1.genblk1.genblk1.lut0 (4 -> 0)
  Optimizing lut $abc$36041$lut$aiger36040$3732.genblk1.genblk1.genblk1.genblk1.genblk1.genblk1.genblk1.genblk1.lut0.genblk1.genblk1.genblk1.genblk1.genblk1.genblk1.genblk1.lut1.genblk1.genblk1.genblk1.genblk1.genblk1.genblk1.lut1.genblk1.genblk1.genblk1.genblk1.genblk1.lut1 (4 -> 0)
  Optimizing lut $abc$36041$lut$aiger36040$3745.genblk1.genblk1.genblk1.genblk1.genblk1.genblk1.genblk1.genblk1.lut1.genblk1.genblk1.genblk1.genblk1.genblk1.genblk1.genblk1.lut1.genblk1.genblk1.genblk1.genblk1.genblk1.genblk1.lut1.genblk1.genblk1.genblk1.genblk1.genblk1.lut1 (4 -> 0)
  Optimizing lut $abc$36041$lut$aiger36040$3745.genblk1.genblk1.genblk1.genblk1.genblk1.genblk1.genblk1.genblk1.lut0.genblk1.genblk1.genblk1.genblk1.genblk1.genblk1.genblk1.lut1.genblk1.genblk1.genblk1.genblk1.genblk1.genblk1.lut1.genblk1.genblk1.genblk1.genblk1.genblk1.lut1 (4 -> 0)
  Optimizing lut $abc$36041$lut$aiger36040$3759.genblk1.genblk1.genblk1.genblk1.genblk1.genblk1.genblk1.genblk1.lut1.genblk1.genblk1.genblk1.genblk1.genblk1.genblk1.genblk1.lut1.genblk1.genblk1.genblk1.genblk1.genblk1.genblk1.lut1.genblk1.genblk1.genblk1.genblk1.genblk1.lut1 (4 -> 1)
  Optimizing lut $abc$36041$lut$aiger36040$3759.genblk1.genblk1.genblk1.genblk1.genblk1.genblk1.genblk1.genblk1.lut0.genblk1.genblk1.genblk1.genblk1.genblk1.genblk1.genblk1.lut1.genblk1.genblk1.genblk1.genblk1.genblk1.genblk1.lut1.genblk1.genblk1.genblk1.genblk1.genblk1.lut1 (4 -> 0)
  Optimizing lut $abc$36041$lut$aiger36040$3774.genblk1.genblk1.genblk1.genblk1.genblk1.genblk1.genblk1.genblk1.lut1.genblk1.genblk1.genblk1.genblk1.genblk1.genblk1.genblk1.lut1.genblk1.genblk1.genblk1.genblk1.genblk1.genblk1.lut1.genblk1.genblk1.genblk1.genblk1.genblk1.lut1 (4 -> 0)
  Optimizing lut $abc$36041$lut$aiger36040$3774.genblk1.genblk1.genblk1.genblk1.genblk1.genblk1.genblk1.genblk1.lut0.genblk1.genblk1.genblk1.genblk1.genblk1.genblk1.genblk1.lut1.genblk1.genblk1.genblk1.genblk1.genblk1.genblk1.lut1.genblk1.genblk1.genblk1.genblk1.genblk1.lut1 (4 -> 1)
  Optimizing lut $abc$36041$lut$aiger36040$2660.genblk1.genblk1.genblk1.genblk1.genblk1.genblk1.genblk1.genblk1.lut1.genblk1.genblk1.genblk1.genblk1.genblk1.genblk1.genblk1.lut0.genblk1.genblk1.genblk1.genblk1.genblk1.genblk1.lut1.genblk1.genblk1.genblk1.genblk1.genblk1.lut0 (4 -> 1)
  Optimizing lut $abc$36041$lut$aiger36040$2660.genblk1.genblk1.genblk1.genblk1.genblk1.genblk1.genblk1.genblk1.lut1.genblk1.genblk1.genblk1.genblk1.genblk1.genblk1.genblk1.lut1.genblk1.genblk1.genblk1.genblk1.genblk1.genblk1.lut1.genblk1.genblk1.genblk1.genblk1.genblk1.lut1 (4 -> 0)
  Optimizing lut $abc$36041$lut$aiger36040$2660.genblk1.genblk1.genblk1.genblk1.genblk1.genblk1.genblk1.genblk1.lut0.genblk1.genblk1.genblk1.genblk1.genblk1.genblk1.genblk1.lut1.genblk1.genblk1.genblk1.genblk1.genblk1.genblk1.lut1.genblk1.genblk1.genblk1.genblk1.genblk1.lut1 (4 -> 0)
  Optimizing lut $abc$36041$lut$aiger36040$2673.genblk1.genblk1.genblk1.genblk1.genblk1.genblk1.genblk1.genblk1.lut1.genblk1.genblk1.genblk1.genblk1.genblk1.genblk1.genblk1.lut1.genblk1.genblk1.genblk1.genblk1.genblk1.genblk1.lut1.genblk1.genblk1.genblk1.genblk1.genblk1.lut1 (4 -> 0)
  Optimizing lut $abc$36041$lut$aiger36040$2673.genblk1.genblk1.genblk1.genblk1.genblk1.genblk1.genblk1.genblk1.lut0.genblk1.genblk1.genblk1.genblk1.genblk1.genblk1.genblk1.lut1.genblk1.genblk1.genblk1.genblk1.genblk1.genblk1.lut1.genblk1.genblk1.genblk1.genblk1.genblk1.lut1 (4 -> 0)
  Optimizing lut $abc$36041$lut$aiger36040$2687.genblk1.genblk1.genblk1.genblk1.genblk1.genblk1.genblk1.genblk1.lut1.genblk1.genblk1.genblk1.genblk1.genblk1.genblk1.genblk1.lut1.genblk1.genblk1.genblk1.genblk1.genblk1.genblk1.lut1.genblk1.genblk1.genblk1.genblk1.genblk1.lut1 (4 -> 1)
  Optimizing lut $abc$36041$lut$aiger36040$2687.genblk1.genblk1.genblk1.genblk1.genblk1.genblk1.genblk1.genblk1.lut0.genblk1.genblk1.genblk1.genblk1.genblk1.genblk1.genblk1.lut1.genblk1.genblk1.genblk1.genblk1.genblk1.genblk1.lut1.genblk1.genblk1.genblk1.genblk1.genblk1.lut1 (4 -> 0)
  Optimizing lut $abc$36041$lut$aiger36040$2695.genblk1.genblk1.genblk1.genblk1.genblk1.genblk1.genblk1.genblk1.lut1.genblk1.genblk1.genblk1.genblk1.genblk1.genblk1.genblk1.lut1.genblk1.genblk1.genblk1.genblk1.genblk1.genblk1.lut1.genblk1.genblk1.genblk1.genblk1.genblk1.lut1 (4 -> 0)
  Optimizing lut $abc$36041$lut$aiger36040$2695.genblk1.genblk1.genblk1.genblk1.genblk1.genblk1.genblk1.genblk1.lut0.genblk1.genblk1.genblk1.genblk1.genblk1.genblk1.genblk1.lut1.genblk1.genblk1.genblk1.genblk1.genblk1.genblk1.lut1.genblk1.genblk1.genblk1.genblk1.genblk1.lut1 (4 -> 0)
  Optimizing lut $abc$36041$lut$aiger36040$8095.genblk1.genblk1.genblk1.genblk1.genblk1.lut1 (4 -> 3)
  Optimizing lut $abc$36041$lut$aiger36040$2326.genblk1.genblk1.genblk1.genblk1.genblk1.genblk1.lut0.genblk1.genblk1.genblk1.genblk1.genblk1.lut0 (4 -> 0)
  Optimizing lut $abc$36041$lut$aiger36040$2339.genblk1.genblk1.genblk1.genblk1.genblk1.genblk1.genblk1.genblk1.lut1.genblk1.genblk1.genblk1.genblk1.genblk1.genblk1.genblk1.lut1.genblk1.genblk1.genblk1.genblk1.genblk1.genblk1.lut1.genblk1.genblk1.genblk1.genblk1.genblk1.lut1 (4 -> 0)
  Optimizing lut $abc$36041$lut$aiger36040$2339.genblk1.genblk1.genblk1.genblk1.genblk1.genblk1.genblk1.genblk1.lut0.genblk1.genblk1.genblk1.genblk1.genblk1.genblk1.genblk1.lut1.genblk1.genblk1.genblk1.genblk1.genblk1.genblk1.lut1.genblk1.genblk1.genblk1.genblk1.genblk1.lut1 (4 -> 0)
  Optimizing lut $abc$36041$lut$aiger36040$2360.genblk1.genblk1.genblk1.genblk1.genblk1.genblk1.genblk1.lut1.genblk1.genblk1.genblk1.genblk1.genblk1.genblk1.lut0.genblk1.genblk1.genblk1.genblk1.genblk1.lut1 (4 -> 2)
  Optimizing lut $abc$36041$lut$aiger36040$2360.genblk1.genblk1.genblk1.genblk1.genblk1.genblk1.genblk1.lut0.genblk1.genblk1.genblk1.genblk1.genblk1.genblk1.lut0.genblk1.genblk1.genblk1.genblk1.genblk1.lut1 (4 -> 2)
  Optimizing lut $abc$36041$lut$aiger36040$2379.genblk1.genblk1.genblk1.genblk1.genblk1.genblk1.genblk1.genblk1.lut1.genblk1.genblk1.genblk1.genblk1.genblk1.genblk1.genblk1.lut0.genblk1.genblk1.genblk1.genblk1.genblk1.genblk1.lut1.genblk1.genblk1.genblk1.genblk1.genblk1.lut0 (4 -> 0)
  Optimizing lut $abc$36041$lut$aiger36040$2379.genblk1.genblk1.genblk1.genblk1.genblk1.genblk1.genblk1.genblk1.lut1.genblk1.genblk1.genblk1.genblk1.genblk1.genblk1.genblk1.lut1.genblk1.genblk1.genblk1.genblk1.genblk1.genblk1.lut1.genblk1.genblk1.genblk1.genblk1.genblk1.lut1 (4 -> 0)
  Optimizing lut $abc$36041$lut$aiger36040$2379.genblk1.genblk1.genblk1.genblk1.genblk1.genblk1.genblk1.genblk1.lut0.genblk1.genblk1.genblk1.genblk1.genblk1.genblk1.genblk1.lut1.genblk1.genblk1.genblk1.genblk1.genblk1.genblk1.lut1.genblk1.genblk1.genblk1.genblk1.genblk1.lut1 (4 -> 0)
  Optimizing lut $abc$36041$lut$aiger36040$9402.genblk1.genblk1.genblk1.genblk1.genblk1.lut1 (4 -> 0)
  Optimizing lut $abc$36041$lut$aiger36040$2397.genblk1.genblk1.genblk1.genblk1.genblk1.genblk1.genblk1.genblk1.lut1.genblk1.genblk1.genblk1.genblk1.genblk1.genblk1.genblk1.lut0.genblk1.genblk1.genblk1.genblk1.genblk1.genblk1.lut1.genblk1.genblk1.genblk1.genblk1.genblk1.lut0 (4 -> 1)
  Optimizing lut $abc$36041$lut$aiger36040$2397.genblk1.genblk1.genblk1.genblk1.genblk1.genblk1.genblk1.genblk1.lut1.genblk1.genblk1.genblk1.genblk1.genblk1.genblk1.genblk1.lut1.genblk1.genblk1.genblk1.genblk1.genblk1.genblk1.lut1.genblk1.genblk1.genblk1.genblk1.genblk1.lut1 (4 -> 0)
  Optimizing lut $abc$36041$lut$aiger36040$2397.genblk1.genblk1.genblk1.genblk1.genblk1.genblk1.genblk1.genblk1.lut0.genblk1.genblk1.genblk1.genblk1.genblk1.genblk1.genblk1.lut1.genblk1.genblk1.genblk1.genblk1.genblk1.genblk1.lut1.genblk1.genblk1.genblk1.genblk1.genblk1.lut1 (4 -> 0)
  Optimizing lut $abc$36041$lut$aiger36040$2412.genblk1.genblk1.genblk1.genblk1.genblk1.genblk1.genblk1.genblk1.lut1.genblk1.genblk1.genblk1.genblk1.genblk1.genblk1.genblk1.lut1.genblk1.genblk1.genblk1.genblk1.genblk1.genblk1.lut1.genblk1.genblk1.genblk1.genblk1.genblk1.lut1 (4 -> 0)
  Optimizing lut $abc$36041$lut$aiger36040$2412.genblk1.genblk1.genblk1.genblk1.genblk1.genblk1.genblk1.genblk1.lut0.genblk1.genblk1.genblk1.genblk1.genblk1.genblk1.genblk1.lut1.genblk1.genblk1.genblk1.genblk1.genblk1.genblk1.lut1.genblk1.genblk1.genblk1.genblk1.genblk1.lut1 (4 -> 0)
  Optimizing lut $abc$36041$lut$aiger36040$2427.genblk1.genblk1.genblk1.genblk1.genblk1.genblk1.genblk1.genblk1.lut1.genblk1.genblk1.genblk1.genblk1.genblk1.genblk1.genblk1.lut1.genblk1.genblk1.genblk1.genblk1.genblk1.genblk1.lut1.genblk1.genblk1.genblk1.genblk1.genblk1.lut1 (4 -> 0)
  Optimizing lut $abc$36041$lut$aiger36040$2427.genblk1.genblk1.genblk1.genblk1.genblk1.genblk1.genblk1.genblk1.lut0.genblk1.genblk1.genblk1.genblk1.genblk1.genblk1.genblk1.lut1.genblk1.genblk1.genblk1.genblk1.genblk1.genblk1.lut1.genblk1.genblk1.genblk1.genblk1.genblk1.lut1 (4 -> 1)
  Optimizing lut $abc$36041$lut$aiger36040$2442.genblk1.genblk1.genblk1.genblk1.genblk1.genblk1.genblk1.genblk1.lut1.genblk1.genblk1.genblk1.genblk1.genblk1.genblk1.genblk1.lut1.genblk1.genblk1.genblk1.genblk1.genblk1.genblk1.lut1.genblk1.genblk1.genblk1.genblk1.genblk1.lut1 (4 -> 1)
  Optimizing lut $abc$36041$lut$aiger36040$2442.genblk1.genblk1.genblk1.genblk1.genblk1.genblk1.genblk1.genblk1.lut0.genblk1.genblk1.genblk1.genblk1.genblk1.genblk1.genblk1.lut1.genblk1.genblk1.genblk1.genblk1.genblk1.genblk1.lut1.genblk1.genblk1.genblk1.genblk1.genblk1.lut1 (4 -> 0)
  Optimizing lut $abc$36041$lut$aiger36040$7299.genblk1.genblk1.genblk1.genblk1.genblk1.lut1 (4 -> 3)
  Optimizing lut $abc$36041$lut$aiger36040$2184.genblk1.genblk1.genblk1.genblk1.genblk1.genblk1.genblk1.genblk1.lut0.genblk1.genblk1.genblk1.genblk1.genblk1.genblk1.genblk1.lut1.genblk1.genblk1.genblk1.genblk1.genblk1.genblk1.lut1.genblk1.genblk1.genblk1.genblk1.genblk1.lut1 (4 -> 0)
  Optimizing lut $abc$36041$lut$aiger36040$2198.genblk1.genblk1.genblk1.genblk1.genblk1.genblk1.genblk1.genblk1.lut1.genblk1.genblk1.genblk1.genblk1.genblk1.genblk1.genblk1.lut1.genblk1.genblk1.genblk1.genblk1.genblk1.genblk1.lut1.genblk1.genblk1.genblk1.genblk1.genblk1.lut1 (4 -> 0)
  Optimizing lut $abc$36041$lut$aiger36040$2198.genblk1.genblk1.genblk1.genblk1.genblk1.genblk1.genblk1.genblk1.lut0.genblk1.genblk1.genblk1.genblk1.genblk1.genblk1.genblk1.lut1.genblk1.genblk1.genblk1.genblk1.genblk1.genblk1.lut1.genblk1.genblk1.genblk1.genblk1.genblk1.lut1 (4 -> 0)
  Optimizing lut $abc$36041$lut$aiger36040$2211.genblk1.genblk1.genblk1.genblk1.genblk1.genblk1.genblk1.genblk1.lut1.genblk1.genblk1.genblk1.genblk1.genblk1.genblk1.genblk1.lut1.genblk1.genblk1.genblk1.genblk1.genblk1.genblk1.lut1.genblk1.genblk1.genblk1.genblk1.genblk1.lut1 (4 -> 1)
  Optimizing lut $abc$36041$lut$aiger36040$2211.genblk1.genblk1.genblk1.genblk1.genblk1.genblk1.genblk1.genblk1.lut0.genblk1.genblk1.genblk1.genblk1.genblk1.genblk1.genblk1.lut1.genblk1.genblk1.genblk1.genblk1.genblk1.genblk1.lut1.genblk1.genblk1.genblk1.genblk1.genblk1.lut1 (4 -> 1)
  Optimizing lut $abc$36041$lut$aiger36040$2226.genblk1.genblk1.genblk1.genblk1.genblk1.genblk1.genblk1.genblk1.lut1.genblk1.genblk1.genblk1.genblk1.genblk1.genblk1.genblk1.lut1.genblk1.genblk1.genblk1.genblk1.genblk1.genblk1.lut1.genblk1.genblk1.genblk1.genblk1.genblk1.lut1 (4 -> 0)
  Optimizing lut $abc$36041$lut$aiger36040$2226.genblk1.genblk1.genblk1.genblk1.genblk1.genblk1.genblk1.genblk1.lut0.genblk1.genblk1.genblk1.genblk1.genblk1.genblk1.genblk1.lut1.genblk1.genblk1.genblk1.genblk1.genblk1.genblk1.lut1.genblk1.genblk1.genblk1.genblk1.genblk1.lut1 (4 -> 0)
  Optimizing lut $abc$36041$lut$aiger36040$2128.genblk1.genblk1.genblk1.genblk1.genblk1.genblk1.genblk1.genblk1.lut1.genblk1.genblk1.genblk1.genblk1.genblk1.genblk1.genblk1.lut0.genblk1.genblk1.genblk1.genblk1.genblk1.genblk1.lut1.genblk1.genblk1.genblk1.genblk1.genblk1.lut0 (4 -> 0)
  Optimizing lut $abc$36041$lut$aiger36040$2128.genblk1.genblk1.genblk1.genblk1.genblk1.genblk1.genblk1.genblk1.lut0.genblk1.genblk1.genblk1.genblk1.genblk1.genblk1.genblk1.lut1.genblk1.genblk1.genblk1.genblk1.genblk1.genblk1.lut1.genblk1.genblk1.genblk1.genblk1.genblk1.lut1 (4 -> 0)
  Optimizing lut $abc$36041$lut$aiger36040$2141.genblk1.genblk1.genblk1.genblk1.genblk1.genblk1.genblk1.genblk1.lut1.genblk1.genblk1.genblk1.genblk1.genblk1.genblk1.genblk1.lut1.genblk1.genblk1.genblk1.genblk1.genblk1.genblk1.lut1.genblk1.genblk1.genblk1.genblk1.genblk1.lut1 (4 -> 0)
  Optimizing lut $abc$36041$lut$aiger36040$2141.genblk1.genblk1.genblk1.genblk1.genblk1.genblk1.genblk1.genblk1.lut0.genblk1.genblk1.genblk1.genblk1.genblk1.genblk1.genblk1.lut1.genblk1.genblk1.genblk1.genblk1.genblk1.genblk1.lut1.genblk1.genblk1.genblk1.genblk1.genblk1.lut1 (4 -> 0)
  Optimizing lut $abc$36041$lut$aiger36040$2154.genblk1.genblk1.genblk1.genblk1.genblk1.genblk1.genblk1.genblk1.lut1.genblk1.genblk1.genblk1.genblk1.genblk1.genblk1.genblk1.lut1.genblk1.genblk1.genblk1.genblk1.genblk1.genblk1.lut1.genblk1.genblk1.genblk1.genblk1.genblk1.lut1 (4 -> 0)
  Optimizing lut $abc$36041$lut$aiger36040$2154.genblk1.genblk1.genblk1.genblk1.genblk1.genblk1.genblk1.genblk1.lut0.genblk1.genblk1.genblk1.genblk1.genblk1.genblk1.genblk1.lut1.genblk1.genblk1.genblk1.genblk1.genblk1.genblk1.lut1.genblk1.genblk1.genblk1.genblk1.genblk1.lut1 (4 -> 1)
  Optimizing lut $abc$36041$lut$aiger36040$2167.genblk1.genblk1.genblk1.genblk1.genblk1.genblk1.genblk1.genblk1.lut1.genblk1.genblk1.genblk1.genblk1.genblk1.genblk1.genblk1.lut1.genblk1.genblk1.genblk1.genblk1.genblk1.genblk1.lut1.genblk1.genblk1.genblk1.genblk1.genblk1.lut1 (4 -> 1)
  Optimizing lut $abc$36041$lut$aiger36040$2167.genblk1.genblk1.genblk1.genblk1.genblk1.genblk1.genblk1.genblk1.lut0.genblk1.genblk1.genblk1.genblk1.genblk1.genblk1.genblk1.lut1.genblk1.genblk1.genblk1.genblk1.genblk1.genblk1.lut1.genblk1.genblk1.genblk1.genblk1.genblk1.lut1 (4 -> 0)
  Optimizing lut $abc$36041$lut$aiger36040$2066.genblk1.genblk1.genblk1.genblk1.genblk1.genblk1.genblk1.genblk1.lut1.genblk1.genblk1.genblk1.genblk1.genblk1.genblk1.genblk1.lut0.genblk1.genblk1.genblk1.genblk1.genblk1.genblk1.lut1.genblk1.genblk1.genblk1.genblk1.genblk1.lut0 (4 -> 0)
  Optimizing lut $abc$36041$lut$aiger36040$2066.genblk1.genblk1.genblk1.genblk1.genblk1.genblk1.genblk1.genblk1.lut0.genblk1.genblk1.genblk1.genblk1.genblk1.genblk1.genblk1.lut1.genblk1.genblk1.genblk1.genblk1.genblk1.genblk1.lut1.genblk1.genblk1.genblk1.genblk1.genblk1.lut1 (4 -> 0)
  Optimizing lut $abc$36041$lut$aiger36040$2081.genblk1.genblk1.genblk1.genblk1.genblk1.genblk1.genblk1.genblk1.lut1.genblk1.genblk1.genblk1.genblk1.genblk1.genblk1.genblk1.lut1.genblk1.genblk1.genblk1.genblk1.genblk1.genblk1.lut1.genblk1.genblk1.genblk1.genblk1.genblk1.lut1 (4 -> 0)
  Optimizing lut $abc$36041$lut$aiger36040$2081.genblk1.genblk1.genblk1.genblk1.genblk1.genblk1.genblk1.genblk1.lut0.genblk1.genblk1.genblk1.genblk1.genblk1.genblk1.genblk1.lut1.genblk1.genblk1.genblk1.genblk1.genblk1.genblk1.lut1.genblk1.genblk1.genblk1.genblk1.genblk1.lut1 (4 -> 0)
  Optimizing lut $abc$36041$lut$aiger36040$2095.genblk1.genblk1.genblk1.genblk1.genblk1.genblk1.genblk1.genblk1.lut1.genblk1.genblk1.genblk1.genblk1.genblk1.genblk1.genblk1.lut1.genblk1.genblk1.genblk1.genblk1.genblk1.genblk1.lut1.genblk1.genblk1.genblk1.genblk1.genblk1.lut1 (4 -> 1)
  Optimizing lut $abc$36041$lut$aiger36040$2095.genblk1.genblk1.genblk1.genblk1.genblk1.genblk1.genblk1.genblk1.lut0.genblk1.genblk1.genblk1.genblk1.genblk1.genblk1.genblk1.lut1.genblk1.genblk1.genblk1.genblk1.genblk1.genblk1.lut1.genblk1.genblk1.genblk1.genblk1.genblk1.lut1 (4 -> 1)
  Optimizing lut $abc$36041$lut$aiger36040$2111.genblk1.genblk1.genblk1.genblk1.genblk1.genblk1.genblk1.genblk1.lut1.genblk1.genblk1.genblk1.genblk1.genblk1.genblk1.genblk1.lut1.genblk1.genblk1.genblk1.genblk1.genblk1.genblk1.lut1.genblk1.genblk1.genblk1.genblk1.genblk1.lut1 (4 -> 0)
  Optimizing lut $abc$36041$lut$aiger36040$2111.genblk1.genblk1.genblk1.genblk1.genblk1.genblk1.genblk1.genblk1.lut0.genblk1.genblk1.genblk1.genblk1.genblk1.genblk1.genblk1.lut1.genblk1.genblk1.genblk1.genblk1.genblk1.genblk1.lut1.genblk1.genblk1.genblk1.genblk1.genblk1.lut1 (4 -> 0)
  Optimizing lut $abc$36041$lut$aiger36040$2259.genblk1.genblk1.genblk1.genblk1.genblk1.genblk1.genblk1.genblk1.lut1.genblk1.genblk1.genblk1.genblk1.genblk1.genblk1.genblk1.lut0.genblk1.genblk1.genblk1.genblk1.genblk1.genblk1.lut1.genblk1.genblk1.genblk1.genblk1.genblk1.lut0 (4 -> 1)
  Optimizing lut $abc$36041$lut$aiger36040$2259.genblk1.genblk1.genblk1.genblk1.genblk1.genblk1.genblk1.genblk1.lut0.genblk1.genblk1.genblk1.genblk1.genblk1.genblk1.genblk1.lut1.genblk1.genblk1.genblk1.genblk1.genblk1.genblk1.lut1.genblk1.genblk1.genblk1.genblk1.genblk1.lut1 (4 -> 1)
  Optimizing lut $abc$36041$lut$aiger36040$2274.genblk1.genblk1.genblk1.genblk1.genblk1.genblk1.genblk1.genblk1.lut1.genblk1.genblk1.genblk1.genblk1.genblk1.genblk1.genblk1.lut1.genblk1.genblk1.genblk1.genblk1.genblk1.genblk1.lut1.genblk1.genblk1.genblk1.genblk1.genblk1.lut1 (4 -> 1)
  Optimizing lut $abc$36041$lut$aiger36040$2274.genblk1.genblk1.genblk1.genblk1.genblk1.genblk1.genblk1.genblk1.lut0.genblk1.genblk1.genblk1.genblk1.genblk1.genblk1.genblk1.lut1.genblk1.genblk1.genblk1.genblk1.genblk1.genblk1.lut1.genblk1.genblk1.genblk1.genblk1.genblk1.lut1 (4 -> 0)
  Optimizing lut $abc$36041$lut$aiger36040$2287.genblk1.genblk1.genblk1.genblk1.genblk1.genblk1.genblk1.genblk1.lut1.genblk1.genblk1.genblk1.genblk1.genblk1.genblk1.genblk1.lut1.genblk1.genblk1.genblk1.genblk1.genblk1.genblk1.lut1.genblk1.genblk1.genblk1.genblk1.genblk1.lut1 (4 -> 0)
  Optimizing lut $abc$36041$lut$aiger36040$2287.genblk1.genblk1.genblk1.genblk1.genblk1.genblk1.genblk1.genblk1.lut0.genblk1.genblk1.genblk1.genblk1.genblk1.genblk1.genblk1.lut1.genblk1.genblk1.genblk1.genblk1.genblk1.genblk1.lut1.genblk1.genblk1.genblk1.genblk1.genblk1.lut1 (4 -> 0)
  Optimizing lut $abc$36041$lut$aiger36040$2302.genblk1.genblk1.genblk1.genblk1.genblk1.genblk1.genblk1.genblk1.lut1.genblk1.genblk1.genblk1.genblk1.genblk1.genblk1.genblk1.lut1.genblk1.genblk1.genblk1.genblk1.genblk1.genblk1.lut1.genblk1.genblk1.genblk1.genblk1.genblk1.lut1 (4 -> 0)
  Optimizing lut $abc$36041$lut$aiger36040$2302.genblk1.genblk1.genblk1.genblk1.genblk1.genblk1.genblk1.genblk1.lut0.genblk1.genblk1.genblk1.genblk1.genblk1.genblk1.genblk1.lut1.genblk1.genblk1.genblk1.genblk1.genblk1.genblk1.lut1.genblk1.genblk1.genblk1.genblk1.genblk1.lut1 (4 -> 0)
  Optimizing lut $abc$36041$lut$aiger36040$2467.genblk1.genblk1.genblk1.genblk1.genblk1.genblk1.genblk1.genblk1.lut1.genblk1.genblk1.genblk1.genblk1.genblk1.genblk1.genblk1.lut1.genblk1.genblk1.genblk1.genblk1.genblk1.genblk1.lut1.genblk1.genblk1.genblk1.genblk1.genblk1.lut1 (4 -> 0)
  Optimizing lut $abc$36041$lut$aiger36040$2467.genblk1.genblk1.genblk1.genblk1.genblk1.genblk1.genblk1.genblk1.lut0.genblk1.genblk1.genblk1.genblk1.genblk1.genblk1.genblk1.lut1.genblk1.genblk1.genblk1.genblk1.genblk1.genblk1.lut1.genblk1.genblk1.genblk1.genblk1.genblk1.lut1 (4 -> 0)
  Optimizing lut $abc$36041$lut$aiger36040$2481.genblk1.genblk1.genblk1.genblk1.genblk1.genblk1.genblk1.genblk1.lut1.genblk1.genblk1.genblk1.genblk1.genblk1.genblk1.genblk1.lut1.genblk1.genblk1.genblk1.genblk1.genblk1.genblk1.lut1.genblk1.genblk1.genblk1.genblk1.genblk1.lut1 (4 -> 0)
  Optimizing lut $abc$36041$lut$aiger36040$2481.genblk1.genblk1.genblk1.genblk1.genblk1.genblk1.genblk1.genblk1.lut0.genblk1.genblk1.genblk1.genblk1.genblk1.genblk1.genblk1.lut1.genblk1.genblk1.genblk1.genblk1.genblk1.genblk1.lut1.genblk1.genblk1.genblk1.genblk1.genblk1.lut1 (4 -> 0)
  Optimizing lut $abc$36041$lut$aiger36040$2496.genblk1.genblk1.genblk1.genblk1.genblk1.genblk1.genblk1.genblk1.lut1.genblk1.genblk1.genblk1.genblk1.genblk1.genblk1.genblk1.lut1.genblk1.genblk1.genblk1.genblk1.genblk1.genblk1.lut1.genblk1.genblk1.genblk1.genblk1.genblk1.lut1 (4 -> 1)
  Optimizing lut $abc$36041$lut$aiger36040$2496.genblk1.genblk1.genblk1.genblk1.genblk1.genblk1.genblk1.genblk1.lut0.genblk1.genblk1.genblk1.genblk1.genblk1.genblk1.genblk1.lut1.genblk1.genblk1.genblk1.genblk1.genblk1.genblk1.lut1.genblk1.genblk1.genblk1.genblk1.genblk1.lut1 (4 -> 1)
  Optimizing lut $abc$36041$lut$aiger36040$2511.genblk1.genblk1.genblk1.genblk1.genblk1.genblk1.genblk1.genblk1.lut1.genblk1.genblk1.genblk1.genblk1.genblk1.genblk1.genblk1.lut1.genblk1.genblk1.genblk1.genblk1.genblk1.genblk1.lut1.genblk1.genblk1.genblk1.genblk1.genblk1.lut1 (4 -> 0)
  Optimizing lut $abc$36041$lut$aiger36040$2511.genblk1.genblk1.genblk1.genblk1.genblk1.genblk1.genblk1.genblk1.lut0.genblk1.genblk1.genblk1.genblk1.genblk1.genblk1.genblk1.lut1.genblk1.genblk1.genblk1.genblk1.genblk1.genblk1.lut1.genblk1.genblk1.genblk1.genblk1.genblk1.lut1 (4 -> 0)
  Optimizing lut $abc$36041$lut$aiger36040$2533.genblk1.genblk1.genblk1.genblk1.genblk1.genblk1.genblk1.genblk1.lut1.genblk1.genblk1.genblk1.genblk1.genblk1.genblk1.genblk1.lut1.genblk1.genblk1.genblk1.genblk1.genblk1.genblk1.lut1.genblk1.genblk1.genblk1.genblk1.genblk1.lut1 (4 -> 0)
  Optimizing lut $abc$36041$lut$aiger36040$2533.genblk1.genblk1.genblk1.genblk1.genblk1.genblk1.genblk1.genblk1.lut0.genblk1.genblk1.genblk1.genblk1.genblk1.genblk1.genblk1.lut1.genblk1.genblk1.genblk1.genblk1.genblk1.genblk1.lut1.genblk1.genblk1.genblk1.genblk1.genblk1.lut1 (4 -> 0)
  Optimizing lut $abc$36041$lut$aiger36040$2548.genblk1.genblk1.genblk1.genblk1.genblk1.genblk1.genblk1.genblk1.lut1.genblk1.genblk1.genblk1.genblk1.genblk1.genblk1.genblk1.lut1.genblk1.genblk1.genblk1.genblk1.genblk1.genblk1.lut1.genblk1.genblk1.genblk1.genblk1.genblk1.lut1 (4 -> 1)
  Optimizing lut $abc$36041$lut$aiger36040$2548.genblk1.genblk1.genblk1.genblk1.genblk1.genblk1.genblk1.genblk1.lut0.genblk1.genblk1.genblk1.genblk1.genblk1.genblk1.genblk1.lut1.genblk1.genblk1.genblk1.genblk1.genblk1.genblk1.lut1.genblk1.genblk1.genblk1.genblk1.genblk1.lut1 (4 -> 0)
  Optimizing lut $abc$36041$lut$aiger36040$2562.genblk1.genblk1.genblk1.genblk1.genblk1.genblk1.genblk1.genblk1.lut1.genblk1.genblk1.genblk1.genblk1.genblk1.genblk1.genblk1.lut1.genblk1.genblk1.genblk1.genblk1.genblk1.genblk1.lut1.genblk1.genblk1.genblk1.genblk1.genblk1.lut1 (4 -> 0)
  Optimizing lut $abc$36041$lut$aiger36040$2562.genblk1.genblk1.genblk1.genblk1.genblk1.genblk1.genblk1.genblk1.lut0.genblk1.genblk1.genblk1.genblk1.genblk1.genblk1.genblk1.lut1.genblk1.genblk1.genblk1.genblk1.genblk1.genblk1.lut1.genblk1.genblk1.genblk1.genblk1.genblk1.lut1 (4 -> 1)
  Optimizing lut $abc$36041$lut$aiger36040$2575.genblk1.genblk1.genblk1.genblk1.genblk1.genblk1.genblk1.genblk1.lut1.genblk1.genblk1.genblk1.genblk1.genblk1.genblk1.genblk1.lut1.genblk1.genblk1.genblk1.genblk1.genblk1.genblk1.lut1.genblk1.genblk1.genblk1.genblk1.genblk1.lut1 (4 -> 0)
  Optimizing lut $abc$36041$lut$aiger36040$2575.genblk1.genblk1.genblk1.genblk1.genblk1.genblk1.genblk1.genblk1.lut0.genblk1.genblk1.genblk1.genblk1.genblk1.genblk1.genblk1.lut1.genblk1.genblk1.genblk1.genblk1.genblk1.genblk1.lut1.genblk1.genblk1.genblk1.genblk1.genblk1.lut1 (4 -> 0)
  Optimizing lut $abc$36041$lut$aiger36040$5662.genblk1.genblk1.genblk1.genblk1.genblk1.genblk1.lut0.genblk1.genblk1.genblk1.genblk1.genblk1.lut0 (4 -> 0)
  Optimizing lut $abc$36041$lut$aiger36040$6969.genblk1.genblk1.genblk1.genblk1.genblk1.genblk1.genblk1.genblk1.lut0.genblk1.genblk1.genblk1.genblk1.genblk1.genblk1.genblk1.lut1.genblk1.genblk1.genblk1.genblk1.genblk1.genblk1.lut1.genblk1.genblk1.genblk1.genblk1.genblk1.lut1 (4 -> 0)
  Optimizing lut $abc$36041$lut$aiger36040$2319.genblk1.genblk1.genblk1.genblk1.genblk1.genblk1.genblk1.genblk1.lut1.genblk1.genblk1.genblk1.genblk1.genblk1.genblk1.genblk1.lut0.genblk1.genblk1.genblk1.genblk1.genblk1.genblk1.lut1.genblk1.genblk1.genblk1.genblk1.genblk1.lut0 (4 -> 2)
  Optimizing lut $abc$36041$lut$aiger36040$2319.genblk1.genblk1.genblk1.genblk1.genblk1.genblk1.genblk1.genblk1.lut0.genblk1.genblk1.genblk1.genblk1.genblk1.genblk1.genblk1.lut1.genblk1.genblk1.genblk1.genblk1.genblk1.genblk1.lut1.genblk1.genblk1.genblk1.genblk1.genblk1.lut1 (4 -> 0)
  Optimizing lut $abc$36041$lut$aiger36040$2384.genblk1.genblk1.genblk1.genblk1.genblk1.genblk1.lut1.genblk1.genblk1.genblk1.genblk1.genblk1.lut0 (4 -> 1)
  Optimizing lut $abc$36041$lut$aiger36040$2384.genblk1.genblk1.genblk1.genblk1.genblk1.genblk1.lut0.genblk1.genblk1.genblk1.genblk1.genblk1.lut0 (4 -> 1)
  Optimizing lut $abc$36041$lut$aiger36040$2588.genblk1.genblk1.genblk1.genblk1.genblk1.genblk1.genblk1.genblk1.lut0.genblk1.genblk1.genblk1.genblk1.genblk1.genblk1.genblk1.lut1.genblk1.genblk1.genblk1.genblk1.genblk1.genblk1.lut1.genblk1.genblk1.genblk1.genblk1.genblk1.lut1 (4 -> 0)
  Optimizing lut $abc$36041$lut$aiger36040$2623.genblk1.genblk1.genblk1.genblk1.genblk1.genblk1.genblk1.genblk1.lut0.genblk1.genblk1.genblk1.genblk1.genblk1.genblk1.genblk1.lut1.genblk1.genblk1.genblk1.genblk1.genblk1.genblk1.lut1.genblk1.genblk1.genblk1.genblk1.genblk1.lut1 (4 -> 1)
  Optimizing lut $abc$36041$lut$aiger36040$2637.genblk1.genblk1.genblk1.genblk1.genblk1.genblk1.lut1.genblk1.genblk1.genblk1.genblk1.genblk1.lut0 (4 -> 1)
  Optimizing lut $abc$36041$lut$aiger36040$2637.genblk1.genblk1.genblk1.genblk1.genblk1.genblk1.lut0.genblk1.genblk1.genblk1.genblk1.genblk1.lut0 (4 -> 1)
  Optimizing lut $abc$36041$lut$aiger36040$2704.genblk1.genblk1.genblk1.genblk1.genblk1.lut1 (4 -> 1)
  Optimizing lut $abc$36041$lut$aiger36040$2741.genblk1.genblk1.genblk1.genblk1.genblk1.genblk1.genblk1.genblk1.lut0.genblk1.genblk1.genblk1.genblk1.genblk1.genblk1.genblk1.lut1.genblk1.genblk1.genblk1.genblk1.genblk1.genblk1.lut1.genblk1.genblk1.genblk1.genblk1.genblk1.lut1 (4 -> 0)
  Optimizing lut $abc$36041$lut$aiger36040$3630.genblk1.genblk1.genblk1.genblk1.genblk1.genblk1.genblk1.genblk1.lut0.genblk1.genblk1.genblk1.genblk1.genblk1.genblk1.genblk1.lut1.genblk1.genblk1.genblk1.genblk1.genblk1.genblk1.lut1.genblk1.genblk1.genblk1.genblk1.genblk1.lut1 (4 -> 0)
  Optimizing lut $abc$36041$lut$aiger36040$3643.genblk1.genblk1.genblk1.genblk1.genblk1.genblk1.genblk1.lut0.genblk1.genblk1.genblk1.genblk1.genblk1.genblk1.lut0.genblk1.genblk1.genblk1.genblk1.genblk1.lut1 (4 -> 2)
  Optimizing lut $abc$36041$lut$aiger36040$3876.genblk1.genblk1.genblk1.genblk1.genblk1.genblk1.genblk1.genblk1.lut1.genblk1.genblk1.genblk1.genblk1.genblk1.genblk1.genblk1.lut1.genblk1.genblk1.genblk1.genblk1.genblk1.genblk1.lut1.genblk1.genblk1.genblk1.genblk1.genblk1.lut1 (4 -> 3)
  Optimizing lut $abc$36041$lut$aiger36040$2815.genblk1.genblk1.genblk1.genblk1.genblk1.genblk1.genblk1.genblk1.lut0.genblk1.genblk1.genblk1.genblk1.genblk1.genblk1.genblk1.lut1.genblk1.genblk1.genblk1.genblk1.genblk1.genblk1.lut1.genblk1.genblk1.genblk1.genblk1.genblk1.lut1 (4 -> 0)
  Optimizing lut $abc$36041$lut$aiger36040$2937.genblk1.genblk1.genblk1.genblk1.genblk1.genblk1.lut0.genblk1.genblk1.genblk1.genblk1.genblk1.lut0 (4 -> 0)
  Optimizing lut $abc$36041$lut$aiger36040$3113.genblk1.genblk1.genblk1.genblk1.genblk1.genblk1.genblk1.genblk1.lut0.genblk1.genblk1.genblk1.genblk1.genblk1.genblk1.genblk1.lut1.genblk1.genblk1.genblk1.genblk1.genblk1.genblk1.lut1.genblk1.genblk1.genblk1.genblk1.genblk1.lut1 (4 -> 3)
  Optimizing lut $abc$36041$lut$aiger36040$3138.genblk1.genblk1.genblk1.genblk1.genblk1.genblk1.genblk1.lut0.genblk1.genblk1.genblk1.genblk1.genblk1.genblk1.lut0.genblk1.genblk1.genblk1.genblk1.genblk1.lut1 (4 -> 2)
  Optimizing lut $abc$36041$lut$aiger36040$3401.genblk1.genblk1.genblk1.genblk1.genblk1.genblk1.genblk1.genblk1.lut0.genblk1.genblk1.genblk1.genblk1.genblk1.genblk1.genblk1.lut1.genblk1.genblk1.genblk1.genblk1.genblk1.genblk1.lut1.genblk1.genblk1.genblk1.genblk1.genblk1.lut1 (4 -> 0)
  Optimizing lut $abc$36041$lut$aiger36040$3544.genblk1.genblk1.genblk1.genblk1.genblk1.genblk1.lut0.genblk1.genblk1.genblk1.genblk1.genblk1.lut0 (4 -> 0)
  Optimizing lut $abc$36041$lut$aiger36040$3553.genblk1.genblk1.genblk1.genblk1.genblk1.genblk1.lut1.genblk1.genblk1.genblk1.genblk1.genblk1.lut0 (4 -> 0)
  Optimizing lut $abc$36041$lut$aiger36040$3567.genblk1.genblk1.genblk1.genblk1.genblk1.genblk1.lut0.genblk1.genblk1.genblk1.genblk1.genblk1.lut0 (4 -> 0)
  Optimizing lut $abc$36041$lut$aiger36040$4028.genblk1.genblk1.genblk1.genblk1.genblk1.genblk1.genblk1.genblk1.lut1.genblk1.genblk1.genblk1.genblk1.genblk1.genblk1.genblk1.lut1.genblk1.genblk1.genblk1.genblk1.genblk1.genblk1.lut1.genblk1.genblk1.genblk1.genblk1.genblk1.lut1 (4 -> 3)
  Optimizing lut $abc$36041$lut$aiger36040$4028.genblk1.genblk1.genblk1.genblk1.genblk1.genblk1.genblk1.genblk1.lut0.genblk1.genblk1.genblk1.genblk1.genblk1.genblk1.genblk1.lut1.genblk1.genblk1.genblk1.genblk1.genblk1.genblk1.lut1.genblk1.genblk1.genblk1.genblk1.genblk1.lut1 (4 -> 3)
  Optimizing lut $abc$36041$lut$aiger36040$4178.genblk1.genblk1.genblk1.genblk1.genblk1.genblk1.genblk1.genblk1.lut0.genblk1.genblk1.genblk1.genblk1.genblk1.genblk1.genblk1.lut1.genblk1.genblk1.genblk1.genblk1.genblk1.genblk1.lut1.genblk1.genblk1.genblk1.genblk1.genblk1.lut1 (4 -> 1)
  Optimizing lut $abc$36041$lut$aiger36040$4191.genblk1.genblk1.genblk1.genblk1.genblk1.genblk1.genblk1.genblk1.lut1.genblk1.genblk1.genblk1.genblk1.genblk1.genblk1.genblk1.lut1.genblk1.genblk1.genblk1.genblk1.genblk1.genblk1.lut1.genblk1.genblk1.genblk1.genblk1.genblk1.lut1 (4 -> 3)
  Optimizing lut $abc$36041$lut$aiger36040$4191.genblk1.genblk1.genblk1.genblk1.genblk1.genblk1.genblk1.genblk1.lut0.genblk1.genblk1.genblk1.genblk1.genblk1.genblk1.genblk1.lut1.genblk1.genblk1.genblk1.genblk1.genblk1.genblk1.lut1.genblk1.genblk1.genblk1.genblk1.genblk1.lut1 (4 -> 0)
  Optimizing lut $abc$36041$lut$aiger36040$4297.genblk1.genblk1.genblk1.genblk1.genblk1.genblk1.genblk1.genblk1.lut1.genblk1.genblk1.genblk1.genblk1.genblk1.genblk1.genblk1.lut1.genblk1.genblk1.genblk1.genblk1.genblk1.genblk1.lut1.genblk1.genblk1.genblk1.genblk1.genblk1.lut1 (4 -> 3)
  Optimizing lut $abc$36041$lut$aiger36040$5078.genblk1.genblk1.genblk1.genblk1.genblk1.genblk1.lut1.genblk1.genblk1.genblk1.genblk1.genblk1.lut0 (4 -> 0)
  Optimizing lut $abc$36041$lut$aiger36040$5132.genblk1.genblk1.genblk1.genblk1.genblk1.genblk1.genblk1.lut0.genblk1.genblk1.genblk1.genblk1.genblk1.genblk1.lut0.genblk1.genblk1.genblk1.genblk1.genblk1.lut1 (4 -> 1)
  Optimizing lut $abc$36041$lut$aiger36040$5265.genblk1.genblk1.genblk1.genblk1.genblk1.genblk1.genblk1.genblk1.lut1.genblk1.genblk1.genblk1.genblk1.genblk1.genblk1.genblk1.lut0.genblk1.genblk1.genblk1.genblk1.genblk1.genblk1.lut1.genblk1.genblk1.genblk1.genblk1.genblk1.lut0 (4 -> 0)
  Optimizing lut $abc$36041$lut$aiger36040$5265.genblk1.genblk1.genblk1.genblk1.genblk1.genblk1.genblk1.genblk1.lut1.genblk1.genblk1.genblk1.genblk1.genblk1.genblk1.genblk1.lut1.genblk1.genblk1.genblk1.genblk1.genblk1.genblk1.lut1.genblk1.genblk1.genblk1.genblk1.genblk1.lut1 (4 -> 0)
  Optimizing lut $abc$36041$lut$aiger36040$5277.genblk1.genblk1.genblk1.genblk1.genblk1.genblk1.lut1.genblk1.genblk1.genblk1.genblk1.genblk1.lut0 (4 -> 3)
  Optimizing lut $abc$36041$lut$aiger36040$5277.genblk1.genblk1.genblk1.genblk1.genblk1.genblk1.lut0.genblk1.genblk1.genblk1.genblk1.genblk1.lut0 (4 -> 3)
  Optimizing lut $abc$36041$lut$aiger36040$5326.genblk1.genblk1.genblk1.genblk1.genblk1.genblk1.genblk1.genblk1.lut1.genblk1.genblk1.genblk1.genblk1.genblk1.genblk1.genblk1.lut1.genblk1.genblk1.genblk1.genblk1.genblk1.genblk1.lut1.genblk1.genblk1.genblk1.genblk1.genblk1.lut1 (4 -> 0)
  Optimizing lut $abc$36041$lut$aiger36040$5429.genblk1.genblk1.genblk1.genblk1.genblk1.genblk1.genblk1.genblk1.lut1.genblk1.genblk1.genblk1.genblk1.genblk1.genblk1.genblk1.lut0.genblk1.genblk1.genblk1.genblk1.genblk1.genblk1.lut1.genblk1.genblk1.genblk1.genblk1.genblk1.lut0 (4 -> 0)
  Optimizing lut $abc$36041$lut$aiger36040$5429.genblk1.genblk1.genblk1.genblk1.genblk1.genblk1.genblk1.genblk1.lut0.genblk1.genblk1.genblk1.genblk1.genblk1.genblk1.genblk1.lut1.genblk1.genblk1.genblk1.genblk1.genblk1.genblk1.lut1.genblk1.genblk1.genblk1.genblk1.genblk1.lut1 (4 -> 0)
  Optimizing lut $abc$36041$lut$aiger36040$5950.genblk1.genblk1.genblk1.genblk1.genblk1.lut1 (4 -> 1)
  Optimizing lut $abc$36041$lut$aiger36040$7130.genblk1.genblk1.genblk1.genblk1.genblk1.genblk1.genblk1.genblk1.lut1.genblk1.genblk1.genblk1.genblk1.genblk1.genblk1.genblk1.lut1.genblk1.genblk1.genblk1.genblk1.genblk1.genblk1.lut1.genblk1.genblk1.genblk1.genblk1.genblk1.lut1 (4 -> 0)
  Optimizing lut $abc$36041$lut$aiger36040$7130.genblk1.genblk1.genblk1.genblk1.genblk1.genblk1.genblk1.genblk1.lut0.genblk1.genblk1.genblk1.genblk1.genblk1.genblk1.genblk1.lut1.genblk1.genblk1.genblk1.genblk1.genblk1.genblk1.lut1.genblk1.genblk1.genblk1.genblk1.genblk1.lut1 (4 -> 0)
  Optimizing lut $abc$36041$lut$aiger36040$7847.genblk1.genblk1.genblk1.genblk1.genblk1.genblk1.lut1.genblk1.genblk1.genblk1.genblk1.genblk1.lut0 (4 -> 0)
  Optimizing lut $abc$36041$lut$aiger36040$8303.genblk1.genblk1.genblk1.genblk1.genblk1.genblk1.genblk1.lut1.genblk1.genblk1.genblk1.genblk1.genblk1.genblk1.lut0.genblk1.genblk1.genblk1.genblk1.genblk1.lut1 (4 -> 2)
  Optimizing lut $abc$36041$lut$aiger36040$8312.genblk1.genblk1.genblk1.genblk1.genblk1.genblk1.genblk1.genblk1.lut0.genblk1.genblk1.genblk1.genblk1.genblk1.genblk1.genblk1.lut1.genblk1.genblk1.genblk1.genblk1.genblk1.genblk1.lut1.genblk1.genblk1.genblk1.genblk1.genblk1.lut1 (4 -> 2)
  Optimizing lut $abc$36041$lut$aiger36040$9103.genblk1.genblk1.genblk1.genblk1.genblk1.genblk1.genblk1.genblk1.lut1.genblk1.genblk1.genblk1.genblk1.genblk1.genblk1.genblk1.lut1.genblk1.genblk1.genblk1.genblk1.genblk1.genblk1.lut1.genblk1.genblk1.genblk1.genblk1.genblk1.lut1 (4 -> 0)
  Optimizing lut $abc$36041$lut$aiger36040$9103.genblk1.genblk1.genblk1.genblk1.genblk1.genblk1.genblk1.genblk1.lut0.genblk1.genblk1.genblk1.genblk1.genblk1.genblk1.genblk1.lut1.genblk1.genblk1.genblk1.genblk1.genblk1.genblk1.lut1.genblk1.genblk1.genblk1.genblk1.genblk1.lut1 (4 -> 0)
  Optimizing lut $auto$abc_ops_reintegrate.cc:611:reintegrate$36070.genblk1.genblk1.genblk1.genblk1.genblk1.genblk1.genblk1.lut0.genblk1.genblk1.genblk1.genblk1.genblk1.genblk1.lut0.genblk1.genblk1.genblk1.genblk1.genblk1.lut1 (4 -> 0)
  Optimizing lut $auto$abc_ops_reintegrate.cc:611:reintegrate$36069.genblk1.genblk1.genblk1.genblk1.genblk1.lut1 (4 -> 3)
  Optimizing lut $auto$abc_ops_reintegrate.cc:611:reintegrate$36066.genblk1.genblk1.genblk1.genblk1.genblk1.genblk1.lut1.genblk1.genblk1.genblk1.genblk1.genblk1.lut0 (4 -> 3)
  Optimizing lut $auto$abc_ops_reintegrate.cc:611:reintegrate$36065.genblk1.genblk1.genblk1.genblk1.genblk1.lut1 (4 -> 3)
  Optimizing lut $auto$abc_ops_reintegrate.cc:611:reintegrate$36070.genblk1.genblk1.genblk1.genblk1.genblk1.genblk1.genblk1.lut1.genblk1.genblk1.genblk1.genblk1.genblk1.genblk1.lut1.genblk1.genblk1.genblk1.genblk1.genblk1.lut1 (4 -> 0)
  Optimizing lut $abc$36041$lut$aiger36040$7130.genblk1.genblk1.genblk1.genblk1.genblk1.genblk1.genblk1.genblk1.lut1.genblk1.genblk1.genblk1.genblk1.genblk1.genblk1.genblk1.lut0.genblk1.genblk1.genblk1.genblk1.genblk1.genblk1.lut1.genblk1.genblk1.genblk1.genblk1.genblk1.lut1 (4 -> 0)
  Optimizing lut $abc$36041$lut$aiger36040$5950.genblk1.genblk1.genblk1.genblk1.genblk1.lut0 (4 -> 3)
  Optimizing lut $abc$36041$lut$aiger36040$5429.genblk1.genblk1.genblk1.genblk1.genblk1.genblk1.genblk1.genblk1.lut1.genblk1.genblk1.genblk1.genblk1.genblk1.genblk1.genblk1.lut0.genblk1.genblk1.genblk1.genblk1.genblk1.genblk1.lut1.genblk1.genblk1.genblk1.genblk1.genblk1.lut1 (4 -> 0)
  Optimizing lut $abc$36041$lut$aiger36040$5265.genblk1.genblk1.genblk1.genblk1.genblk1.genblk1.genblk1.genblk1.lut0.genblk1.genblk1.genblk1.genblk1.genblk1.genblk1.genblk1.lut0.genblk1.genblk1.genblk1.genblk1.genblk1.genblk1.lut0.genblk1.genblk1.genblk1.genblk1.genblk1.lut1 (4 -> 0)
  Optimizing lut $abc$36041$lut$aiger36040$5078.genblk1.genblk1.genblk1.genblk1.genblk1.genblk1.lut0.genblk1.genblk1.genblk1.genblk1.genblk1.lut1 (4 -> 0)
  Optimizing lut $abc$36041$lut$aiger36040$4191.genblk1.genblk1.genblk1.genblk1.genblk1.genblk1.genblk1.genblk1.lut0.genblk1.genblk1.genblk1.genblk1.genblk1.genblk1.genblk1.lut0.genblk1.genblk1.genblk1.genblk1.genblk1.genblk1.lut0.genblk1.genblk1.genblk1.genblk1.genblk1.lut1 (4 -> 2)
  Optimizing lut $abc$36041$lut$aiger36040$4178.genblk1.genblk1.genblk1.genblk1.genblk1.genblk1.genblk1.genblk1.lut1.genblk1.genblk1.genblk1.genblk1.genblk1.genblk1.genblk1.lut0.genblk1.genblk1.genblk1.genblk1.genblk1.genblk1.lut1.genblk1.genblk1.genblk1.genblk1.genblk1.lut1 (4 -> 2)
  Optimizing lut $abc$36041$lut$aiger36040$4151.genblk1.genblk1.genblk1.genblk1.genblk1.lut0 (4 -> 1)
  Optimizing lut $abc$36041$lut$aiger36040$3535.genblk1.genblk1.genblk1.genblk1.genblk1.lut0 (4 -> 3)
  Optimizing lut $abc$36041$lut$aiger36040$3360.genblk1.genblk1.genblk1.genblk1.genblk1.lut0 (4 -> 0)
  Optimizing lut $abc$36041$lut$aiger36040$3174.genblk1.genblk1.genblk1.genblk1.genblk1.lut0 (4 -> 0)
  Optimizing lut $abc$36041$lut$aiger36040$3168.genblk1.genblk1.genblk1.genblk1.genblk1.lut0 (4 -> 0)
  Optimizing lut $abc$36041$lut$aiger36040$3160.genblk1.genblk1.genblk1.genblk1.genblk1.lut0 (4 -> 1)
  Optimizing lut $abc$36041$lut$aiger36040$3138.genblk1.genblk1.genblk1.genblk1.genblk1.genblk1.genblk1.lut1.genblk1.genblk1.genblk1.genblk1.genblk1.genblk1.lut1.genblk1.genblk1.genblk1.genblk1.genblk1.lut1 (4 -> 3)
  Optimizing lut $abc$36041$lut$aiger36040$2815.genblk1.genblk1.genblk1.genblk1.genblk1.genblk1.genblk1.genblk1.lut1.genblk1.genblk1.genblk1.genblk1.genblk1.genblk1.genblk1.lut0.genblk1.genblk1.genblk1.genblk1.genblk1.genblk1.lut1.genblk1.genblk1.genblk1.genblk1.genblk1.lut1 (4 -> 2)
  Optimizing lut $abc$36041$lut$aiger36040$2802.genblk1.genblk1.genblk1.genblk1.genblk1.lut0 (4 -> 1)
  Optimizing lut $abc$36041$lut$aiger36040$3695.genblk1.genblk1.genblk1.genblk1.genblk1.lut0 (4 -> 1)
  Optimizing lut $abc$36041$lut$aiger36040$3643.genblk1.genblk1.genblk1.genblk1.genblk1.genblk1.genblk1.lut1.genblk1.genblk1.genblk1.genblk1.genblk1.genblk1.lut1.genblk1.genblk1.genblk1.genblk1.genblk1.lut1 (4 -> 3)
  Optimizing lut $abc$36041$lut$aiger36040$3630.genblk1.genblk1.genblk1.genblk1.genblk1.genblk1.genblk1.genblk1.lut1.genblk1.genblk1.genblk1.genblk1.genblk1.genblk1.genblk1.lut0.genblk1.genblk1.genblk1.genblk1.genblk1.genblk1.lut1.genblk1.genblk1.genblk1.genblk1.genblk1.lut1 (4 -> 2)
  Optimizing lut $abc$36041$lut$aiger36040$3602.genblk1.genblk1.genblk1.genblk1.genblk1.lut0 (4 -> 1)
  Optimizing lut $abc$36041$lut$aiger36040$2741.genblk1.genblk1.genblk1.genblk1.genblk1.genblk1.genblk1.genblk1.lut0.genblk1.genblk1.genblk1.genblk1.genblk1.genblk1.genblk1.lut0.genblk1.genblk1.genblk1.genblk1.genblk1.genblk1.lut0.genblk1.genblk1.genblk1.genblk1.genblk1.lut1 (4 -> 2)
  Optimizing lut $abc$36041$lut$aiger36040$2741.genblk1.genblk1.genblk1.genblk1.genblk1.genblk1.genblk1.genblk1.lut1.genblk1.genblk1.genblk1.genblk1.genblk1.genblk1.genblk1.lut0.genblk1.genblk1.genblk1.genblk1.genblk1.genblk1.lut1.genblk1.genblk1.genblk1.genblk1.genblk1.lut1 (4 -> 2)
  Optimizing lut $abc$36041$lut$aiger36040$2728.genblk1.genblk1.genblk1.genblk1.genblk1.lut0 (4 -> 0)
  Optimizing lut $abc$36041$lut$aiger36040$2596.genblk1.genblk1.genblk1.genblk1.genblk1.lut0 (4 -> 1)
  Optimizing lut $abc$36041$lut$aiger36040$2592.genblk1.genblk1.genblk1.genblk1.genblk1.lut0 (4 -> 1)
  Optimizing lut $abc$36041$lut$aiger36040$2319.genblk1.genblk1.genblk1.genblk1.genblk1.genblk1.genblk1.genblk1.lut0.genblk1.genblk1.genblk1.genblk1.genblk1.genblk1.genblk1.lut0.genblk1.genblk1.genblk1.genblk1.genblk1.genblk1.lut0.genblk1.genblk1.genblk1.genblk1.genblk1.lut1 (4 -> 2)
  Optimizing lut $abc$36041$lut$aiger36040$2306.genblk1.genblk1.genblk1.genblk1.genblk1.lut0 (4 -> 1)
  Optimizing lut $abc$36041$lut$aiger36040$2115.genblk1.genblk1.genblk1.genblk1.genblk1.lut0 (4 -> 1)
  Optimizing lut $abc$36041$lut$aiger36040$2562.genblk1.genblk1.genblk1.genblk1.genblk1.genblk1.genblk1.genblk1.lut1.genblk1.genblk1.genblk1.genblk1.genblk1.genblk1.genblk1.lut0.genblk1.genblk1.genblk1.genblk1.genblk1.genblk1.lut1.genblk1.genblk1.genblk1.genblk1.genblk1.lut1 (4 -> 0)
  Optimizing lut $abc$36041$lut$aiger36040$2548.genblk1.genblk1.genblk1.genblk1.genblk1.genblk1.genblk1.genblk1.lut1.genblk1.genblk1.genblk1.genblk1.genblk1.genblk1.genblk1.lut0.genblk1.genblk1.genblk1.genblk1.genblk1.genblk1.lut1.genblk1.genblk1.genblk1.genblk1.genblk1.lut1 (4 -> 0)
  Optimizing lut $abc$36041$lut$aiger36040$2533.genblk1.genblk1.genblk1.genblk1.genblk1.genblk1.genblk1.genblk1.lut1.genblk1.genblk1.genblk1.genblk1.genblk1.genblk1.genblk1.lut0.genblk1.genblk1.genblk1.genblk1.genblk1.genblk1.lut1.genblk1.genblk1.genblk1.genblk1.genblk1.lut1 (4 -> 1)
  Optimizing lut $abc$36041$lut$aiger36040$2496.genblk1.genblk1.genblk1.genblk1.genblk1.genblk1.genblk1.genblk1.lut1.genblk1.genblk1.genblk1.genblk1.genblk1.genblk1.genblk1.lut0.genblk1.genblk1.genblk1.genblk1.genblk1.genblk1.lut1.genblk1.genblk1.genblk1.genblk1.genblk1.lut1 (4 -> 0)
  Optimizing lut $abc$36041$lut$aiger36040$2481.genblk1.genblk1.genblk1.genblk1.genblk1.genblk1.genblk1.genblk1.lut1.genblk1.genblk1.genblk1.genblk1.genblk1.genblk1.genblk1.lut0.genblk1.genblk1.genblk1.genblk1.genblk1.genblk1.lut1.genblk1.genblk1.genblk1.genblk1.genblk1.lut1 (4 -> 0)
  Optimizing lut $abc$36041$lut$aiger36040$2467.genblk1.genblk1.genblk1.genblk1.genblk1.genblk1.genblk1.genblk1.lut1.genblk1.genblk1.genblk1.genblk1.genblk1.genblk1.genblk1.lut0.genblk1.genblk1.genblk1.genblk1.genblk1.genblk1.lut1.genblk1.genblk1.genblk1.genblk1.genblk1.lut1 (4 -> 1)
  Optimizing lut $abc$36041$lut$aiger36040$2287.genblk1.genblk1.genblk1.genblk1.genblk1.genblk1.genblk1.genblk1.lut1.genblk1.genblk1.genblk1.genblk1.genblk1.genblk1.genblk1.lut0.genblk1.genblk1.genblk1.genblk1.genblk1.genblk1.lut1.genblk1.genblk1.genblk1.genblk1.genblk1.lut1 (4 -> 1)
  Optimizing lut $abc$36041$lut$aiger36040$2274.genblk1.genblk1.genblk1.genblk1.genblk1.genblk1.genblk1.genblk1.lut1.genblk1.genblk1.genblk1.genblk1.genblk1.genblk1.genblk1.lut0.genblk1.genblk1.genblk1.genblk1.genblk1.genblk1.lut1.genblk1.genblk1.genblk1.genblk1.genblk1.lut1 (4 -> 0)
  Optimizing lut $abc$36041$lut$aiger36040$2259.genblk1.genblk1.genblk1.genblk1.genblk1.genblk1.genblk1.genblk1.lut1.genblk1.genblk1.genblk1.genblk1.genblk1.genblk1.genblk1.lut0.genblk1.genblk1.genblk1.genblk1.genblk1.genblk1.lut1.genblk1.genblk1.genblk1.genblk1.genblk1.lut1 (4 -> 0)
  Optimizing lut $abc$36041$lut$aiger36040$2095.genblk1.genblk1.genblk1.genblk1.genblk1.genblk1.genblk1.genblk1.lut1.genblk1.genblk1.genblk1.genblk1.genblk1.genblk1.genblk1.lut0.genblk1.genblk1.genblk1.genblk1.genblk1.genblk1.lut1.genblk1.genblk1.genblk1.genblk1.genblk1.lut1 (4 -> 0)
  Optimizing lut $abc$36041$lut$aiger36040$2081.genblk1.genblk1.genblk1.genblk1.genblk1.genblk1.genblk1.genblk1.lut1.genblk1.genblk1.genblk1.genblk1.genblk1.genblk1.genblk1.lut0.genblk1.genblk1.genblk1.genblk1.genblk1.genblk1.lut1.genblk1.genblk1.genblk1.genblk1.genblk1.lut1 (4 -> 1)
  Optimizing lut $abc$36041$lut$aiger36040$2066.genblk1.genblk1.genblk1.genblk1.genblk1.genblk1.genblk1.genblk1.lut1.genblk1.genblk1.genblk1.genblk1.genblk1.genblk1.genblk1.lut0.genblk1.genblk1.genblk1.genblk1.genblk1.genblk1.lut1.genblk1.genblk1.genblk1.genblk1.genblk1.lut1 (4 -> 0)
  Optimizing lut $abc$36041$lut$aiger36040$2154.genblk1.genblk1.genblk1.genblk1.genblk1.genblk1.genblk1.genblk1.lut1.genblk1.genblk1.genblk1.genblk1.genblk1.genblk1.genblk1.lut0.genblk1.genblk1.genblk1.genblk1.genblk1.genblk1.lut1.genblk1.genblk1.genblk1.genblk1.genblk1.lut1 (4 -> 0)
  Optimizing lut $abc$36041$lut$aiger36040$2141.genblk1.genblk1.genblk1.genblk1.genblk1.genblk1.genblk1.genblk1.lut1.genblk1.genblk1.genblk1.genblk1.genblk1.genblk1.genblk1.lut0.genblk1.genblk1.genblk1.genblk1.genblk1.genblk1.lut1.genblk1.genblk1.genblk1.genblk1.genblk1.lut1 (4 -> 0)
  Optimizing lut $abc$36041$lut$aiger36040$2128.genblk1.genblk1.genblk1.genblk1.genblk1.genblk1.genblk1.genblk1.lut1.genblk1.genblk1.genblk1.genblk1.genblk1.genblk1.genblk1.lut0.genblk1.genblk1.genblk1.genblk1.genblk1.genblk1.lut1.genblk1.genblk1.genblk1.genblk1.genblk1.lut1 (4 -> 0)
  Optimizing lut $abc$36041$lut$aiger36040$2211.genblk1.genblk1.genblk1.genblk1.genblk1.genblk1.genblk1.genblk1.lut1.genblk1.genblk1.genblk1.genblk1.genblk1.genblk1.genblk1.lut0.genblk1.genblk1.genblk1.genblk1.genblk1.genblk1.lut1.genblk1.genblk1.genblk1.genblk1.genblk1.lut1 (4 -> 0)
  Optimizing lut $abc$36041$lut$aiger36040$2198.genblk1.genblk1.genblk1.genblk1.genblk1.genblk1.genblk1.genblk1.lut1.genblk1.genblk1.genblk1.genblk1.genblk1.genblk1.genblk1.lut0.genblk1.genblk1.genblk1.genblk1.genblk1.genblk1.lut1.genblk1.genblk1.genblk1.genblk1.genblk1.lut1 (4 -> 0)
  Optimizing lut $abc$36041$lut$aiger36040$2184.genblk1.genblk1.genblk1.genblk1.genblk1.genblk1.genblk1.genblk1.lut1.genblk1.genblk1.genblk1.genblk1.genblk1.genblk1.genblk1.lut0.genblk1.genblk1.genblk1.genblk1.genblk1.genblk1.lut1.genblk1.genblk1.genblk1.genblk1.genblk1.lut1 (4 -> 0)
  Optimizing lut $abc$36041$lut$aiger36040$2427.genblk1.genblk1.genblk1.genblk1.genblk1.genblk1.genblk1.genblk1.lut1.genblk1.genblk1.genblk1.genblk1.genblk1.genblk1.genblk1.lut0.genblk1.genblk1.genblk1.genblk1.genblk1.genblk1.lut1.genblk1.genblk1.genblk1.genblk1.genblk1.lut1 (4 -> 0)
  Optimizing lut $abc$36041$lut$aiger36040$2412.genblk1.genblk1.genblk1.genblk1.genblk1.genblk1.genblk1.genblk1.lut1.genblk1.genblk1.genblk1.genblk1.genblk1.genblk1.genblk1.lut0.genblk1.genblk1.genblk1.genblk1.genblk1.genblk1.lut1.genblk1.genblk1.genblk1.genblk1.genblk1.lut1 (4 -> 1)
  Optimizing lut $abc$36041$lut$aiger36040$2397.genblk1.genblk1.genblk1.genblk1.genblk1.genblk1.genblk1.genblk1.lut1.genblk1.genblk1.genblk1.genblk1.genblk1.genblk1.genblk1.lut0.genblk1.genblk1.genblk1.genblk1.genblk1.genblk1.lut1.genblk1.genblk1.genblk1.genblk1.genblk1.lut1 (4 -> 0)
  Optimizing lut $abc$36041$lut$aiger36040$2379.genblk1.genblk1.genblk1.genblk1.genblk1.genblk1.genblk1.genblk1.lut1.genblk1.genblk1.genblk1.genblk1.genblk1.genblk1.genblk1.lut0.genblk1.genblk1.genblk1.genblk1.genblk1.genblk1.lut1.genblk1.genblk1.genblk1.genblk1.genblk1.lut1 (4 -> 0)
  Optimizing lut $abc$36041$lut$aiger36040$2360.genblk1.genblk1.genblk1.genblk1.genblk1.genblk1.genblk1.lut1.genblk1.genblk1.genblk1.genblk1.genblk1.genblk1.lut1.genblk1.genblk1.genblk1.genblk1.genblk1.lut1 (4 -> 0)
  Optimizing lut $abc$36041$lut$aiger36040$2347.genblk1.genblk1.genblk1.genblk1.genblk1.genblk1.genblk1.lut1.genblk1.genblk1.genblk1.genblk1.genblk1.genblk1.lut1.genblk1.genblk1.genblk1.genblk1.genblk1.lut1 (4 -> 0)
  Optimizing lut $abc$36041$lut$aiger36040$2339.genblk1.genblk1.genblk1.genblk1.genblk1.genblk1.genblk1.genblk1.lut1.genblk1.genblk1.genblk1.genblk1.genblk1.genblk1.genblk1.lut0.genblk1.genblk1.genblk1.genblk1.genblk1.genblk1.lut1.genblk1.genblk1.genblk1.genblk1.genblk1.lut1 (4 -> 0)
  Optimizing lut $abc$36041$lut$aiger36040$2695.genblk1.genblk1.genblk1.genblk1.genblk1.genblk1.genblk1.genblk1.lut0.genblk1.genblk1.genblk1.genblk1.genblk1.genblk1.genblk1.lut0.genblk1.genblk1.genblk1.genblk1.genblk1.genblk1.lut0.genblk1.genblk1.genblk1.genblk1.genblk1.lut1 (4 -> 0)
  Optimizing lut $abc$36041$lut$aiger36040$2687.genblk1.genblk1.genblk1.genblk1.genblk1.genblk1.genblk1.genblk1.lut1.genblk1.genblk1.genblk1.genblk1.genblk1.genblk1.genblk1.lut0.genblk1.genblk1.genblk1.genblk1.genblk1.genblk1.lut1.genblk1.genblk1.genblk1.genblk1.genblk1.lut1 (4 -> 0)
  Optimizing lut $abc$36041$lut$aiger36040$2673.genblk1.genblk1.genblk1.genblk1.genblk1.genblk1.genblk1.genblk1.lut1.genblk1.genblk1.genblk1.genblk1.genblk1.genblk1.genblk1.lut0.genblk1.genblk1.genblk1.genblk1.genblk1.genblk1.lut1.genblk1.genblk1.genblk1.genblk1.genblk1.lut1 (4 -> 0)
  Optimizing lut $abc$36041$lut$aiger36040$2660.genblk1.genblk1.genblk1.genblk1.genblk1.genblk1.genblk1.genblk1.lut1.genblk1.genblk1.genblk1.genblk1.genblk1.genblk1.genblk1.lut0.genblk1.genblk1.genblk1.genblk1.genblk1.genblk1.lut1.genblk1.genblk1.genblk1.genblk1.genblk1.lut1 (4 -> 0)
  Optimizing lut $abc$36041$lut$aiger36040$2648.genblk1.genblk1.genblk1.genblk1.genblk1.genblk1.genblk1.lut1.genblk1.genblk1.genblk1.genblk1.genblk1.genblk1.lut1.genblk1.genblk1.genblk1.genblk1.genblk1.lut1 (4 -> 0)
  Optimizing lut $abc$36041$lut$aiger36040$3759.genblk1.genblk1.genblk1.genblk1.genblk1.genblk1.genblk1.genblk1.lut1.genblk1.genblk1.genblk1.genblk1.genblk1.genblk1.genblk1.lut0.genblk1.genblk1.genblk1.genblk1.genblk1.genblk1.lut1.genblk1.genblk1.genblk1.genblk1.genblk1.lut1 (4 -> 0)
  Optimizing lut $abc$36041$lut$aiger36040$3745.genblk1.genblk1.genblk1.genblk1.genblk1.genblk1.genblk1.genblk1.lut1.genblk1.genblk1.genblk1.genblk1.genblk1.genblk1.genblk1.lut0.genblk1.genblk1.genblk1.genblk1.genblk1.genblk1.lut1.genblk1.genblk1.genblk1.genblk1.genblk1.lut1 (4 -> 0)
  Optimizing lut $abc$36041$lut$aiger36040$3732.genblk1.genblk1.genblk1.genblk1.genblk1.genblk1.genblk1.genblk1.lut1.genblk1.genblk1.genblk1.genblk1.genblk1.genblk1.genblk1.lut0.genblk1.genblk1.genblk1.genblk1.genblk1.genblk1.lut1.genblk1.genblk1.genblk1.genblk1.genblk1.lut1 (4 -> 0)
  Optimizing lut $abc$36041$lut$aiger36040$4100.genblk1.genblk1.genblk1.genblk1.genblk1.genblk1.genblk1.genblk1.lut1.genblk1.genblk1.genblk1.genblk1.genblk1.genblk1.genblk1.lut0.genblk1.genblk1.genblk1.genblk1.genblk1.genblk1.lut1.genblk1.genblk1.genblk1.genblk1.genblk1.lut1 (4 -> 0)
  Optimizing lut $abc$36041$lut$aiger36040$4072.genblk1.genblk1.genblk1.genblk1.genblk1.genblk1.genblk1.genblk1.lut0.genblk1.genblk1.genblk1.genblk1.genblk1.genblk1.genblk1.lut0.genblk1.genblk1.genblk1.genblk1.genblk1.genblk1.lut0.genblk1.genblk1.genblk1.genblk1.genblk1.lut1 (4 -> 1)
  Optimizing lut $abc$36041$lut$aiger36040$4057.genblk1.genblk1.genblk1.genblk1.genblk1.genblk1.genblk1.genblk1.lut1.genblk1.genblk1.genblk1.genblk1.genblk1.genblk1.genblk1.lut0.genblk1.genblk1.genblk1.genblk1.genblk1.genblk1.lut1.genblk1.genblk1.genblk1.genblk1.genblk1.lut1 (4 -> 0)
  Optimizing lut $abc$36041$lut$aiger36040$4620.genblk1.genblk1.genblk1.genblk1.genblk1.genblk1.genblk1.genblk1.lut1.genblk1.genblk1.genblk1.genblk1.genblk1.genblk1.genblk1.lut0.genblk1.genblk1.genblk1.genblk1.genblk1.genblk1.lut1.genblk1.genblk1.genblk1.genblk1.genblk1.lut1 (4 -> 0)
  Optimizing lut $abc$36041$lut$aiger36040$4604.genblk1.genblk1.genblk1.genblk1.genblk1.genblk1.genblk1.genblk1.lut1.genblk1.genblk1.genblk1.genblk1.genblk1.genblk1.genblk1.lut0.genblk1.genblk1.genblk1.genblk1.genblk1.genblk1.lut1.genblk1.genblk1.genblk1.genblk1.genblk1.lut1 (4 -> 0)
  Optimizing lut $abc$36041$lut$aiger36040$4590.genblk1.genblk1.genblk1.genblk1.genblk1.genblk1.genblk1.genblk1.lut1.genblk1.genblk1.genblk1.genblk1.genblk1.genblk1.genblk1.lut0.genblk1.genblk1.genblk1.genblk1.genblk1.genblk1.lut1.genblk1.genblk1.genblk1.genblk1.genblk1.lut1 (4 -> 0)
  Optimizing lut $abc$36041$lut$aiger36040$4529.genblk1.genblk1.genblk1.genblk1.genblk1.genblk1.genblk1.genblk1.lut1.genblk1.genblk1.genblk1.genblk1.genblk1.genblk1.genblk1.lut0.genblk1.genblk1.genblk1.genblk1.genblk1.genblk1.lut1.genblk1.genblk1.genblk1.genblk1.genblk1.lut1 (4 -> 1)
  Optimizing lut $abc$36041$lut$aiger36040$4571.genblk1.genblk1.genblk1.genblk1.genblk1.genblk1.genblk1.genblk1.lut1.genblk1.genblk1.genblk1.genblk1.genblk1.genblk1.genblk1.lut0.genblk1.genblk1.genblk1.genblk1.genblk1.genblk1.lut1.genblk1.genblk1.genblk1.genblk1.genblk1.lut1 (4 -> 0)
  Optimizing lut $abc$36041$lut$aiger36040$4556.genblk1.genblk1.genblk1.genblk1.genblk1.genblk1.genblk1.genblk1.lut1.genblk1.genblk1.genblk1.genblk1.genblk1.genblk1.genblk1.lut0.genblk1.genblk1.genblk1.genblk1.genblk1.genblk1.lut1.genblk1.genblk1.genblk1.genblk1.genblk1.lut1 (4 -> 0)
  Optimizing lut $abc$36041$lut$aiger36040$4863.genblk1.genblk1.genblk1.genblk1.genblk1.genblk1.genblk1.genblk1.lut1.genblk1.genblk1.genblk1.genblk1.genblk1.genblk1.genblk1.lut0.genblk1.genblk1.genblk1.genblk1.genblk1.genblk1.lut1.genblk1.genblk1.genblk1.genblk1.genblk1.lut1 (4 -> 1)
  Optimizing lut $abc$36041$lut$aiger36040$4849.genblk1.genblk1.genblk1.genblk1.genblk1.genblk1.genblk1.genblk1.lut1.genblk1.genblk1.genblk1.genblk1.genblk1.genblk1.genblk1.lut0.genblk1.genblk1.genblk1.genblk1.genblk1.genblk1.lut1.genblk1.genblk1.genblk1.genblk1.genblk1.lut1 (4 -> 0)
  Optimizing lut $abc$36041$lut$aiger36040$4835.genblk1.genblk1.genblk1.genblk1.genblk1.genblk1.genblk1.genblk1.lut1.genblk1.genblk1.genblk1.genblk1.genblk1.genblk1.genblk1.lut0.genblk1.genblk1.genblk1.genblk1.genblk1.genblk1.lut1.genblk1.genblk1.genblk1.genblk1.genblk1.lut1 (4 -> 0)
  Optimizing lut $abc$36041$lut$aiger36040$7651.genblk1.genblk1.genblk1.genblk1.genblk1.lut1 (4 -> 0)
  Optimizing lut $abc$36041$lut$aiger36040$5429.genblk1.genblk1.genblk1.genblk1.genblk1.genblk1.genblk1.genblk1.lut0.genblk1.genblk1.genblk1.genblk1.genblk1.genblk1.genblk1.lut0.genblk1.genblk1.genblk1.genblk1.genblk1.genblk1.lut1.genblk1.genblk1.genblk1.genblk1.genblk1.lut1 (4 -> 0)
  Optimizing lut $abc$36041$lut$aiger36040$4556.genblk1.genblk1.genblk1.genblk1.genblk1.genblk1.genblk1.genblk1.lut0.genblk1.genblk1.genblk1.genblk1.genblk1.genblk1.genblk1.lut0.genblk1.genblk1.genblk1.genblk1.genblk1.genblk1.lut1.genblk1.genblk1.genblk1.genblk1.genblk1.lut1 (4 -> 1)
  Optimizing lut $abc$36041$lut$aiger36040$8312.genblk1.genblk1.genblk1.genblk1.genblk1.genblk1.genblk1.genblk1.lut1.genblk1.genblk1.genblk1.genblk1.genblk1.genblk1.genblk1.lut0.genblk1.genblk1.genblk1.genblk1.genblk1.genblk1.lut1.genblk1.genblk1.genblk1.genblk1.genblk1.lut1 (4 -> 2)
  Optimizing lut $abc$36041$lut$aiger36040$4571.genblk1.genblk1.genblk1.genblk1.genblk1.genblk1.genblk1.genblk1.lut0.genblk1.genblk1.genblk1.genblk1.genblk1.genblk1.genblk1.lut0.genblk1.genblk1.genblk1.genblk1.genblk1.genblk1.lut1.genblk1.genblk1.genblk1.genblk1.genblk1.lut1 (4 -> 0)
  Optimizing lut $abc$36041$lut$aiger36040$4542.genblk1.genblk1.genblk1.genblk1.genblk1.genblk1.genblk1.genblk1.lut1.genblk1.genblk1.genblk1.genblk1.genblk1.genblk1.genblk1.lut0.genblk1.genblk1.genblk1.genblk1.genblk1.genblk1.lut1.genblk1.genblk1.genblk1.genblk1.genblk1.lut1 (4 -> 0)
  Optimizing lut $abc$36041$lut$aiger36040$3598.genblk1.genblk1.genblk1.genblk1.genblk1.genblk1.genblk1.lut0.genblk1.genblk1.genblk1.genblk1.genblk1.genblk1.lut0.genblk1.genblk1.genblk1.genblk1.genblk1.lut1 (4 -> 0)
  Optimizing lut $abc$36041$lut$aiger36040$3876.genblk1.genblk1.genblk1.genblk1.genblk1.genblk1.genblk1.genblk1.lut1.genblk1.genblk1.genblk1.genblk1.genblk1.genblk1.genblk1.lut0.genblk1.genblk1.genblk1.genblk1.genblk1.genblk1.lut1.genblk1.genblk1.genblk1.genblk1.genblk1.lut1 (4 -> 3)
  Optimizing lut $abc$36041$lut$aiger36040$4297.genblk1.genblk1.genblk1.genblk1.genblk1.genblk1.genblk1.genblk1.lut0.genblk1.genblk1.genblk1.genblk1.genblk1.genblk1.genblk1.lut0.genblk1.genblk1.genblk1.genblk1.genblk1.genblk1.lut1.genblk1.genblk1.genblk1.genblk1.genblk1.lut1 (4 -> 3)
  Optimizing lut $abc$36041$lut$aiger36040$4132.genblk1.genblk1.genblk1.genblk1.genblk1.lut1 (4 -> 1)
  Optimizing lut $abc$36041$lut$aiger36040$3904.genblk1.genblk1.genblk1.genblk1.genblk1.genblk1.lut1.genblk1.genblk1.genblk1.genblk1.genblk1.lut1 (4 -> 0)
  Optimizing lut $abc$36041$lut$aiger36040$2511.genblk1.genblk1.genblk1.genblk1.genblk1.genblk1.genblk1.genblk1.lut1.genblk1.genblk1.genblk1.genblk1.genblk1.genblk1.genblk1.lut0.genblk1.genblk1.genblk1.genblk1.genblk1.genblk1.lut1.genblk1.genblk1.genblk1.genblk1.genblk1.lut1 (4 -> 0)
  Optimizing lut $abc$36041$lut$aiger36040$2918.genblk1.genblk1.genblk1.genblk1.genblk1.lut1 (4 -> 1)
  Optimizing lut $abc$36041$lut$aiger36040$4835.genblk1.genblk1.genblk1.genblk1.genblk1.genblk1.genblk1.genblk1.lut0.genblk1.genblk1.genblk1.genblk1.genblk1.genblk1.genblk1.lut0.genblk1.genblk1.genblk1.genblk1.genblk1.genblk1.lut1.genblk1.genblk1.genblk1.genblk1.genblk1.lut1 (4 -> 1)
  Optimizing lut $abc$36041$lut$aiger36040$8303.genblk1.genblk1.genblk1.genblk1.genblk1.genblk1.genblk1.lut1.genblk1.genblk1.genblk1.genblk1.genblk1.genblk1.lut1.genblk1.genblk1.genblk1.genblk1.genblk1.lut1 (4 -> 3)
  Optimizing lut $abc$36041$lut$aiger36040$7414.genblk1.genblk1.genblk1.genblk1.genblk1.genblk1.lut1.genblk1.genblk1.genblk1.genblk1.genblk1.lut1 (4 -> 0)
  Optimizing lut $abc$36041$lut$aiger36040$5771.genblk1.genblk1.genblk1.genblk1.genblk1.lut0 (4 -> 0)
  Optimizing lut $abc$36041$lut$aiger36040$4590.genblk1.genblk1.genblk1.genblk1.genblk1.genblk1.genblk1.genblk1.lut0.genblk1.genblk1.genblk1.genblk1.genblk1.genblk1.genblk1.lut0.genblk1.genblk1.genblk1.genblk1.genblk1.genblk1.lut1.genblk1.genblk1.genblk1.genblk1.genblk1.lut1 (4 -> 0)
  Optimizing lut $abc$36041$lut$aiger36040$2937.genblk1.genblk1.genblk1.genblk1.genblk1.genblk1.lut1.genblk1.genblk1.genblk1.genblk1.genblk1.lut1 (4 -> 0)
  Optimizing lut $abc$36041$lut$aiger36040$4849.genblk1.genblk1.genblk1.genblk1.genblk1.genblk1.genblk1.genblk1.lut0.genblk1.genblk1.genblk1.genblk1.genblk1.genblk1.genblk1.lut0.genblk1.genblk1.genblk1.genblk1.genblk1.genblk1.lut1.genblk1.genblk1.genblk1.genblk1.genblk1.lut1 (4 -> 0)
  Optimizing lut $abc$36041$lut$aiger36040$3401.genblk1.genblk1.genblk1.genblk1.genblk1.genblk1.genblk1.genblk1.lut0.genblk1.genblk1.genblk1.genblk1.genblk1.genblk1.genblk1.lut0.genblk1.genblk1.genblk1.genblk1.genblk1.genblk1.lut1.genblk1.genblk1.genblk1.genblk1.genblk1.lut1 (4 -> 3)
  Optimizing lut $abc$36041$lut$aiger36040$5265.genblk1.genblk1.genblk1.genblk1.genblk1.genblk1.genblk1.genblk1.lut0.genblk1.genblk1.genblk1.genblk1.genblk1.genblk1.genblk1.lut0.genblk1.genblk1.genblk1.genblk1.genblk1.genblk1.lut1.genblk1.genblk1.genblk1.genblk1.genblk1.lut1 (4 -> 0)
  Optimizing lut $abc$36041$lut$aiger36040$4835.genblk1.genblk1.genblk1.genblk1.genblk1.genblk1.genblk1.genblk1.lut1.genblk1.genblk1.genblk1.genblk1.genblk1.genblk1.genblk1.lut1.genblk1.genblk1.genblk1.genblk1.genblk1.genblk1.lut1.genblk1.genblk1.genblk1.genblk1.genblk1.lut1 (4 -> 1)
  Optimizing lut $abc$36041$lut$aiger$o2160.genblk1.genblk1.genblk1.genblk1.genblk1.lut1 (4 -> 0)
  Optimizing lut $abc$36041$lut$aiger36040$4604.genblk1.genblk1.genblk1.genblk1.genblk1.genblk1.genblk1.genblk1.lut0.genblk1.genblk1.genblk1.genblk1.genblk1.genblk1.genblk1.lut0.genblk1.genblk1.genblk1.genblk1.genblk1.genblk1.lut1.genblk1.genblk1.genblk1.genblk1.genblk1.lut1 (4 -> 1)
  Optimizing lut $abc$36041$lut$aiger36040$4863.genblk1.genblk1.genblk1.genblk1.genblk1.genblk1.genblk1.genblk1.lut0.genblk1.genblk1.genblk1.genblk1.genblk1.genblk1.genblk1.lut0.genblk1.genblk1.genblk1.genblk1.genblk1.genblk1.lut1.genblk1.genblk1.genblk1.genblk1.genblk1.lut1 (4 -> 0)
  Optimizing lut $auto$abc_ops_reintegrate.cc:611:reintegrate$36094.genblk1.genblk1.genblk1.genblk1.genblk1.lut0 (4 -> 1)
  Optimizing lut $abc$36041$lut$aiger36040$4876.genblk1.genblk1.genblk1.genblk1.genblk1.genblk1.genblk1.genblk1.lut0.genblk1.genblk1.genblk1.genblk1.genblk1.genblk1.genblk1.lut0.genblk1.genblk1.genblk1.genblk1.genblk1.genblk1.lut1.genblk1.genblk1.genblk1.genblk1.genblk1.lut1 (4 -> 0)
  Optimizing lut $abc$36041$lut$aiger36040$3544.genblk1.genblk1.genblk1.genblk1.genblk1.genblk1.lut1.genblk1.genblk1.genblk1.genblk1.genblk1.lut0 (4 -> 0)
  Optimizing lut $abc$36041$lut$aiger36040$4876.genblk1.genblk1.genblk1.genblk1.genblk1.genblk1.genblk1.genblk1.lut1.genblk1.genblk1.genblk1.genblk1.genblk1.genblk1.genblk1.lut0.genblk1.genblk1.genblk1.genblk1.genblk1.genblk1.lut1.genblk1.genblk1.genblk1.genblk1.genblk1.lut1 (4 -> 0)
  Optimizing lut $abc$36041$lut$aiger36040$3544.genblk1.genblk1.genblk1.genblk1.genblk1.genblk1.lut1.genblk1.genblk1.genblk1.genblk1.genblk1.lut1 (4 -> 0)
  Optimizing lut $abc$36041$lut$aiger36040$8013.genblk1.genblk1.genblk1.genblk1.genblk1.genblk1.genblk1.lut0.genblk1.genblk1.genblk1.genblk1.genblk1.genblk1.lut1.genblk1.genblk1.genblk1.genblk1.genblk1.lut1 (4 -> 0)
  Optimizing lut $abc$36041$lut$aiger36040$4620.genblk1.genblk1.genblk1.genblk1.genblk1.genblk1.genblk1.genblk1.lut0.genblk1.genblk1.genblk1.genblk1.genblk1.genblk1.genblk1.lut0.genblk1.genblk1.genblk1.genblk1.genblk1.genblk1.lut1.genblk1.genblk1.genblk1.genblk1.genblk1.lut1 (4 -> 0)
  Optimizing lut $abc$36041$lut$aiger36040$4635.genblk1.genblk1.genblk1.genblk1.genblk1.genblk1.genblk1.genblk1.lut0.genblk1.genblk1.genblk1.genblk1.genblk1.genblk1.genblk1.lut0.genblk1.genblk1.genblk1.genblk1.genblk1.genblk1.lut1.genblk1.genblk1.genblk1.genblk1.genblk1.lut1 (4 -> 0)
  Optimizing lut $abc$36041$lut$aiger36040$3553.genblk1.genblk1.genblk1.genblk1.genblk1.genblk1.lut1.genblk1.genblk1.genblk1.genblk1.genblk1.lut1 (4 -> 0)
  Optimizing lut $abc$36041$lut$aiger36040$4635.genblk1.genblk1.genblk1.genblk1.genblk1.genblk1.genblk1.genblk1.lut1.genblk1.genblk1.genblk1.genblk1.genblk1.genblk1.genblk1.lut0.genblk1.genblk1.genblk1.genblk1.genblk1.genblk1.lut1.genblk1.genblk1.genblk1.genblk1.genblk1.lut1 (4 -> 1)
  Optimizing lut $abc$36041$lut$aiger36040$4057.genblk1.genblk1.genblk1.genblk1.genblk1.genblk1.genblk1.genblk1.lut1.genblk1.genblk1.genblk1.genblk1.genblk1.genblk1.genblk1.lut1.genblk1.genblk1.genblk1.genblk1.genblk1.genblk1.lut1.genblk1.genblk1.genblk1.genblk1.genblk1.lut1 (4 -> 0)
  Optimizing lut $abc$36041$lut$aiger36040$5502.genblk1.genblk1.genblk1.genblk1.genblk1.lut0 (4 -> 0)
  Optimizing lut $abc$36041$lut$aiger36040$4340.genblk1.genblk1.genblk1.genblk1.genblk1.lut0 (4 -> 3)
  Optimizing lut $abc$36041$lut$aiger36040$4297.genblk1.genblk1.genblk1.genblk1.genblk1.genblk1.genblk1.genblk1.lut1.genblk1.genblk1.genblk1.genblk1.genblk1.genblk1.genblk1.lut0.genblk1.genblk1.genblk1.genblk1.genblk1.genblk1.lut1.genblk1.genblk1.genblk1.genblk1.genblk1.lut1 (4 -> 3)
  Optimizing lut $abc$36041$lut$aiger36040$4028.genblk1.genblk1.genblk1.genblk1.genblk1.genblk1.genblk1.genblk1.lut0.genblk1.genblk1.genblk1.genblk1.genblk1.genblk1.genblk1.lut0.genblk1.genblk1.genblk1.genblk1.genblk1.genblk1.lut1.genblk1.genblk1.genblk1.genblk1.genblk1.lut1 (4 -> 3)
  Optimizing lut $abc$36041$lut$aiger$o2119.genblk1.genblk1.genblk1.genblk1.genblk1.lut1 (4 -> 0)
  Optimizing lut $abc$36041$lut$aiger36040$2259.genblk1.genblk1.genblk1.genblk1.genblk1.genblk1.genblk1.genblk1.lut1.genblk1.genblk1.genblk1.genblk1.genblk1.genblk1.genblk1.lut1.genblk1.genblk1.genblk1.genblk1.genblk1.genblk1.lut1.genblk1.genblk1.genblk1.genblk1.genblk1.lut1 (4 -> 0)
  Optimizing lut $abc$36041$lut$aiger36040$3598.genblk1.genblk1.genblk1.genblk1.genblk1.genblk1.genblk1.lut0.genblk1.genblk1.genblk1.genblk1.genblk1.genblk1.lut1.genblk1.genblk1.genblk1.genblk1.genblk1.lut1 (4 -> 3)
  Optimizing lut $abc$36041$lut$aiger$o2126.genblk1.genblk1.genblk1.genblk1.genblk1.lut0 (4 -> 0)
  Optimizing lut $abc$36041$lut$aiger36040$7262.genblk1.genblk1.genblk1.genblk1.genblk1.lut1 (4 -> 3)
  Optimizing lut $abc$36041$lut$aiger$o2852.genblk1.genblk1.genblk1.genblk1.genblk1.lut1 (4 -> 3)
  Optimizing lut $abc$36041$lut$aiger36040$4028.genblk1.genblk1.genblk1.genblk1.genblk1.genblk1.genblk1.genblk1.lut1.genblk1.genblk1.genblk1.genblk1.genblk1.genblk1.genblk1.lut0.genblk1.genblk1.genblk1.genblk1.genblk1.genblk1.lut1.genblk1.genblk1.genblk1.genblk1.genblk1.lut1 (4 -> 3)
  Optimizing lut $abc$36041$lut$aiger36040$7130.genblk1.genblk1.genblk1.genblk1.genblk1.genblk1.genblk1.genblk1.lut0.genblk1.genblk1.genblk1.genblk1.genblk1.genblk1.genblk1.lut0.genblk1.genblk1.genblk1.genblk1.genblk1.genblk1.lut1.genblk1.genblk1.genblk1.genblk1.genblk1.lut1 (4 -> 0)
  Optimizing lut $abc$36041$lut$aiger36040$4119.genblk1.genblk1.genblk1.genblk1.genblk1.lut1 (4 -> 3)
  Optimizing lut $abc$36041$lut$aiger36040$3630.genblk1.genblk1.genblk1.genblk1.genblk1.genblk1.genblk1.genblk1.lut1.genblk1.genblk1.genblk1.genblk1.genblk1.genblk1.genblk1.lut1.genblk1.genblk1.genblk1.genblk1.genblk1.genblk1.lut1.genblk1.genblk1.genblk1.genblk1.genblk1.lut1 (4 -> 1)
  Optimizing lut $abc$36041$lut$aiger36040$5662.genblk1.genblk1.genblk1.genblk1.genblk1.genblk1.lut1.genblk1.genblk1.genblk1.genblk1.genblk1.lut1 (4 -> 0)
  Optimizing lut $abc$36041$lut$aiger36040$3630.genblk1.genblk1.genblk1.genblk1.genblk1.genblk1.genblk1.genblk1.lut0.genblk1.genblk1.genblk1.genblk1.genblk1.genblk1.genblk1.lut0.genblk1.genblk1.genblk1.genblk1.genblk1.genblk1.lut1.genblk1.genblk1.genblk1.genblk1.genblk1.lut1 (4 -> 2)
  Optimizing lut $abc$36041$lut$aiger36040$4057.genblk1.genblk1.genblk1.genblk1.genblk1.genblk1.genblk1.genblk1.lut0.genblk1.genblk1.genblk1.genblk1.genblk1.genblk1.genblk1.lut0.genblk1.genblk1.genblk1.genblk1.genblk1.genblk1.lut1.genblk1.genblk1.genblk1.genblk1.genblk1.lut1 (4 -> 0)
  Optimizing lut $abc$36041$lut$aiger36040$5546.genblk1.genblk1.genblk1.genblk1.genblk1.lut1 (4 -> 3)
  Optimizing lut $abc$36041$lut$aiger36040$4072.genblk1.genblk1.genblk1.genblk1.genblk1.genblk1.genblk1.genblk1.lut0.genblk1.genblk1.genblk1.genblk1.genblk1.genblk1.genblk1.lut0.genblk1.genblk1.genblk1.genblk1.genblk1.genblk1.lut1.genblk1.genblk1.genblk1.genblk1.genblk1.lut1 (4 -> 0)
  Optimizing lut $abc$36041$lut$aiger36040$4072.genblk1.genblk1.genblk1.genblk1.genblk1.genblk1.genblk1.genblk1.lut1.genblk1.genblk1.genblk1.genblk1.genblk1.genblk1.genblk1.lut0.genblk1.genblk1.genblk1.genblk1.genblk1.genblk1.lut1.genblk1.genblk1.genblk1.genblk1.genblk1.lut1 (4 -> 0)
  Optimizing lut $abc$36041$lut$aiger36040$3691.genblk1.genblk1.genblk1.genblk1.genblk1.lut0 (4 -> 0)
  Optimizing lut $abc$36041$lut$aiger36040$8123.genblk1.genblk1.genblk1.genblk1.genblk1.lut1 (4 -> 0)
  Optimizing lut $abc$36041$lut$aiger36040$5805.genblk1.genblk1.genblk1.genblk1.genblk1.lut1 (4 -> 3)
  Optimizing lut $abc$36041$lut$aiger36040$5277.genblk1.genblk1.genblk1.genblk1.genblk1.genblk1.lut1.genblk1.genblk1.genblk1.genblk1.genblk1.lut1 (4 -> 2)
  Optimizing lut $abc$36041$lut$aiger$o2916.genblk1.genblk1.genblk1.genblk1.genblk1.lut0 (4 -> 2)
  Optimizing lut $abc$36041$lut$aiger36040$6431.genblk1.genblk1.genblk1.genblk1.genblk1.genblk1.genblk1.lut1.genblk1.genblk1.genblk1.genblk1.genblk1.genblk1.lut1.genblk1.genblk1.genblk1.genblk1.genblk1.lut1 (4 -> 0)
  Optimizing lut $abc$36041$lut$aiger$o2909.genblk1.genblk1.genblk1.genblk1.genblk1.lut1 (4 -> 3)
  Optimizing lut $abc$36041$lut$aiger36040$4085.genblk1.genblk1.genblk1.genblk1.genblk1.genblk1.lut1.genblk1.genblk1.genblk1.genblk1.genblk1.lut1 (4 -> 3)
  Optimizing lut $abc$36041$lut$aiger36040$4100.genblk1.genblk1.genblk1.genblk1.genblk1.genblk1.genblk1.genblk1.lut0.genblk1.genblk1.genblk1.genblk1.genblk1.genblk1.genblk1.lut0.genblk1.genblk1.genblk1.genblk1.genblk1.genblk1.lut1.genblk1.genblk1.genblk1.genblk1.genblk1.lut1 (4 -> 0)
  Optimizing lut $abc$36041$lut$aiger36040$7847.genblk1.genblk1.genblk1.genblk1.genblk1.genblk1.lut1.genblk1.genblk1.genblk1.genblk1.genblk1.lut1 (4 -> 0)
  Optimizing lut $abc$36041$lut$aiger36040$4105.genblk1.genblk1.genblk1.genblk1.genblk1.genblk1.lut1.genblk1.genblk1.genblk1.genblk1.genblk1.lut1 (4 -> 0)
  Optimizing lut $abc$36041$lut$aiger36040$3181.genblk1.genblk1.genblk1.genblk1.genblk1.lut1 (4 -> 0)
  Optimizing lut $abc$36041$lut$aiger36040$3732.genblk1.genblk1.genblk1.genblk1.genblk1.genblk1.genblk1.genblk1.lut1.genblk1.genblk1.genblk1.genblk1.genblk1.genblk1.genblk1.lut1.genblk1.genblk1.genblk1.genblk1.genblk1.genblk1.lut1.genblk1.genblk1.genblk1.genblk1.genblk1.lut1 (4 -> 0)
  Optimizing lut $abc$36041$lut$aiger36040$4100.genblk1.genblk1.genblk1.genblk1.genblk1.genblk1.genblk1.genblk1.lut0.genblk1.genblk1.genblk1.genblk1.genblk1.genblk1.genblk1.lut0.genblk1.genblk1.genblk1.genblk1.genblk1.genblk1.lut0.genblk1.genblk1.genblk1.genblk1.genblk1.lut1 (4 -> 0)
  Optimizing lut $abc$36041$lut$aiger36040$3710.genblk1.genblk1.genblk1.genblk1.genblk1.lut1 (4 -> 3)
  Optimizing lut $abc$36041$lut$aiger36040$5132.genblk1.genblk1.genblk1.genblk1.genblk1.genblk1.genblk1.lut0.genblk1.genblk1.genblk1.genblk1.genblk1.genblk1.lut1.genblk1.genblk1.genblk1.genblk1.genblk1.lut1 (4 -> 0)
  Optimizing lut $abc$36041$lut$aiger$o2931.genblk1.genblk1.genblk1.genblk1.genblk1.lut0 (4 -> 2)
  Optimizing lut $abc$36041$lut$aiger36040$5132.genblk1.genblk1.genblk1.genblk1.genblk1.genblk1.genblk1.lut1.genblk1.genblk1.genblk1.genblk1.genblk1.genblk1.lut1.genblk1.genblk1.genblk1.genblk1.genblk1.lut1 (4 -> 1)
  Optimizing lut $abc$36041$lut$aiger36040$2648.genblk1.genblk1.genblk1.genblk1.genblk1.genblk1.genblk1.lut0.genblk1.genblk1.genblk1.genblk1.genblk1.genblk1.lut0.genblk1.genblk1.genblk1.genblk1.genblk1.lut1 (4 -> 2)
  Optimizing lut $abc$36041$lut$aiger36040$7393.genblk1.genblk1.genblk1.genblk1.genblk1.genblk1.genblk1.lut0.genblk1.genblk1.genblk1.genblk1.genblk1.genblk1.lut1.genblk1.genblk1.genblk1.genblk1.genblk1.lut1 (4 -> 3)
  Optimizing lut $abc$36041$lut$aiger$o2909.genblk1.genblk1.genblk1.genblk1.genblk1.lut0 (4 -> 3)
  Optimizing lut $abc$36041$lut$aiger36040$2184.genblk1.genblk1.genblk1.genblk1.genblk1.genblk1.genblk1.genblk1.lut1.genblk1.genblk1.genblk1.genblk1.genblk1.genblk1.genblk1.lut1.genblk1.genblk1.genblk1.genblk1.genblk1.genblk1.lut1.genblk1.genblk1.genblk1.genblk1.genblk1.lut1 (4 -> 0)
  Optimizing lut $abc$36041$lut$aiger36040$3732.genblk1.genblk1.genblk1.genblk1.genblk1.genblk1.genblk1.genblk1.lut0.genblk1.genblk1.genblk1.genblk1.genblk1.genblk1.genblk1.lut0.genblk1.genblk1.genblk1.genblk1.genblk1.genblk1.lut1.genblk1.genblk1.genblk1.genblk1.genblk1.lut1 (4 -> 1)
  Optimizing lut $abc$36041$lut$aiger36040$6431.genblk1.genblk1.genblk1.genblk1.genblk1.genblk1.genblk1.lut0.genblk1.genblk1.genblk1.genblk1.genblk1.genblk1.lut1.genblk1.genblk1.genblk1.genblk1.genblk1.lut1 (4 -> 3)
  Optimizing lut $abc$36041$lut$aiger36040$7393.genblk1.genblk1.genblk1.genblk1.genblk1.genblk1.genblk1.lut1.genblk1.genblk1.genblk1.genblk1.genblk1.genblk1.lut1.genblk1.genblk1.genblk1.genblk1.genblk1.lut1 (4 -> 0)
  Optimizing lut $abc$36041$lut$aiger36040$3745.genblk1.genblk1.genblk1.genblk1.genblk1.genblk1.genblk1.genblk1.lut0.genblk1.genblk1.genblk1.genblk1.genblk1.genblk1.genblk1.lut0.genblk1.genblk1.genblk1.genblk1.genblk1.genblk1.lut1.genblk1.genblk1.genblk1.genblk1.genblk1.lut1 (4 -> 0)
  Optimizing lut $abc$36041$lut$aiger36040$4178.genblk1.genblk1.genblk1.genblk1.genblk1.genblk1.genblk1.genblk1.lut1.genblk1.genblk1.genblk1.genblk1.genblk1.genblk1.genblk1.lut1.genblk1.genblk1.genblk1.genblk1.genblk1.genblk1.lut1.genblk1.genblk1.genblk1.genblk1.genblk1.lut1 (4 -> 1)
  Optimizing lut $abc$36041$lut$aiger36040$7130.genblk1.genblk1.genblk1.genblk1.genblk1.genblk1.genblk1.genblk1.lut0.genblk1.genblk1.genblk1.genblk1.genblk1.genblk1.genblk1.lut0.genblk1.genblk1.genblk1.genblk1.genblk1.genblk1.lut0.genblk1.genblk1.genblk1.genblk1.genblk1.lut1 (4 -> 0)
  Optimizing lut $abc$36041$lut$aiger36040$3759.genblk1.genblk1.genblk1.genblk1.genblk1.genblk1.genblk1.genblk1.lut0.genblk1.genblk1.genblk1.genblk1.genblk1.genblk1.genblk1.lut0.genblk1.genblk1.genblk1.genblk1.genblk1.genblk1.lut1.genblk1.genblk1.genblk1.genblk1.genblk1.lut1 (4 -> 0)
  Optimizing lut $abc$36041$lut$aiger36040$3774.genblk1.genblk1.genblk1.genblk1.genblk1.genblk1.genblk1.genblk1.lut0.genblk1.genblk1.genblk1.genblk1.genblk1.genblk1.genblk1.lut0.genblk1.genblk1.genblk1.genblk1.genblk1.genblk1.lut1.genblk1.genblk1.genblk1.genblk1.genblk1.lut1 (4 -> 0)
  Optimizing lut $auto$abc_ops_reintegrate.cc:611:reintegrate$36086.genblk1.genblk1.genblk1.genblk1.genblk1.lut0 (4 -> 3)
  Optimizing lut $abc$36041$lut$aiger36040$5132.genblk1.genblk1.genblk1.genblk1.genblk1.genblk1.genblk1.lut0.genblk1.genblk1.genblk1.genblk1.genblk1.genblk1.lut1.genblk1.genblk1.genblk1.genblk1.genblk1.lut0 (4 -> 3)
  Optimizing lut $abc$36041$lut$aiger$o2813.genblk1.genblk1.genblk1.genblk1.genblk1.lut0 (4 -> 1)
  Optimizing lut $abc$36041$lut$aiger36040$6969.genblk1.genblk1.genblk1.genblk1.genblk1.genblk1.genblk1.genblk1.lut0.genblk1.genblk1.genblk1.genblk1.genblk1.genblk1.genblk1.lut0.genblk1.genblk1.genblk1.genblk1.genblk1.genblk1.lut1.genblk1.genblk1.genblk1.genblk1.genblk1.lut1 (4 -> 0)
  Optimizing lut $abc$36041$lut$aiger36040$3774.genblk1.genblk1.genblk1.genblk1.genblk1.genblk1.genblk1.genblk1.lut1.genblk1.genblk1.genblk1.genblk1.genblk1.genblk1.genblk1.lut0.genblk1.genblk1.genblk1.genblk1.genblk1.genblk1.lut1.genblk1.genblk1.genblk1.genblk1.genblk1.lut1 (4 -> 1)
  Optimizing lut $abc$36041$lut$aiger36040$4178.genblk1.genblk1.genblk1.genblk1.genblk1.genblk1.genblk1.genblk1.lut0.genblk1.genblk1.genblk1.genblk1.genblk1.genblk1.genblk1.lut0.genblk1.genblk1.genblk1.genblk1.genblk1.genblk1.lut1.genblk1.genblk1.genblk1.genblk1.genblk1.lut1 (4 -> 2)
  Optimizing lut $abc$36041$lut$aiger36040$2326.genblk1.genblk1.genblk1.genblk1.genblk1.genblk1.lut1.genblk1.genblk1.genblk1.genblk1.genblk1.lut0 (4 -> 0)
  Optimizing lut $abc$36041$lut$aiger36040$7414.genblk1.genblk1.genblk1.genblk1.genblk1.genblk1.lut1.genblk1.genblk1.genblk1.genblk1.genblk1.lut0 (4 -> 0)
  Optimizing lut $abc$36041$lut$aiger36040$8312.genblk1.genblk1.genblk1.genblk1.genblk1.genblk1.genblk1.genblk1.lut0.genblk1.genblk1.genblk1.genblk1.genblk1.genblk1.genblk1.lut0.genblk1.genblk1.genblk1.genblk1.genblk1.genblk1.lut1.genblk1.genblk1.genblk1.genblk1.genblk1.lut1 (4 -> 2)
  Optimizing lut $abc$36041$lut$aiger36040$8303.genblk1.genblk1.genblk1.genblk1.genblk1.genblk1.genblk1.lut0.genblk1.genblk1.genblk1.genblk1.genblk1.genblk1.lut1.genblk1.genblk1.genblk1.genblk1.genblk1.lut1 (4 -> 2)
  Optimizing lut $abc$36041$lut$aiger36040$7754.genblk1.genblk1.genblk1.genblk1.genblk1.genblk1.genblk1.lut1.genblk1.genblk1.genblk1.genblk1.genblk1.genblk1.lut1.genblk1.genblk1.genblk1.genblk1.genblk1.lut1 (4 -> 0)
  Optimizing lut $abc$36041$lut$aiger36040$5326.genblk1.genblk1.genblk1.genblk1.genblk1.genblk1.genblk1.genblk1.lut0.genblk1.genblk1.genblk1.genblk1.genblk1.genblk1.genblk1.lut0.genblk1.genblk1.genblk1.genblk1.genblk1.genblk1.lut1.genblk1.genblk1.genblk1.genblk1.genblk1.lut1 (4 -> 0)
  Optimizing lut $abc$36041$lut$aiger36040$9230.genblk1.genblk1.genblk1.genblk1.genblk1.lut1 (4 -> 1)
  Optimizing lut $abc$36041$lut$aiger36040$3342.genblk1.genblk1.genblk1.genblk1.genblk1.lut0 (4 -> 0)
  Optimizing lut $abc$36041$lut$aiger36040$2111.genblk1.genblk1.genblk1.genblk1.genblk1.genblk1.genblk1.genblk1.lut0.genblk1.genblk1.genblk1.genblk1.genblk1.genblk1.genblk1.lut0.genblk1.genblk1.genblk1.genblk1.genblk1.genblk1.lut1.genblk1.genblk1.genblk1.genblk1.genblk1.lut1 (4 -> 0)
  Optimizing lut $abc$36041$lut$aiger36040$2128.genblk1.genblk1.genblk1.genblk1.genblk1.genblk1.genblk1.genblk1.lut1.genblk1.genblk1.genblk1.genblk1.genblk1.genblk1.genblk1.lut1.genblk1.genblk1.genblk1.genblk1.genblk1.genblk1.lut1.genblk1.genblk1.genblk1.genblk1.genblk1.lut1 (4 -> 0)
  Optimizing lut $abc$36041$lut$aiger36040$7257.genblk1.genblk1.genblk1.genblk1.genblk1.lut1 (4 -> 2)
  Optimizing lut $abc$36041$lut$aiger36040$2128.genblk1.genblk1.genblk1.genblk1.genblk1.genblk1.genblk1.genblk1.lut0.genblk1.genblk1.genblk1.genblk1.genblk1.genblk1.genblk1.lut0.genblk1.genblk1.genblk1.genblk1.genblk1.genblk1.lut1.genblk1.genblk1.genblk1.genblk1.genblk1.lut1 (4 -> 0)
  Optimizing lut $abc$36041$lut$aiger36040$2167.genblk1.genblk1.genblk1.genblk1.genblk1.genblk1.genblk1.genblk1.lut0.genblk1.genblk1.genblk1.genblk1.genblk1.genblk1.genblk1.lut0.genblk1.genblk1.genblk1.genblk1.genblk1.genblk1.lut1.genblk1.genblk1.genblk1.genblk1.genblk1.lut1 (4 -> 0)
  Optimizing lut $abc$36041$lut$aiger36040$2548.genblk1.genblk1.genblk1.genblk1.genblk1.genblk1.genblk1.genblk1.lut0.genblk1.genblk1.genblk1.genblk1.genblk1.genblk1.genblk1.lut0.genblk1.genblk1.genblk1.genblk1.genblk1.genblk1.lut1.genblk1.genblk1.genblk1.genblk1.genblk1.lut1 (4 -> 1)
  Optimizing lut $abc$36041$lut$aiger$o2164.genblk1.genblk1.genblk1.genblk1.genblk1.lut1 (4 -> 2)
  Optimizing lut $abc$36041$lut$aiger36040$2695.genblk1.genblk1.genblk1.genblk1.genblk1.genblk1.genblk1.genblk1.lut1.genblk1.genblk1.genblk1.genblk1.genblk1.genblk1.genblk1.lut0.genblk1.genblk1.genblk1.genblk1.genblk1.genblk1.lut1.genblk1.genblk1.genblk1.genblk1.genblk1.lut1 (4 -> 0)
  Optimizing lut $abc$36041$lut$aiger36040$2511.genblk1.genblk1.genblk1.genblk1.genblk1.genblk1.genblk1.genblk1.lut0.genblk1.genblk1.genblk1.genblk1.genblk1.genblk1.genblk1.lut0.genblk1.genblk1.genblk1.genblk1.genblk1.genblk1.lut1.genblk1.genblk1.genblk1.genblk1.genblk1.lut1 (4 -> 0)
  Optimizing lut $abc$36041$lut$aiger36040$2588.genblk1.genblk1.genblk1.genblk1.genblk1.genblk1.genblk1.genblk1.lut1.genblk1.genblk1.genblk1.genblk1.genblk1.genblk1.genblk1.lut1.genblk1.genblk1.genblk1.genblk1.genblk1.genblk1.lut1.genblk1.genblk1.genblk1.genblk1.genblk1.lut1 (4 -> 3)
  Optimizing lut $abc$36041$lut$aiger36040$2302.genblk1.genblk1.genblk1.genblk1.genblk1.genblk1.genblk1.genblk1.lut1.genblk1.genblk1.genblk1.genblk1.genblk1.genblk1.genblk1.lut0.genblk1.genblk1.genblk1.genblk1.genblk1.genblk1.lut1.genblk1.genblk1.genblk1.genblk1.genblk1.lut1 (4 -> 0)
  Optimizing lut $abc$36041$lut$aiger36040$2533.genblk1.genblk1.genblk1.genblk1.genblk1.genblk1.genblk1.genblk1.lut0.genblk1.genblk1.genblk1.genblk1.genblk1.genblk1.genblk1.lut0.genblk1.genblk1.genblk1.genblk1.genblk1.genblk1.lut1.genblk1.genblk1.genblk1.genblk1.genblk1.lut1 (4 -> 0)
  Optimizing lut $abc$36041$lut$aiger36040$2226.genblk1.genblk1.genblk1.genblk1.genblk1.genblk1.genblk1.genblk1.lut0.genblk1.genblk1.genblk1.genblk1.genblk1.genblk1.genblk1.lut0.genblk1.genblk1.genblk1.genblk1.genblk1.genblk1.lut0.genblk1.genblk1.genblk1.genblk1.genblk1.lut1 (4 -> 0)
  Optimizing lut $abc$36041$lut$aiger36040$4542.genblk1.genblk1.genblk1.genblk1.genblk1.genblk1.genblk1.genblk1.lut0.genblk1.genblk1.genblk1.genblk1.genblk1.genblk1.genblk1.lut0.genblk1.genblk1.genblk1.genblk1.genblk1.genblk1.lut1.genblk1.genblk1.genblk1.genblk1.genblk1.lut1 (4 -> 0)
  Optimizing lut $abc$36041$lut$aiger36040$2095.genblk1.genblk1.genblk1.genblk1.genblk1.genblk1.genblk1.genblk1.lut0.genblk1.genblk1.genblk1.genblk1.genblk1.genblk1.genblk1.lut0.genblk1.genblk1.genblk1.genblk1.genblk1.genblk1.lut1.genblk1.genblk1.genblk1.genblk1.genblk1.lut1 (4 -> 0)
  Optimizing lut $abc$36041$lut$aiger36040$4529.genblk1.genblk1.genblk1.genblk1.genblk1.genblk1.genblk1.genblk1.lut0.genblk1.genblk1.genblk1.genblk1.genblk1.genblk1.genblk1.lut0.genblk1.genblk1.genblk1.genblk1.genblk1.genblk1.lut1.genblk1.genblk1.genblk1.genblk1.genblk1.lut1 (4 -> 0)
  Optimizing lut $abc$36041$lut$aiger36040$2081.genblk1.genblk1.genblk1.genblk1.genblk1.genblk1.genblk1.genblk1.lut0.genblk1.genblk1.genblk1.genblk1.genblk1.genblk1.genblk1.lut0.genblk1.genblk1.genblk1.genblk1.genblk1.genblk1.lut1.genblk1.genblk1.genblk1.genblk1.genblk1.lut1 (4 -> 1)
  Optimizing lut $abc$36041$lut$aiger36040$2066.genblk1.genblk1.genblk1.genblk1.genblk1.genblk1.genblk1.genblk1.lut0.genblk1.genblk1.genblk1.genblk1.genblk1.genblk1.genblk1.lut0.genblk1.genblk1.genblk1.genblk1.genblk1.genblk1.lut1.genblk1.genblk1.genblk1.genblk1.genblk1.lut1 (4 -> 0)
  Optimizing lut $abc$36041$lut$aiger36040$5429.genblk1.genblk1.genblk1.genblk1.genblk1.genblk1.genblk1.genblk1.lut1.genblk1.genblk1.genblk1.genblk1.genblk1.genblk1.genblk1.lut1.genblk1.genblk1.genblk1.genblk1.genblk1.genblk1.lut1.genblk1.genblk1.genblk1.genblk1.genblk1.lut1 (4 -> 0)
  Optimizing lut $abc$36041$lut$aiger36040$9388.genblk1.genblk1.genblk1.genblk1.genblk1.lut1 (4 -> 0)
  Optimizing lut $abc$36041$lut$aiger36040$8040.genblk1.genblk1.genblk1.genblk1.genblk1.lut1 (4 -> 2)
  Optimizing lut $abc$36041$lut$aiger36040$2154.genblk1.genblk1.genblk1.genblk1.genblk1.genblk1.genblk1.genblk1.lut0.genblk1.genblk1.genblk1.genblk1.genblk1.genblk1.genblk1.lut0.genblk1.genblk1.genblk1.genblk1.genblk1.genblk1.lut1.genblk1.genblk1.genblk1.genblk1.genblk1.lut1 (4 -> 1)
  Optimizing lut $abc$36041$lut$aiger36040$2575.genblk1.genblk1.genblk1.genblk1.genblk1.genblk1.genblk1.genblk1.lut0.genblk1.genblk1.genblk1.genblk1.genblk1.genblk1.genblk1.lut0.genblk1.genblk1.genblk1.genblk1.genblk1.genblk1.lut0.genblk1.genblk1.genblk1.genblk1.genblk1.lut1 (4 -> 0)
  Optimizing lut $auto$abc_ops_reintegrate.cc:611:reintegrate$36090.genblk1.genblk1.genblk1.genblk1.genblk1.lut1 (4 -> 3)
  Optimizing lut $auto$abc_ops_reintegrate.cc:611:reintegrate$36066.genblk1.genblk1.genblk1.genblk1.genblk1.genblk1.lut1.genblk1.genblk1.genblk1.genblk1.genblk1.lut1 (4 -> 3)
  Optimizing lut $auto$abc_ops_reintegrate.cc:611:reintegrate$36091.genblk1.genblk1.genblk1.genblk1.genblk1.lut1 (4 -> 3)
  Optimizing lut $abc$36041$lut$aiger36040$2066.genblk1.genblk1.genblk1.genblk1.genblk1.genblk1.genblk1.genblk1.lut1.genblk1.genblk1.genblk1.genblk1.genblk1.genblk1.genblk1.lut1.genblk1.genblk1.genblk1.genblk1.genblk1.genblk1.lut1.genblk1.genblk1.genblk1.genblk1.genblk1.lut1 (4 -> 0)
  Optimizing lut $auto$abc_ops_reintegrate.cc:611:reintegrate$36063.genblk1.genblk1.genblk1.genblk1.genblk1.lut0 (4 -> 3)
  Optimizing lut $abc$36041$lut$aiger36040$2141.genblk1.genblk1.genblk1.genblk1.genblk1.genblk1.genblk1.genblk1.lut0.genblk1.genblk1.genblk1.genblk1.genblk1.genblk1.genblk1.lut0.genblk1.genblk1.genblk1.genblk1.genblk1.genblk1.lut1.genblk1.genblk1.genblk1.genblk1.genblk1.lut1 (4 -> 0)
  Optimizing lut $abc$36041$lut$aiger36040$8312.genblk1.genblk1.genblk1.genblk1.genblk1.genblk1.genblk1.genblk1.lut1.genblk1.genblk1.genblk1.genblk1.genblk1.genblk1.genblk1.lut1.genblk1.genblk1.genblk1.genblk1.genblk1.genblk1.lut1.genblk1.genblk1.genblk1.genblk1.genblk1.lut1 (4 -> 2)
  Optimizing lut $abc$36041$lut$aiger36040$2167.genblk1.genblk1.genblk1.genblk1.genblk1.genblk1.genblk1.genblk1.lut1.genblk1.genblk1.genblk1.genblk1.genblk1.genblk1.genblk1.lut0.genblk1.genblk1.genblk1.genblk1.genblk1.genblk1.lut1.genblk1.genblk1.genblk1.genblk1.genblk1.lut1 (4 -> 1)
  Optimizing lut $abc$36041$lut$aiger36040$2184.genblk1.genblk1.genblk1.genblk1.genblk1.genblk1.genblk1.genblk1.lut0.genblk1.genblk1.genblk1.genblk1.genblk1.genblk1.genblk1.lut0.genblk1.genblk1.genblk1.genblk1.genblk1.genblk1.lut1.genblk1.genblk1.genblk1.genblk1.genblk1.lut1 (4 -> 0)
  Optimizing lut $abc$36041$lut$aiger36040$2198.genblk1.genblk1.genblk1.genblk1.genblk1.genblk1.genblk1.genblk1.lut0.genblk1.genblk1.genblk1.genblk1.genblk1.genblk1.genblk1.lut0.genblk1.genblk1.genblk1.genblk1.genblk1.genblk1.lut1.genblk1.genblk1.genblk1.genblk1.genblk1.lut1 (4 -> 0)
  Optimizing lut $abc$36041$lut$aiger36040$2211.genblk1.genblk1.genblk1.genblk1.genblk1.genblk1.genblk1.genblk1.lut0.genblk1.genblk1.genblk1.genblk1.genblk1.genblk1.genblk1.lut0.genblk1.genblk1.genblk1.genblk1.genblk1.genblk1.lut1.genblk1.genblk1.genblk1.genblk1.genblk1.lut1 (4 -> 1)
  Optimizing lut $abc$36041$lut$aiger36040$2226.genblk1.genblk1.genblk1.genblk1.genblk1.genblk1.genblk1.genblk1.lut0.genblk1.genblk1.genblk1.genblk1.genblk1.genblk1.genblk1.lut0.genblk1.genblk1.genblk1.genblk1.genblk1.genblk1.lut1.genblk1.genblk1.genblk1.genblk1.genblk1.lut1 (4 -> 0)
  Optimizing lut $abc$36041$lut$aiger36040$2226.genblk1.genblk1.genblk1.genblk1.genblk1.genblk1.genblk1.genblk1.lut1.genblk1.genblk1.genblk1.genblk1.genblk1.genblk1.genblk1.lut0.genblk1.genblk1.genblk1.genblk1.genblk1.genblk1.lut1.genblk1.genblk1.genblk1.genblk1.genblk1.lut1 (4 -> 1)
  Optimizing lut $abc$36041$lut$aiger36040$2259.genblk1.genblk1.genblk1.genblk1.genblk1.genblk1.genblk1.genblk1.lut0.genblk1.genblk1.genblk1.genblk1.genblk1.genblk1.genblk1.lut0.genblk1.genblk1.genblk1.genblk1.genblk1.genblk1.lut1.genblk1.genblk1.genblk1.genblk1.genblk1.lut1 (4 -> 0)
  Optimizing lut $abc$36041$lut$aiger36040$2274.genblk1.genblk1.genblk1.genblk1.genblk1.genblk1.genblk1.genblk1.lut0.genblk1.genblk1.genblk1.genblk1.genblk1.genblk1.genblk1.lut0.genblk1.genblk1.genblk1.genblk1.genblk1.genblk1.lut1.genblk1.genblk1.genblk1.genblk1.genblk1.lut1 (4 -> 0)
  Optimizing lut $abc$36041$lut$aiger36040$2287.genblk1.genblk1.genblk1.genblk1.genblk1.genblk1.genblk1.genblk1.lut0.genblk1.genblk1.genblk1.genblk1.genblk1.genblk1.genblk1.lut0.genblk1.genblk1.genblk1.genblk1.genblk1.genblk1.lut1.genblk1.genblk1.genblk1.genblk1.genblk1.lut1 (4 -> 0)
  Optimizing lut $abc$36041$lut$aiger36040$2302.genblk1.genblk1.genblk1.genblk1.genblk1.genblk1.genblk1.genblk1.lut0.genblk1.genblk1.genblk1.genblk1.genblk1.genblk1.genblk1.lut0.genblk1.genblk1.genblk1.genblk1.genblk1.genblk1.lut1.genblk1.genblk1.genblk1.genblk1.genblk1.lut1 (4 -> 1)
  Optimizing lut $abc$36041$lut$aiger36040$2319.genblk1.genblk1.genblk1.genblk1.genblk1.genblk1.genblk1.genblk1.lut1.genblk1.genblk1.genblk1.genblk1.genblk1.genblk1.genblk1.lut1.genblk1.genblk1.genblk1.genblk1.genblk1.genblk1.lut1.genblk1.genblk1.genblk1.genblk1.genblk1.lut1 (4 -> 3)
  Optimizing lut $abc$36041$lut$aiger36040$2326.genblk1.genblk1.genblk1.genblk1.genblk1.genblk1.lut1.genblk1.genblk1.genblk1.genblk1.genblk1.lut1 (4 -> 3)
  Optimizing lut $abc$36041$lut$aiger36040$2339.genblk1.genblk1.genblk1.genblk1.genblk1.genblk1.genblk1.genblk1.lut0.genblk1.genblk1.genblk1.genblk1.genblk1.genblk1.genblk1.lut0.genblk1.genblk1.genblk1.genblk1.genblk1.genblk1.lut1.genblk1.genblk1.genblk1.genblk1.genblk1.lut1 (4 -> 0)
  Optimizing lut $abc$36041$lut$aiger36040$2347.genblk1.genblk1.genblk1.genblk1.genblk1.genblk1.genblk1.lut0.genblk1.genblk1.genblk1.genblk1.genblk1.genblk1.lut1.genblk1.genblk1.genblk1.genblk1.genblk1.lut1 (4 -> 0)
  Optimizing lut $abc$36041$lut$aiger36040$2360.genblk1.genblk1.genblk1.genblk1.genblk1.genblk1.genblk1.lut0.genblk1.genblk1.genblk1.genblk1.genblk1.genblk1.lut1.genblk1.genblk1.genblk1.genblk1.genblk1.lut1 (4 -> 0)
  Optimizing lut $abc$36041$lut$aiger36040$2379.genblk1.genblk1.genblk1.genblk1.genblk1.genblk1.genblk1.genblk1.lut0.genblk1.genblk1.genblk1.genblk1.genblk1.genblk1.genblk1.lut0.genblk1.genblk1.genblk1.genblk1.genblk1.genblk1.lut1.genblk1.genblk1.genblk1.genblk1.genblk1.lut1 (4 -> 0)
  Optimizing lut $abc$36041$lut$aiger36040$2397.genblk1.genblk1.genblk1.genblk1.genblk1.genblk1.genblk1.genblk1.lut0.genblk1.genblk1.genblk1.genblk1.genblk1.genblk1.genblk1.lut0.genblk1.genblk1.genblk1.genblk1.genblk1.genblk1.lut1.genblk1.genblk1.genblk1.genblk1.genblk1.lut1 (4 -> 0)
  Optimizing lut $abc$36041$lut$aiger36040$2412.genblk1.genblk1.genblk1.genblk1.genblk1.genblk1.genblk1.genblk1.lut0.genblk1.genblk1.genblk1.genblk1.genblk1.genblk1.genblk1.lut0.genblk1.genblk1.genblk1.genblk1.genblk1.genblk1.lut1.genblk1.genblk1.genblk1.genblk1.genblk1.lut1 (4 -> 1)
  Optimizing lut $abc$36041$lut$aiger36040$2427.genblk1.genblk1.genblk1.genblk1.genblk1.genblk1.genblk1.genblk1.lut0.genblk1.genblk1.genblk1.genblk1.genblk1.genblk1.genblk1.lut0.genblk1.genblk1.genblk1.genblk1.genblk1.genblk1.lut1.genblk1.genblk1.genblk1.genblk1.genblk1.lut1 (4 -> 0)
  Optimizing lut $abc$36041$lut$aiger36040$2442.genblk1.genblk1.genblk1.genblk1.genblk1.genblk1.genblk1.genblk1.lut0.genblk1.genblk1.genblk1.genblk1.genblk1.genblk1.genblk1.lut0.genblk1.genblk1.genblk1.genblk1.genblk1.genblk1.lut1.genblk1.genblk1.genblk1.genblk1.genblk1.lut1 (4 -> 0)
  Optimizing lut $abc$36041$lut$aiger36040$2442.genblk1.genblk1.genblk1.genblk1.genblk1.genblk1.genblk1.genblk1.lut1.genblk1.genblk1.genblk1.genblk1.genblk1.genblk1.genblk1.lut0.genblk1.genblk1.genblk1.genblk1.genblk1.genblk1.lut1.genblk1.genblk1.genblk1.genblk1.genblk1.lut1 (4 -> 0)
  Optimizing lut $abc$36041$lut$aiger36040$2515.genblk1.genblk1.genblk1.genblk1.genblk1.lut1 (4 -> 1)
  Optimizing lut $abc$36041$lut$aiger36040$2467.genblk1.genblk1.genblk1.genblk1.genblk1.genblk1.genblk1.genblk1.lut0.genblk1.genblk1.genblk1.genblk1.genblk1.genblk1.genblk1.lut0.genblk1.genblk1.genblk1.genblk1.genblk1.genblk1.lut1.genblk1.genblk1.genblk1.genblk1.genblk1.lut1 (4 -> 0)
  Optimizing lut $abc$36041$lut$aiger36040$2481.genblk1.genblk1.genblk1.genblk1.genblk1.genblk1.genblk1.genblk1.lut0.genblk1.genblk1.genblk1.genblk1.genblk1.genblk1.genblk1.lut0.genblk1.genblk1.genblk1.genblk1.genblk1.genblk1.lut1.genblk1.genblk1.genblk1.genblk1.genblk1.lut1 (4 -> 0)
  Optimizing lut $abc$36041$lut$aiger36040$2496.genblk1.genblk1.genblk1.genblk1.genblk1.genblk1.genblk1.genblk1.lut0.genblk1.genblk1.genblk1.genblk1.genblk1.genblk1.genblk1.lut0.genblk1.genblk1.genblk1.genblk1.genblk1.genblk1.lut1.genblk1.genblk1.genblk1.genblk1.genblk1.lut1 (4 -> 1)
  Optimizing lut $abc$36041$lut$aiger36040$9923.genblk1.genblk1.genblk1.genblk1.genblk1.lut0 (4 -> 0)
  Optimizing lut $auto$abc_ops_reintegrate.cc:611:reintegrate$36070.genblk1.genblk1.genblk1.genblk1.genblk1.genblk1.genblk1.lut0.genblk1.genblk1.genblk1.genblk1.genblk1.genblk1.lut1.genblk1.genblk1.genblk1.genblk1.genblk1.lut1 (4 -> 0)
  Optimizing lut $abc$36041$lut$aiger36040$2562.genblk1.genblk1.genblk1.genblk1.genblk1.genblk1.genblk1.genblk1.lut0.genblk1.genblk1.genblk1.genblk1.genblk1.genblk1.genblk1.lut0.genblk1.genblk1.genblk1.genblk1.genblk1.genblk1.lut1.genblk1.genblk1.genblk1.genblk1.genblk1.lut1 (4 -> 0)
  Optimizing lut $abc$36041$lut$aiger36040$2575.genblk1.genblk1.genblk1.genblk1.genblk1.genblk1.genblk1.genblk1.lut0.genblk1.genblk1.genblk1.genblk1.genblk1.genblk1.genblk1.lut0.genblk1.genblk1.genblk1.genblk1.genblk1.genblk1.lut1.genblk1.genblk1.genblk1.genblk1.genblk1.lut1 (4 -> 0)
  Optimizing lut $abc$36041$lut$aiger36040$2623.genblk1.genblk1.genblk1.genblk1.genblk1.genblk1.genblk1.genblk1.lut1.genblk1.genblk1.genblk1.genblk1.genblk1.genblk1.genblk1.lut1.genblk1.genblk1.genblk1.genblk1.genblk1.genblk1.lut1.genblk1.genblk1.genblk1.genblk1.genblk1.lut1 (4 -> 1)
  Optimizing lut $abc$36041$lut$aiger36040$2623.genblk1.genblk1.genblk1.genblk1.genblk1.genblk1.genblk1.genblk1.lut0.genblk1.genblk1.genblk1.genblk1.genblk1.genblk1.genblk1.lut0.genblk1.genblk1.genblk1.genblk1.genblk1.genblk1.lut1.genblk1.genblk1.genblk1.genblk1.genblk1.lut1 (4 -> 2)
  Optimizing lut $abc$36041$lut$aiger36040$2623.genblk1.genblk1.genblk1.genblk1.genblk1.genblk1.genblk1.genblk1.lut1.genblk1.genblk1.genblk1.genblk1.genblk1.genblk1.genblk1.lut0.genblk1.genblk1.genblk1.genblk1.genblk1.genblk1.lut1.genblk1.genblk1.genblk1.genblk1.genblk1.lut1 (4 -> 2)
  Optimizing lut $abc$36041$lut$aiger36040$2648.genblk1.genblk1.genblk1.genblk1.genblk1.genblk1.genblk1.lut0.genblk1.genblk1.genblk1.genblk1.genblk1.genblk1.lut1.genblk1.genblk1.genblk1.genblk1.genblk1.lut1 (4 -> 2)
  Optimizing lut $abc$36041$lut$aiger36040$2660.genblk1.genblk1.genblk1.genblk1.genblk1.genblk1.genblk1.genblk1.lut0.genblk1.genblk1.genblk1.genblk1.genblk1.genblk1.genblk1.lut0.genblk1.genblk1.genblk1.genblk1.genblk1.genblk1.lut1.genblk1.genblk1.genblk1.genblk1.genblk1.lut1 (4 -> 0)
  Optimizing lut $abc$36041$lut$aiger36040$2673.genblk1.genblk1.genblk1.genblk1.genblk1.genblk1.genblk1.genblk1.lut0.genblk1.genblk1.genblk1.genblk1.genblk1.genblk1.genblk1.lut0.genblk1.genblk1.genblk1.genblk1.genblk1.genblk1.lut1.genblk1.genblk1.genblk1.genblk1.genblk1.lut1 (4 -> 1)
  Optimizing lut $abc$36041$lut$aiger36040$2687.genblk1.genblk1.genblk1.genblk1.genblk1.genblk1.genblk1.genblk1.lut0.genblk1.genblk1.genblk1.genblk1.genblk1.genblk1.genblk1.lut0.genblk1.genblk1.genblk1.genblk1.genblk1.genblk1.lut1.genblk1.genblk1.genblk1.genblk1.genblk1.lut1 (4 -> 0)
  Optimizing lut $abc$36041$lut$aiger36040$2575.genblk1.genblk1.genblk1.genblk1.genblk1.genblk1.genblk1.genblk1.lut1.genblk1.genblk1.genblk1.genblk1.genblk1.genblk1.genblk1.lut0.genblk1.genblk1.genblk1.genblk1.genblk1.genblk1.lut1.genblk1.genblk1.genblk1.genblk1.genblk1.lut1 (4 -> 0)
  Optimizing lut $abc$36041$lut$aiger36040$2741.genblk1.genblk1.genblk1.genblk1.genblk1.genblk1.genblk1.genblk1.lut1.genblk1.genblk1.genblk1.genblk1.genblk1.genblk1.genblk1.lut1.genblk1.genblk1.genblk1.genblk1.genblk1.genblk1.lut1.genblk1.genblk1.genblk1.genblk1.genblk1.lut1 (4 -> 1)
  Optimizing lut $abc$36041$lut$aiger36040$2741.genblk1.genblk1.genblk1.genblk1.genblk1.genblk1.genblk1.genblk1.lut0.genblk1.genblk1.genblk1.genblk1.genblk1.genblk1.genblk1.lut0.genblk1.genblk1.genblk1.genblk1.genblk1.genblk1.lut1.genblk1.genblk1.genblk1.genblk1.genblk1.lut1 (4 -> 2)
  Optimizing lut $abc$36041$lut$aiger36040$2111.genblk1.genblk1.genblk1.genblk1.genblk1.genblk1.genblk1.genblk1.lut1.genblk1.genblk1.genblk1.genblk1.genblk1.genblk1.genblk1.lut0.genblk1.genblk1.genblk1.genblk1.genblk1.genblk1.lut1.genblk1.genblk1.genblk1.genblk1.genblk1.lut1 (4 -> 0)
  Optimizing lut $abc$36041$lut$aiger36040$2815.genblk1.genblk1.genblk1.genblk1.genblk1.genblk1.genblk1.genblk1.lut1.genblk1.genblk1.genblk1.genblk1.genblk1.genblk1.genblk1.lut1.genblk1.genblk1.genblk1.genblk1.genblk1.genblk1.lut1.genblk1.genblk1.genblk1.genblk1.genblk1.lut1 (4 -> 1)
  Optimizing lut $abc$36041$lut$aiger36040$2815.genblk1.genblk1.genblk1.genblk1.genblk1.genblk1.genblk1.genblk1.lut0.genblk1.genblk1.genblk1.genblk1.genblk1.genblk1.genblk1.lut0.genblk1.genblk1.genblk1.genblk1.genblk1.genblk1.lut1.genblk1.genblk1.genblk1.genblk1.genblk1.lut1 (4 -> 2)
  Optimizing lut $abc$36041$lut$aiger36040$2828.genblk1.genblk1.genblk1.genblk1.genblk1.genblk1.genblk1.lut0.genblk1.genblk1.genblk1.genblk1.genblk1.genblk1.lut1.genblk1.genblk1.genblk1.genblk1.genblk1.lut1 (4 -> 2)
  Optimizing lut $abc$36041$lut$aiger36040$2828.genblk1.genblk1.genblk1.genblk1.genblk1.genblk1.genblk1.lut1.genblk1.genblk1.genblk1.genblk1.genblk1.genblk1.lut1.genblk1.genblk1.genblk1.genblk1.genblk1.lut1 (4 -> 1)

18.47. Executing HILOMAP pass (mapping to constant drivers).
Removed 0 unused cells and 9926 unused wires.

18.48. Executing AUTONAME pass.
Renamed 9387 objects in module top.
<suppressed ~9387 debug messages>

18.49. Executing HIERARCHY pass (managing design hierarchy).
Attribute `top' found on module `top'. Setting top module to top.

18.49.1. Analyzing design hierarchy..
Top module:  \top

18.49.2. Analyzing design hierarchy..
Top module:  \top
Removed 0 unused modules.

18.50. Printing statistics.

=== top ===

        +----------Local Count, excluding submodules.
        | 
     4131 wires
     6651 wire bits
     4131 public wires
     6651 public wire bits
       12 ports
       17 port bits
     4664 cells
        8   $scopeinfo
        1   GND
        8   IBUF
     1111   LUT1
      266   LUT2
      281   LUT3
     1220   LUT4
     1037   MUX2_LUT5
      430   MUX2_LUT6
      204   MUX2_LUT7
       89   MUX2_LUT8
        9   OBUF
      721 submodules
       44   DFFC
       99   DFFCE
      529   DFFE
       20   DFFP
        6   DFFPE
        1   DFFR
       22   DFFRE

=== design hierarchy ===

        +----------Count including submodules.
        | 
     4664 top

        +----------Count including submodules.
        | 
     4131 wires
     6651 wire bits
     4131 public wires
     6651 public wire bits
       12 ports
       17 port bits
        - memories
        - memory bits
        - processes
     4664 cells
        8   $scopeinfo
        1   GND
        8   IBUF
     1111   LUT1
      266   LUT2
      281   LUT3
     1220   LUT4
     1037   MUX2_LUT5
      430   MUX2_LUT6
      204   MUX2_LUT7
       89   MUX2_LUT8
        9   OBUF
      721 submodules
       44   DFFC
       99   DFFCE
      529   DFFE
       20   DFFP
        6   DFFPE
        1   DFFR
       22   DFFRE

18.51. Executing CHECK pass (checking for obvious problems).
Checking module top...
Found and reported 0 problems.

19. Executing JSON backend.

Warnings: 2 unique messages, 4 total
End of script. Logfile hash: f4069b36d0, time: 8.48s, user: 1.46s, system: 0.10s, MEM: 211.98 MB peak
Yosys 0.69+post (git sha1 143eb14f9cc55d6f8927e68523b0c9d2166ed02c, Release, AppleClang clang++ 21.0.0.21000334)
Time spent: 81% 1x abc9_exe (7 sec), 6% 15x techmap (0 sec), ...
